system,condition,target,level,family,generator,n_human,n_generated,auroc
trajectory,artifactbench__base,artifactbench,family,DiffRhythm,DiffRhythm,860,100,0.9993837209302325
trajectory,artifactbench__base,artifactbench,family,MusicGen,MusicGen,860,90,0.9908010335917313
trajectory,artifactbench__base,artifactbench,family,Riffusion,Riffusion,860,130,0.90283542039356
trajectory,artifactbench__base,artifactbench,family,StableAudio,StableAudio,860,100,0.976732558139535
trajectory,artifactbench__base,artifactbench,family,Suno,Suno,860,479,0.9248944020973928
trajectory,artifactbench__base,artifactbench,family,Udio,Udio,860,405,0.8636434108527132
trajectory,artifactbench__base,artifactbench,family,Yue,Yue,860,100,0.9832093023255813
trajectory,artifactbench__base,artifactbench,generator,DiffRhythm,DiffRhythm,860,100,0.9993837209302325
trajectory,artifactbench__base,artifactbench,generator,MusicGen,MusicGen Large,860,30,0.9987596899224807
trajectory,artifactbench__base,artifactbench,generator,MusicGen,MusicGen Medium,860,30,0.9993023255813954
trajectory,artifactbench__base,artifactbench,generator,MusicGen,MusicGen Small,860,30,0.9743410852713178
trajectory,artifactbench__base,artifactbench,generator,Riffusion,Riffusion,860,100,0.9360232558139535
trajectory,artifactbench__base,artifactbench,generator,Riffusion,Riffusion (AIME),860,30,0.7922093023255814
trajectory,artifactbench__base,artifactbench,generator,StableAudio,Stable Audio v1,860,50,0.9832790697674418
trajectory,artifactbench__base,artifactbench,generator,StableAudio,Stable Audio v2,860,50,0.970186046511628
trajectory,artifactbench__base,artifactbench,generator,Suno,Google Chirp v2 XXL,860,80,0.9994040697674418
trajectory,artifactbench__base,artifactbench,generator,Suno,Google Chirp v3,860,80,0.999796511627907
trajectory,artifactbench__base,artifactbench,generator,Suno,Google Chirp v3.5,860,80,0.9992441860465117
trajectory,artifactbench__base,artifactbench,generator,Suno,Suno (mixed),860,80,0.8180813953488372
trajectory,artifactbench__base,artifactbench,generator,Suno,Suno v3,860,30,0.9972480620155039
trajectory,artifactbench__base,artifactbench,generator,Suno,Suno v3.5,860,29,0.9952686447473937
trajectory,artifactbench__base,artifactbench,generator,Suno,Suno v4,860,100,0.7892209302325581
trajectory,artifactbench__base,artifactbench,generator,Udio,Udio,860,100,0.886593023255814
trajectory,artifactbench__base,artifactbench,generator,Udio,Udio (AIME),860,30,0.8751937984496124
trajectory,artifactbench__base,artifactbench,generator,Udio,Udio (SONICS 120s),860,80,0.9877325581395349
trajectory,artifactbench__base,artifactbench,generator,Udio,Udio (SONICS 30s),860,80,0.9419186046511628
trajectory,artifactbench__base,artifactbench,generator,Udio,Udio (mixed),860,80,0.6827616279069767
trajectory,artifactbench__base,artifactbench,generator,Udio,Udio CDN,860,18,0.6793927648578811
trajectory,artifactbench__base,artifactbench,generator,Udio,Udio CDN Latest,860,17,0.8022571819425446
trajectory,artifactbench__base,artifactbench,generator,Yue,Yue,860,100,0.9832093023255813
trajectory,echoes__base,echoes,family,AceStep,AceStep,59,57,0.9991079393398751
trajectory,echoes__base,echoes,family,AudioLDM,AudioLDM,59,115,1.0
trajectory,echoes__base,echoes,family,Brev,Brev,59,68,0.8402293120638086
trajectory,echoes__base,echoes,family,DiffRhythm,DiffRhythm,59,120,0.9980225988700565
trajectory,echoes__base,echoes,family,Mubert,Mubert,59,32,0.5609110169491525
trajectory,echoes__base,echoes,family,Producer,Producer,59,68,0.9835493519441675
trajectory,echoes__base,echoes,family,SongGen,SongGen,59,111,1.0
trajectory,echoes__base,echoes,family,StableAudio,StableAudio,59,35,0.949636803874092
trajectory,echoes__base,echoes,family,Suno,Suno,59,68,0.7843968095712861
trajectory,echoes__base,echoes,family,Udio,Udio,59,68,0.6964107676969092
trajectory,echoes__base,echoes,generator,AceStep,acestep,59,57,0.9991079393398751
trajectory,echoes__base,echoes,generator,AudioLDM,audioldm,59,115,1.0
trajectory,echoes__base,echoes,generator,Brev,brev,59,68,0.8402293120638086
trajectory,echoes__base,echoes,generator,DiffRhythm,diffrhythm,59,120,0.9980225988700565
trajectory,echoes__base,echoes,generator,Mubert,mubert,59,32,0.5609110169491525
trajectory,echoes__base,echoes,generator,Producer,producer,59,68,0.9835493519441675
trajectory,echoes__base,echoes,generator,SongGen,songgen,59,111,1.0
trajectory,echoes__base,echoes,generator,StableAudio,stableaudio,59,35,0.949636803874092
trajectory,echoes__base,echoes,generator,Suno,suno,59,68,0.7843968095712861
trajectory,echoes__base,echoes,generator,Udio,udio,59,68,0.6964107676969092
trajectory,fakemusiccaps__base,fakemusiccaps,family,AudioLDM,AudioLDM,1102,1104,0.8821477419185144
trajectory,fakemusiccaps__base,fakemusiccaps,family,MusicGen,MusicGen,1102,1104,0.924756371814093
trajectory,fakemusiccaps__base,fakemusiccaps,family,MusicLDM,MusicLDM,1102,1104,0.8567870669928194
trajectory,fakemusiccaps__base,fakemusiccaps,family,Mustango,Mustango,1102,1104,0.897181343538757
trajectory,fakemusiccaps__base,fakemusiccaps,family,StableAudio,StableAudio,1102,1104,0.8700879823246273
trajectory,fakemusiccaps__base,fakemusiccaps,generator,AudioLDM,audioldm2,1102,1104,0.8821477419185144
trajectory,fakemusiccaps__base,fakemusiccaps,generator,MusicGen,MusicGen_medium,1102,1104,0.924756371814093
trajectory,fakemusiccaps__base,fakemusiccaps,generator,MusicLDM,musicldm,1102,1104,0.8567870669928194
trajectory,fakemusiccaps__base,fakemusiccaps,generator,Mustango,mustango,1102,1104,0.897181343538757
trajectory,fakemusiccaps__base,fakemusiccaps,generator,StableAudio,stable_audio_open,1102,1104,0.8700879823246273
trajectory,artifactbench__without_Suno,artifactbench,family,DiffRhythm,DiffRhythm,860,100,0.9994651162790698
trajectory,artifactbench__without_Suno,artifactbench,family,MusicGen,MusicGen,860,90,0.99171834625323
trajectory,artifactbench__without_Suno,artifactbench,family,Riffusion,Riffusion,860,130,0.8531574239713774
trajectory,artifactbench__without_Suno,artifactbench,family,StableAudio,StableAudio,860,100,0.9767093023255813
trajectory,artifactbench__without_Suno,artifactbench,family,Suno,Suno,860,479,0.8923678205563919
trajectory,artifactbench__without_Suno,artifactbench,family,Udio,Udio,860,405,0.8659029572207867
trajectory,artifactbench__without_Suno,artifactbench,family,Yue,Yue,860,100,0.9542441860465116
trajectory,artifactbench__without_Suno,artifactbench,generator,DiffRhythm,DiffRhythm,860,100,0.9994651162790698
trajectory,artifactbench__without_Suno,artifactbench,generator,MusicGen,MusicGen Large,860,30,0.9972480620155039
trajectory,artifactbench__without_Suno,artifactbench,generator,MusicGen,MusicGen Medium,860,30,0.9991085271317829
trajectory,artifactbench__without_Suno,artifactbench,generator,MusicGen,MusicGen Small,860,30,0.9787984496124031
trajectory,artifactbench__without_Suno,artifactbench,generator,Riffusion,Riffusion,860,100,0.8595
trajectory,artifactbench__without_Suno,artifactbench,generator,Riffusion,Riffusion (AIME),860,30,0.832015503875969
trajectory,artifactbench__without_Suno,artifactbench,generator,StableAudio,Stable Audio v1,860,50,0.9814418604651163
trajectory,artifactbench__without_Suno,artifactbench,generator,StableAudio,Stable Audio v2,860,50,0.9719767441860465
trajectory,artifactbench__without_Suno,artifactbench,generator,Suno,Google Chirp v2 XXL,860,80,0.9973401162790698
trajectory,artifactbench__without_Suno,artifactbench,generator,Suno,Google Chirp v3,860,80,0.9977616279069768
trajectory,artifactbench__without_Suno,artifactbench,generator,Suno,Google Chirp v3.5,860,80,0.9927906976744186
trajectory,artifactbench__without_Suno,artifactbench,generator,Suno,Suno (mixed),860,80,0.7436046511627907
trajectory,artifactbench__without_Suno,artifactbench,generator,Suno,Suno v3,860,30,0.9920930232558139
trajectory,artifactbench__without_Suno,artifactbench,generator,Suno,Suno v3.5,860,29,0.9847233360064154
trajectory,artifactbench__without_Suno,artifactbench,generator,Suno,Suno v4,860,100,0.7060465116279071
trajectory,artifactbench__without_Suno,artifactbench,generator,Udio,Udio,860,100,0.8851627906976743
trajectory,artifactbench__without_Suno,artifactbench,generator,Udio,Udio (AIME),860,30,0.8803100775193798
trajectory,artifactbench__without_Suno,artifactbench,generator,Udio,Udio (SONICS 120s),860,80,0.9848255813953488
trajectory,artifactbench__without_Suno,artifactbench,generator,Udio,Udio (SONICS 30s),860,80,0.9339244186046511
trajectory,artifactbench__without_Suno,artifactbench,generator,Udio,Udio (mixed),860,80,0.7043168604651162
trajectory,artifactbench__without_Suno,artifactbench,generator,Udio,Udio CDN,860,18,0.6867571059431524
trajectory,artifactbench__without_Suno,artifactbench,generator,Udio,Udio CDN Latest,860,17,0.7975376196990425
trajectory,artifactbench__without_Suno,artifactbench,generator,Yue,Yue,860,100,0.9542441860465116
trajectory,artifactbench__count_control_Suno,artifactbench,family,DiffRhythm,DiffRhythm,860,100,0.9993139534883722
trajectory,artifactbench__count_control_Suno,artifactbench,family,MusicGen,MusicGen,860,90,0.9914599483204134
trajectory,artifactbench__count_control_Suno,artifactbench,family,Riffusion,Riffusion,860,130,0.9063416815742398
trajectory,artifactbench__count_control_Suno,artifactbench,family,StableAudio,StableAudio,860,100,0.9840697674418605
trajectory,artifactbench__count_control_Suno,artifactbench,family,Suno,Suno,860,479,0.923207263193669
trajectory,artifactbench__count_control_Suno,artifactbench,family,Udio,Udio,860,405,0.8567384438702269
trajectory,artifactbench__count_control_Suno,artifactbench,family,Yue,Yue,860,100,0.9793488372093022
trajectory,artifactbench__count_control_Suno,artifactbench,generator,DiffRhythm,DiffRhythm,860,100,0.9993139534883722
trajectory,artifactbench__count_control_Suno,artifactbench,generator,MusicGen,MusicGen Large,860,30,0.9987209302325581
trajectory,artifactbench__count_control_Suno,artifactbench,generator,MusicGen,MusicGen Medium,860,30,0.9994186046511627
trajectory,artifactbench__count_control_Suno,artifactbench,generator,MusicGen,MusicGen Small,860,30,0.9762403100775193
trajectory,artifactbench__count_control_Suno,artifactbench,generator,Riffusion,Riffusion,860,100,0.9305813953488371
trajectory,artifactbench__count_control_Suno,artifactbench,generator,Riffusion,Riffusion (AIME),860,30,0.8255426356589147
trajectory,artifactbench__count_control_Suno,artifactbench,generator,StableAudio,Stable Audio v1,860,50,0.9911627906976744
trajectory,artifactbench__count_control_Suno,artifactbench,generator,StableAudio,Stable Audio v2,860,50,0.9769767441860465
trajectory,artifactbench__count_control_Suno,artifactbench,generator,Suno,Google Chirp v2 XXL,860,80,0.9988226744186046
trajectory,artifactbench__count_control_Suno,artifactbench,generator,Suno,Google Chirp v3,860,80,0.9993023255813953
trajectory,artifactbench__count_control_Suno,artifactbench,generator,Suno,Google Chirp v3.5,860,80,0.9980523255813953
trajectory,artifactbench__count_control_Suno,artifactbench,generator,Suno,Suno (mixed),860,80,0.8176453488372093
trajectory,artifactbench__count_control_Suno,artifactbench,generator,Suno,Suno v3,860,30,0.9972868217054264
trajectory,artifactbench__count_control_Suno,artifactbench,generator,Suno,Suno v3.5,860,29,0.9949478748997593
trajectory,artifactbench__count_control_Suno,artifactbench,generator,Suno,Suno v4,860,100,0.7833837209302325
trajectory,artifactbench__count_control_Suno,artifactbench,generator,Udio,Udio,860,100,0.8761395348837209
trajectory,artifactbench__count_control_Suno,artifactbench,generator,Udio,Udio (AIME),860,30,0.8764341085271318
trajectory,artifactbench__count_control_Suno,artifactbench,generator,Udio,Udio (SONICS 120s),860,80,0.9787936046511628
trajectory,artifactbench__count_control_Suno,artifactbench,generator,Udio,Udio (SONICS 30s),860,80,0.9261773255813954
trajectory,artifactbench__count_control_Suno,artifactbench,generator,Udio,Udio (mixed),860,80,0.6879505813953488
trajectory,artifactbench__count_control_Suno,artifactbench,generator,Udio,Udio CDN,860,18,0.6735788113695091
trajectory,artifactbench__count_control_Suno,artifactbench,generator,Udio,Udio CDN Latest,860,17,0.794938440492476
trajectory,artifactbench__count_control_Suno,artifactbench,generator,Yue,Yue,860,100,0.9793488372093022
trajectory,artifactbench__without_Udio,artifactbench,family,DiffRhythm,DiffRhythm,860,100,0.9983953488372093
trajectory,artifactbench__without_Udio,artifactbench,family,MusicGen,MusicGen,860,90,0.9885400516795866
trajectory,artifactbench__without_Udio,artifactbench,family,Riffusion,Riffusion,860,130,0.9195348837209303
trajectory,artifactbench__without_Udio,artifactbench,family,StableAudio,StableAudio,860,100,0.9888953488372092
trajectory,artifactbench__without_Udio,artifactbench,family,Suno,Suno,860,479,0.9343496625722193
trajectory,artifactbench__without_Udio,artifactbench,family,Udio,Udio,860,405,0.7824346827447604
trajectory,artifactbench__without_Udio,artifactbench,family,Yue,Yue,860,100,0.9850930232558139
trajectory,artifactbench__without_Udio,artifactbench,generator,DiffRhythm,DiffRhythm,860,100,0.9983953488372093
trajectory,artifactbench__without_Udio,artifactbench,generator,MusicGen,MusicGen Large,860,30,0.9977131782945736
trajectory,artifactbench__without_Udio,artifactbench,generator,MusicGen,MusicGen Medium,860,30,0.9992248062015504
trajectory,artifactbench__without_Udio,artifactbench,generator,MusicGen,MusicGen Small,860,30,0.9686821705426356
trajectory,artifactbench__without_Udio,artifactbench,generator,Riffusion,Riffusion,860,100,0.9492906976744185
trajectory,artifactbench__without_Udio,artifactbench,generator,Riffusion,Riffusion (AIME),860,30,0.8203488372093022
trajectory,artifactbench__without_Udio,artifactbench,generator,StableAudio,Stable Audio v1,860,50,0.9975813953488373
trajectory,artifactbench__without_Udio,artifactbench,generator,StableAudio,Stable Audio v2,860,50,0.9802093023255813
trajectory,artifactbench__without_Udio,artifactbench,generator,Suno,Google Chirp v2 XXL,860,80,0.9975290697674419
trajectory,artifactbench__without_Udio,artifactbench,generator,Suno,Google Chirp v3,860,80,0.9989680232558139
trajectory,artifactbench__without_Udio,artifactbench,generator,Suno,Google Chirp v3.5,860,80,0.9980813953488372
trajectory,artifactbench__without_Udio,artifactbench,generator,Suno,Suno (mixed),860,80,0.8489970930232558
trajectory,artifactbench__without_Udio,artifactbench,generator,Suno,Suno v3,860,30,0.9985271317829457
trajectory,artifactbench__without_Udio,artifactbench,generator,Suno,Suno v3.5,860,29,0.9970729751403369
trajectory,artifactbench__without_Udio,artifactbench,generator,Suno,Suno v4,860,100,0.8119651162790698
trajectory,artifactbench__without_Udio,artifactbench,generator,Udio,Udio,860,100,0.8115697674418605
trajectory,artifactbench__without_Udio,artifactbench,generator,Udio,Udio (AIME),860,30,0.8482945736434109
trajectory,artifactbench__without_Udio,artifactbench,generator,Udio,Udio (SONICS 120s),860,80,0.9090261627906977
trajectory,artifactbench__without_Udio,artifactbench,generator,Udio,Udio (SONICS 30s),860,80,0.8657558139534883
trajectory,artifactbench__without_Udio,artifactbench,generator,Udio,Udio (mixed),860,80,0.5759593023255813
trajectory,artifactbench__without_Udio,artifactbench,generator,Udio,Udio CDN,860,18,0.5883720930232558
trajectory,artifactbench__without_Udio,artifactbench,generator,Udio,Udio CDN Latest,860,17,0.6841313269493845
trajectory,artifactbench__without_Udio,artifactbench,generator,Yue,Yue,860,100,0.9850930232558139
trajectory,artifactbench__count_control_Udio,artifactbench,family,DiffRhythm,DiffRhythm,860,100,0.9993023255813953
trajectory,artifactbench__count_control_Udio,artifactbench,family,MusicGen,MusicGen,860,90,0.9912273901808786
trajectory,artifactbench__count_control_Udio,artifactbench,family,Riffusion,Riffusion,860,130,0.9057334525939178
trajectory,artifactbench__count_control_Udio,artifactbench,family,StableAudio,StableAudio,860,100,0.9846511627906978
trajectory,artifactbench__count_control_Udio,artifactbench,family,Suno,Suno,860,479,0.9221561392435792
trajectory,artifactbench__count_control_Udio,artifactbench,family,Udio,Udio,860,405,0.8534051105368934
trajectory,artifactbench__count_control_Udio,artifactbench,family,Yue,Yue,860,100,0.979546511627907
trajectory,artifactbench__count_control_Udio,artifactbench,generator,DiffRhythm,DiffRhythm,860,100,0.9993023255813953
trajectory,artifactbench__count_control_Udio,artifactbench,generator,MusicGen,MusicGen Large,860,30,0.9984496124031008
trajectory,artifactbench__count_control_Udio,artifactbench,generator,MusicGen,MusicGen Medium,860,30,0.9993410852713178
trajectory,artifactbench__count_control_Udio,artifactbench,generator,MusicGen,MusicGen Small,860,30,0.9758914728682171
trajectory,artifactbench__count_control_Udio,artifactbench,generator,Riffusion,Riffusion,860,100,0.9308604651162791
trajectory,artifactbench__count_control_Udio,artifactbench,generator,Riffusion,Riffusion (AIME),860,30,0.8219767441860465
trajectory,artifactbench__count_control_Udio,artifactbench,generator,StableAudio,Stable Audio v1,860,50,0.9918372093023256
trajectory,artifactbench__count_control_Udio,artifactbench,generator,StableAudio,Stable Audio v2,860,50,0.9774651162790697
trajectory,artifactbench__count_control_Udio,artifactbench,generator,Suno,Google Chirp v2 XXL,860,80,0.9985610465116279
trajectory,artifactbench__count_control_Udio,artifactbench,generator,Suno,Google Chirp v3,860,80,0.9992441860465117
trajectory,artifactbench__count_control_Udio,artifactbench,generator,Suno,Google Chirp v3.5,860,80,0.9978343023255813
trajectory,artifactbench__count_control_Udio,artifactbench,generator,Suno,Suno (mixed),860,80,0.813968023255814
trajectory,artifactbench__count_control_Udio,artifactbench,generator,Suno,Suno v3,860,30,0.9972868217054263
trajectory,artifactbench__count_control_Udio,artifactbench,generator,Suno,Suno v3.5,860,29,0.9945068163592622
trajectory,artifactbench__count_control_Udio,artifactbench,generator,Suno,Suno v4,860,100,0.7818488372093023
trajectory,artifactbench__count_control_Udio,artifactbench,generator,Udio,Udio,860,100,0.8747093023255813
trajectory,artifactbench__count_control_Udio,artifactbench,generator,Udio,Udio (AIME),860,30,0.8742248062015503
trajectory,artifactbench__count_control_Udio,artifactbench,generator,Udio,Udio (SONICS 120s),860,80,0.9773255813953489
trajectory,artifactbench__count_control_Udio,artifactbench,generator,Udio,Udio (SONICS 30s),860,80,0.9208720930232558
trajectory,artifactbench__count_control_Udio,artifactbench,generator,Udio,Udio (mixed),860,80,0.6812063953488372
trajectory,artifactbench__count_control_Udio,artifactbench,generator,Udio,Udio CDN,860,18,0.674547803617571
trajectory,artifactbench__count_control_Udio,artifactbench,generator,Udio,Udio CDN Latest,860,17,0.7904240766073871
trajectory,artifactbench__count_control_Udio,artifactbench,generator,Yue,Yue,860,100,0.979546511627907
trajectory,artifactbench__without_MusicGen,artifactbench,family,DiffRhythm,DiffRhythm,860,100,0.9992093023255815
trajectory,artifactbench__without_MusicGen,artifactbench,family,MusicGen,MusicGen,860,90,0.9882170542635659
trajectory,artifactbench__without_MusicGen,artifactbench,family,Riffusion,Riffusion,860,130,0.9083005366726298
trajectory,artifactbench__without_MusicGen,artifactbench,family,StableAudio,StableAudio,860,100,0.9716046511627907
trajectory,artifactbench__without_MusicGen,artifactbench,family,Suno,Suno,860,479,0.9213574792445501
trajectory,artifactbench__without_MusicGen,artifactbench,family,Udio,Udio,860,405,0.8624117140396209
trajectory,artifactbench__without_MusicGen,artifactbench,family,Yue,Yue,860,100,0.9824999999999999
trajectory,artifactbench__without_MusicGen,artifactbench,generator,DiffRhythm,DiffRhythm,860,100,0.9992093023255815
trajectory,artifactbench__without_MusicGen,artifactbench,generator,MusicGen,MusicGen Large,860,30,0.9947286821705427
trajectory,artifactbench__without_MusicGen,artifactbench,generator,MusicGen,MusicGen Medium,860,30,0.996937984496124
trajectory,artifactbench__without_MusicGen,artifactbench,generator,MusicGen,MusicGen Small,860,30,0.972984496124031
trajectory,artifactbench__without_MusicGen,artifactbench,generator,Riffusion,Riffusion,860,100,0.9367325581395349
trajectory,artifactbench__without_MusicGen,artifactbench,generator,Riffusion,Riffusion (AIME),860,30,0.8135271317829457
trajectory,artifactbench__without_MusicGen,artifactbench,generator,StableAudio,Stable Audio v1,860,50,0.9790697674418605
trajectory,artifactbench__without_MusicGen,artifactbench,generator,StableAudio,Stable Audio v2,860,50,0.964139534883721
trajectory,artifactbench__without_MusicGen,artifactbench,generator,Suno,Google Chirp v2 XXL,860,80,0.9992732558139534
trajectory,artifactbench__without_MusicGen,artifactbench,generator,Suno,Google Chirp v3,860,80,0.9997383720930233
trajectory,artifactbench__without_MusicGen,artifactbench,generator,Suno,Google Chirp v3.5,860,80,0.9993023255813953
trajectory,artifactbench__without_MusicGen,artifactbench,generator,Suno,Suno (mixed),860,80,0.8047093023255814
trajectory,artifactbench__without_MusicGen,artifactbench,generator,Suno,Suno v3,860,30,0.9935658914728682
trajectory,artifactbench__without_MusicGen,artifactbench,generator,Suno,Suno v3.5,860,29,0.993785084202085
trajectory,artifactbench__without_MusicGen,artifactbench,generator,Suno,Suno v4,860,100,0.7846162790697674
trajectory,artifactbench__without_MusicGen,artifactbench,generator,Udio,Udio,860,100,0.8786046511627907
trajectory,artifactbench__without_MusicGen,artifactbench,generator,Udio,Udio (AIME),860,30,0.8487209302325581
trajectory,artifactbench__without_MusicGen,artifactbench,generator,Udio,Udio (SONICS 120s),860,80,0.9894331395348837
trajectory,artifactbench__without_MusicGen,artifactbench,generator,Udio,Udio (SONICS 30s),860,80,0.9484738372093023
trajectory,artifactbench__without_MusicGen,artifactbench,generator,Udio,Udio (mixed),860,80,0.6885901162790697
trajectory,artifactbench__without_MusicGen,artifactbench,generator,Udio,Udio CDN,860,18,0.6801033591731266
trajectory,artifactbench__without_MusicGen,artifactbench,generator,Udio,Udio CDN Latest,860,17,0.7995896032831737
trajectory,artifactbench__without_MusicGen,artifactbench,generator,Yue,Yue,860,100,0.9824999999999999
trajectory,artifactbench__count_control_MusicGen,artifactbench,family,DiffRhythm,DiffRhythm,860,100,0.9993953488372094
trajectory,artifactbench__count_control_MusicGen,artifactbench,family,MusicGen,MusicGen,860,90,0.9908785529715762
trajectory,artifactbench__count_control_MusicGen,artifactbench,family,Riffusion,Riffusion,860,130,0.9058407871198568
trajectory,artifactbench__count_control_MusicGen,artifactbench,family,StableAudio,StableAudio,860,100,0.9726627906976744
trajectory,artifactbench__count_control_MusicGen,artifactbench,family,Suno,Suno,860,479,0.9266495120648638
trajectory,artifactbench__count_control_MusicGen,artifactbench,family,Udio,Udio,860,405,0.8677662934252082
trajectory,artifactbench__count_control_MusicGen,artifactbench,family,Yue,Yue,860,100,0.9845116279069768
trajectory,artifactbench__count_control_MusicGen,artifactbench,generator,DiffRhythm,DiffRhythm,860,100,0.9993953488372094
trajectory,artifactbench__count_control_MusicGen,artifactbench,generator,MusicGen,MusicGen Large,860,30,0.9987596899224807
trajectory,artifactbench__count_control_MusicGen,artifactbench,generator,MusicGen,MusicGen Medium,860,30,0.9993023255813954
trajectory,artifactbench__count_control_MusicGen,artifactbench,generator,MusicGen,MusicGen Small,860,30,0.9745736434108526
trajectory,artifactbench__count_control_MusicGen,artifactbench,generator,Riffusion,Riffusion,860,100,0.9406744186046512
trajectory,artifactbench__count_control_MusicGen,artifactbench,generator,Riffusion,Riffusion (AIME),860,30,0.7897286821705426
trajectory,artifactbench__count_control_MusicGen,artifactbench,generator,StableAudio,Stable Audio v1,860,50,0.9786046511627906
trajectory,artifactbench__count_control_MusicGen,artifactbench,generator,StableAudio,Stable Audio v2,860,50,0.9667209302325581
trajectory,artifactbench__count_control_MusicGen,artifactbench,generator,Suno,Google Chirp v2 XXL,860,80,0.9995058139534884
trajectory,artifactbench__count_control_MusicGen,artifactbench,generator,Suno,Google Chirp v3,860,80,0.9998401162790698
trajectory,artifactbench__count_control_MusicGen,artifactbench,generator,Suno,Google Chirp v3.5,860,80,0.9994912790697674
trajectory,artifactbench__count_control_MusicGen,artifactbench,generator,Suno,Suno (mixed),860,80,0.8205232558139535
trajectory,artifactbench__count_control_MusicGen,artifactbench,generator,Suno,Suno v3,860,30,0.9972480620155039
trajectory,artifactbench__count_control_MusicGen,artifactbench,generator,Suno,Suno v3.5,860,29,0.9954691259021652
trajectory,artifactbench__count_control_MusicGen,artifactbench,generator,Suno,Suno v4,860,100,0.7953023255813954
trajectory,artifactbench__count_control_MusicGen,artifactbench,generator,Udio,Udio,860,100,0.8892093023255814
trajectory,artifactbench__count_control_MusicGen,artifactbench,generator,Udio,Udio (AIME),860,30,0.8741860465116279
trajectory,artifactbench__count_control_MusicGen,artifactbench,generator,Udio,Udio (SONICS 120s),860,80,0.9892732558139534
trajectory,artifactbench__count_control_MusicGen,artifactbench,generator,Udio,Udio (SONICS 30s),860,80,0.9434447674418605
trajectory,artifactbench__count_control_MusicGen,artifactbench,generator,Udio,Udio (mixed),860,80,0.6917005813953488
trajectory,artifactbench__count_control_MusicGen,artifactbench,generator,Udio,Udio CDN,860,18,0.6982558139534883
trajectory,artifactbench__count_control_MusicGen,artifactbench,generator,Udio,Udio CDN Latest,860,17,0.8103967168262655
trajectory,artifactbench__count_control_MusicGen,artifactbench,generator,Yue,Yue,860,100,0.9845116279069768
trajectory,echoes__without_Suno,echoes,family,AceStep,AceStep,59,57,0.9934582218257508
trajectory,echoes__without_Suno,echoes,family,AudioLDM,AudioLDM,59,115,0.999852616064849
trajectory,echoes__without_Suno,echoes,family,Brev,Brev,59,68,0.7781655034895314
trajectory,echoes__without_Suno,echoes,family,DiffRhythm,DiffRhythm,59,120,0.996045197740113
trajectory,echoes__without_Suno,echoes,family,Mubert,Mubert,59,32,0.5444915254237288
trajectory,echoes__without_Suno,echoes,family,Producer,Producer,59,68,0.963110667996012
trajectory,echoes__without_Suno,echoes,family,SongGen,SongGen,59,111,0.9998473049320508
trajectory,echoes__without_Suno,echoes,family,StableAudio,StableAudio,59,35,0.924455205811138
trajectory,echoes__without_Suno,echoes,family,Suno,Suno,59,68,0.7153539381854437
trajectory,echoes__without_Suno,echoes,family,Udio,Udio,59,68,0.7026420737786641
trajectory,echoes__without_Suno,echoes,generator,AceStep,acestep,59,57,0.9934582218257508
trajectory,echoes__without_Suno,echoes,generator,AudioLDM,audioldm,59,115,0.999852616064849
trajectory,echoes__without_Suno,echoes,generator,Brev,brev,59,68,0.7781655034895314
trajectory,echoes__without_Suno,echoes,generator,DiffRhythm,diffrhythm,59,120,0.996045197740113
trajectory,echoes__without_Suno,echoes,generator,Mubert,mubert,59,32,0.5444915254237288
trajectory,echoes__without_Suno,echoes,generator,Producer,producer,59,68,0.963110667996012
trajectory,echoes__without_Suno,echoes,generator,SongGen,songgen,59,111,0.9998473049320508
trajectory,echoes__without_Suno,echoes,generator,StableAudio,stableaudio,59,35,0.924455205811138
trajectory,echoes__without_Suno,echoes,generator,Suno,suno,59,68,0.7153539381854437
trajectory,echoes__without_Suno,echoes,generator,Udio,udio,59,68,0.7026420737786641
trajectory,echoes__count_control_Suno,echoes,family,AceStep,AceStep,59,57,0.9988105857865002
trajectory,echoes__count_control_Suno,echoes,family,AudioLDM,AudioLDM,59,115,1.0
trajectory,echoes__count_control_Suno,echoes,family,Brev,Brev,59,68,0.8232801595214356
trajectory,echoes__count_control_Suno,echoes,family,DiffRhythm,DiffRhythm,59,120,0.9980225988700565
trajectory,echoes__count_control_Suno,echoes,family,Mubert,Mubert,59,32,0.573093220338983
trajectory,echoes__count_control_Suno,echoes,family,Producer,Producer,59,68,0.9823030907278165
trajectory,echoes__count_control_Suno,echoes,family,SongGen,SongGen,59,111,1.0
trajectory,echoes__count_control_Suno,echoes,family,StableAudio,StableAudio,59,35,0.9472154963680387
trajectory,echoes__count_control_Suno,echoes,family,Suno,Suno,59,68,0.7754237288135593
trajectory,echoes__count_control_Suno,echoes,family,Udio,Udio,59,68,0.6911764705882353
trajectory,echoes__count_control_Suno,echoes,generator,AceStep,acestep,59,57,0.9988105857865002
trajectory,echoes__count_control_Suno,echoes,generator,AudioLDM,audioldm,59,115,1.0
trajectory,echoes__count_control_Suno,echoes,generator,Brev,brev,59,68,0.8232801595214356
trajectory,echoes__count_control_Suno,echoes,generator,DiffRhythm,diffrhythm,59,120,0.9980225988700565
trajectory,echoes__count_control_Suno,echoes,generator,Mubert,mubert,59,32,0.573093220338983
trajectory,echoes__count_control_Suno,echoes,generator,Producer,producer,59,68,0.9823030907278165
trajectory,echoes__count_control_Suno,echoes,generator,SongGen,songgen,59,111,1.0
trajectory,echoes__count_control_Suno,echoes,generator,StableAudio,stableaudio,59,35,0.9472154963680387
trajectory,echoes__count_control_Suno,echoes,generator,Suno,suno,59,68,0.7754237288135593
trajectory,echoes__count_control_Suno,echoes,generator,Udio,udio,59,68,0.6911764705882353
trajectory,echoes__without_Udio,echoes,family,AceStep,AceStep,59,57,0.9997026464466251
trajectory,echoes__without_Udio,echoes,family,AudioLDM,AudioLDM,59,115,1.0
trajectory,echoes__without_Udio,echoes,family,Brev,Brev,59,68,0.8489531405782651
trajectory,echoes__without_Udio,echoes,family,DiffRhythm,DiffRhythm,59,120,0.998728813559322
trajectory,echoes__without_Udio,echoes,family,Mubert,Mubert,59,32,0.6223516949152543
trajectory,echoes__without_Udio,echoes,family,Producer,Producer,59,68,0.9813060817547358
trajectory,echoes__without_Udio,echoes,family,SongGen,SongGen,59,111,0.9998473049320508
trajectory,echoes__without_Udio,echoes,family,StableAudio,StableAudio,59,35,0.9554479418886198
trajectory,echoes__without_Udio,echoes,family,Suno,Suno,59,68,0.8108175473579262
trajectory,echoes__without_Udio,echoes,family,Udio,Udio,59,68,0.6343469591226321
trajectory,echoes__without_Udio,echoes,generator,AceStep,acestep,59,57,0.9997026464466251
trajectory,echoes__without_Udio,echoes,generator,AudioLDM,audioldm,59,115,1.0
trajectory,echoes__without_Udio,echoes,generator,Brev,brev,59,68,0.8489531405782651
trajectory,echoes__without_Udio,echoes,generator,DiffRhythm,diffrhythm,59,120,0.998728813559322
trajectory,echoes__without_Udio,echoes,generator,Mubert,mubert,59,32,0.6223516949152543
trajectory,echoes__without_Udio,echoes,generator,Producer,producer,59,68,0.9813060817547358
trajectory,echoes__without_Udio,echoes,generator,SongGen,songgen,59,111,0.9998473049320508
trajectory,echoes__without_Udio,echoes,generator,StableAudio,stableaudio,59,35,0.9554479418886198
trajectory,echoes__without_Udio,echoes,generator,Suno,suno,59,68,0.8108175473579262
trajectory,echoes__without_Udio,echoes,generator,Udio,udio,59,68,0.6343469591226321
trajectory,echoes__count_control_Udio,echoes,family,AceStep,AceStep,59,57,0.9991079393398751
trajectory,echoes__count_control_Udio,echoes,family,AudioLDM,AudioLDM,59,115,0.999852616064849
trajectory,echoes__count_control_Udio,echoes,family,Brev,Brev,59,68,0.8282652043868395
trajectory,echoes__count_control_Udio,echoes,family,DiffRhythm,DiffRhythm,59,120,0.9975988700564972
trajectory,echoes__count_control_Udio,echoes,family,Mubert,Mubert,59,32,0.5667372881355932
trajectory,echoes__count_control_Udio,echoes,family,Producer,Producer,59,68,0.9818045862412762
trajectory,echoes__count_control_Udio,echoes,family,SongGen,SongGen,59,111,1.0
trajectory,echoes__count_control_Udio,echoes,family,StableAudio,StableAudio,59,35,0.9535108958837772
trajectory,echoes__count_control_Udio,echoes,family,Suno,Suno,59,68,0.7774177467597209
trajectory,echoes__count_control_Udio,echoes,family,Udio,Udio,59,68,0.6906779661016949
trajectory,echoes__count_control_Udio,echoes,generator,AceStep,acestep,59,57,0.9991079393398751
trajectory,echoes__count_control_Udio,echoes,generator,AudioLDM,audioldm,59,115,0.999852616064849
trajectory,echoes__count_control_Udio,echoes,generator,Brev,brev,59,68,0.8282652043868395
trajectory,echoes__count_control_Udio,echoes,generator,DiffRhythm,diffrhythm,59,120,0.9975988700564972
trajectory,echoes__count_control_Udio,echoes,generator,Mubert,mubert,59,32,0.5667372881355932
trajectory,echoes__count_control_Udio,echoes,generator,Producer,producer,59,68,0.9818045862412762
trajectory,echoes__count_control_Udio,echoes,generator,SongGen,songgen,59,111,1.0
trajectory,echoes__count_control_Udio,echoes,generator,StableAudio,stableaudio,59,35,0.9535108958837772
trajectory,echoes__count_control_Udio,echoes,generator,Suno,suno,59,68,0.7774177467597209
trajectory,echoes__count_control_Udio,echoes,generator,Udio,udio,59,68,0.6906779661016949
trajectory,fakemusiccaps__without_MusicGen,fakemusiccaps,family,AudioLDM,AudioLDM,1102,1104,0.8795117244009574
trajectory,fakemusiccaps__without_MusicGen,fakemusiccaps,family,MusicGen,MusicGen,1102,1104,0.9152438583339909
trajectory,fakemusiccaps__without_MusicGen,fakemusiccaps,family,MusicLDM,MusicLDM,1102,1104,0.8507637628554143
trajectory,fakemusiccaps__without_MusicGen,fakemusiccaps,family,Mustango,Mustango,1102,1104,0.8949957586995976
trajectory,fakemusiccaps__without_MusicGen,fakemusiccaps,family,StableAudio,StableAudio,1102,1104,0.8674223743391463
trajectory,fakemusiccaps__without_MusicGen,fakemusiccaps,generator,AudioLDM,audioldm2,1102,1104,0.8795117244009574
trajectory,fakemusiccaps__without_MusicGen,fakemusiccaps,generator,MusicGen,MusicGen_medium,1102,1104,0.9152438583339909
trajectory,fakemusiccaps__without_MusicGen,fakemusiccaps,generator,MusicLDM,musicldm,1102,1104,0.8507637628554143
trajectory,fakemusiccaps__without_MusicGen,fakemusiccaps,generator,Mustango,mustango,1102,1104,0.8949957586995976
trajectory,fakemusiccaps__without_MusicGen,fakemusiccaps,generator,StableAudio,stable_audio_open,1102,1104,0.8674223743391463
trajectory,fakemusiccaps__count_control_MusicGen,fakemusiccaps,family,AudioLDM,AudioLDM,1102,1104,0.881848549409506
trajectory,fakemusiccaps__count_control_MusicGen,fakemusiccaps,family,MusicGen,MusicGen,1102,1104,0.9232604092690496
trajectory,fakemusiccaps__count_control_MusicGen,fakemusiccaps,family,MusicLDM,MusicLDM,1102,1104,0.8572522949051791
trajectory,fakemusiccaps__count_control_MusicGen,fakemusiccaps,family,Mustango,Mustango,1102,1104,0.8981167311081302
trajectory,fakemusiccaps__count_control_MusicGen,fakemusiccaps,family,StableAudio,StableAudio,1102,1104,0.8691304019043108
trajectory,fakemusiccaps__count_control_MusicGen,fakemusiccaps,generator,AudioLDM,audioldm2,1102,1104,0.881848549409506
trajectory,fakemusiccaps__count_control_MusicGen,fakemusiccaps,generator,MusicGen,MusicGen_medium,1102,1104,0.9232604092690496
trajectory,fakemusiccaps__count_control_MusicGen,fakemusiccaps,generator,MusicLDM,musicldm,1102,1104,0.8572522949051791
trajectory,fakemusiccaps__count_control_MusicGen,fakemusiccaps,generator,Mustango,mustango,1102,1104,0.8981167311081302
trajectory,fakemusiccaps__count_control_MusicGen,fakemusiccaps,generator,StableAudio,stable_audio_open,1102,1104,0.8691304019043108
trajectory,artifactbench__without_StableAudio,artifactbench,family,DiffRhythm,DiffRhythm,860,100,0.9989302325581395
trajectory,artifactbench__without_StableAudio,artifactbench,family,MusicGen,MusicGen,860,90,0.9886692506459948
trajectory,artifactbench__without_StableAudio,artifactbench,family,Riffusion,Riffusion,860,130,0.9036135957066189
trajectory,artifactbench__without_StableAudio,artifactbench,family,StableAudio,StableAudio,860,100,0.9439883720930232
trajectory,artifactbench__without_StableAudio,artifactbench,family,Suno,Suno,860,479,0.9233310676312085
trajectory,artifactbench__without_StableAudio,artifactbench,family,Udio,Udio,860,405,0.8590697674418606
trajectory,artifactbench__without_StableAudio,artifactbench,family,Yue,Yue,860,100,0.9843720930232559
trajectory,artifactbench__without_StableAudio,artifactbench,generator,DiffRhythm,DiffRhythm,860,100,0.9989302325581395
trajectory,artifactbench__without_StableAudio,artifactbench,generator,MusicGen,MusicGen Large,860,30,0.9988372093023256
trajectory,artifactbench__without_StableAudio,artifactbench,generator,MusicGen,MusicGen Medium,860,30,0.9993023255813953
trajectory,artifactbench__without_StableAudio,artifactbench,generator,MusicGen,MusicGen Small,860,30,0.9678682170542636
trajectory,artifactbench__without_StableAudio,artifactbench,generator,Riffusion,Riffusion,860,100,0.9376744186046512
trajectory,artifactbench__without_StableAudio,artifactbench,generator,Riffusion,Riffusion (AIME),860,30,0.790077519379845
trajectory,artifactbench__without_StableAudio,artifactbench,generator,StableAudio,Stable Audio v1,860,50,0.9688372093023255
trajectory,artifactbench__without_StableAudio,artifactbench,generator,StableAudio,Stable Audio v2,860,50,0.9191395348837209
trajectory,artifactbench__without_StableAudio,artifactbench,generator,Suno,Google Chirp v2 XXL,860,80,0.9990552325581395
trajectory,artifactbench__without_StableAudio,artifactbench,generator,Suno,Google Chirp v3,860,80,0.9995494186046512
trajectory,artifactbench__without_StableAudio,artifactbench,generator,Suno,Google Chirp v3.5,860,80,0.99875
trajectory,artifactbench__without_StableAudio,artifactbench,generator,Suno,Suno (mixed),860,80,0.8073837209302326
trajectory,artifactbench__without_StableAudio,artifactbench,generator,Suno,Suno v3,860,30,0.9966666666666667
trajectory,artifactbench__without_StableAudio,artifactbench,generator,Suno,Suno v3.5,860,29,0.9932638331996791
trajectory,artifactbench__without_StableAudio,artifactbench,generator,Suno,Suno v4,860,100,0.7919186046511627
trajectory,artifactbench__without_StableAudio,artifactbench,generator,Udio,Udio,860,100,0.8961860465116279
trajectory,artifactbench__without_StableAudio,artifactbench,generator,Udio,Udio (AIME),860,30,0.8772093023255815
trajectory,artifactbench__without_StableAudio,artifactbench,generator,Udio,Udio (SONICS 120s),860,80,0.9901308139534883
trajectory,artifactbench__without_StableAudio,artifactbench,generator,Udio,Udio (SONICS 30s),860,80,0.9287063953488373
trajectory,artifactbench__without_StableAudio,artifactbench,generator,Udio,Udio (mixed),860,80,0.6665261627906977
trajectory,artifactbench__without_StableAudio,artifactbench,generator,Udio,Udio CDN,860,18,0.6525193798449612
trajectory,artifactbench__without_StableAudio,artifactbench,generator,Udio,Udio CDN Latest,860,17,0.7890560875512996
trajectory,artifactbench__without_StableAudio,artifactbench,generator,Yue,Yue,860,100,0.9843720930232559
trajectory,artifactbench__count_control_StableAudio,artifactbench,family,DiffRhythm,DiffRhythm,860,100,0.9994186046511628
trajectory,artifactbench__count_control_StableAudio,artifactbench,family,MusicGen,MusicGen,860,90,0.9908656330749354
trajectory,artifactbench__count_control_StableAudio,artifactbench,family,Riffusion,Riffusion,860,130,0.9039087656529518
trajectory,artifactbench__count_control_StableAudio,artifactbench,family,StableAudio,StableAudio,860,100,0.9743953488372094
trajectory,artifactbench__count_control_StableAudio,artifactbench,family,Suno,Suno,860,479,0.925748895470214
trajectory,artifactbench__count_control_StableAudio,artifactbench,family,Udio,Udio,860,405,0.8674935400516797
trajectory,artifactbench__count_control_StableAudio,artifactbench,family,Yue,Yue,860,100,0.9842325581395348
trajectory,artifactbench__count_control_StableAudio,artifactbench,generator,DiffRhythm,DiffRhythm,860,100,0.9994186046511628
trajectory,artifactbench__count_control_StableAudio,artifactbench,generator,MusicGen,MusicGen Large,860,30,0.9990697674418605
trajectory,artifactbench__count_control_StableAudio,artifactbench,generator,MusicGen,MusicGen Medium,860,30,0.9993023255813954
trajectory,artifactbench__count_control_StableAudio,artifactbench,generator,MusicGen,MusicGen Small,860,30,0.9742248062015504
trajectory,artifactbench__count_control_StableAudio,artifactbench,generator,Riffusion,Riffusion,860,100,0.9383837209302326
trajectory,artifactbench__count_control_StableAudio,artifactbench,generator,Riffusion,Riffusion (AIME),860,30,0.7889922480620155
trajectory,artifactbench__count_control_StableAudio,artifactbench,generator,StableAudio,Stable Audio v1,860,50,0.978767441860465
trajectory,artifactbench__count_control_StableAudio,artifactbench,generator,StableAudio,Stable Audio v2,860,50,0.9700232558139534
trajectory,artifactbench__count_control_StableAudio,artifactbench,generator,Suno,Google Chirp v2 XXL,860,80,0.9995058139534884
trajectory,artifactbench__count_control_StableAudio,artifactbench,generator,Suno,Google Chirp v3,860,80,0.9998982558139534
trajectory,artifactbench__count_control_StableAudio,artifactbench,generator,Suno,Google Chirp v3.5,860,80,0.9994331395348837
trajectory,artifactbench__count_control_StableAudio,artifactbench,generator,Suno,Suno (mixed),860,80,0.8183866279069767
trajectory,artifactbench__count_control_StableAudio,artifactbench,generator,Suno,Suno v3,860,30,0.9971705426356589
trajectory,artifactbench__count_control_StableAudio,artifactbench,generator,Suno,Suno v3.5,860,29,0.9955493183640738
trajectory,artifactbench__count_control_StableAudio,artifactbench,generator,Suno,Suno v4,860,100,0.7926976744186047
trajectory,artifactbench__count_control_StableAudio,artifactbench,generator,Udio,Udio,860,100,0.8900813953488371
trajectory,artifactbench__count_control_StableAudio,artifactbench,generator,Udio,Udio (AIME),860,30,0.8763565891472869
trajectory,artifactbench__count_control_StableAudio,artifactbench,generator,Udio,Udio (SONICS 120s),860,80,0.9896220930232558
trajectory,artifactbench__count_control_StableAudio,artifactbench,generator,Udio,Udio (SONICS 30s),860,80,0.9473255813953488
trajectory,artifactbench__count_control_StableAudio,artifactbench,generator,Udio,Udio (mixed),860,80,0.6873982558139534
trajectory,artifactbench__count_control_StableAudio,artifactbench,generator,Udio,Udio CDN,860,18,0.6816537467700258
trajectory,artifactbench__count_control_StableAudio,artifactbench,generator,Udio,Udio CDN Latest,860,17,0.812859097127223
trajectory,artifactbench__count_control_StableAudio,artifactbench,generator,Yue,Yue,860,100,0.9842325581395348
trajectory,artifactbench__without_DiffRhythm,artifactbench,family,DiffRhythm,DiffRhythm,860,100,0.9993255813953489
trajectory,artifactbench__without_DiffRhythm,artifactbench,family,MusicGen,MusicGen,860,90,0.990594315245478
trajectory,artifactbench__without_DiffRhythm,artifactbench,family,Riffusion,Riffusion,860,130,0.901654740608229
trajectory,artifactbench__without_DiffRhythm,artifactbench,family,StableAudio,StableAudio,860,100,0.9754651162790697
trajectory,artifactbench__without_DiffRhythm,artifactbench,family,Suno,Suno,860,479,0.9240010681167159
trajectory,artifactbench__without_DiffRhythm,artifactbench,family,Udio,Udio,860,405,0.8654091300602929
trajectory,artifactbench__without_DiffRhythm,artifactbench,family,Yue,Yue,860,100,0.9824534883720931
trajectory,artifactbench__without_DiffRhythm,artifactbench,generator,DiffRhythm,DiffRhythm,860,100,0.9993255813953489
trajectory,artifactbench__without_DiffRhythm,artifactbench,generator,MusicGen,MusicGen Large,860,30,0.998798449612403
trajectory,artifactbench__without_DiffRhythm,artifactbench,generator,MusicGen,MusicGen Medium,860,30,0.9993410852713178
trajectory,artifactbench__without_DiffRhythm,artifactbench,generator,MusicGen,MusicGen Small,860,30,0.9736434108527131
trajectory,artifactbench__without_DiffRhythm,artifactbench,generator,Riffusion,Riffusion,860,100,0.9319302325581396
trajectory,artifactbench__without_DiffRhythm,artifactbench,generator,Riffusion,Riffusion (AIME),860,30,0.8007364341085271
trajectory,artifactbench__without_DiffRhythm,artifactbench,generator,StableAudio,Stable Audio v1,860,50,0.9815813953488371
trajectory,artifactbench__without_DiffRhythm,artifactbench,generator,StableAudio,Stable Audio v2,860,50,0.9693488372093023
trajectory,artifactbench__without_DiffRhythm,artifactbench,generator,Suno,Google Chirp v2 XXL,860,80,0.9993459302325581
trajectory,artifactbench__without_DiffRhythm,artifactbench,generator,Suno,Google Chirp v3,860,80,0.999781976744186
trajectory,artifactbench__without_DiffRhythm,artifactbench,generator,Suno,Google Chirp v3.5,860,80,0.9992441860465116
trajectory,artifactbench__without_DiffRhythm,artifactbench,generator,Suno,Suno (mixed),860,80,0.8163372093023256
trajectory,artifactbench__without_DiffRhythm,artifactbench,generator,Suno,Suno v3,860,30,0.997170542635659
trajectory,artifactbench__without_DiffRhythm,artifactbench,generator,Suno,Suno v3.5,860,29,0.995589414595028
trajectory,artifactbench__without_DiffRhythm,artifactbench,generator,Suno,Suno v4,860,100,0.7863255813953488
trajectory,artifactbench__without_DiffRhythm,artifactbench,generator,Udio,Udio,860,100,0.8856976744186046
trajectory,artifactbench__without_DiffRhythm,artifactbench,generator,Udio,Udio (AIME),860,30,0.8796511627906977
trajectory,artifactbench__without_DiffRhythm,artifactbench,generator,Udio,Udio (SONICS 120s),860,80,0.9882703488372093
trajectory,artifactbench__without_DiffRhythm,artifactbench,generator,Udio,Udio (SONICS 30s),860,80,0.9457267441860464
trajectory,artifactbench__without_DiffRhythm,artifactbench,generator,Udio,Udio (mixed),860,80,0.6863226744186046
trajectory,artifactbench__without_DiffRhythm,artifactbench,generator,Udio,Udio CDN,860,18,0.6792635658914729
trajectory,artifactbench__without_DiffRhythm,artifactbench,generator,Udio,Udio CDN Latest,860,17,0.8046511627906977
trajectory,artifactbench__without_DiffRhythm,artifactbench,generator,Yue,Yue,860,100,0.9824534883720931
trajectory,artifactbench__count_control_DiffRhythm,artifactbench,family,DiffRhythm,DiffRhythm,860,100,0.9994302325581396
trajectory,artifactbench__count_control_DiffRhythm,artifactbench,family,MusicGen,MusicGen,860,90,0.9910594315245478
trajectory,artifactbench__count_control_DiffRhythm,artifactbench,family,Riffusion,Riffusion,860,130,0.8993112701252236
trajectory,artifactbench__count_control_DiffRhythm,artifactbench,family,StableAudio,StableAudio,860,100,0.9746395348837209
trajectory,artifactbench__count_control_DiffRhythm,artifactbench,family,Suno,Suno,860,479,0.9228868281788611
trajectory,artifactbench__count_control_DiffRhythm,artifactbench,family,Udio,Udio,860,405,0.8596210163652024
trajectory,artifactbench__count_control_DiffRhythm,artifactbench,family,Yue,Yue,860,100,0.9826279069767442
trajectory,artifactbench__count_control_DiffRhythm,artifactbench,generator,DiffRhythm,DiffRhythm,860,100,0.9994302325581396
trajectory,artifactbench__count_control_DiffRhythm,artifactbench,generator,MusicGen,MusicGen Large,860,30,0.9986821705426356
trajectory,artifactbench__count_control_DiffRhythm,artifactbench,generator,MusicGen,MusicGen Medium,860,30,0.9993410852713178
trajectory,artifactbench__count_control_DiffRhythm,artifactbench,generator,MusicGen,MusicGen Small,860,30,0.9751550387596899
trajectory,artifactbench__count_control_DiffRhythm,artifactbench,generator,Riffusion,Riffusion,860,100,0.9316046511627907
trajectory,artifactbench__count_control_DiffRhythm,artifactbench,generator,Riffusion,Riffusion (AIME),860,30,0.7916666666666666
trajectory,artifactbench__count_control_DiffRhythm,artifactbench,generator,StableAudio,Stable Audio v1,860,50,0.9804883720930232
trajectory,artifactbench__count_control_DiffRhythm,artifactbench,generator,StableAudio,Stable Audio v2,860,50,0.9687906976744186
trajectory,artifactbench__count_control_DiffRhythm,artifactbench,generator,Suno,Google Chirp v2 XXL,860,80,0.9994912790697674
trajectory,artifactbench__count_control_DiffRhythm,artifactbench,generator,Suno,Google Chirp v3,860,80,0.999796511627907
trajectory,artifactbench__count_control_DiffRhythm,artifactbench,generator,Suno,Google Chirp v3.5,860,80,0.9992877906976744
trajectory,artifactbench__count_control_DiffRhythm,artifactbench,generator,Suno,Suno (mixed),860,80,0.8137790697674419
trajectory,artifactbench__count_control_DiffRhythm,artifactbench,generator,Suno,Suno v3,860,30,0.9971705426356589
trajectory,artifactbench__count_control_DiffRhythm,artifactbench,generator,Suno,Suno v3.5,860,29,0.9949077786688051
trajectory,artifactbench__count_control_DiffRhythm,artifactbench,generator,Suno,Suno v4,860,100,0.7830697674418604
trajectory,artifactbench__count_control_DiffRhythm,artifactbench,generator,Udio,Udio,860,100,0.884779069767442
trajectory,artifactbench__count_control_DiffRhythm,artifactbench,generator,Udio,Udio (AIME),860,30,0.873217054263566
trajectory,artifactbench__count_control_DiffRhythm,artifactbench,generator,Udio,Udio (SONICS 120s),860,80,0.9882267441860466
trajectory,artifactbench__count_control_DiffRhythm,artifactbench,generator,Udio,Udio (SONICS 30s),860,80,0.9431395348837209
trajectory,artifactbench__count_control_DiffRhythm,artifactbench,generator,Udio,Udio (mixed),860,80,0.6690552325581395
trajectory,artifactbench__count_control_DiffRhythm,artifactbench,generator,Udio,Udio CDN,860,18,0.6665374677002585
trajectory,artifactbench__count_control_DiffRhythm,artifactbench,generator,Udio,Udio CDN Latest,860,17,0.7906292749658003
trajectory,artifactbench__count_control_DiffRhythm,artifactbench,generator,Yue,Yue,860,100,0.9826279069767442
trajectory,echoes__without_StableAudio,echoes,family,AceStep,AceStep,59,57,1.0
trajectory,echoes__without_StableAudio,echoes,family,AudioLDM,AudioLDM,59,115,1.0
trajectory,echoes__without_StableAudio,echoes,family,Brev,Brev,59,68,0.8791126620139582
trajectory,echoes__without_StableAudio,echoes,family,DiffRhythm,DiffRhythm,59,120,0.9983050847457627
trajectory,echoes__without_StableAudio,echoes,family,Mubert,Mubert,59,32,0.5820974576271186
trajectory,echoes__without_StableAudio,echoes,family,Producer,Producer,59,68,0.9845463609172482
trajectory,echoes__without_StableAudio,echoes,family,SongGen,SongGen,59,111,1.0
trajectory,echoes__without_StableAudio,echoes,family,StableAudio,StableAudio,59,35,0.9670702179176756
trajectory,echoes__without_StableAudio,echoes,family,Suno,Suno,59,68,0.8280159521435693
trajectory,echoes__without_StableAudio,echoes,family,Udio,Udio,59,68,0.7330508474576272
trajectory,echoes__without_StableAudio,echoes,generator,AceStep,acestep,59,57,1.0
trajectory,echoes__without_StableAudio,echoes,generator,AudioLDM,audioldm,59,115,1.0
trajectory,echoes__without_StableAudio,echoes,generator,Brev,brev,59,68,0.8791126620139582
trajectory,echoes__without_StableAudio,echoes,generator,DiffRhythm,diffrhythm,59,120,0.9983050847457627
trajectory,echoes__without_StableAudio,echoes,generator,Mubert,mubert,59,32,0.5820974576271186
trajectory,echoes__without_StableAudio,echoes,generator,Producer,producer,59,68,0.9845463609172482
trajectory,echoes__without_StableAudio,echoes,generator,SongGen,songgen,59,111,1.0
trajectory,echoes__without_StableAudio,echoes,generator,StableAudio,stableaudio,59,35,0.9670702179176756
trajectory,echoes__without_StableAudio,echoes,generator,Suno,suno,59,68,0.8280159521435693
trajectory,echoes__without_StableAudio,echoes,generator,Udio,udio,59,68,0.7330508474576272
trajectory,echoes__count_control_StableAudio,echoes,family,AceStep,AceStep,59,57,0.9985132322331252
trajectory,echoes__count_control_StableAudio,echoes,family,AudioLDM,AudioLDM,59,115,0.9997052321296979
trajectory,echoes__count_control_StableAudio,echoes,family,Brev,Brev,59,68,0.8399800598205384
trajectory,echoes__count_control_StableAudio,echoes,family,DiffRhythm,DiffRhythm,59,120,0.9977401129943503
trajectory,echoes__count_control_StableAudio,echoes,family,Mubert,Mubert,59,32,0.5598516949152543
trajectory,echoes__count_control_StableAudio,echoes,family,Producer,Producer,59,68,0.9813060817547358
trajectory,echoes__count_control_StableAudio,echoes,family,SongGen,SongGen,59,111,1.0
trajectory,echoes__count_control_StableAudio,echoes,family,StableAudio,StableAudio,59,35,0.9452784503631961
trajectory,echoes__count_control_StableAudio,echoes,family,Suno,Suno,59,68,0.7843968095712861
trajectory,echoes__count_control_StableAudio,echoes,family,Udio,Udio,59,68,0.6944167497507477
trajectory,echoes__count_control_StableAudio,echoes,generator,AceStep,acestep,59,57,0.9985132322331252
trajectory,echoes__count_control_StableAudio,echoes,generator,AudioLDM,audioldm,59,115,0.9997052321296979
trajectory,echoes__count_control_StableAudio,echoes,generator,Brev,brev,59,68,0.8399800598205384
trajectory,echoes__count_control_StableAudio,echoes,generator,DiffRhythm,diffrhythm,59,120,0.9977401129943503
trajectory,echoes__count_control_StableAudio,echoes,generator,Mubert,mubert,59,32,0.5598516949152543
trajectory,echoes__count_control_StableAudio,echoes,generator,Producer,producer,59,68,0.9813060817547358
trajectory,echoes__count_control_StableAudio,echoes,generator,SongGen,songgen,59,111,1.0
trajectory,echoes__count_control_StableAudio,echoes,generator,StableAudio,stableaudio,59,35,0.9452784503631961
trajectory,echoes__count_control_StableAudio,echoes,generator,Suno,suno,59,68,0.7843968095712861
trajectory,echoes__count_control_StableAudio,echoes,generator,Udio,udio,59,68,0.6944167497507477
trajectory,echoes__without_AudioLDM,echoes,family,AceStep,AceStep,59,57,0.9988105857865002
trajectory,echoes__without_AudioLDM,echoes,family,AudioLDM,AudioLDM,59,115,0.9997052321296979
trajectory,echoes__without_AudioLDM,echoes,family,Brev,Brev,59,68,0.8432203389830508
trajectory,echoes__without_AudioLDM,echoes,family,DiffRhythm,DiffRhythm,59,120,0.9978813559322034
trajectory,echoes__without_AudioLDM,echoes,family,Mubert,Mubert,59,32,0.5677966101694916
trajectory,echoes__without_AudioLDM,echoes,family,Producer,Producer,59,68,0.9845463609172482
trajectory,echoes__without_AudioLDM,echoes,family,SongGen,SongGen,59,111,1.0
trajectory,echoes__without_AudioLDM,echoes,family,StableAudio,StableAudio,59,35,0.9535108958837772
trajectory,echoes__without_AudioLDM,echoes,family,Suno,Suno,59,68,0.782901296111665
trajectory,echoes__without_AudioLDM,echoes,family,Udio,Udio,59,68,0.6981555333998006
trajectory,echoes__without_AudioLDM,echoes,generator,AceStep,acestep,59,57,0.9988105857865002
trajectory,echoes__without_AudioLDM,echoes,generator,AudioLDM,audioldm,59,115,0.9997052321296979
trajectory,echoes__without_AudioLDM,echoes,generator,Brev,brev,59,68,0.8432203389830508
trajectory,echoes__without_AudioLDM,echoes,generator,DiffRhythm,diffrhythm,59,120,0.9978813559322034
trajectory,echoes__without_AudioLDM,echoes,generator,Mubert,mubert,59,32,0.5677966101694916
trajectory,echoes__without_AudioLDM,echoes,generator,Producer,producer,59,68,0.9845463609172482
trajectory,echoes__without_AudioLDM,echoes,generator,SongGen,songgen,59,111,1.0
trajectory,echoes__without_AudioLDM,echoes,generator,StableAudio,stableaudio,59,35,0.9535108958837772
trajectory,echoes__without_AudioLDM,echoes,generator,Suno,suno,59,68,0.782901296111665
trajectory,echoes__without_AudioLDM,echoes,generator,Udio,udio,59,68,0.6981555333998006
trajectory,echoes__count_control_AudioLDM,echoes,family,AceStep,AceStep,59,57,0.9988105857865002
trajectory,echoes__count_control_AudioLDM,echoes,family,AudioLDM,AudioLDM,59,115,0.9997052321296979
trajectory,echoes__count_control_AudioLDM,echoes,family,Brev,Brev,59,68,0.8464606181455633
trajectory,echoes__count_control_AudioLDM,echoes,family,DiffRhythm,DiffRhythm,59,120,0.9977401129943503
trajectory,echoes__count_control_AudioLDM,echoes,family,Mubert,Mubert,59,32,0.5609110169491526
trajectory,echoes__count_control_AudioLDM,echoes,family,Producer,Producer,59,68,0.9835493519441675
trajectory,echoes__count_control_AudioLDM,echoes,family,SongGen,SongGen,59,111,1.0
trajectory,echoes__count_control_AudioLDM,echoes,family,StableAudio,StableAudio,59,35,0.9501210653753026
trajectory,echoes__count_control_AudioLDM,echoes,family,Suno,Suno,59,68,0.790877367896311
trajectory,echoes__count_control_AudioLDM,echoes,family,Udio,Udio,59,68,0.7013958125623131
trajectory,echoes__count_control_AudioLDM,echoes,generator,AceStep,acestep,59,57,0.9988105857865002
trajectory,echoes__count_control_AudioLDM,echoes,generator,AudioLDM,audioldm,59,115,0.9997052321296979
trajectory,echoes__count_control_AudioLDM,echoes,generator,Brev,brev,59,68,0.8464606181455633
trajectory,echoes__count_control_AudioLDM,echoes,generator,DiffRhythm,diffrhythm,59,120,0.9977401129943503
trajectory,echoes__count_control_AudioLDM,echoes,generator,Mubert,mubert,59,32,0.5609110169491526
trajectory,echoes__count_control_AudioLDM,echoes,generator,Producer,producer,59,68,0.9835493519441675
trajectory,echoes__count_control_AudioLDM,echoes,generator,SongGen,songgen,59,111,1.0
trajectory,echoes__count_control_AudioLDM,echoes,generator,StableAudio,stableaudio,59,35,0.9501210653753026
trajectory,echoes__count_control_AudioLDM,echoes,generator,Suno,suno,59,68,0.790877367896311
trajectory,echoes__count_control_AudioLDM,echoes,generator,Udio,udio,59,68,0.7013958125623131
trajectory,echoes__without_DiffRhythm,echoes,family,AceStep,AceStep,59,57,0.9988105857865002
trajectory,echoes__without_DiffRhythm,echoes,family,AudioLDM,AudioLDM,59,115,1.0
trajectory,echoes__without_DiffRhythm,echoes,family,Brev,Brev,59,68,0.8392323030907278
trajectory,echoes__without_DiffRhythm,echoes,family,DiffRhythm,DiffRhythm,59,120,0.9980225988700565
trajectory,echoes__without_DiffRhythm,echoes,family,Mubert,Mubert,59,32,0.5603813559322035
trajectory,echoes__without_DiffRhythm,echoes,family,Producer,Producer,59,68,0.9835493519441675
trajectory,echoes__without_DiffRhythm,echoes,family,SongGen,SongGen,59,111,1.0
trajectory,echoes__without_DiffRhythm,echoes,family,StableAudio,StableAudio,59,35,0.9501210653753027
trajectory,echoes__without_DiffRhythm,echoes,family,Suno,Suno,59,68,0.7833998005982055
trajectory,echoes__without_DiffRhythm,echoes,family,Udio,Udio,59,68,0.6951645064805583
trajectory,echoes__without_DiffRhythm,echoes,generator,AceStep,acestep,59,57,0.9988105857865002
trajectory,echoes__without_DiffRhythm,echoes,generator,AudioLDM,audioldm,59,115,1.0
trajectory,echoes__without_DiffRhythm,echoes,generator,Brev,brev,59,68,0.8392323030907278
trajectory,echoes__without_DiffRhythm,echoes,generator,DiffRhythm,diffrhythm,59,120,0.9980225988700565
trajectory,echoes__without_DiffRhythm,echoes,generator,Mubert,mubert,59,32,0.5603813559322035
trajectory,echoes__without_DiffRhythm,echoes,generator,Producer,producer,59,68,0.9835493519441675
trajectory,echoes__without_DiffRhythm,echoes,generator,SongGen,songgen,59,111,1.0
trajectory,echoes__without_DiffRhythm,echoes,generator,StableAudio,stableaudio,59,35,0.9501210653753027
trajectory,echoes__without_DiffRhythm,echoes,generator,Suno,suno,59,68,0.7833998005982055
trajectory,echoes__without_DiffRhythm,echoes,generator,Udio,udio,59,68,0.6951645064805583
trajectory,echoes__count_control_DiffRhythm,echoes,family,AceStep,AceStep,59,57,0.9988105857865002
trajectory,echoes__count_control_DiffRhythm,echoes,family,AudioLDM,AudioLDM,59,115,1.0
trajectory,echoes__count_control_DiffRhythm,echoes,family,Brev,Brev,59,68,0.8387337986041874
trajectory,echoes__count_control_DiffRhythm,echoes,family,DiffRhythm,DiffRhythm,59,120,0.9981638418079096
trajectory,echoes__count_control_DiffRhythm,echoes,family,Mubert,Mubert,59,32,0.558792372881356
trajectory,echoes__count_control_DiffRhythm,echoes,family,Producer,Producer,59,68,0.9835493519441675
trajectory,echoes__count_control_DiffRhythm,echoes,family,SongGen,SongGen,59,111,1.0
trajectory,echoes__count_control_DiffRhythm,echoes,family,StableAudio,StableAudio,59,35,0.9486682808716707
trajectory,echoes__count_control_DiffRhythm,echoes,family,Suno,Suno,59,68,0.784147557328016
trajectory,echoes__count_control_DiffRhythm,echoes,family,Udio,Udio,59,68,0.6949152542372881
trajectory,echoes__count_control_DiffRhythm,echoes,generator,AceStep,acestep,59,57,0.9988105857865002
trajectory,echoes__count_control_DiffRhythm,echoes,generator,AudioLDM,audioldm,59,115,1.0
trajectory,echoes__count_control_DiffRhythm,echoes,generator,Brev,brev,59,68,0.8387337986041874
trajectory,echoes__count_control_DiffRhythm,echoes,generator,DiffRhythm,diffrhythm,59,120,0.9981638418079096
trajectory,echoes__count_control_DiffRhythm,echoes,generator,Mubert,mubert,59,32,0.558792372881356
trajectory,echoes__count_control_DiffRhythm,echoes,generator,Producer,producer,59,68,0.9835493519441675
trajectory,echoes__count_control_DiffRhythm,echoes,generator,SongGen,songgen,59,111,1.0
trajectory,echoes__count_control_DiffRhythm,echoes,generator,StableAudio,stableaudio,59,35,0.9486682808716707
trajectory,echoes__count_control_DiffRhythm,echoes,generator,Suno,suno,59,68,0.784147557328016
trajectory,echoes__count_control_DiffRhythm,echoes,generator,Udio,udio,59,68,0.6949152542372881
trajectory,fakemusiccaps__without_StableAudio,fakemusiccaps,family,AudioLDM,AudioLDM,1102,1104,0.8739207698782188
trajectory,fakemusiccaps__without_StableAudio,fakemusiccaps,family,MusicGen,MusicGen,1102,1104,0.9183607209553117
trajectory,fakemusiccaps__without_StableAudio,fakemusiccaps,family,MusicLDM,MusicLDM,1102,1104,0.8426485770272758
trajectory,fakemusiccaps__without_StableAudio,fakemusiccaps,family,Mustango,Mustango,1102,1104,0.8886707961808571
trajectory,fakemusiccaps__without_StableAudio,fakemusiccaps,family,StableAudio,StableAudio,1102,1104,0.845498303479839
trajectory,fakemusiccaps__without_StableAudio,fakemusiccaps,generator,AudioLDM,audioldm2,1102,1104,0.8739207698782188
trajectory,fakemusiccaps__without_StableAudio,fakemusiccaps,generator,MusicGen,MusicGen_medium,1102,1104,0.9183607209553117
trajectory,fakemusiccaps__without_StableAudio,fakemusiccaps,generator,MusicLDM,musicldm,1102,1104,0.8426485770272758
trajectory,fakemusiccaps__without_StableAudio,fakemusiccaps,generator,Mustango,mustango,1102,1104,0.8886707961808571
trajectory,fakemusiccaps__without_StableAudio,fakemusiccaps,generator,StableAudio,stable_audio_open,1102,1104,0.845498303479839
trajectory,fakemusiccaps__count_control_StableAudio,fakemusiccaps,family,AudioLDM,AudioLDM,1102,1104,0.8817803269417924
trajectory,fakemusiccaps__count_control_StableAudio,fakemusiccaps,family,MusicGen,MusicGen,1102,1104,0.9244300547094875
trajectory,fakemusiccaps__count_control_StableAudio,fakemusiccaps,family,MusicLDM,MusicLDM,1102,1104,0.8572366777137747
trajectory,fakemusiccaps__count_control_StableAudio,fakemusiccaps,family,Mustango,Mustango,1102,1104,0.8968213261790157
trajectory,fakemusiccaps__count_control_StableAudio,fakemusiccaps,family,StableAudio,StableAudio,1102,1104,0.8658302427733502
trajectory,fakemusiccaps__count_control_StableAudio,fakemusiccaps,generator,AudioLDM,audioldm2,1102,1104,0.8817803269417924
trajectory,fakemusiccaps__count_control_StableAudio,fakemusiccaps,generator,MusicGen,MusicGen_medium,1102,1104,0.9244300547094875
trajectory,fakemusiccaps__count_control_StableAudio,fakemusiccaps,generator,MusicLDM,musicldm,1102,1104,0.8572366777137747
trajectory,fakemusiccaps__count_control_StableAudio,fakemusiccaps,generator,Mustango,mustango,1102,1104,0.8968213261790157
trajectory,fakemusiccaps__count_control_StableAudio,fakemusiccaps,generator,StableAudio,stable_audio_open,1102,1104,0.8658302427733502
trajectory,fakemusiccaps__without_AudioLDM,fakemusiccaps,family,AudioLDM,AudioLDM,1102,1104,0.8675473118703806
trajectory,fakemusiccaps__without_AudioLDM,fakemusiccaps,family,MusicGen,MusicGen,1102,1104,0.9238645479891631
trajectory,fakemusiccaps__without_AudioLDM,fakemusiccaps,family,MusicLDM,MusicLDM,1102,1104,0.8490960112049238
trajectory,fakemusiccaps__without_AudioLDM,fakemusiccaps,family,Mustango,Mustango,1102,1104,0.8920276703753386
trajectory,fakemusiccaps__without_AudioLDM,fakemusiccaps,family,StableAudio,StableAudio,1102,1104,0.8679213025066415
trajectory,fakemusiccaps__without_AudioLDM,fakemusiccaps,generator,AudioLDM,audioldm2,1102,1104,0.8675473118703806
trajectory,fakemusiccaps__without_AudioLDM,fakemusiccaps,generator,MusicGen,MusicGen_medium,1102,1104,0.9238645479891631
trajectory,fakemusiccaps__without_AudioLDM,fakemusiccaps,generator,MusicLDM,musicldm,1102,1104,0.8490960112049238
trajectory,fakemusiccaps__without_AudioLDM,fakemusiccaps,generator,Mustango,mustango,1102,1104,0.8920276703753386
trajectory,fakemusiccaps__without_AudioLDM,fakemusiccaps,generator,StableAudio,stable_audio_open,1102,1104,0.8679213025066415
trajectory,fakemusiccaps__count_control_AudioLDM,fakemusiccaps,family,AudioLDM,AudioLDM,1102,1104,0.8806920552881454
trajectory,fakemusiccaps__count_control_AudioLDM,fakemusiccaps,family,MusicGen,MusicGen,1102,1104,0.9245023869644126
trajectory,fakemusiccaps__count_control_AudioLDM,fakemusiccaps,family,MusicLDM,MusicLDM,1102,1104,0.8562864949104396
trajectory,fakemusiccaps__count_control_AudioLDM,fakemusiccaps,family,Mustango,Mustango,1102,1104,0.8968714655829979
trajectory,fakemusiccaps__count_control_AudioLDM,fakemusiccaps,family,StableAudio,StableAudio,1102,1104,0.8682172071858807
trajectory,fakemusiccaps__count_control_AudioLDM,fakemusiccaps,generator,AudioLDM,audioldm2,1102,1104,0.8806920552881454
trajectory,fakemusiccaps__count_control_AudioLDM,fakemusiccaps,generator,MusicGen,MusicGen_medium,1102,1104,0.9245023869644126
trajectory,fakemusiccaps__count_control_AudioLDM,fakemusiccaps,generator,MusicLDM,musicldm,1102,1104,0.8562864949104396
trajectory,fakemusiccaps__count_control_AudioLDM,fakemusiccaps,generator,Mustango,mustango,1102,1104,0.8968714655829979
trajectory,fakemusiccaps__count_control_AudioLDM,fakemusiccaps,generator,StableAudio,stable_audio_open,1102,1104,0.8682172071858807
trajectory,artifactbench__fmc_fit_only,artifactbench,family,DiffRhythm,DiffRhythm,860,100,0.996906976744186
trajectory,artifactbench__fmc_fit_only,artifactbench,family,MusicGen,MusicGen,860,90,0.9921317829457365
trajectory,artifactbench__fmc_fit_only,artifactbench,family,Riffusion,Riffusion,860,130,0.8090966010733452
trajectory,artifactbench__fmc_fit_only,artifactbench,family,StableAudio,StableAudio,860,100,0.9871860465116279
trajectory,artifactbench__fmc_fit_only,artifactbench,family,Suno,Suno,860,479,0.8259479535854736
trajectory,artifactbench__fmc_fit_only,artifactbench,family,Udio,Udio,860,405,0.703634797588286
trajectory,artifactbench__fmc_fit_only,artifactbench,family,Yue,Yue,860,100,0.8932558139534884
trajectory,artifactbench__fmc_fit_only,artifactbench,generator,DiffRhythm,DiffRhythm,860,100,0.996906976744186
trajectory,artifactbench__fmc_fit_only,artifactbench,generator,MusicGen,MusicGen Large,860,30,0.986937984496124
trajectory,artifactbench__fmc_fit_only,artifactbench,generator,MusicGen,MusicGen Medium,860,30,0.9986046511627906
trajectory,artifactbench__fmc_fit_only,artifactbench,generator,MusicGen,MusicGen Small,860,30,0.9908527131782947
trajectory,artifactbench__fmc_fit_only,artifactbench,generator,Riffusion,Riffusion,860,100,0.7819767441860466
trajectory,artifactbench__fmc_fit_only,artifactbench,generator,Riffusion,Riffusion (AIME),860,30,0.8994961240310078
trajectory,artifactbench__fmc_fit_only,artifactbench,generator,StableAudio,Stable Audio v1,860,50,0.9901627906976744
trajectory,artifactbench__fmc_fit_only,artifactbench,generator,StableAudio,Stable Audio v2,860,50,0.9842093023255815
trajectory,artifactbench__fmc_fit_only,artifactbench,generator,Suno,Google Chirp v2 XXL,860,80,0.9233575581395348
trajectory,artifactbench__fmc_fit_only,artifactbench,generator,Suno,Google Chirp v3,860,80,0.890625
trajectory,artifactbench__fmc_fit_only,artifactbench,generator,Suno,Google Chirp v3.5,860,80,0.8411482558139535
trajectory,artifactbench__fmc_fit_only,artifactbench,generator,Suno,Suno (mixed),860,80,0.7559302325581395
trajectory,artifactbench__fmc_fit_only,artifactbench,generator,Suno,Suno v3,860,30,0.9897286821705427
trajectory,artifactbench__fmc_fit_only,artifactbench,generator,Suno,Suno v3.5,860,29,0.9771451483560545
trajectory,artifactbench__fmc_fit_only,artifactbench,generator,Suno,Suno v4,860,100,0.6471511627906977
trajectory,artifactbench__fmc_fit_only,artifactbench,generator,Udio,Udio,860,100,0.732639534883721
trajectory,artifactbench__fmc_fit_only,artifactbench,generator,Udio,Udio (AIME),860,30,0.8403875968992248
trajectory,artifactbench__fmc_fit_only,artifactbench,generator,Udio,Udio (SONICS 120s),860,80,0.719375
trajectory,artifactbench__fmc_fit_only,artifactbench,generator,Udio,Udio (SONICS 30s),860,80,0.7592005813953489
trajectory,artifactbench__fmc_fit_only,artifactbench,generator,Udio,Udio (mixed),860,80,0.5816133720930232
trajectory,artifactbench__fmc_fit_only,artifactbench,generator,Udio,Udio CDN,860,18,0.5784883720930233
trajectory,artifactbench__fmc_fit_only,artifactbench,generator,Udio,Udio CDN Latest,860,17,0.6628590971272229
trajectory,artifactbench__fmc_fit_only,artifactbench,generator,Yue,Yue,860,100,0.8932558139534884
trajectory_centred,artifactbench__base,artifactbench,family,DiffRhythm,DiffRhythm,860,100,0.9896162790697675
trajectory_centred,artifactbench__base,artifactbench,family,MusicGen,MusicGen,860,90,0.9906976744186047
trajectory_centred,artifactbench__base,artifactbench,family,Riffusion,Riffusion,860,130,0.8563327370304115
trajectory_centred,artifactbench__base,artifactbench,family,StableAudio,StableAudio,860,100,0.9749651162790697
trajectory_centred,artifactbench__base,artifactbench,family,Suno,Suno,860,479,0.892741661407001
trajectory_centred,artifactbench__base,artifactbench,family,Udio,Udio,860,405,0.8130720643123743
trajectory_centred,artifactbench__base,artifactbench,family,Yue,Yue,860,100,0.943046511627907
trajectory_centred,artifactbench__base,artifactbench,generator,DiffRhythm,DiffRhythm,860,100,0.9896162790697675
trajectory_centred,artifactbench__base,artifactbench,generator,MusicGen,MusicGen Large,860,30,0.9940697674418605
trajectory_centred,artifactbench__base,artifactbench,generator,MusicGen,MusicGen Medium,860,30,0.9959302325581395
trajectory_centred,artifactbench__base,artifactbench,generator,MusicGen,MusicGen Small,860,30,0.9820930232558139
trajectory_centred,artifactbench__base,artifactbench,generator,Riffusion,Riffusion,860,100,0.8640348837209303
trajectory_centred,artifactbench__base,artifactbench,generator,Riffusion,Riffusion (AIME),860,30,0.8306589147286821
trajectory_centred,artifactbench__base,artifactbench,generator,StableAudio,Stable Audio v1,860,50,0.9830232558139536
trajectory_centred,artifactbench__base,artifactbench,generator,StableAudio,Stable Audio v2,860,50,0.966906976744186
trajectory_centred,artifactbench__base,artifactbench,generator,Suno,Google Chirp v2 XXL,860,80,0.9946220930232558
trajectory_centred,artifactbench__base,artifactbench,generator,Suno,Google Chirp v3,860,80,0.9954215116279069
trajectory_centred,artifactbench__base,artifactbench,generator,Suno,Google Chirp v3.5,860,80,0.9905959302325582
trajectory_centred,artifactbench__base,artifactbench,generator,Suno,Suno (mixed),860,80,0.7187645348837209
trajectory_centred,artifactbench__base,artifactbench,generator,Suno,Suno v3,860,30,0.986937984496124
trajectory_centred,artifactbench__base,artifactbench,generator,Suno,Suno v3.5,860,29,0.972654370489174
trajectory_centred,artifactbench__base,artifactbench,generator,Suno,Suno v4,860,100,0.7385581395348837
trajectory_centred,artifactbench__base,artifactbench,generator,Udio,Udio,860,100,0.8485232558139535
trajectory_centred,artifactbench__base,artifactbench,generator,Udio,Udio (AIME),860,30,0.8675193798449612
trajectory_centred,artifactbench__base,artifactbench,generator,Udio,Udio (SONICS 120s),860,80,0.9645058139534883
trajectory_centred,artifactbench__base,artifactbench,generator,Udio,Udio (SONICS 30s),860,80,0.8790116279069768
trajectory_centred,artifactbench__base,artifactbench,generator,Udio,Udio (mixed),860,80,0.5914825581395349
trajectory_centred,artifactbench__base,artifactbench,generator,Udio,Udio CDN,860,18,0.601937984496124
trajectory_centred,artifactbench__base,artifactbench,generator,Udio,Udio CDN Latest,860,17,0.7518467852257181
trajectory_centred,artifactbench__base,artifactbench,generator,Yue,Yue,860,100,0.943046511627907
trajectory_centred,echoes__base,echoes,family,AceStep,AceStep,59,57,0.9881058578650015
trajectory_centred,echoes__base,echoes,family,AudioLDM,AudioLDM,59,115,0.9989683124539426
trajectory_centred,echoes__base,echoes,family,Brev,Brev,59,68,0.807826520438684
trajectory_centred,echoes__base,echoes,family,DiffRhythm,DiffRhythm,59,120,0.9699152542372882
trajectory_centred,echoes__base,echoes,family,Mubert,Mubert,59,32,0.4597457627118644
trajectory_centred,echoes__base,echoes,family,Producer,Producer,59,68,0.9232303090727816
trajectory_centred,echoes__base,echoes,family,SongGen,SongGen,59,111,0.9969460986410139
trajectory_centred,echoes__base,echoes,family,StableAudio,StableAudio,59,35,0.9210653753026634
trajectory_centred,echoes__base,echoes,family,Suno,Suno,59,68,0.7133599202392822
trajectory_centred,echoes__base,echoes,family,Udio,Udio,59,68,0.5984546360917249
trajectory_centred,echoes__base,echoes,generator,AceStep,acestep,59,57,0.9881058578650015
trajectory_centred,echoes__base,echoes,generator,AudioLDM,audioldm,59,115,0.9989683124539426
trajectory_centred,echoes__base,echoes,generator,Brev,brev,59,68,0.807826520438684
trajectory_centred,echoes__base,echoes,generator,DiffRhythm,diffrhythm,59,120,0.9699152542372882
trajectory_centred,echoes__base,echoes,generator,Mubert,mubert,59,32,0.4597457627118644
trajectory_centred,echoes__base,echoes,generator,Producer,producer,59,68,0.9232303090727816
trajectory_centred,echoes__base,echoes,generator,SongGen,songgen,59,111,0.9969460986410139
trajectory_centred,echoes__base,echoes,generator,StableAudio,stableaudio,59,35,0.9210653753026634
trajectory_centred,echoes__base,echoes,generator,Suno,suno,59,68,0.7133599202392822
trajectory_centred,echoes__base,echoes,generator,Udio,udio,59,68,0.5984546360917249
trajectory_centred,fakemusiccaps__base,fakemusiccaps,family,AudioLDM,AudioLDM,1102,1104,0.8821477419185144
trajectory_centred,fakemusiccaps__base,fakemusiccaps,family,MusicGen,MusicGen,1102,1104,0.924756371814093
trajectory_centred,fakemusiccaps__base,fakemusiccaps,family,MusicLDM,MusicLDM,1102,1104,0.8567870669928194
trajectory_centred,fakemusiccaps__base,fakemusiccaps,family,Mustango,Mustango,1102,1104,0.897181343538757
trajectory_centred,fakemusiccaps__base,fakemusiccaps,family,StableAudio,StableAudio,1102,1104,0.8700879823246273
trajectory_centred,fakemusiccaps__base,fakemusiccaps,generator,AudioLDM,audioldm2,1102,1104,0.8821477419185144
trajectory_centred,fakemusiccaps__base,fakemusiccaps,generator,MusicGen,MusicGen_medium,1102,1104,0.924756371814093
trajectory_centred,fakemusiccaps__base,fakemusiccaps,generator,MusicLDM,musicldm,1102,1104,0.8567870669928194
trajectory_centred,fakemusiccaps__base,fakemusiccaps,generator,Mustango,mustango,1102,1104,0.897181343538757
trajectory_centred,fakemusiccaps__base,fakemusiccaps,generator,StableAudio,stable_audio_open,1102,1104,0.8700879823246273
trajectory_centred,artifactbench__without_Suno,artifactbench,family,DiffRhythm,DiffRhythm,860,100,0.9887674418604651
trajectory_centred,artifactbench__without_Suno,artifactbench,family,MusicGen,MusicGen,860,90,0.9919509043927649
trajectory_centred,artifactbench__without_Suno,artifactbench,family,Riffusion,Riffusion,860,130,0.80695885509839
trajectory_centred,artifactbench__without_Suno,artifactbench,family,StableAudio,StableAudio,860,100,0.9765232558139535
trajectory_centred,artifactbench__without_Suno,artifactbench,family,Suno,Suno,860,479,0.8623149002281885
trajectory_centred,artifactbench__without_Suno,artifactbench,family,Udio,Udio,860,405,0.8164197530864197
trajectory_centred,artifactbench__without_Suno,artifactbench,family,Yue,Yue,860,100,0.8885465116279069
trajectory_centred,artifactbench__without_Suno,artifactbench,generator,DiffRhythm,DiffRhythm,860,100,0.9887674418604651
trajectory_centred,artifactbench__without_Suno,artifactbench,generator,MusicGen,MusicGen Large,860,30,0.9936821705426356
trajectory_centred,artifactbench__without_Suno,artifactbench,generator,MusicGen,MusicGen Medium,860,30,0.9952325581395349
trajectory_centred,artifactbench__without_Suno,artifactbench,generator,MusicGen,MusicGen Small,860,30,0.9869379844961241
trajectory_centred,artifactbench__without_Suno,artifactbench,generator,Riffusion,Riffusion,860,100,0.7898837209302325
trajectory_centred,artifactbench__without_Suno,artifactbench,generator,Riffusion,Riffusion (AIME),860,30,0.8638759689922481
trajectory_centred,artifactbench__without_Suno,artifactbench,generator,StableAudio,Stable Audio v1,860,50,0.9825581395348837
trajectory_centred,artifactbench__without_Suno,artifactbench,generator,StableAudio,Stable Audio v2,860,50,0.9704883720930233
trajectory_centred,artifactbench__without_Suno,artifactbench,generator,Suno,Google Chirp v2 XXL,860,80,0.9871656976744186
trajectory_centred,artifactbench__without_Suno,artifactbench,generator,Suno,Google Chirp v3,860,80,0.9845058139534884
trajectory_centred,artifactbench__without_Suno,artifactbench,generator,Suno,Google Chirp v3.5,860,80,0.9650726744186047
trajectory_centred,artifactbench__without_Suno,artifactbench,generator,Suno,Suno (mixed),860,80,0.6561191860465115
trajectory_centred,artifactbench__without_Suno,artifactbench,generator,Suno,Suno v3,860,30,0.9773255813953488
trajectory_centred,artifactbench__without_Suno,artifactbench,generator,Suno,Suno v3.5,860,29,0.9455092221331195
trajectory_centred,artifactbench__without_Suno,artifactbench,generator,Suno,Suno v4,860,100,0.6888023255813953
trajectory_centred,artifactbench__without_Suno,artifactbench,generator,Udio,Udio,860,100,0.8504883720930232
trajectory_centred,artifactbench__without_Suno,artifactbench,generator,Udio,Udio (AIME),860,30,0.8675581395348837
trajectory_centred,artifactbench__without_Suno,artifactbench,generator,Udio,Udio (SONICS 120s),860,80,0.9618459302325582
trajectory_centred,artifactbench__without_Suno,artifactbench,generator,Udio,Udio (SONICS 30s),860,80,0.8783866279069766
trajectory_centred,artifactbench__without_Suno,artifactbench,generator,Udio,Udio (mixed),860,80,0.613357558139535
trajectory_centred,artifactbench__without_Suno,artifactbench,generator,Udio,Udio CDN,860,18,0.5806201550387596
trajectory_centred,artifactbench__without_Suno,artifactbench,generator,Udio,Udio CDN Latest,860,17,0.7550615595075238
trajectory_centred,artifactbench__without_Suno,artifactbench,generator,Yue,Yue,860,100,0.8885465116279069
trajectory_centred,artifactbench__count_control_Suno,artifactbench,family,DiffRhythm,DiffRhythm,860,100,0.9895232558139536
trajectory_centred,artifactbench__count_control_Suno,artifactbench,family,MusicGen,MusicGen,860,90,0.9916279069767442
trajectory_centred,artifactbench__count_control_Suno,artifactbench,family,Riffusion,Riffusion,860,130,0.8610286225402504
trajectory_centred,artifactbench__count_control_Suno,artifactbench,family,StableAudio,StableAudio,860,100,0.9811976744186047
trajectory_centred,artifactbench__count_control_Suno,artifactbench,family,Suno,Suno,860,479,0.8905981453609748
trajectory_centred,artifactbench__count_control_Suno,artifactbench,family,Udio,Udio,860,405,0.8056962388745336
trajectory_centred,artifactbench__count_control_Suno,artifactbench,family,Yue,Yue,860,100,0.9357325581395349
trajectory_centred,artifactbench__count_control_Suno,artifactbench,generator,DiffRhythm,DiffRhythm,860,100,0.9895232558139536
trajectory_centred,artifactbench__count_control_Suno,artifactbench,generator,MusicGen,MusicGen Large,860,30,0.9944573643410853
trajectory_centred,artifactbench__count_control_Suno,artifactbench,generator,MusicGen,MusicGen Medium,860,30,0.9963953488372093
trajectory_centred,artifactbench__count_control_Suno,artifactbench,generator,MusicGen,MusicGen Small,860,30,0.9840310077519381
trajectory_centred,artifactbench__count_control_Suno,artifactbench,generator,Riffusion,Riffusion,860,100,0.8603837209302325
trajectory_centred,artifactbench__count_control_Suno,artifactbench,generator,Riffusion,Riffusion (AIME),860,30,0.8631782945736434
trajectory_centred,artifactbench__count_control_Suno,artifactbench,generator,StableAudio,Stable Audio v1,860,50,0.9887906976744185
trajectory_centred,artifactbench__count_control_Suno,artifactbench,generator,StableAudio,Stable Audio v2,860,50,0.9736046511627907
trajectory_centred,artifactbench__count_control_Suno,artifactbench,generator,Suno,Google Chirp v2 XXL,860,80,0.9927761627906977
trajectory_centred,artifactbench__count_control_Suno,artifactbench,generator,Suno,Google Chirp v3,860,80,0.992921511627907
trajectory_centred,artifactbench__count_control_Suno,artifactbench,generator,Suno,Google Chirp v3.5,860,80,0.9852470930232559
trajectory_centred,artifactbench__count_control_Suno,artifactbench,generator,Suno,Suno (mixed),860,80,0.721845930232558
trajectory_centred,artifactbench__count_control_Suno,artifactbench,generator,Suno,Suno v3,860,30,0.987829457364341
trajectory_centred,artifactbench__count_control_Suno,artifactbench,generator,Suno,Suno v3.5,860,29,0.9734963913392142
trajectory_centred,artifactbench__count_control_Suno,artifactbench,generator,Suno,Suno v4,860,100,0.7330697674418605
trajectory_centred,artifactbench__count_control_Suno,artifactbench,generator,Udio,Udio,860,100,0.8412325581395349
trajectory_centred,artifactbench__count_control_Suno,artifactbench,generator,Udio,Udio (AIME),860,30,0.8689922480620155
trajectory_centred,artifactbench__count_control_Suno,artifactbench,generator,Udio,Udio (SONICS 120s),860,80,0.9481976744186047
trajectory_centred,artifactbench__count_control_Suno,artifactbench,generator,Udio,Udio (SONICS 30s),860,80,0.8553488372093022
trajectory_centred,artifactbench__count_control_Suno,artifactbench,generator,Udio,Udio (mixed),860,80,0.600625
trajectory_centred,artifactbench__count_control_Suno,artifactbench,generator,Udio,Udio CDN,860,18,0.6050387596899225
trajectory_centred,artifactbench__count_control_Suno,artifactbench,generator,Udio,Udio CDN Latest,860,17,0.7582079343365253
trajectory_centred,artifactbench__count_control_Suno,artifactbench,generator,Yue,Yue,860,100,0.9357325581395349
trajectory_centred,artifactbench__without_Udio,artifactbench,family,DiffRhythm,DiffRhythm,860,100,0.9868255813953488
trajectory_centred,artifactbench__without_Udio,artifactbench,family,MusicGen,MusicGen,860,90,0.9877906976744185
trajectory_centred,artifactbench__without_Udio,artifactbench,family,Riffusion,Riffusion,860,130,0.8797316636851521
trajectory_centred,artifactbench__without_Udio,artifactbench,family,StableAudio,StableAudio,860,100,0.9864767441860465
trajectory_centred,artifactbench__without_Udio,artifactbench,family,Suno,Suno,860,479,0.9017114142836335
trajectory_centred,artifactbench__without_Udio,artifactbench,family,Udio,Udio,860,405,0.7355038759689921
trajectory_centred,artifactbench__without_Udio,artifactbench,family,Yue,Yue,860,100,0.9558023255813953
trajectory_centred,artifactbench__without_Udio,artifactbench,generator,DiffRhythm,DiffRhythm,860,100,0.9868255813953488
trajectory_centred,artifactbench__without_Udio,artifactbench,generator,MusicGen,MusicGen Large,860,30,0.9939922480620155
trajectory_centred,artifactbench__without_Udio,artifactbench,generator,MusicGen,MusicGen Medium,860,30,0.9963953488372094
trajectory_centred,artifactbench__without_Udio,artifactbench,generator,MusicGen,MusicGen Small,860,30,0.972984496124031
trajectory_centred,artifactbench__without_Udio,artifactbench,generator,Riffusion,Riffusion,860,100,0.8828488372093024
trajectory_centred,artifactbench__without_Udio,artifactbench,generator,Riffusion,Riffusion (AIME),860,30,0.8693410852713179
trajectory_centred,artifactbench__without_Udio,artifactbench,generator,StableAudio,Stable Audio v1,860,50,0.9933488372093023
trajectory_centred,artifactbench__without_Udio,artifactbench,generator,StableAudio,Stable Audio v2,860,50,0.9796046511627906
trajectory_centred,artifactbench__without_Udio,artifactbench,generator,Suno,Google Chirp v2 XXL,860,80,0.9911337209302326
trajectory_centred,artifactbench__without_Udio,artifactbench,generator,Suno,Google Chirp v3,860,80,0.9924127906976744
trajectory_centred,artifactbench__without_Udio,artifactbench,generator,Suno,Google Chirp v3.5,860,80,0.98875
trajectory_centred,artifactbench__without_Udio,artifactbench,generator,Suno,Suno (mixed),860,80,0.7630232558139536
trajectory_centred,artifactbench__without_Udio,artifactbench,generator,Suno,Suno v3,860,30,0.9943410852713178
trajectory_centred,artifactbench__without_Udio,artifactbench,generator,Suno,Suno v3.5,860,29,0.9839615076182839
trajectory_centred,artifactbench__without_Udio,artifactbench,generator,Suno,Suno v4,860,100,0.7472906976744187
trajectory_centred,artifactbench__without_Udio,artifactbench,generator,Udio,Udio,860,100,0.7850232558139534
trajectory_centred,artifactbench__without_Udio,artifactbench,generator,Udio,Udio (AIME),860,30,0.8501937984496124
trajectory_centred,artifactbench__without_Udio,artifactbench,generator,Udio,Udio (SONICS 120s),860,80,0.8704941860465116
trajectory_centred,artifactbench__without_Udio,artifactbench,generator,Udio,Udio (SONICS 30s),860,80,0.780203488372093
trajectory_centred,artifactbench__without_Udio,artifactbench,generator,Udio,Udio (mixed),860,80,0.5100290697674419
trajectory_centred,artifactbench__without_Udio,artifactbench,generator,Udio,Udio CDN,860,18,0.528811369509044
trajectory_centred,artifactbench__without_Udio,artifactbench,generator,Udio,Udio CDN Latest,860,17,0.6761285909712722
trajectory_centred,artifactbench__without_Udio,artifactbench,generator,Yue,Yue,860,100,0.9558023255813953
trajectory_centred,artifactbench__count_control_Udio,artifactbench,family,DiffRhythm,DiffRhythm,860,100,0.9892209302325581
trajectory_centred,artifactbench__count_control_Udio,artifactbench,family,MusicGen,MusicGen,860,90,0.9911886304909561
trajectory_centred,artifactbench__count_control_Udio,artifactbench,family,Riffusion,Riffusion,860,130,0.8588998211091233
trajectory_centred,artifactbench__count_control_Udio,artifactbench,family,StableAudio,StableAudio,860,100,0.980906976744186
trajectory_centred,artifactbench__count_control_Udio,artifactbench,family,Suno,Suno,860,479,0.8896028547846773
trajectory_centred,artifactbench__count_control_Udio,artifactbench,family,Udio,Udio,860,405,0.8015101923629054
trajectory_centred,artifactbench__count_control_Udio,artifactbench,family,Yue,Yue,860,100,0.936453488372093
trajectory_centred,artifactbench__count_control_Udio,artifactbench,generator,DiffRhythm,DiffRhythm,860,100,0.9892209302325581
trajectory_centred,artifactbench__count_control_Udio,artifactbench,generator,MusicGen,MusicGen Large,860,30,0.993953488372093
trajectory_centred,artifactbench__count_control_Udio,artifactbench,generator,MusicGen,MusicGen Medium,860,30,0.9960852713178294
trajectory_centred,artifactbench__count_control_Udio,artifactbench,generator,MusicGen,MusicGen Small,860,30,0.9835271317829457
trajectory_centred,artifactbench__count_control_Udio,artifactbench,generator,Riffusion,Riffusion,860,100,0.858174418604651
trajectory_centred,artifactbench__count_control_Udio,artifactbench,generator,Riffusion,Riffusion (AIME),860,30,0.8613178294573643
trajectory_centred,artifactbench__count_control_Udio,artifactbench,generator,StableAudio,Stable Audio v1,860,50,0.9885581395348837
trajectory_centred,artifactbench__count_control_Udio,artifactbench,generator,StableAudio,Stable Audio v2,860,50,0.9732558139534884
trajectory_centred,artifactbench__count_control_Udio,artifactbench,generator,Suno,Google Chirp v2 XXL,860,80,0.9920058139534884
trajectory_centred,artifactbench__count_control_Udio,artifactbench,generator,Suno,Google Chirp v3,860,80,0.9923110465116278
trajectory_centred,artifactbench__count_control_Udio,artifactbench,generator,Suno,Google Chirp v3.5,860,80,0.9851017441860466
trajectory_centred,artifactbench__count_control_Udio,artifactbench,generator,Suno,Suno (mixed),860,80,0.7211773255813954
trajectory_centred,artifactbench__count_control_Udio,artifactbench,generator,Suno,Suno v3,860,30,0.9880232558139534
trajectory_centred,artifactbench__count_control_Udio,artifactbench,generator,Suno,Suno v3.5,860,29,0.9713712910986367
trajectory_centred,artifactbench__count_control_Udio,artifactbench,generator,Suno,Suno v4,860,100,0.7306162790697674
trajectory_centred,artifactbench__count_control_Udio,artifactbench,generator,Udio,Udio,860,100,0.8371744186046511
trajectory_centred,artifactbench__count_control_Udio,artifactbench,generator,Udio,Udio (AIME),860,30,0.8664728682170543
trajectory_centred,artifactbench__count_control_Udio,artifactbench,generator,Udio,Udio (SONICS 120s),860,80,0.9474273255813953
trajectory_centred,artifactbench__count_control_Udio,artifactbench,generator,Udio,Udio (SONICS 30s),860,80,0.854186046511628
trajectory_centred,artifactbench__count_control_Udio,artifactbench,generator,Udio,Udio (mixed),860,80,0.5926017441860465
trajectory_centred,artifactbench__count_control_Udio,artifactbench,generator,Udio,Udio CDN,860,18,0.5947674418604652
trajectory_centred,artifactbench__count_control_Udio,artifactbench,generator,Udio,Udio CDN Latest,860,17,0.7445280437756499
trajectory_centred,artifactbench__count_control_Udio,artifactbench,generator,Yue,Yue,860,100,0.936453488372093
trajectory_centred,artifactbench__without_MusicGen,artifactbench,family,DiffRhythm,DiffRhythm,860,100,0.9890813953488372
trajectory_centred,artifactbench__without_MusicGen,artifactbench,family,MusicGen,MusicGen,860,90,0.9859043927648579
trajectory_centred,artifactbench__without_MusicGen,artifactbench,family,Riffusion,Riffusion,860,130,0.8627549194991055
trajectory_centred,artifactbench__without_MusicGen,artifactbench,family,StableAudio,StableAudio,860,100,0.970767441860465
trajectory_centred,artifactbench__without_MusicGen,artifactbench,family,Suno,Suno,860,479,0.888762926639802
trajectory_centred,artifactbench__without_MusicGen,artifactbench,family,Udio,Udio,860,405,0.8107378696525983
trajectory_centred,artifactbench__without_MusicGen,artifactbench,family,Yue,Yue,860,100,0.9405348837209303
trajectory_centred,artifactbench__without_MusicGen,artifactbench,generator,DiffRhythm,DiffRhythm,860,100,0.9890813953488372
trajectory_centred,artifactbench__without_MusicGen,artifactbench,generator,MusicGen,MusicGen Large,860,30,0.9886434108527132
trajectory_centred,artifactbench__without_MusicGen,artifactbench,generator,MusicGen,MusicGen Medium,860,30,0.9898837209302326
trajectory_centred,artifactbench__without_MusicGen,artifactbench,generator,MusicGen,MusicGen Small,860,30,0.9791860465116279
trajectory_centred,artifactbench__without_MusicGen,artifactbench,generator,Riffusion,Riffusion,860,100,0.8678720930232559
trajectory_centred,artifactbench__without_MusicGen,artifactbench,generator,Riffusion,Riffusion (AIME),860,30,0.8456976744186047
trajectory_centred,artifactbench__without_MusicGen,artifactbench,generator,StableAudio,Stable Audio v1,860,50,0.9795581395348838
trajectory_centred,artifactbench__without_MusicGen,artifactbench,generator,StableAudio,Stable Audio v2,860,50,0.9619767441860465
trajectory_centred,artifactbench__without_MusicGen,artifactbench,generator,Suno,Google Chirp v2 XXL,860,80,0.9943313953488372
trajectory_centred,artifactbench__without_MusicGen,artifactbench,generator,Suno,Google Chirp v3,860,80,0.9952616279069768
trajectory_centred,artifactbench__without_MusicGen,artifactbench,generator,Suno,Google Chirp v3.5,860,80,0.9907412790697675
trajectory_centred,artifactbench__without_MusicGen,artifactbench,generator,Suno,Suno (mixed),860,80,0.7090261627906976
trajectory_centred,artifactbench__without_MusicGen,artifactbench,generator,Suno,Suno v3,860,30,0.9777131782945736
trajectory_centred,artifactbench__without_MusicGen,artifactbench,generator,Suno,Suno v3.5,860,29,0.9619887730553328
trajectory_centred,artifactbench__without_MusicGen,artifactbench,generator,Suno,Suno v4,860,100,0.7333953488372092
trajectory_centred,artifactbench__without_MusicGen,artifactbench,generator,Udio,Udio,860,100,0.8388139534883721
trajectory_centred,artifactbench__without_MusicGen,artifactbench,generator,Udio,Udio (AIME),860,30,0.8353875968992248
trajectory_centred,artifactbench__without_MusicGen,artifactbench,generator,Udio,Udio (SONICS 120s),860,80,0.9662790697674418
trajectory_centred,artifactbench__without_MusicGen,artifactbench,generator,Udio,Udio (SONICS 30s),860,80,0.8850290697674419
trajectory_centred,artifactbench__without_MusicGen,artifactbench,generator,Udio,Udio (mixed),860,80,0.5995348837209302
trajectory_centred,artifactbench__without_MusicGen,artifactbench,generator,Udio,Udio CDN,860,18,0.586111111111111
trajectory_centred,artifactbench__without_MusicGen,artifactbench,generator,Udio,Udio CDN Latest,860,17,0.7522571819425444
trajectory_centred,artifactbench__without_MusicGen,artifactbench,generator,Yue,Yue,860,100,0.9405348837209303
trajectory_centred,artifactbench__count_control_MusicGen,artifactbench,family,DiffRhythm,DiffRhythm,860,100,0.9895232558139535
trajectory_centred,artifactbench__count_control_MusicGen,artifactbench,family,MusicGen,MusicGen,860,90,0.9905555555555556
trajectory_centred,artifactbench__count_control_MusicGen,artifactbench,family,Riffusion,Riffusion,860,130,0.8585330948121644
trajectory_centred,artifactbench__count_control_MusicGen,artifactbench,family,StableAudio,StableAudio,860,100,0.9716627906976745
trajectory_centred,artifactbench__count_control_MusicGen,artifactbench,family,Suno,Suno,860,479,0.8939578579404768
trajectory_centred,artifactbench__count_control_MusicGen,artifactbench,family,Udio,Udio,860,405,0.8162044214757392
trajectory_centred,artifactbench__count_control_MusicGen,artifactbench,family,Yue,Yue,860,100,0.9453837209302326
trajectory_centred,artifactbench__count_control_MusicGen,artifactbench,generator,DiffRhythm,DiffRhythm,860,100,0.9895232558139535
trajectory_centred,artifactbench__count_control_MusicGen,artifactbench,generator,MusicGen,MusicGen Large,860,30,0.9936821705426356
trajectory_centred,artifactbench__count_control_MusicGen,artifactbench,generator,MusicGen,MusicGen Medium,860,30,0.9956201550387598
trajectory_centred,artifactbench__count_control_MusicGen,artifactbench,generator,MusicGen,MusicGen Small,860,30,0.9823643410852714
trajectory_centred,artifactbench__count_control_MusicGen,artifactbench,generator,Riffusion,Riffusion,860,100,0.868093023255814
trajectory_centred,artifactbench__count_control_MusicGen,artifactbench,generator,Riffusion,Riffusion (AIME),860,30,0.8266666666666667
trajectory_centred,artifactbench__count_control_MusicGen,artifactbench,generator,StableAudio,Stable Audio v1,860,50,0.979953488372093
trajectory_centred,artifactbench__count_control_MusicGen,artifactbench,generator,StableAudio,Stable Audio v2,860,50,0.9633720930232559
trajectory_centred,artifactbench__count_control_MusicGen,artifactbench,generator,Suno,Google Chirp v2 XXL,860,80,0.9951162790697674
trajectory_centred,artifactbench__count_control_MusicGen,artifactbench,generator,Suno,Google Chirp v3,860,80,0.9960465116279069
trajectory_centred,artifactbench__count_control_MusicGen,artifactbench,generator,Suno,Google Chirp v3.5,860,80,0.9915116279069768
trajectory_centred,artifactbench__count_control_MusicGen,artifactbench,generator,Suno,Suno (mixed),860,80,0.7178779069767443
trajectory_centred,artifactbench__count_control_MusicGen,artifactbench,generator,Suno,Suno v3,860,30,0.9858914728682171
trajectory_centred,artifactbench__count_control_MusicGen,artifactbench,generator,Suno,Suno v3.5,860,29,0.9716519647153168
trajectory_centred,artifactbench__count_control_MusicGen,artifactbench,generator,Suno,Suno v4,860,100,0.7440697674418604
trajectory_centred,artifactbench__count_control_MusicGen,artifactbench,generator,Udio,Udio,860,100,0.8501162790697674
trajectory_centred,artifactbench__count_control_MusicGen,artifactbench,generator,Udio,Udio (AIME),860,30,0.865077519379845
trajectory_centred,artifactbench__count_control_MusicGen,artifactbench,generator,Udio,Udio (SONICS 120s),860,80,0.9665406976744186
trajectory_centred,artifactbench__count_control_MusicGen,artifactbench,generator,Udio,Udio (SONICS 30s),860,80,0.8801453488372093
trajectory_centred,artifactbench__count_control_MusicGen,artifactbench,generator,Udio,Udio (mixed),860,80,0.5993313953488372
trajectory_centred,artifactbench__count_control_MusicGen,artifactbench,generator,Udio,Udio CDN,860,18,0.6109819121447028
trajectory_centred,artifactbench__count_control_MusicGen,artifactbench,generator,Udio,Udio CDN Latest,860,17,0.7599863201094391
trajectory_centred,artifactbench__count_control_MusicGen,artifactbench,generator,Yue,Yue,860,100,0.9453837209302326
trajectory_centred,echoes__without_Suno,echoes,family,AceStep,AceStep,59,57,0.9732381801962533
trajectory_centred,echoes__without_Suno,echoes,family,AudioLDM,AudioLDM,59,115,0.9985261606484893
trajectory_centred,echoes__without_Suno,echoes,family,Brev,Brev,59,68,0.7517447657028913
trajectory_centred,echoes__without_Suno,echoes,family,DiffRhythm,DiffRhythm,59,120,0.9652542372881356
trajectory_centred,echoes__without_Suno,echoes,family,Mubert,Mubert,59,32,0.4427966101694915
trajectory_centred,echoes__without_Suno,echoes,family,Producer,Producer,59,68,0.8940677966101696
trajectory_centred,echoes__without_Suno,echoes,family,SongGen,SongGen,59,111,0.9967934035730646
trajectory_centred,echoes__without_Suno,echoes,family,StableAudio,StableAudio,59,35,0.889588377723971
trajectory_centred,echoes__without_Suno,echoes,family,Suno,Suno,59,68,0.6542871385842473
trajectory_centred,echoes__without_Suno,echoes,family,Udio,Udio,59,68,0.5932203389830508
trajectory_centred,echoes__without_Suno,echoes,generator,AceStep,acestep,59,57,0.9732381801962533
trajectory_centred,echoes__without_Suno,echoes,generator,AudioLDM,audioldm,59,115,0.9985261606484893
trajectory_centred,echoes__without_Suno,echoes,generator,Brev,brev,59,68,0.7517447657028913
trajectory_centred,echoes__without_Suno,echoes,generator,DiffRhythm,diffrhythm,59,120,0.9652542372881356
trajectory_centred,echoes__without_Suno,echoes,generator,Mubert,mubert,59,32,0.4427966101694915
trajectory_centred,echoes__without_Suno,echoes,generator,Producer,producer,59,68,0.8940677966101696
trajectory_centred,echoes__without_Suno,echoes,generator,SongGen,songgen,59,111,0.9967934035730646
trajectory_centred,echoes__without_Suno,echoes,generator,StableAudio,stableaudio,59,35,0.889588377723971
trajectory_centred,echoes__without_Suno,echoes,generator,Suno,suno,59,68,0.6542871385842473
trajectory_centred,echoes__without_Suno,echoes,generator,Udio,udio,59,68,0.5932203389830508
trajectory_centred,echoes__count_control_Suno,echoes,family,AceStep,AceStep,59,57,0.9869164436515017
trajectory_centred,echoes__count_control_Suno,echoes,family,AudioLDM,AudioLDM,59,115,0.9988209285187915
trajectory_centred,echoes__count_control_Suno,echoes,family,Brev,Brev,59,68,0.7901296111665006
trajectory_centred,echoes__count_control_Suno,echoes,family,DiffRhythm,DiffRhythm,59,120,0.9704802259887005
trajectory_centred,echoes__count_control_Suno,echoes,family,Mubert,Mubert,59,32,0.4602754237288135
trajectory_centred,echoes__count_control_Suno,echoes,family,Producer,Producer,59,68,0.9217347956131605
trajectory_centred,echoes__count_control_Suno,echoes,family,SongGen,SongGen,59,111,0.9951137578256222
trajectory_centred,echoes__count_control_Suno,echoes,family,StableAudio,StableAudio,59,35,0.9249394673123486
trajectory_centred,echoes__count_control_Suno,echoes,family,Suno,Suno,59,68,0.6984047856430708
trajectory_centred,echoes__count_control_Suno,echoes,family,Udio,Udio,59,68,0.5822532402791625
trajectory_centred,echoes__count_control_Suno,echoes,generator,AceStep,acestep,59,57,0.9869164436515017
trajectory_centred,echoes__count_control_Suno,echoes,generator,AudioLDM,audioldm,59,115,0.9988209285187915
trajectory_centred,echoes__count_control_Suno,echoes,generator,Brev,brev,59,68,0.7901296111665006
trajectory_centred,echoes__count_control_Suno,echoes,generator,DiffRhythm,diffrhythm,59,120,0.9704802259887005
trajectory_centred,echoes__count_control_Suno,echoes,generator,Mubert,mubert,59,32,0.4602754237288135
trajectory_centred,echoes__count_control_Suno,echoes,generator,Producer,producer,59,68,0.9217347956131605
trajectory_centred,echoes__count_control_Suno,echoes,generator,SongGen,songgen,59,111,0.9951137578256222
trajectory_centred,echoes__count_control_Suno,echoes,generator,StableAudio,stableaudio,59,35,0.9249394673123486
trajectory_centred,echoes__count_control_Suno,echoes,generator,Suno,suno,59,68,0.6984047856430708
trajectory_centred,echoes__count_control_Suno,echoes,generator,Udio,udio,59,68,0.5822532402791625
trajectory_centred,echoes__without_Udio,echoes,family,AceStep,AceStep,59,57,0.991971454058876
trajectory_centred,echoes__without_Udio,echoes,family,AudioLDM,AudioLDM,59,115,0.9964627855563744
trajectory_centred,echoes__without_Udio,echoes,family,Brev,Brev,59,68,0.805333998005982
trajectory_centred,echoes__without_Udio,echoes,family,DiffRhythm,DiffRhythm,59,120,0.9683615819209039
trajectory_centred,echoes__without_Udio,echoes,family,Mubert,Mubert,59,32,0.5068855932203389
trajectory_centred,echoes__without_Udio,echoes,family,Producer,Producer,59,68,0.9332003988035893
trajectory_centred,echoes__without_Udio,echoes,family,SongGen,SongGen,59,111,0.9902275156512444
trajectory_centred,echoes__without_Udio,echoes,family,StableAudio,StableAudio,59,35,0.9244552058111379
trajectory_centred,echoes__without_Udio,echoes,family,Suno,Suno,59,68,0.7377866400797607
trajectory_centred,echoes__without_Udio,echoes,family,Udio,Udio,59,68,0.5264207377866401
trajectory_centred,echoes__without_Udio,echoes,generator,AceStep,acestep,59,57,0.991971454058876
trajectory_centred,echoes__without_Udio,echoes,generator,AudioLDM,audioldm,59,115,0.9964627855563744
trajectory_centred,echoes__without_Udio,echoes,generator,Brev,brev,59,68,0.805333998005982
trajectory_centred,echoes__without_Udio,echoes,generator,DiffRhythm,diffrhythm,59,120,0.9683615819209039
trajectory_centred,echoes__without_Udio,echoes,generator,Mubert,mubert,59,32,0.5068855932203389
trajectory_centred,echoes__without_Udio,echoes,generator,Producer,producer,59,68,0.9332003988035893
trajectory_centred,echoes__without_Udio,echoes,generator,SongGen,songgen,59,111,0.9902275156512444
trajectory_centred,echoes__without_Udio,echoes,generator,StableAudio,stableaudio,59,35,0.9244552058111379
trajectory_centred,echoes__without_Udio,echoes,generator,Suno,suno,59,68,0.7377866400797607
trajectory_centred,echoes__without_Udio,echoes,generator,Udio,udio,59,68,0.5264207377866401
trajectory_centred,echoes__count_control_Udio,echoes,family,AceStep,AceStep,59,57,0.9889979185251264
trajectory_centred,echoes__count_control_Udio,echoes,family,AudioLDM,AudioLDM,59,115,0.9985261606484893
trajectory_centred,echoes__count_control_Udio,echoes,family,Brev,Brev,59,68,0.7918743768693918
trajectory_centred,echoes__count_control_Udio,echoes,family,DiffRhythm,DiffRhythm,59,120,0.9679378531073446
trajectory_centred,echoes__count_control_Udio,echoes,family,Mubert,Mubert,59,32,0.46080508474576265
trajectory_centred,echoes__count_control_Udio,echoes,family,Producer,Producer,59,68,0.9254735792622133
trajectory_centred,echoes__count_control_Udio,echoes,family,SongGen,SongGen,59,111,0.9948083676897237
trajectory_centred,echoes__count_control_Udio,echoes,family,StableAudio,StableAudio,59,35,0.9210653753026635
trajectory_centred,echoes__count_control_Udio,echoes,family,Suno,Suno,59,68,0.7088733798604188
trajectory_centred,echoes__count_control_Udio,echoes,family,Udio,Udio,59,68,0.5914755732801595
trajectory_centred,echoes__count_control_Udio,echoes,generator,AceStep,acestep,59,57,0.9889979185251264
trajectory_centred,echoes__count_control_Udio,echoes,generator,AudioLDM,audioldm,59,115,0.9985261606484893
trajectory_centred,echoes__count_control_Udio,echoes,generator,Brev,brev,59,68,0.7918743768693918
trajectory_centred,echoes__count_control_Udio,echoes,generator,DiffRhythm,diffrhythm,59,120,0.9679378531073446
trajectory_centred,echoes__count_control_Udio,echoes,generator,Mubert,mubert,59,32,0.46080508474576265
trajectory_centred,echoes__count_control_Udio,echoes,generator,Producer,producer,59,68,0.9254735792622133
trajectory_centred,echoes__count_control_Udio,echoes,generator,SongGen,songgen,59,111,0.9948083676897237
trajectory_centred,echoes__count_control_Udio,echoes,generator,StableAudio,stableaudio,59,35,0.9210653753026635
trajectory_centred,echoes__count_control_Udio,echoes,generator,Suno,suno,59,68,0.7088733798604188
trajectory_centred,echoes__count_control_Udio,echoes,generator,Udio,udio,59,68,0.5914755732801595
trajectory_centred,fakemusiccaps__without_MusicGen,fakemusiccaps,family,AudioLDM,AudioLDM,1102,1104,0.8795117244009574
trajectory_centred,fakemusiccaps__without_MusicGen,fakemusiccaps,family,MusicGen,MusicGen,1102,1104,0.9152438583339909
trajectory_centred,fakemusiccaps__without_MusicGen,fakemusiccaps,family,MusicLDM,MusicLDM,1102,1104,0.8507637628554143
trajectory_centred,fakemusiccaps__without_MusicGen,fakemusiccaps,family,Mustango,Mustango,1102,1104,0.8949957586995976
trajectory_centred,fakemusiccaps__without_MusicGen,fakemusiccaps,family,StableAudio,StableAudio,1102,1104,0.8674223743391463
trajectory_centred,fakemusiccaps__without_MusicGen,fakemusiccaps,generator,AudioLDM,audioldm2,1102,1104,0.8795117244009574
trajectory_centred,fakemusiccaps__without_MusicGen,fakemusiccaps,generator,MusicGen,MusicGen_medium,1102,1104,0.9152438583339909
trajectory_centred,fakemusiccaps__without_MusicGen,fakemusiccaps,generator,MusicLDM,musicldm,1102,1104,0.8507637628554143
trajectory_centred,fakemusiccaps__without_MusicGen,fakemusiccaps,generator,Mustango,mustango,1102,1104,0.8949957586995976
trajectory_centred,fakemusiccaps__without_MusicGen,fakemusiccaps,generator,StableAudio,stable_audio_open,1102,1104,0.8674223743391463
trajectory_centred,fakemusiccaps__count_control_MusicGen,fakemusiccaps,family,AudioLDM,AudioLDM,1102,1104,0.881848549409506
trajectory_centred,fakemusiccaps__count_control_MusicGen,fakemusiccaps,family,MusicGen,MusicGen,1102,1104,0.9232604092690496
trajectory_centred,fakemusiccaps__count_control_MusicGen,fakemusiccaps,family,MusicLDM,MusicLDM,1102,1104,0.8572522949051791
trajectory_centred,fakemusiccaps__count_control_MusicGen,fakemusiccaps,family,Mustango,Mustango,1102,1104,0.8981167311081302
trajectory_centred,fakemusiccaps__count_control_MusicGen,fakemusiccaps,family,StableAudio,StableAudio,1102,1104,0.8691304019043108
trajectory_centred,fakemusiccaps__count_control_MusicGen,fakemusiccaps,generator,AudioLDM,audioldm2,1102,1104,0.881848549409506
trajectory_centred,fakemusiccaps__count_control_MusicGen,fakemusiccaps,generator,MusicGen,MusicGen_medium,1102,1104,0.9232604092690496
trajectory_centred,fakemusiccaps__count_control_MusicGen,fakemusiccaps,generator,MusicLDM,musicldm,1102,1104,0.8572522949051791
trajectory_centred,fakemusiccaps__count_control_MusicGen,fakemusiccaps,generator,Mustango,mustango,1102,1104,0.8981167311081302
trajectory_centred,fakemusiccaps__count_control_MusicGen,fakemusiccaps,generator,StableAudio,stable_audio_open,1102,1104,0.8691304019043108
trajectory_centred,artifactbench__without_StableAudio,artifactbench,family,DiffRhythm,DiffRhythm,860,100,0.9911627906976743
trajectory_centred,artifactbench__without_StableAudio,artifactbench,family,MusicGen,MusicGen,860,90,0.9874418604651164
trajectory_centred,artifactbench__without_StableAudio,artifactbench,family,Riffusion,Riffusion,860,130,0.864561717352415
trajectory_centred,artifactbench__without_StableAudio,artifactbench,family,StableAudio,StableAudio,860,100,0.9527093023255814
trajectory_centred,artifactbench__without_StableAudio,artifactbench,family,Suno,Suno,860,479,0.893062096421809
trajectory_centred,artifactbench__without_StableAudio,artifactbench,family,Udio,Udio,860,405,0.8120585701981051
trajectory_centred,artifactbench__without_StableAudio,artifactbench,family,Yue,Yue,860,100,0.9502558139534883
trajectory_centred,artifactbench__without_StableAudio,artifactbench,generator,DiffRhythm,DiffRhythm,860,100,0.9911627906976743
trajectory_centred,artifactbench__without_StableAudio,artifactbench,generator,MusicGen,MusicGen Large,860,30,0.9953875968992248
trajectory_centred,artifactbench__without_StableAudio,artifactbench,generator,MusicGen,MusicGen Medium,860,30,0.9964728682170543
trajectory_centred,artifactbench__without_StableAudio,artifactbench,generator,MusicGen,MusicGen Small,860,30,0.9704651162790697
trajectory_centred,artifactbench__without_StableAudio,artifactbench,generator,Riffusion,Riffusion,860,100,0.8752906976744186
trajectory_centred,artifactbench__without_StableAudio,artifactbench,generator,Riffusion,Riffusion (AIME),860,30,0.8287984496124031
trajectory_centred,artifactbench__without_StableAudio,artifactbench,generator,StableAudio,Stable Audio v1,860,50,0.970906976744186
trajectory_centred,artifactbench__without_StableAudio,artifactbench,generator,StableAudio,Stable Audio v2,860,50,0.9345116279069767
trajectory_centred,artifactbench__without_StableAudio,artifactbench,generator,Suno,Google Chirp v2 XXL,860,80,0.9958866279069768
trajectory_centred,artifactbench__without_StableAudio,artifactbench,generator,Suno,Google Chirp v3,860,80,0.9965406976744187
trajectory_centred,artifactbench__without_StableAudio,artifactbench,generator,Suno,Google Chirp v3.5,860,80,0.9928924418604651
trajectory_centred,artifactbench__without_StableAudio,artifactbench,generator,Suno,Suno (mixed),860,80,0.7105523255813954
trajectory_centred,artifactbench__without_StableAudio,artifactbench,generator,Suno,Suno v3,860,30,0.9869767441860465
trajectory_centred,artifactbench__without_StableAudio,artifactbench,generator,Suno,Suno v3.5,860,29,0.9670408981555734
trajectory_centred,artifactbench__without_StableAudio,artifactbench,generator,Suno,Suno v4,860,100,0.7445348837209302
trajectory_centred,artifactbench__without_StableAudio,artifactbench,generator,Udio,Udio,860,100,0.8484418604651162
trajectory_centred,artifactbench__without_StableAudio,artifactbench,generator,Udio,Udio (AIME),860,30,0.8685658914728682
trajectory_centred,artifactbench__without_StableAudio,artifactbench,generator,Udio,Udio (SONICS 120s),860,80,0.970014534883721
trajectory_centred,artifactbench__without_StableAudio,artifactbench,generator,Udio,Udio (SONICS 30s),860,80,0.8841424418604651
trajectory_centred,artifactbench__without_StableAudio,artifactbench,generator,Udio,Udio (mixed),860,80,0.5777906976744186
trajectory_centred,artifactbench__without_StableAudio,artifactbench,generator,Udio,Udio CDN,860,18,0.6036821705426356
trajectory_centred,artifactbench__without_StableAudio,artifactbench,generator,Udio,Udio CDN Latest,860,17,0.7388508891928863
trajectory_centred,artifactbench__without_StableAudio,artifactbench,generator,Yue,Yue,860,100,0.9502558139534883
trajectory_centred,artifactbench__count_control_StableAudio,artifactbench,family,DiffRhythm,DiffRhythm,860,100,0.9894534883720929
trajectory_centred,artifactbench__count_control_StableAudio,artifactbench,family,MusicGen,MusicGen,860,90,0.990594315245478
trajectory_centred,artifactbench__count_control_StableAudio,artifactbench,family,Riffusion,Riffusion,860,130,0.8568246869409661
trajectory_centred,artifactbench__count_control_StableAudio,artifactbench,family,StableAudio,StableAudio,860,100,0.9722558139534884
trajectory_centred,artifactbench__count_control_StableAudio,artifactbench,family,Suno,Suno,860,479,0.8936762635335244
trajectory_centred,artifactbench__count_control_StableAudio,artifactbench,family,Udio,Udio,860,405,0.8160522538041918
trajectory_centred,artifactbench__count_control_StableAudio,artifactbench,family,Yue,Yue,860,100,0.9441162790697675
trajectory_centred,artifactbench__count_control_StableAudio,artifactbench,generator,DiffRhythm,DiffRhythm,860,100,0.9894534883720929
trajectory_centred,artifactbench__count_control_StableAudio,artifactbench,generator,MusicGen,MusicGen Large,860,30,0.9943410852713178
trajectory_centred,artifactbench__count_control_StableAudio,artifactbench,generator,MusicGen,MusicGen Medium,860,30,0.9957364341085271
trajectory_centred,artifactbench__count_control_StableAudio,artifactbench,generator,MusicGen,MusicGen Small,860,30,0.9817054263565891
trajectory_centred,artifactbench__count_control_StableAudio,artifactbench,generator,Riffusion,Riffusion,860,100,0.8659302325581395
trajectory_centred,artifactbench__count_control_StableAudio,artifactbench,generator,Riffusion,Riffusion (AIME),860,30,0.8264728682170543
trajectory_centred,artifactbench__count_control_StableAudio,artifactbench,generator,StableAudio,Stable Audio v1,860,50,0.9795116279069768
trajectory_centred,artifactbench__count_control_StableAudio,artifactbench,generator,StableAudio,Stable Audio v2,860,50,0.9650000000000001
trajectory_centred,artifactbench__count_control_StableAudio,artifactbench,generator,Suno,Google Chirp v2 XXL,860,80,0.9949273255813953
trajectory_centred,artifactbench__count_control_StableAudio,artifactbench,generator,Suno,Google Chirp v3,860,80,0.9959302325581396
trajectory_centred,artifactbench__count_control_StableAudio,artifactbench,generator,Suno,Google Chirp v3.5,860,80,0.9912500000000001
trajectory_centred,artifactbench__count_control_StableAudio,artifactbench,generator,Suno,Suno (mixed),860,80,0.719767441860465
trajectory_centred,artifactbench__count_control_StableAudio,artifactbench,generator,Suno,Suno v3,860,30,0.9857751937984496
trajectory_centred,artifactbench__count_control_StableAudio,artifactbench,generator,Suno,Suno v3.5,860,29,0.972654370489174
trajectory_centred,artifactbench__count_control_StableAudio,artifactbench,generator,Suno,Suno v4,860,100,0.7414069767441861
trajectory_centred,artifactbench__count_control_StableAudio,artifactbench,generator,Udio,Udio,860,100,0.8503953488372091
trajectory_centred,artifactbench__count_control_StableAudio,artifactbench,generator,Udio,Udio (AIME),860,30,0.8639922480620155
trajectory_centred,artifactbench__count_control_StableAudio,artifactbench,generator,Udio,Udio (SONICS 120s),860,80,0.9671947674418604
trajectory_centred,artifactbench__count_control_StableAudio,artifactbench,generator,Udio,Udio (SONICS 30s),860,80,0.8838517441860464
trajectory_centred,artifactbench__count_control_StableAudio,artifactbench,generator,Udio,Udio (mixed),860,80,0.5982848837209302
trajectory_centred,artifactbench__count_control_StableAudio,artifactbench,generator,Udio,Udio CDN,860,18,0.5959948320413437
trajectory_centred,artifactbench__count_control_StableAudio,artifactbench,generator,Udio,Udio CDN Latest,860,17,0.7569083447332421
trajectory_centred,artifactbench__count_control_StableAudio,artifactbench,generator,Yue,Yue,860,100,0.9441162790697675
trajectory_centred,artifactbench__without_DiffRhythm,artifactbench,family,DiffRhythm,DiffRhythm,860,100,0.989046511627907
trajectory_centred,artifactbench__without_DiffRhythm,artifactbench,family,MusicGen,MusicGen,860,90,0.9906201550387598
trajectory_centred,artifactbench__without_DiffRhythm,artifactbench,family,Riffusion,Riffusion,860,130,0.8550626118067979
trajectory_centred,artifactbench__without_DiffRhythm,artifactbench,family,StableAudio,StableAudio,860,100,0.9741976744186046
trajectory_centred,artifactbench__without_DiffRhythm,artifactbench,family,Suno,Suno,860,479,0.8914453561198232
trajectory_centred,artifactbench__without_DiffRhythm,artifactbench,family,Udio,Udio,860,405,0.8151650875681884
trajectory_centred,artifactbench__without_DiffRhythm,artifactbench,family,Yue,Yue,860,100,0.9410813953488373
trajectory_centred,artifactbench__without_DiffRhythm,artifactbench,generator,DiffRhythm,DiffRhythm,860,100,0.989046511627907
trajectory_centred,artifactbench__without_DiffRhythm,artifactbench,generator,MusicGen,MusicGen Large,860,30,0.994108527131783
trajectory_centred,artifactbench__without_DiffRhythm,artifactbench,generator,MusicGen,MusicGen Medium,860,30,0.995968992248062
trajectory_centred,artifactbench__without_DiffRhythm,artifactbench,generator,MusicGen,MusicGen Small,860,30,0.9817829457364342
trajectory_centred,artifactbench__without_DiffRhythm,artifactbench,generator,Riffusion,Riffusion,860,100,0.8606627906976744
trajectory_centred,artifactbench__without_DiffRhythm,artifactbench,generator,Riffusion,Riffusion (AIME),860,30,0.8363953488372093
trajectory_centred,artifactbench__without_DiffRhythm,artifactbench,generator,StableAudio,Stable Audio v1,860,50,0.9818837209302325
trajectory_centred,artifactbench__without_DiffRhythm,artifactbench,generator,StableAudio,Stable Audio v2,860,50,0.9665116279069768
trajectory_centred,artifactbench__without_DiffRhythm,artifactbench,generator,Suno,Google Chirp v2 XXL,860,80,0.9945494186046512
trajectory_centred,artifactbench__without_DiffRhythm,artifactbench,generator,Suno,Google Chirp v3,860,80,0.9953052325581395
trajectory_centred,artifactbench__without_DiffRhythm,artifactbench,generator,Suno,Google Chirp v3.5,860,80,0.990654069767442
trajectory_centred,artifactbench__without_DiffRhythm,artifactbench,generator,Suno,Suno (mixed),860,80,0.7157412790697675
trajectory_centred,artifactbench__without_DiffRhythm,artifactbench,generator,Suno,Suno v3,860,30,0.9865891472868218
trajectory_centred,artifactbench__without_DiffRhythm,artifactbench,generator,Suno,Suno v3.5,860,29,0.9739374498797113
trajectory_centred,artifactbench__without_DiffRhythm,artifactbench,generator,Suno,Suno v4,860,100,0.7346046511627906
trajectory_centred,artifactbench__without_DiffRhythm,artifactbench,generator,Udio,Udio,860,100,0.8507674418604652
trajectory_centred,artifactbench__without_DiffRhythm,artifactbench,generator,Udio,Udio (AIME),860,30,0.8664728682170544
trajectory_centred,artifactbench__without_DiffRhythm,artifactbench,generator,Udio,Udio (SONICS 120s),860,80,0.9655668604651163
trajectory_centred,artifactbench__without_DiffRhythm,artifactbench,generator,Udio,Udio (SONICS 30s),860,80,0.8821947674418604
trajectory_centred,artifactbench__without_DiffRhythm,artifactbench,generator,Udio,Udio (mixed),860,80,0.5956395348837209
trajectory_centred,artifactbench__without_DiffRhythm,artifactbench,generator,Udio,Udio CDN,860,18,0.5998062015503876
trajectory_centred,artifactbench__without_DiffRhythm,artifactbench,generator,Udio,Udio CDN Latest,860,17,0.7530779753761969
trajectory_centred,artifactbench__without_DiffRhythm,artifactbench,generator,Yue,Yue,860,100,0.9410813953488373
trajectory_centred,artifactbench__count_control_DiffRhythm,artifactbench,family,DiffRhythm,DiffRhythm,860,100,0.9897790697674418
trajectory_centred,artifactbench__count_control_DiffRhythm,artifactbench,family,MusicGen,MusicGen,860,90,0.9909560723514212
trajectory_centred,artifactbench__count_control_DiffRhythm,artifactbench,family,Riffusion,Riffusion,860,130,0.8529159212880142
trajectory_centred,artifactbench__count_control_DiffRhythm,artifactbench,family,StableAudio,StableAudio,860,100,0.9741511627906978
trajectory_centred,artifactbench__count_control_DiffRhythm,artifactbench,family,Suno,Suno,860,479,0.8906199932028935
trajectory_centred,artifactbench__count_control_DiffRhythm,artifactbench,family,Udio,Udio,860,405,0.80961814527706
trajectory_centred,artifactbench__count_control_DiffRhythm,artifactbench,family,Yue,Yue,860,100,0.9415116279069767
trajectory_centred,artifactbench__count_control_DiffRhythm,artifactbench,generator,DiffRhythm,DiffRhythm,860,100,0.9897790697674418
trajectory_centred,artifactbench__count_control_DiffRhythm,artifactbench,generator,MusicGen,MusicGen Large,860,30,0.994108527131783
trajectory_centred,artifactbench__count_control_DiffRhythm,artifactbench,generator,MusicGen,MusicGen Medium,860,30,0.9958527131782946
trajectory_centred,artifactbench__count_control_DiffRhythm,artifactbench,generator,MusicGen,MusicGen Small,860,30,0.982906976744186
trajectory_centred,artifactbench__count_control_DiffRhythm,artifactbench,generator,Riffusion,Riffusion,860,100,0.8595581395348837
trajectory_centred,artifactbench__count_control_DiffRhythm,artifactbench,generator,Riffusion,Riffusion (AIME),860,30,0.8307751937984498
trajectory_centred,artifactbench__count_control_DiffRhythm,artifactbench,generator,StableAudio,Stable Audio v1,860,50,0.9820697674418606
trajectory_centred,artifactbench__count_control_DiffRhythm,artifactbench,generator,StableAudio,Stable Audio v2,860,50,0.9662325581395349
trajectory_centred,artifactbench__count_control_DiffRhythm,artifactbench,generator,Suno,Google Chirp v2 XXL,860,80,0.9947093023255814
trajectory_centred,artifactbench__count_control_DiffRhythm,artifactbench,generator,Suno,Google Chirp v3,860,80,0.9954941860465116
trajectory_centred,artifactbench__count_control_DiffRhythm,artifactbench,generator,Suno,Google Chirp v3.5,860,80,0.990436046511628
trajectory_centred,artifactbench__count_control_DiffRhythm,artifactbench,generator,Suno,Suno (mixed),860,80,0.712703488372093
trajectory_centred,artifactbench__count_control_DiffRhythm,artifactbench,generator,Suno,Suno v3,860,30,0.9866279069767442
trajectory_centred,artifactbench__count_control_DiffRhythm,artifactbench,generator,Suno,Suno v3.5,860,29,0.9718524458700882
trajectory_centred,artifactbench__count_control_DiffRhythm,artifactbench,generator,Suno,Suno v4,860,100,0.7335697674418604
trajectory_centred,artifactbench__count_control_DiffRhythm,artifactbench,generator,Udio,Udio,860,100,0.8470348837209302
trajectory_centred,artifactbench__count_control_DiffRhythm,artifactbench,generator,Udio,Udio (AIME),860,30,0.8643410852713178
trajectory_centred,artifactbench__count_control_DiffRhythm,artifactbench,generator,Udio,Udio (SONICS 120s),860,80,0.9651744186046513
trajectory_centred,artifactbench__count_control_DiffRhythm,artifactbench,generator,Udio,Udio (SONICS 30s),860,80,0.880828488372093
trajectory_centred,artifactbench__count_control_DiffRhythm,artifactbench,generator,Udio,Udio (mixed),860,80,0.5794476744186047
trajectory_centred,artifactbench__count_control_DiffRhythm,artifactbench,generator,Udio,Udio CDN,860,18,0.5899224806201551
trajectory_centred,artifactbench__count_control_DiffRhythm,artifactbench,generator,Udio,Udio CDN Latest,860,17,0.7415868673050615
trajectory_centred,artifactbench__count_control_DiffRhythm,artifactbench,generator,Yue,Yue,860,100,0.9415116279069767
trajectory_centred,echoes__without_StableAudio,echoes,family,AceStep,AceStep,59,57,0.9949449895926256
trajectory_centred,echoes__without_StableAudio,echoes,family,AudioLDM,AudioLDM,59,115,0.9995578481945467
trajectory_centred,echoes__without_StableAudio,echoes,family,Brev,Brev,59,68,0.8611665004985045
trajectory_centred,echoes__without_StableAudio,echoes,family,DiffRhythm,DiffRhythm,59,120,0.9836158192090396
trajectory_centred,echoes__without_StableAudio,echoes,family,Mubert,Mubert,59,32,0.48411016949152547
trajectory_centred,echoes__without_StableAudio,echoes,family,Producer,Producer,59,68,0.9476570289132602
trajectory_centred,echoes__without_StableAudio,echoes,family,SongGen,SongGen,59,111,0.9996946098641014
trajectory_centred,echoes__without_StableAudio,echoes,family,StableAudio,StableAudio,59,35,0.9530266343825665
trajectory_centred,echoes__without_StableAudio,echoes,family,Suno,Suno,59,68,0.7534895314057827
trajectory_centred,echoes__without_StableAudio,echoes,family,Udio,Udio,59,68,0.6318544366899302
trajectory_centred,echoes__without_StableAudio,echoes,generator,AceStep,acestep,59,57,0.9949449895926256
trajectory_centred,echoes__without_StableAudio,echoes,generator,AudioLDM,audioldm,59,115,0.9995578481945467
trajectory_centred,echoes__without_StableAudio,echoes,generator,Brev,brev,59,68,0.8611665004985045
trajectory_centred,echoes__without_StableAudio,echoes,generator,DiffRhythm,diffrhythm,59,120,0.9836158192090396
trajectory_centred,echoes__without_StableAudio,echoes,generator,Mubert,mubert,59,32,0.48411016949152547
trajectory_centred,echoes__without_StableAudio,echoes,generator,Producer,producer,59,68,0.9476570289132602
trajectory_centred,echoes__without_StableAudio,echoes,generator,SongGen,songgen,59,111,0.9996946098641014
trajectory_centred,echoes__without_StableAudio,echoes,generator,StableAudio,stableaudio,59,35,0.9530266343825665
trajectory_centred,echoes__without_StableAudio,echoes,generator,Suno,suno,59,68,0.7534895314057827
trajectory_centred,echoes__without_StableAudio,echoes,generator,Udio,udio,59,68,0.6318544366899302
trajectory_centred,echoes__count_control_StableAudio,echoes,family,AceStep,AceStep,59,57,0.9863217365447517
trajectory_centred,echoes__count_control_StableAudio,echoes,family,AudioLDM,AudioLDM,59,115,0.9982313927781872
trajectory_centred,echoes__count_control_StableAudio,echoes,family,Brev,Brev,59,68,0.8050847457627118
trajectory_centred,echoes__count_control_StableAudio,echoes,family,DiffRhythm,DiffRhythm,59,120,0.9703389830508474
trajectory_centred,echoes__count_control_StableAudio,echoes,family,Mubert,Mubert,59,32,0.46133474576271183
trajectory_centred,echoes__count_control_StableAudio,echoes,family,Producer,Producer,59,68,0.9202392821535393
trajectory_centred,echoes__count_control_StableAudio,echoes,family,SongGen,SongGen,59,111,0.9975568789128111
trajectory_centred,echoes__count_control_StableAudio,echoes,family,StableAudio,StableAudio,59,35,0.9176755447941889
trajectory_centred,echoes__count_control_StableAudio,echoes,family,Suno,Suno,59,68,0.707876370887338
trajectory_centred,echoes__count_control_StableAudio,echoes,family,Udio,Udio,59,68,0.5999501495513458
trajectory_centred,echoes__count_control_StableAudio,echoes,generator,AceStep,acestep,59,57,0.9863217365447517
trajectory_centred,echoes__count_control_StableAudio,echoes,generator,AudioLDM,audioldm,59,115,0.9982313927781872
trajectory_centred,echoes__count_control_StableAudio,echoes,generator,Brev,brev,59,68,0.8050847457627118
trajectory_centred,echoes__count_control_StableAudio,echoes,generator,DiffRhythm,diffrhythm,59,120,0.9703389830508474
trajectory_centred,echoes__count_control_StableAudio,echoes,generator,Mubert,mubert,59,32,0.46133474576271183
trajectory_centred,echoes__count_control_StableAudio,echoes,generator,Producer,producer,59,68,0.9202392821535393
trajectory_centred,echoes__count_control_StableAudio,echoes,generator,SongGen,songgen,59,111,0.9975568789128111
trajectory_centred,echoes__count_control_StableAudio,echoes,generator,StableAudio,stableaudio,59,35,0.9176755447941889
trajectory_centred,echoes__count_control_StableAudio,echoes,generator,Suno,suno,59,68,0.707876370887338
trajectory_centred,echoes__count_control_StableAudio,echoes,generator,Udio,udio,59,68,0.5999501495513458
trajectory_centred,echoes__without_AudioLDM,echoes,family,AceStep,AceStep,59,57,0.9884032114183765
trajectory_centred,echoes__without_AudioLDM,echoes,family,AudioLDM,AudioLDM,59,115,0.9982313927781872
trajectory_centred,echoes__without_AudioLDM,echoes,family,Brev,Brev,59,68,0.8033399800598205
trajectory_centred,echoes__without_AudioLDM,echoes,family,DiffRhythm,DiffRhythm,59,120,0.9642655367231638
trajectory_centred,echoes__without_AudioLDM,echoes,family,Mubert,Mubert,59,32,0.46186440677966106
trajectory_centred,echoes__without_AudioLDM,echoes,family,Producer,Producer,59,68,0.9252243270189431
trajectory_centred,echoes__without_AudioLDM,echoes,family,SongGen,SongGen,59,111,0.9967934035730646
trajectory_centred,echoes__without_AudioLDM,echoes,family,StableAudio,StableAudio,59,35,0.9210653753026635
trajectory_centred,echoes__without_AudioLDM,echoes,family,Suno,Suno,59,68,0.7088733798604188
trajectory_centred,echoes__without_AudioLDM,echoes,family,Udio,Udio,59,68,0.6019441674975075
trajectory_centred,echoes__without_AudioLDM,echoes,generator,AceStep,acestep,59,57,0.9884032114183765
trajectory_centred,echoes__without_AudioLDM,echoes,generator,AudioLDM,audioldm,59,115,0.9982313927781872
trajectory_centred,echoes__without_AudioLDM,echoes,generator,Brev,brev,59,68,0.8033399800598205
trajectory_centred,echoes__without_AudioLDM,echoes,generator,DiffRhythm,diffrhythm,59,120,0.9642655367231638
trajectory_centred,echoes__without_AudioLDM,echoes,generator,Mubert,mubert,59,32,0.46186440677966106
trajectory_centred,echoes__without_AudioLDM,echoes,generator,Producer,producer,59,68,0.9252243270189431
trajectory_centred,echoes__without_AudioLDM,echoes,generator,SongGen,songgen,59,111,0.9967934035730646
trajectory_centred,echoes__without_AudioLDM,echoes,generator,StableAudio,stableaudio,59,35,0.9210653753026635
trajectory_centred,echoes__without_AudioLDM,echoes,generator,Suno,suno,59,68,0.7088733798604188
trajectory_centred,echoes__without_AudioLDM,echoes,generator,Udio,udio,59,68,0.6019441674975075
trajectory_centred,echoes__count_control_AudioLDM,echoes,family,AceStep,AceStep,59,57,0.9884032114183764
trajectory_centred,echoes__count_control_AudioLDM,echoes,family,AudioLDM,AudioLDM,59,115,0.9983787767133383
trajectory_centred,echoes__count_control_AudioLDM,echoes,family,Brev,Brev,59,68,0.8135593220338984
trajectory_centred,echoes__count_control_AudioLDM,echoes,family,DiffRhythm,DiffRhythm,59,120,0.9686440677966102
trajectory_centred,echoes__count_control_AudioLDM,echoes,family,Mubert,Mubert,59,32,0.4639830508474576
trajectory_centred,echoes__count_control_AudioLDM,echoes,family,Producer,Producer,59,68,0.9227318045862414
trajectory_centred,echoes__count_control_AudioLDM,echoes,family,SongGen,SongGen,59,111,0.996029928233318
trajectory_centred,echoes__count_control_AudioLDM,echoes,family,StableAudio,StableAudio,59,35,0.9244552058111379
trajectory_centred,echoes__count_control_AudioLDM,echoes,family,Suno,Suno,59,68,0.7235792622133599
trajectory_centred,echoes__count_control_AudioLDM,echoes,family,Udio,Udio,59,68,0.6139082751744765
trajectory_centred,echoes__count_control_AudioLDM,echoes,generator,AceStep,acestep,59,57,0.9884032114183764
trajectory_centred,echoes__count_control_AudioLDM,echoes,generator,AudioLDM,audioldm,59,115,0.9983787767133383
trajectory_centred,echoes__count_control_AudioLDM,echoes,generator,Brev,brev,59,68,0.8135593220338984
trajectory_centred,echoes__count_control_AudioLDM,echoes,generator,DiffRhythm,diffrhythm,59,120,0.9686440677966102
trajectory_centred,echoes__count_control_AudioLDM,echoes,generator,Mubert,mubert,59,32,0.4639830508474576
trajectory_centred,echoes__count_control_AudioLDM,echoes,generator,Producer,producer,59,68,0.9227318045862414
trajectory_centred,echoes__count_control_AudioLDM,echoes,generator,SongGen,songgen,59,111,0.996029928233318
trajectory_centred,echoes__count_control_AudioLDM,echoes,generator,StableAudio,stableaudio,59,35,0.9244552058111379
trajectory_centred,echoes__count_control_AudioLDM,echoes,generator,Suno,suno,59,68,0.7235792622133599
trajectory_centred,echoes__count_control_AudioLDM,echoes,generator,Udio,udio,59,68,0.6139082751744765
trajectory_centred,echoes__without_DiffRhythm,echoes,family,AceStep,AceStep,59,57,0.9881058578650015
trajectory_centred,echoes__without_DiffRhythm,echoes,family,AudioLDM,AudioLDM,59,115,0.9989683124539426
trajectory_centred,echoes__without_DiffRhythm,echoes,family,Brev,Brev,59,68,0.8070787637088734
trajectory_centred,echoes__without_DiffRhythm,echoes,family,DiffRhythm,DiffRhythm,59,120,0.9692090395480226
trajectory_centred,echoes__without_DiffRhythm,echoes,family,Mubert,Mubert,59,32,0.45868644067796616
trajectory_centred,echoes__without_DiffRhythm,echoes,family,Producer,Producer,59,68,0.9242273180458624
trajectory_centred,echoes__without_DiffRhythm,echoes,family,SongGen,SongGen,59,111,0.9969460986410139
trajectory_centred,echoes__without_DiffRhythm,echoes,family,StableAudio,StableAudio,59,35,0.9210653753026634
trajectory_centred,echoes__without_DiffRhythm,echoes,family,Suno,Suno,59,68,0.7126121635094717
trajectory_centred,echoes__without_DiffRhythm,echoes,family,Udio,Udio,59,68,0.595962113659023
trajectory_centred,echoes__without_DiffRhythm,echoes,generator,AceStep,acestep,59,57,0.9881058578650015
trajectory_centred,echoes__without_DiffRhythm,echoes,generator,AudioLDM,audioldm,59,115,0.9989683124539426
trajectory_centred,echoes__without_DiffRhythm,echoes,generator,Brev,brev,59,68,0.8070787637088734
trajectory_centred,echoes__without_DiffRhythm,echoes,generator,DiffRhythm,diffrhythm,59,120,0.9692090395480226
trajectory_centred,echoes__without_DiffRhythm,echoes,generator,Mubert,mubert,59,32,0.45868644067796616
trajectory_centred,echoes__without_DiffRhythm,echoes,generator,Producer,producer,59,68,0.9242273180458624
trajectory_centred,echoes__without_DiffRhythm,echoes,generator,SongGen,songgen,59,111,0.9969460986410139
trajectory_centred,echoes__without_DiffRhythm,echoes,generator,StableAudio,stableaudio,59,35,0.9210653753026634
trajectory_centred,echoes__without_DiffRhythm,echoes,generator,Suno,suno,59,68,0.7126121635094717
trajectory_centred,echoes__without_DiffRhythm,echoes,generator,Udio,udio,59,68,0.595962113659023
trajectory_centred,echoes__count_control_DiffRhythm,echoes,family,AceStep,AceStep,59,57,0.9881058578650015
trajectory_centred,echoes__count_control_DiffRhythm,echoes,family,AudioLDM,AudioLDM,59,115,0.9991156963890936
trajectory_centred,echoes__count_control_DiffRhythm,echoes,family,Brev,Brev,59,68,0.8075772681954138
trajectory_centred,echoes__count_control_DiffRhythm,echoes,family,DiffRhythm,DiffRhythm,59,120,0.9699152542372882
trajectory_centred,echoes__count_control_DiffRhythm,echoes,family,Mubert,Mubert,59,32,0.4586864406779661
trajectory_centred,echoes__count_control_DiffRhythm,echoes,family,Producer,Producer,59,68,0.9234795613160518
trajectory_centred,echoes__count_control_DiffRhythm,echoes,family,SongGen,SongGen,59,111,0.9969460986410139
trajectory_centred,echoes__count_control_DiffRhythm,echoes,family,StableAudio,StableAudio,59,35,0.9225181598062954
trajectory_centred,echoes__count_control_DiffRhythm,echoes,family,Suno,Suno,59,68,0.7123629112662014
trajectory_centred,echoes__count_control_DiffRhythm,echoes,family,Udio,Udio,59,68,0.595962113659023
trajectory_centred,echoes__count_control_DiffRhythm,echoes,generator,AceStep,acestep,59,57,0.9881058578650015
trajectory_centred,echoes__count_control_DiffRhythm,echoes,generator,AudioLDM,audioldm,59,115,0.9991156963890936
trajectory_centred,echoes__count_control_DiffRhythm,echoes,generator,Brev,brev,59,68,0.8075772681954138
trajectory_centred,echoes__count_control_DiffRhythm,echoes,generator,DiffRhythm,diffrhythm,59,120,0.9699152542372882
trajectory_centred,echoes__count_control_DiffRhythm,echoes,generator,Mubert,mubert,59,32,0.4586864406779661
trajectory_centred,echoes__count_control_DiffRhythm,echoes,generator,Producer,producer,59,68,0.9234795613160518
trajectory_centred,echoes__count_control_DiffRhythm,echoes,generator,SongGen,songgen,59,111,0.9969460986410139
trajectory_centred,echoes__count_control_DiffRhythm,echoes,generator,StableAudio,stableaudio,59,35,0.9225181598062954
trajectory_centred,echoes__count_control_DiffRhythm,echoes,generator,Suno,suno,59,68,0.7123629112662014
trajectory_centred,echoes__count_control_DiffRhythm,echoes,generator,Udio,udio,59,68,0.595962113659023
trajectory_centred,fakemusiccaps__without_StableAudio,fakemusiccaps,family,AudioLDM,AudioLDM,1102,1104,0.8739207698782188
trajectory_centred,fakemusiccaps__without_StableAudio,fakemusiccaps,family,MusicGen,MusicGen,1102,1104,0.9183607209553117
trajectory_centred,fakemusiccaps__without_StableAudio,fakemusiccaps,family,MusicLDM,MusicLDM,1102,1104,0.8426485770272758
trajectory_centred,fakemusiccaps__without_StableAudio,fakemusiccaps,family,Mustango,Mustango,1102,1104,0.8886707961808571
trajectory_centred,fakemusiccaps__without_StableAudio,fakemusiccaps,family,StableAudio,StableAudio,1102,1104,0.845498303479839
trajectory_centred,fakemusiccaps__without_StableAudio,fakemusiccaps,generator,AudioLDM,audioldm2,1102,1104,0.8739207698782188
trajectory_centred,fakemusiccaps__without_StableAudio,fakemusiccaps,generator,MusicGen,MusicGen_medium,1102,1104,0.9183607209553117
trajectory_centred,fakemusiccaps__without_StableAudio,fakemusiccaps,generator,MusicLDM,musicldm,1102,1104,0.8426485770272758
trajectory_centred,fakemusiccaps__without_StableAudio,fakemusiccaps,generator,Mustango,mustango,1102,1104,0.8886707961808571
trajectory_centred,fakemusiccaps__without_StableAudio,fakemusiccaps,generator,StableAudio,stable_audio_open,1102,1104,0.845498303479839
trajectory_centred,fakemusiccaps__count_control_StableAudio,fakemusiccaps,family,AudioLDM,AudioLDM,1102,1104,0.8817803269417924
trajectory_centred,fakemusiccaps__count_control_StableAudio,fakemusiccaps,family,MusicGen,MusicGen,1102,1104,0.9244300547094875
trajectory_centred,fakemusiccaps__count_control_StableAudio,fakemusiccaps,family,MusicLDM,MusicLDM,1102,1104,0.8572366777137747
trajectory_centred,fakemusiccaps__count_control_StableAudio,fakemusiccaps,family,Mustango,Mustango,1102,1104,0.8968213261790157
trajectory_centred,fakemusiccaps__count_control_StableAudio,fakemusiccaps,family,StableAudio,StableAudio,1102,1104,0.8658302427733502
trajectory_centred,fakemusiccaps__count_control_StableAudio,fakemusiccaps,generator,AudioLDM,audioldm2,1102,1104,0.8817803269417924
trajectory_centred,fakemusiccaps__count_control_StableAudio,fakemusiccaps,generator,MusicGen,MusicGen_medium,1102,1104,0.9244300547094875
trajectory_centred,fakemusiccaps__count_control_StableAudio,fakemusiccaps,generator,MusicLDM,musicldm,1102,1104,0.8572366777137747
trajectory_centred,fakemusiccaps__count_control_StableAudio,fakemusiccaps,generator,Mustango,mustango,1102,1104,0.8968213261790157
trajectory_centred,fakemusiccaps__count_control_StableAudio,fakemusiccaps,generator,StableAudio,stable_audio_open,1102,1104,0.8658302427733502
trajectory_centred,fakemusiccaps__without_AudioLDM,fakemusiccaps,family,AudioLDM,AudioLDM,1102,1104,0.8675473118703806
trajectory_centred,fakemusiccaps__without_AudioLDM,fakemusiccaps,family,MusicGen,MusicGen,1102,1104,0.9238645479891631
trajectory_centred,fakemusiccaps__without_AudioLDM,fakemusiccaps,family,MusicLDM,MusicLDM,1102,1104,0.8490960112049238
trajectory_centred,fakemusiccaps__without_AudioLDM,fakemusiccaps,family,Mustango,Mustango,1102,1104,0.8920276703753386
trajectory_centred,fakemusiccaps__without_AudioLDM,fakemusiccaps,family,StableAudio,StableAudio,1102,1104,0.8679213025066415
trajectory_centred,fakemusiccaps__without_AudioLDM,fakemusiccaps,generator,AudioLDM,audioldm2,1102,1104,0.8675473118703806
trajectory_centred,fakemusiccaps__without_AudioLDM,fakemusiccaps,generator,MusicGen,MusicGen_medium,1102,1104,0.9238645479891631
trajectory_centred,fakemusiccaps__without_AudioLDM,fakemusiccaps,generator,MusicLDM,musicldm,1102,1104,0.8490960112049238
trajectory_centred,fakemusiccaps__without_AudioLDM,fakemusiccaps,generator,Mustango,mustango,1102,1104,0.8920276703753386
trajectory_centred,fakemusiccaps__without_AudioLDM,fakemusiccaps,generator,StableAudio,stable_audio_open,1102,1104,0.8679213025066415
trajectory_centred,fakemusiccaps__count_control_AudioLDM,fakemusiccaps,family,AudioLDM,AudioLDM,1102,1104,0.8806920552881454
trajectory_centred,fakemusiccaps__count_control_AudioLDM,fakemusiccaps,family,MusicGen,MusicGen,1102,1104,0.9245023869644126
trajectory_centred,fakemusiccaps__count_control_AudioLDM,fakemusiccaps,family,MusicLDM,MusicLDM,1102,1104,0.8562864949104396
trajectory_centred,fakemusiccaps__count_control_AudioLDM,fakemusiccaps,family,Mustango,Mustango,1102,1104,0.8968714655829979
trajectory_centred,fakemusiccaps__count_control_AudioLDM,fakemusiccaps,family,StableAudio,StableAudio,1102,1104,0.8682172071858807
trajectory_centred,fakemusiccaps__count_control_AudioLDM,fakemusiccaps,generator,AudioLDM,audioldm2,1102,1104,0.8806920552881454
trajectory_centred,fakemusiccaps__count_control_AudioLDM,fakemusiccaps,generator,MusicGen,MusicGen_medium,1102,1104,0.9245023869644126
trajectory_centred,fakemusiccaps__count_control_AudioLDM,fakemusiccaps,generator,MusicLDM,musicldm,1102,1104,0.8562864949104396
trajectory_centred,fakemusiccaps__count_control_AudioLDM,fakemusiccaps,generator,Mustango,mustango,1102,1104,0.8968714655829979
trajectory_centred,fakemusiccaps__count_control_AudioLDM,fakemusiccaps,generator,StableAudio,stable_audio_open,1102,1104,0.8682172071858807
trajectory_centred,artifactbench__fmc_fit_only,artifactbench,family,DiffRhythm,DiffRhythm,860,100,0.9801976744186047
trajectory_centred,artifactbench__fmc_fit_only,artifactbench,family,MusicGen,MusicGen,860,90,0.9931524547803618
trajectory_centred,artifactbench__fmc_fit_only,artifactbench,family,Riffusion,Riffusion,860,130,0.783542039355993
trajectory_centred,artifactbench__fmc_fit_only,artifactbench,family,StableAudio,StableAudio,860,100,0.9888372093023257
trajectory_centred,artifactbench__fmc_fit_only,artifactbench,family,Suno,Suno,860,479,0.7955236199446521
trajectory_centred,artifactbench__fmc_fit_only,artifactbench,family,Udio,Udio,860,405,0.6669853574504737
trajectory_centred,artifactbench__fmc_fit_only,artifactbench,family,Yue,Yue,860,100,0.813953488372093
trajectory_centred,artifactbench__fmc_fit_only,artifactbench,generator,DiffRhythm,DiffRhythm,860,100,0.9801976744186047
trajectory_centred,artifactbench__fmc_fit_only,artifactbench,generator,MusicGen,MusicGen Large,860,30,0.9896511627906976
trajectory_centred,artifactbench__fmc_fit_only,artifactbench,generator,MusicGen,MusicGen Medium,860,30,0.9955426356589147
trajectory_centred,artifactbench__fmc_fit_only,artifactbench,generator,MusicGen,MusicGen Small,860,30,0.9942635658914729
trajectory_centred,artifactbench__fmc_fit_only,artifactbench,generator,Riffusion,Riffusion,860,100,0.7371511627906976
trajectory_centred,artifactbench__fmc_fit_only,artifactbench,generator,Riffusion,Riffusion (AIME),860,30,0.9381782945736433
trajectory_centred,artifactbench__fmc_fit_only,artifactbench,generator,StableAudio,Stable Audio v1,860,50,0.9918372093023256
trajectory_centred,artifactbench__fmc_fit_only,artifactbench,generator,StableAudio,Stable Audio v2,860,50,0.9858372093023255
trajectory_centred,artifactbench__fmc_fit_only,artifactbench,generator,Suno,Google Chirp v2 XXL,860,80,0.9112936046511628
trajectory_centred,artifactbench__fmc_fit_only,artifactbench,generator,Suno,Google Chirp v3,860,80,0.8701162790697674
trajectory_centred,artifactbench__fmc_fit_only,artifactbench,generator,Suno,Google Chirp v3.5,860,80,0.8112936046511627
trajectory_centred,artifactbench__fmc_fit_only,artifactbench,generator,Suno,Suno (mixed),860,80,0.6736627906976743
trajectory_centred,artifactbench__fmc_fit_only,artifactbench,generator,Suno,Suno v3,860,30,0.986860465116279
trajectory_centred,artifactbench__fmc_fit_only,artifactbench,generator,Suno,Suno v3.5,860,29,0.9488372093023255
trajectory_centred,artifactbench__fmc_fit_only,artifactbench,generator,Suno,Suno v4,860,100,0.6262441860465116
trajectory_centred,artifactbench__fmc_fit_only,artifactbench,generator,Udio,Udio,860,100,0.7391162790697674
trajectory_centred,artifactbench__fmc_fit_only,artifactbench,generator,Udio,Udio (AIME),860,30,0.8216666666666668
trajectory_centred,artifactbench__fmc_fit_only,artifactbench,generator,Udio,Udio (SONICS 120s),860,80,0.7007558139534884
trajectory_centred,artifactbench__fmc_fit_only,artifactbench,generator,Udio,Udio (SONICS 30s),860,80,0.6890406976744186
trajectory_centred,artifactbench__fmc_fit_only,artifactbench,generator,Udio,Udio (mixed),860,80,0.5085174418604651
trajectory_centred,artifactbench__fmc_fit_only,artifactbench,generator,Udio,Udio CDN,860,18,0.4020671834625323
trajectory_centred,artifactbench__fmc_fit_only,artifactbench,generator,Udio,Udio CDN Latest,860,17,0.7332421340629275
trajectory_centred,artifactbench__fmc_fit_only,artifactbench,generator,Yue,Yue,860,100,0.813953488372093
fingerprint,artifactbench__base,artifactbench,family,DiffRhythm,DiffRhythm,860,100,0.9740232558139535
fingerprint,artifactbench__base,artifactbench,family,MusicGen,MusicGen,860,90,0.992764857881137
fingerprint,artifactbench__base,artifactbench,family,Riffusion,Riffusion,860,130,0.8256708407871198
fingerprint,artifactbench__base,artifactbench,family,StableAudio,StableAudio,860,100,0.9805465116279071
fingerprint,artifactbench__base,artifactbench,family,Suno,Suno,860,479,0.9601471088022528
fingerprint,artifactbench__base,artifactbench,family,Udio,Udio,860,405,0.7667499282227963
fingerprint,artifactbench__base,artifactbench,family,Yue,Yue,860,100,0.9719883720930231
fingerprint,artifactbench__base,artifactbench,generator,DiffRhythm,DiffRhythm,860,100,0.9740232558139535
fingerprint,artifactbench__base,artifactbench,generator,MusicGen,MusicGen Large,860,30,0.9899612403100774
fingerprint,artifactbench__base,artifactbench,generator,MusicGen,MusicGen Medium,860,30,0.9963953488372094
fingerprint,artifactbench__base,artifactbench,generator,MusicGen,MusicGen Small,860,30,0.991937984496124
fingerprint,artifactbench__base,artifactbench,generator,Riffusion,Riffusion,860,100,0.8927674418604651
fingerprint,artifactbench__base,artifactbench,generator,Riffusion,Riffusion (AIME),860,30,0.602015503875969
fingerprint,artifactbench__base,artifactbench,generator,StableAudio,Stable Audio v1,860,50,0.9818837209302326
fingerprint,artifactbench__base,artifactbench,generator,StableAudio,Stable Audio v2,860,50,0.9792093023255813
fingerprint,artifactbench__base,artifactbench,generator,Suno,Google Chirp v2 XXL,860,80,0.9992587209302326
fingerprint,artifactbench__base,artifactbench,generator,Suno,Google Chirp v3,860,80,0.9978052325581396
fingerprint,artifactbench__base,artifactbench,generator,Suno,Google Chirp v3.5,860,80,0.9992005813953488
fingerprint,artifactbench__base,artifactbench,generator,Suno,Suno (mixed),860,80,0.9327325581395349
fingerprint,artifactbench__base,artifactbench,generator,Suno,Suno v3,860,30,0.9700387596899225
fingerprint,artifactbench__base,artifactbench,generator,Suno,Suno v3.5,860,29,0.9899358460304731
fingerprint,artifactbench__base,artifactbench,generator,Suno,Suno v4,860,100,0.8778139534883722
fingerprint,artifactbench__base,artifactbench,generator,Udio,Udio,860,100,0.6136046511627907
fingerprint,artifactbench__base,artifactbench,generator,Udio,Udio (AIME),860,30,0.6736821705426357
fingerprint,artifactbench__base,artifactbench,generator,Udio,Udio (SONICS 120s),860,80,0.9946947674418605
fingerprint,artifactbench__base,artifactbench,generator,Udio,Udio (SONICS 30s),860,80,0.9635029069767442
fingerprint,artifactbench__base,artifactbench,generator,Udio,Udio (mixed),860,80,0.6216860465116278
fingerprint,artifactbench__base,artifactbench,generator,Udio,Udio CDN,860,18,0.6002583979328165
fingerprint,artifactbench__base,artifactbench,generator,Udio,Udio CDN Latest,860,17,0.6922024623803009
fingerprint,artifactbench__base,artifactbench,generator,Yue,Yue,860,100,0.9719883720930231
fingerprint,echoes__base,echoes,family,AceStep,AceStep,59,57,0.9655069878085043
fingerprint,echoes__base,echoes,family,AudioLDM,AudioLDM,59,115,0.9967575534266765
fingerprint,echoes__base,echoes,family,Brev,Brev,59,68,0.8835992023928215
fingerprint,echoes__base,echoes,family,DiffRhythm,DiffRhythm,59,120,0.9867231638418079
fingerprint,echoes__base,echoes,family,Mubert,Mubert,59,32,0.5195974576271187
fingerprint,echoes__base,echoes,family,Producer,Producer,59,68,0.939431704885344
fingerprint,echoes__base,echoes,family,SongGen,SongGen,59,111,0.9897694304473966
fingerprint,echoes__base,echoes,family,StableAudio,StableAudio,59,35,0.7801452784503632
fingerprint,echoes__base,echoes,family,Suno,Suno,59,68,0.910518444666002
fingerprint,echoes__base,echoes,family,Udio,Udio,59,68,0.6702392821535395
fingerprint,echoes__base,echoes,generator,AceStep,acestep,59,57,0.9655069878085043
fingerprint,echoes__base,echoes,generator,AudioLDM,audioldm,59,115,0.9967575534266765
fingerprint,echoes__base,echoes,generator,Brev,brev,59,68,0.8835992023928215
fingerprint,echoes__base,echoes,generator,DiffRhythm,diffrhythm,59,120,0.9867231638418079
fingerprint,echoes__base,echoes,generator,Mubert,mubert,59,32,0.5195974576271187
fingerprint,echoes__base,echoes,generator,Producer,producer,59,68,0.939431704885344
fingerprint,echoes__base,echoes,generator,SongGen,songgen,59,111,0.9897694304473966
fingerprint,echoes__base,echoes,generator,StableAudio,stableaudio,59,35,0.7801452784503632
fingerprint,echoes__base,echoes,generator,Suno,suno,59,68,0.910518444666002
fingerprint,echoes__base,echoes,generator,Udio,udio,59,68,0.6702392821535395
fingerprint,fakemusiccaps__base,fakemusiccaps,family,AudioLDM,AudioLDM,1102,1104,0.8789100515531708
fingerprint,fakemusiccaps__base,fakemusiccaps,family,MusicGen,MusicGen,1102,1104,0.9648703608721955
fingerprint,fakemusiccaps__base,fakemusiccaps,family,MusicLDM,MusicLDM,1102,1104,0.8730799074147136
fingerprint,fakemusiccaps__base,fakemusiccaps,family,Mustango,Mustango,1102,1104,0.9156605907572528
fingerprint,fakemusiccaps__base,fakemusiccaps,family,StableAudio,StableAudio,1102,1104,0.9463237131434283
fingerprint,fakemusiccaps__base,fakemusiccaps,generator,AudioLDM,audioldm2,1102,1104,0.8789100515531708
fingerprint,fakemusiccaps__base,fakemusiccaps,generator,MusicGen,MusicGen_medium,1102,1104,0.9648703608721955
fingerprint,fakemusiccaps__base,fakemusiccaps,generator,MusicLDM,musicldm,1102,1104,0.8730799074147136
fingerprint,fakemusiccaps__base,fakemusiccaps,generator,Mustango,mustango,1102,1104,0.9156605907572528
fingerprint,fakemusiccaps__base,fakemusiccaps,generator,StableAudio,stable_audio_open,1102,1104,0.9463237131434283
fingerprint,artifactbench__without_Suno,artifactbench,family,DiffRhythm,DiffRhythm,860,100,0.974046511627907
fingerprint,artifactbench__without_Suno,artifactbench,family,MusicGen,MusicGen,860,90,0.9940439276485787
fingerprint,artifactbench__without_Suno,artifactbench,family,Riffusion,Riffusion,860,130,0.8294812164579607
fingerprint,artifactbench__without_Suno,artifactbench,family,StableAudio,StableAudio,860,100,0.9779186046511628
fingerprint,artifactbench__without_Suno,artifactbench,family,Suno,Suno,860,479,0.9433218429868427
fingerprint,artifactbench__without_Suno,artifactbench,family,Udio,Udio,860,405,0.7716078093597473
fingerprint,artifactbench__without_Suno,artifactbench,family,Yue,Yue,860,100,0.9694534883720929
fingerprint,artifactbench__without_Suno,artifactbench,generator,DiffRhythm,DiffRhythm,860,100,0.974046511627907
fingerprint,artifactbench__without_Suno,artifactbench,generator,MusicGen,MusicGen Large,860,30,0.9904263565891472
fingerprint,artifactbench__without_Suno,artifactbench,generator,MusicGen,MusicGen Medium,860,30,0.9962403100775195
fingerprint,artifactbench__without_Suno,artifactbench,generator,MusicGen,MusicGen Small,860,30,0.9954651162790698
fingerprint,artifactbench__without_Suno,artifactbench,generator,Riffusion,Riffusion,860,100,0.894953488372093
fingerprint,artifactbench__without_Suno,artifactbench,generator,Riffusion,Riffusion (AIME),860,30,0.6112403100775194
fingerprint,artifactbench__without_Suno,artifactbench,generator,StableAudio,Stable Audio v1,860,50,0.979767441860465
fingerprint,artifactbench__without_Suno,artifactbench,generator,StableAudio,Stable Audio v2,860,50,0.9760697674418605
fingerprint,artifactbench__without_Suno,artifactbench,generator,Suno,Google Chirp v2 XXL,860,80,0.999563953488372
fingerprint,artifactbench__without_Suno,artifactbench,generator,Suno,Google Chirp v3,860,80,0.9989825581395347
fingerprint,artifactbench__without_Suno,artifactbench,generator,Suno,Google Chirp v3.5,860,80,0.9991860465116279
fingerprint,artifactbench__without_Suno,artifactbench,generator,Suno,Suno (mixed),860,80,0.8827034883720931
fingerprint,artifactbench__without_Suno,artifactbench,generator,Suno,Suno v3,860,30,0.9751550387596899
fingerprint,artifactbench__without_Suno,artifactbench,generator,Suno,Suno v3.5,860,29,0.9893344025661588
fingerprint,artifactbench__without_Suno,artifactbench,generator,Suno,Suno v4,860,100,0.8347093023255814
fingerprint,artifactbench__without_Suno,artifactbench,generator,Udio,Udio,860,100,0.6201046511627908
fingerprint,artifactbench__without_Suno,artifactbench,generator,Udio,Udio (AIME),860,30,0.6657364341085271
fingerprint,artifactbench__without_Suno,artifactbench,generator,Udio,Udio (SONICS 120s),860,80,0.9942441860465117
fingerprint,artifactbench__without_Suno,artifactbench,generator,Udio,Udio (SONICS 30s),860,80,0.9698401162790697
fingerprint,artifactbench__without_Suno,artifactbench,generator,Udio,Udio (mixed),860,80,0.6381540697674418
fingerprint,artifactbench__without_Suno,artifactbench,generator,Udio,Udio CDN,860,18,0.6036175710594316
fingerprint,artifactbench__without_Suno,artifactbench,generator,Udio,Udio CDN Latest,860,17,0.6749658002735979
fingerprint,artifactbench__without_Suno,artifactbench,generator,Yue,Yue,860,100,0.9694534883720929
fingerprint,artifactbench__count_control_Suno,artifactbench,family,DiffRhythm,DiffRhythm,860,100,0.9735
fingerprint,artifactbench__count_control_Suno,artifactbench,family,MusicGen,MusicGen,860,90,0.9935271317829457
fingerprint,artifactbench__count_control_Suno,artifactbench,family,Riffusion,Riffusion,860,130,0.8212254025044722
fingerprint,artifactbench__count_control_Suno,artifactbench,family,StableAudio,StableAudio,860,100,0.9831627906976744
fingerprint,artifactbench__count_control_Suno,artifactbench,family,Suno,Suno,860,479,0.9604165655192504
fingerprint,artifactbench__count_control_Suno,artifactbench,family,Udio,Udio,860,405,0.7664513350559863
fingerprint,artifactbench__count_control_Suno,artifactbench,family,Yue,Yue,860,100,0.9733953488372094
fingerprint,artifactbench__count_control_Suno,artifactbench,generator,DiffRhythm,DiffRhythm,860,100,0.9735
fingerprint,artifactbench__count_control_Suno,artifactbench,generator,MusicGen,MusicGen Large,860,30,0.9912403100775193
fingerprint,artifactbench__count_control_Suno,artifactbench,generator,MusicGen,MusicGen Medium,860,30,0.9955038759689923
fingerprint,artifactbench__count_control_Suno,artifactbench,generator,MusicGen,MusicGen Small,860,30,0.9938372093023256
fingerprint,artifactbench__count_control_Suno,artifactbench,generator,Riffusion,Riffusion,860,100,0.8823372093023256
fingerprint,artifactbench__count_control_Suno,artifactbench,generator,Riffusion,Riffusion (AIME),860,30,0.6175193798449613
fingerprint,artifactbench__count_control_Suno,artifactbench,generator,StableAudio,Stable Audio v1,860,50,0.9848837209302326
fingerprint,artifactbench__count_control_Suno,artifactbench,generator,StableAudio,Stable Audio v2,860,50,0.9814418604651163
fingerprint,artifactbench__count_control_Suno,artifactbench,generator,Suno,Google Chirp v2 XXL,860,80,0.9992296511627907
fingerprint,artifactbench__count_control_Suno,artifactbench,generator,Suno,Google Chirp v3,860,80,0.9965261627906976
fingerprint,artifactbench__count_control_Suno,artifactbench,generator,Suno,Google Chirp v3.5,860,80,0.9983139534883722
fingerprint,artifactbench__count_control_Suno,artifactbench,generator,Suno,Suno (mixed),860,80,0.9305813953488371
fingerprint,artifactbench__count_control_Suno,artifactbench,generator,Suno,Suno v3,860,30,0.9787984496124031
fingerprint,artifactbench__count_control_Suno,artifactbench,generator,Suno,Suno v3.5,860,29,0.9901764234161989
fingerprint,artifactbench__count_control_Suno,artifactbench,generator,Suno,Suno v4,860,100,0.8798837209302326
fingerprint,artifactbench__count_control_Suno,artifactbench,generator,Udio,Udio,860,100,0.6185
fingerprint,artifactbench__count_control_Suno,artifactbench,generator,Udio,Udio (AIME),860,30,0.674108527131783
fingerprint,artifactbench__count_control_Suno,artifactbench,generator,Udio,Udio (SONICS 120s),860,80,0.9905232558139535
fingerprint,artifactbench__count_control_Suno,artifactbench,generator,Udio,Udio (SONICS 30s),860,80,0.9513372093023256
fingerprint,artifactbench__count_control_Suno,artifactbench,generator,Udio,Udio (mixed),860,80,0.6302470930232558
fingerprint,artifactbench__count_control_Suno,artifactbench,generator,Udio,Udio CDN,860,18,0.5859819121447029
fingerprint,artifactbench__count_control_Suno,artifactbench,generator,Udio,Udio CDN Latest,860,17,0.7072503419972639
fingerprint,artifactbench__count_control_Suno,artifactbench,generator,Yue,Yue,860,100,0.9733953488372094
fingerprint,artifactbench__without_Udio,artifactbench,family,DiffRhythm,DiffRhythm,860,100,0.980406976744186
fingerprint,artifactbench__without_Udio,artifactbench,family,MusicGen,MusicGen,860,90,0.9956459948320413
fingerprint,artifactbench__without_Udio,artifactbench,family,Riffusion,Riffusion,860,130,0.8516457960644006
fingerprint,artifactbench__without_Udio,artifactbench,family,StableAudio,StableAudio,860,100,0.9882790697674418
fingerprint,artifactbench__without_Udio,artifactbench,family,Suno,Suno,860,479,0.9708646890323833
fingerprint,artifactbench__without_Udio,artifactbench,family,Udio,Udio,860,405,0.6424576514498996
fingerprint,artifactbench__without_Udio,artifactbench,family,Yue,Yue,860,100,0.990093023255814
fingerprint,artifactbench__without_Udio,artifactbench,generator,DiffRhythm,DiffRhythm,860,100,0.980406976744186
fingerprint,artifactbench__without_Udio,artifactbench,generator,MusicGen,MusicGen Large,860,30,0.9907751937984496
fingerprint,artifactbench__without_Udio,artifactbench,generator,MusicGen,MusicGen Medium,860,30,0.9965891472868217
fingerprint,artifactbench__without_Udio,artifactbench,generator,MusicGen,MusicGen Small,860,30,0.9995736434108526
fingerprint,artifactbench__without_Udio,artifactbench,generator,Riffusion,Riffusion,860,100,0.915453488372093
fingerprint,artifactbench__without_Udio,artifactbench,generator,Riffusion,Riffusion (AIME),860,30,0.638953488372093
fingerprint,artifactbench__without_Udio,artifactbench,generator,StableAudio,Stable Audio v1,860,50,0.9930232558139535
fingerprint,artifactbench__without_Udio,artifactbench,generator,StableAudio,Stable Audio v2,860,50,0.9835348837209302
fingerprint,artifactbench__without_Udio,artifactbench,generator,Suno,Google Chirp v2 XXL,860,80,0.9984302325581396
fingerprint,artifactbench__without_Udio,artifactbench,generator,Suno,Google Chirp v3,860,80,0.9985755813953489
fingerprint,artifactbench__without_Udio,artifactbench,generator,Suno,Google Chirp v3.5,860,80,0.9986337209302325
fingerprint,artifactbench__without_Udio,artifactbench,generator,Suno,Suno (mixed),860,80,0.9580377906976745
fingerprint,artifactbench__without_Udio,artifactbench,generator,Suno,Suno v3,860,30,0.9962403100775195
fingerprint,artifactbench__without_Udio,artifactbench,generator,Suno,Suno v3.5,860,29,0.9974338412189254
fingerprint,artifactbench__without_Udio,artifactbench,generator,Suno,Suno v4,860,100,0.8993720930232558
fingerprint,artifactbench__without_Udio,artifactbench,generator,Udio,Udio,860,100,0.5208604651162791
fingerprint,artifactbench__without_Udio,artifactbench,generator,Udio,Udio (AIME),860,30,0.538875968992248
fingerprint,artifactbench__without_Udio,artifactbench,generator,Udio,Udio (SONICS 120s),860,80,0.8129505813953489
fingerprint,artifactbench__without_Udio,artifactbench,generator,Udio,Udio (SONICS 30s),860,80,0.8132848837209303
fingerprint,artifactbench__without_Udio,artifactbench,generator,Udio,Udio (mixed),860,80,0.5175872093023255
fingerprint,artifactbench__without_Udio,artifactbench,generator,Udio,Udio CDN,860,18,0.47525839793281655
fingerprint,artifactbench__without_Udio,artifactbench,generator,Udio,Udio CDN Latest,860,17,0.6989740082079343
fingerprint,artifactbench__without_Udio,artifactbench,generator,Yue,Yue,860,100,0.990093023255814
fingerprint,artifactbench__count_control_Udio,artifactbench,family,DiffRhythm,DiffRhythm,860,100,0.9730581395348838
fingerprint,artifactbench__count_control_Udio,artifactbench,family,MusicGen,MusicGen,860,90,0.9939147286821706
fingerprint,artifactbench__count_control_Udio,artifactbench,family,Riffusion,Riffusion,860,130,0.8229695885509838
fingerprint,artifactbench__count_control_Udio,artifactbench,family,StableAudio,StableAudio,860,100,0.9778255813953488
fingerprint,artifactbench__count_control_Udio,artifactbench,family,Suno,Suno,860,479,0.9613948633296111
fingerprint,artifactbench__count_control_Udio,artifactbench,family,Udio,Udio,860,405,0.7634912431811656
fingerprint,artifactbench__count_control_Udio,artifactbench,family,Yue,Yue,860,100,0.9759418604651163
fingerprint,artifactbench__count_control_Udio,artifactbench,generator,DiffRhythm,DiffRhythm,860,100,0.9730581395348838
fingerprint,artifactbench__count_control_Udio,artifactbench,generator,MusicGen,MusicGen Large,860,30,0.9917441860465117
fingerprint,artifactbench__count_control_Udio,artifactbench,generator,MusicGen,MusicGen Medium,860,30,0.9951937984496124
fingerprint,artifactbench__count_control_Udio,artifactbench,generator,MusicGen,MusicGen Small,860,30,0.9948062015503877
fingerprint,artifactbench__count_control_Udio,artifactbench,generator,Riffusion,Riffusion,860,100,0.885093023255814
fingerprint,artifactbench__count_control_Udio,artifactbench,generator,Riffusion,Riffusion (AIME),860,30,0.6158914728682172
fingerprint,artifactbench__count_control_Udio,artifactbench,generator,StableAudio,Stable Audio v1,860,50,0.9805116279069768
fingerprint,artifactbench__count_control_Udio,artifactbench,generator,StableAudio,Stable Audio v2,860,50,0.975139534883721
fingerprint,artifactbench__count_control_Udio,artifactbench,generator,Suno,Google Chirp v2 XXL,860,80,0.9995494186046512
fingerprint,artifactbench__count_control_Udio,artifactbench,generator,Suno,Google Chirp v3,860,80,0.997906976744186
fingerprint,artifactbench__count_control_Udio,artifactbench,generator,Suno,Google Chirp v3.5,860,80,0.9990261627906977
fingerprint,artifactbench__count_control_Udio,artifactbench,generator,Suno,Suno (mixed),860,80,0.9357994186046512
fingerprint,artifactbench__count_control_Udio,artifactbench,generator,Suno,Suno v3,860,30,0.977170542635659
fingerprint,artifactbench__count_control_Udio,artifactbench,generator,Suno,Suno v3.5,860,29,0.9900160384923817
fingerprint,artifactbench__count_control_Udio,artifactbench,generator,Suno,Suno v4,860,100,0.8790000000000001
fingerprint,artifactbench__count_control_Udio,artifactbench,generator,Udio,Udio,860,100,0.6251511627906977
fingerprint,artifactbench__count_control_Udio,artifactbench,generator,Udio,Udio (AIME),860,30,0.6586046511627908
fingerprint,artifactbench__count_control_Udio,artifactbench,generator,Udio,Udio (SONICS 120s),860,80,0.9917296511627908
fingerprint,artifactbench__count_control_Udio,artifactbench,generator,Udio,Udio (SONICS 30s),860,80,0.9574127906976744
fingerprint,artifactbench__count_control_Udio,artifactbench,generator,Udio,Udio (mixed),860,80,0.6054796511627907
fingerprint,artifactbench__count_control_Udio,artifactbench,generator,Udio,Udio CDN,860,18,0.5773255813953488
fingerprint,artifactbench__count_control_Udio,artifactbench,generator,Udio,Udio CDN Latest,860,17,0.7164158686730506
fingerprint,artifactbench__count_control_Udio,artifactbench,generator,Yue,Yue,860,100,0.9759418604651163
fingerprint,artifactbench__without_MusicGen,artifactbench,family,DiffRhythm,DiffRhythm,860,100,0.978360465116279
fingerprint,artifactbench__without_MusicGen,artifactbench,family,MusicGen,MusicGen,860,90,0.9356589147286821
fingerprint,artifactbench__without_MusicGen,artifactbench,family,Riffusion,Riffusion,860,130,0.8196779964221824
fingerprint,artifactbench__without_MusicGen,artifactbench,family,StableAudio,StableAudio,860,100,0.9791744186046512
fingerprint,artifactbench__without_MusicGen,artifactbench,family,Suno,Suno,860,479,0.9573141719667914
fingerprint,artifactbench__without_MusicGen,artifactbench,family,Udio,Udio,860,405,0.7788084984209014
fingerprint,artifactbench__without_MusicGen,artifactbench,family,Yue,Yue,860,100,0.9638720930232558
fingerprint,artifactbench__without_MusicGen,artifactbench,generator,DiffRhythm,DiffRhythm,860,100,0.978360465116279
fingerprint,artifactbench__without_MusicGen,artifactbench,generator,MusicGen,MusicGen Large,860,30,0.9336046511627907
fingerprint,artifactbench__without_MusicGen,artifactbench,generator,MusicGen,MusicGen Medium,860,30,0.9694573643410852
fingerprint,artifactbench__without_MusicGen,artifactbench,generator,MusicGen,MusicGen Small,860,30,0.9039147286821706
fingerprint,artifactbench__without_MusicGen,artifactbench,generator,Riffusion,Riffusion,860,100,0.8866395348837209
fingerprint,artifactbench__without_MusicGen,artifactbench,generator,Riffusion,Riffusion (AIME),860,30,0.5964728682170544
fingerprint,artifactbench__without_MusicGen,artifactbench,generator,StableAudio,Stable Audio v1,860,50,0.9845813953488373
fingerprint,artifactbench__without_MusicGen,artifactbench,generator,StableAudio,Stable Audio v2,860,50,0.9737674418604652
fingerprint,artifactbench__without_MusicGen,artifactbench,generator,Suno,Google Chirp v2 XXL,860,80,0.9989098837209303
fingerprint,artifactbench__without_MusicGen,artifactbench,generator,Suno,Google Chirp v3,860,80,0.9971511627906977
fingerprint,artifactbench__without_MusicGen,artifactbench,generator,Suno,Google Chirp v3.5,860,80,0.9982994186046512
fingerprint,artifactbench__without_MusicGen,artifactbench,generator,Suno,Suno (mixed),860,80,0.9280813953488373
fingerprint,artifactbench__without_MusicGen,artifactbench,generator,Suno,Suno v3,860,30,0.9527519379844961
fingerprint,artifactbench__without_MusicGen,artifactbench,generator,Suno,Suno v3.5,860,29,0.9802325581395349
fingerprint,artifactbench__without_MusicGen,artifactbench,generator,Suno,Suno v4,860,100,0.8774883720930231
fingerprint,artifactbench__without_MusicGen,artifactbench,generator,Udio,Udio,860,100,0.6330232558139535
fingerprint,artifactbench__without_MusicGen,artifactbench,generator,Udio,Udio (AIME),860,30,0.6934883720930233
fingerprint,artifactbench__without_MusicGen,artifactbench,generator,Udio,Udio (SONICS 120s),860,80,0.9960610465116279
fingerprint,artifactbench__without_MusicGen,artifactbench,generator,Udio,Udio (SONICS 30s),860,80,0.9692877906976745
fingerprint,artifactbench__without_MusicGen,artifactbench,generator,Udio,Udio (mixed),860,80,0.6316569767441862
fingerprint,artifactbench__without_MusicGen,artifactbench,generator,Udio,Udio CDN,860,18,0.6098837209302326
fingerprint,artifactbench__without_MusicGen,artifactbench,generator,Udio,Udio CDN Latest,860,17,0.7395348837209302
fingerprint,artifactbench__without_MusicGen,artifactbench,generator,Yue,Yue,860,100,0.9638720930232558
fingerprint,artifactbench__count_control_MusicGen,artifactbench,family,DiffRhythm,DiffRhythm,860,100,0.9721976744186047
fingerprint,artifactbench__count_control_MusicGen,artifactbench,family,MusicGen,MusicGen,860,90,0.9919121447028424
fingerprint,artifactbench__count_control_MusicGen,artifactbench,family,Riffusion,Riffusion,860,130,0.8239803220035777
fingerprint,artifactbench__count_control_MusicGen,artifactbench,family,StableAudio,StableAudio,860,100,0.9793023255813953
fingerprint,artifactbench__count_control_MusicGen,artifactbench,family,Suno,Suno,860,479,0.9603801524493858
fingerprint,artifactbench__count_control_MusicGen,artifactbench,family,Udio,Udio,860,405,0.7752167671547517
fingerprint,artifactbench__count_control_MusicGen,artifactbench,family,Yue,Yue,860,100,0.9697209302325582
fingerprint,artifactbench__count_control_MusicGen,artifactbench,generator,DiffRhythm,DiffRhythm,860,100,0.9721976744186047
fingerprint,artifactbench__count_control_MusicGen,artifactbench,generator,MusicGen,MusicGen Large,860,30,0.987906976744186
fingerprint,artifactbench__count_control_MusicGen,artifactbench,generator,MusicGen,MusicGen Medium,860,30,0.9963565891472869
fingerprint,artifactbench__count_control_MusicGen,artifactbench,generator,MusicGen,MusicGen Small,860,30,0.9914728682170543
fingerprint,artifactbench__count_control_MusicGen,artifactbench,generator,Riffusion,Riffusion,860,100,0.8835232558139535
fingerprint,artifactbench__count_control_MusicGen,artifactbench,generator,Riffusion,Riffusion (AIME),860,30,0.6255038759689923
fingerprint,artifactbench__count_control_MusicGen,artifactbench,generator,StableAudio,Stable Audio v1,860,50,0.9854883720930232
fingerprint,artifactbench__count_control_MusicGen,artifactbench,generator,StableAudio,Stable Audio v2,860,50,0.9731162790697674
fingerprint,artifactbench__count_control_MusicGen,artifactbench,generator,Suno,Google Chirp v2 XXL,860,80,0.9994912790697674
fingerprint,artifactbench__count_control_MusicGen,artifactbench,generator,Suno,Google Chirp v3,860,80,0.9978633720930232
fingerprint,artifactbench__count_control_MusicGen,artifactbench,generator,Suno,Google Chirp v3.5,860,80,0.9991133720930232
fingerprint,artifactbench__count_control_MusicGen,artifactbench,generator,Suno,Suno (mixed),860,80,0.9287790697674417
fingerprint,artifactbench__count_control_MusicGen,artifactbench,generator,Suno,Suno v3,860,30,0.973875968992248
fingerprint,artifactbench__count_control_MusicGen,artifactbench,generator,Suno,Suno v3.5,860,29,0.9926623897353649
fingerprint,artifactbench__count_control_MusicGen,artifactbench,generator,Suno,Suno v4,860,100,0.8799883720930232
fingerprint,artifactbench__count_control_MusicGen,artifactbench,generator,Udio,Udio,860,100,0.6286860465116278
fingerprint,artifactbench__count_control_MusicGen,artifactbench,generator,Udio,Udio (AIME),860,30,0.6744573643410854
fingerprint,artifactbench__count_control_MusicGen,artifactbench,generator,Udio,Udio (SONICS 120s),860,80,0.995
fingerprint,artifactbench__count_control_MusicGen,artifactbench,generator,Udio,Udio (SONICS 30s),860,80,0.962514534883721
fingerprint,artifactbench__count_control_MusicGen,artifactbench,generator,Udio,Udio (mixed),860,80,0.6382558139534884
fingerprint,artifactbench__count_control_MusicGen,artifactbench,generator,Udio,Udio CDN,860,18,0.6348191214470285
fingerprint,artifactbench__count_control_MusicGen,artifactbench,generator,Udio,Udio CDN Latest,860,17,0.6924760601915184
fingerprint,artifactbench__count_control_MusicGen,artifactbench,generator,Yue,Yue,860,100,0.9697209302325582
fingerprint,echoes__without_Suno,echoes,family,AceStep,AceStep,59,57,0.967291109128754
fingerprint,echoes__without_Suno,echoes,family,AudioLDM,AudioLDM,59,115,0.9991156963890936
fingerprint,echoes__without_Suno,echoes,family,Brev,Brev,59,68,0.8250249252243269
fingerprint,echoes__without_Suno,echoes,family,DiffRhythm,DiffRhythm,59,120,0.9862994350282486
fingerprint,echoes__without_Suno,echoes,family,Mubert,Mubert,59,32,0.4920550847457627
fingerprint,echoes__without_Suno,echoes,family,Producer,Producer,59,68,0.9379361914257229
fingerprint,echoes__without_Suno,echoes,family,SongGen,SongGen,59,111,0.9932814170102305
fingerprint,echoes__without_Suno,echoes,family,StableAudio,StableAudio,59,35,0.7777239709443099
fingerprint,echoes__without_Suno,echoes,family,Suno,Suno,59,68,0.8766201395812563
fingerprint,echoes__without_Suno,echoes,family,Udio,Udio,59,68,0.678963110667996
fingerprint,echoes__without_Suno,echoes,generator,AceStep,acestep,59,57,0.967291109128754
fingerprint,echoes__without_Suno,echoes,generator,AudioLDM,audioldm,59,115,0.9991156963890936
fingerprint,echoes__without_Suno,echoes,generator,Brev,brev,59,68,0.8250249252243269
fingerprint,echoes__without_Suno,echoes,generator,DiffRhythm,diffrhythm,59,120,0.9862994350282486
fingerprint,echoes__without_Suno,echoes,generator,Mubert,mubert,59,32,0.4920550847457627
fingerprint,echoes__without_Suno,echoes,generator,Producer,producer,59,68,0.9379361914257229
fingerprint,echoes__without_Suno,echoes,generator,SongGen,songgen,59,111,0.9932814170102305
fingerprint,echoes__without_Suno,echoes,generator,StableAudio,stableaudio,59,35,0.7777239709443099
fingerprint,echoes__without_Suno,echoes,generator,Suno,suno,59,68,0.8766201395812563
fingerprint,echoes__without_Suno,echoes,generator,Udio,udio,59,68,0.678963110667996
fingerprint,echoes__count_control_Suno,echoes,family,AceStep,AceStep,59,57,0.9675884626821292
fingerprint,echoes__count_control_Suno,echoes,family,AudioLDM,AudioLDM,59,115,0.9980840088430362
fingerprint,echoes__count_control_Suno,echoes,family,Brev,Brev,59,68,0.8738783649052841
fingerprint,echoes__count_control_Suno,echoes,family,DiffRhythm,DiffRhythm,59,120,0.9870056497175141
fingerprint,echoes__count_control_Suno,echoes,family,Mubert,Mubert,59,32,0.4915254237288136
fingerprint,echoes__count_control_Suno,echoes,family,Producer,Producer,59,68,0.9259720837487537
fingerprint,echoes__count_control_Suno,echoes,family,SongGen,SongGen,59,111,0.9883951748358528
fingerprint,echoes__count_control_Suno,echoes,family,StableAudio,StableAudio,59,35,0.7564164648910412
fingerprint,echoes__count_control_Suno,echoes,family,Suno,Suno,59,68,0.8993020937188435
fingerprint,echoes__count_control_Suno,echoes,family,Udio,Udio,59,68,0.655284147557328
fingerprint,echoes__count_control_Suno,echoes,generator,AceStep,acestep,59,57,0.9675884626821292
fingerprint,echoes__count_control_Suno,echoes,generator,AudioLDM,audioldm,59,115,0.9980840088430362
fingerprint,echoes__count_control_Suno,echoes,generator,Brev,brev,59,68,0.8738783649052841
fingerprint,echoes__count_control_Suno,echoes,generator,DiffRhythm,diffrhythm,59,120,0.9870056497175141
fingerprint,echoes__count_control_Suno,echoes,generator,Mubert,mubert,59,32,0.4915254237288136
fingerprint,echoes__count_control_Suno,echoes,generator,Producer,producer,59,68,0.9259720837487537
fingerprint,echoes__count_control_Suno,echoes,generator,SongGen,songgen,59,111,0.9883951748358528
fingerprint,echoes__count_control_Suno,echoes,generator,StableAudio,stableaudio,59,35,0.7564164648910412
fingerprint,echoes__count_control_Suno,echoes,generator,Suno,suno,59,68,0.8993020937188435
fingerprint,echoes__count_control_Suno,echoes,generator,Udio,udio,59,68,0.655284147557328
fingerprint,echoes__without_Udio,echoes,family,AceStep,AceStep,59,57,0.9836455545643771
fingerprint,echoes__without_Udio,echoes,family,AudioLDM,AudioLDM,59,115,0.9967575534266765
fingerprint,echoes__without_Udio,echoes,family,Brev,Brev,59,68,0.9538883349950149
fingerprint,echoes__without_Udio,echoes,family,DiffRhythm,DiffRhythm,59,120,0.9963276836158192
fingerprint,echoes__without_Udio,echoes,family,Mubert,Mubert,59,32,0.5492584745762712
fingerprint,echoes__without_Udio,echoes,family,Producer,Producer,59,68,0.9469092721834497
fingerprint,echoes__without_Udio,echoes,family,SongGen,SongGen,59,111,0.9812185066422354
fingerprint,echoes__without_Udio,echoes,family,StableAudio,StableAudio,59,35,0.8256658595641646
fingerprint,echoes__without_Udio,echoes,family,Suno,Suno,59,68,0.9451645064805584
fingerprint,echoes__without_Udio,echoes,family,Udio,Udio,59,68,0.5752741774675971
fingerprint,echoes__without_Udio,echoes,generator,AceStep,acestep,59,57,0.9836455545643771
fingerprint,echoes__without_Udio,echoes,generator,AudioLDM,audioldm,59,115,0.9967575534266765
fingerprint,echoes__without_Udio,echoes,generator,Brev,brev,59,68,0.9538883349950149
fingerprint,echoes__without_Udio,echoes,generator,DiffRhythm,diffrhythm,59,120,0.9963276836158192
fingerprint,echoes__without_Udio,echoes,generator,Mubert,mubert,59,32,0.5492584745762712
fingerprint,echoes__without_Udio,echoes,generator,Producer,producer,59,68,0.9469092721834497
fingerprint,echoes__without_Udio,echoes,generator,SongGen,songgen,59,111,0.9812185066422354
fingerprint,echoes__without_Udio,echoes,generator,StableAudio,stableaudio,59,35,0.8256658595641646
fingerprint,echoes__without_Udio,echoes,generator,Suno,suno,59,68,0.9451645064805584
fingerprint,echoes__without_Udio,echoes,generator,Udio,udio,59,68,0.5752741774675971
fingerprint,echoes__count_control_Udio,echoes,family,AceStep,AceStep,59,57,0.9726434730895034
fingerprint,echoes__count_control_Udio,echoes,family,AudioLDM,AudioLDM,59,115,0.9952837140751658
fingerprint,echoes__count_control_Udio,echoes,family,Brev,Brev,59,68,0.8983050847457628
fingerprint,echoes__count_control_Udio,echoes,family,DiffRhythm,DiffRhythm,59,120,0.9875706214689266
fingerprint,echoes__count_control_Udio,echoes,family,Mubert,Mubert,59,32,0.545021186440678
fingerprint,echoes__count_control_Udio,echoes,family,Producer,Producer,59,68,0.939431704885344
fingerprint,echoes__count_control_Udio,echoes,family,SongGen,SongGen,59,111,0.9865628340204611
fingerprint,echoes__count_control_Udio,echoes,family,StableAudio,StableAudio,59,35,0.8009685230024213
fingerprint,echoes__count_control_Udio,echoes,family,Suno,Suno,59,68,0.9217347956131605
fingerprint,echoes__count_control_Udio,echoes,family,Udio,Udio,59,68,0.6704885343968096
fingerprint,echoes__count_control_Udio,echoes,generator,AceStep,acestep,59,57,0.9726434730895034
fingerprint,echoes__count_control_Udio,echoes,generator,AudioLDM,audioldm,59,115,0.9952837140751658
fingerprint,echoes__count_control_Udio,echoes,generator,Brev,brev,59,68,0.8983050847457628
fingerprint,echoes__count_control_Udio,echoes,generator,DiffRhythm,diffrhythm,59,120,0.9875706214689266
fingerprint,echoes__count_control_Udio,echoes,generator,Mubert,mubert,59,32,0.545021186440678
fingerprint,echoes__count_control_Udio,echoes,generator,Producer,producer,59,68,0.939431704885344
fingerprint,echoes__count_control_Udio,echoes,generator,SongGen,songgen,59,111,0.9865628340204611
fingerprint,echoes__count_control_Udio,echoes,generator,StableAudio,stableaudio,59,35,0.8009685230024213
fingerprint,echoes__count_control_Udio,echoes,generator,Suno,suno,59,68,0.9217347956131605
fingerprint,echoes__count_control_Udio,echoes,generator,Udio,udio,59,68,0.6704885343968096
fingerprint,fakemusiccaps__without_MusicGen,fakemusiccaps,family,AudioLDM,AudioLDM,1102,1104,0.8729311331176517
fingerprint,fakemusiccaps__without_MusicGen,fakemusiccaps,family,MusicGen,MusicGen,1102,1104,0.9202693061364055
fingerprint,fakemusiccaps__without_MusicGen,fakemusiccaps,family,MusicLDM,MusicLDM,1102,1104,0.8677840356137722
fingerprint,fakemusiccaps__without_MusicGen,fakemusiccaps,family,Mustango,Mustango,1102,1104,0.9164924116888924
fingerprint,fakemusiccaps__without_MusicGen,fakemusiccaps,family,StableAudio,StableAudio,1102,1104,0.943833182093164
fingerprint,fakemusiccaps__without_MusicGen,fakemusiccaps,generator,AudioLDM,audioldm2,1102,1104,0.8729311331176517
fingerprint,fakemusiccaps__without_MusicGen,fakemusiccaps,generator,MusicGen,MusicGen_medium,1102,1104,0.9202693061364055
fingerprint,fakemusiccaps__without_MusicGen,fakemusiccaps,generator,MusicLDM,musicldm,1102,1104,0.8677840356137722
fingerprint,fakemusiccaps__without_MusicGen,fakemusiccaps,generator,Mustango,mustango,1102,1104,0.9164924116888924
fingerprint,fakemusiccaps__without_MusicGen,fakemusiccaps,generator,StableAudio,stable_audio_open,1102,1104,0.943833182093164
fingerprint,fakemusiccaps__count_control_MusicGen,fakemusiccaps,family,AudioLDM,AudioLDM,1102,1104,0.8687021620768564
fingerprint,fakemusiccaps__count_control_MusicGen,fakemusiccaps,family,MusicGen,MusicGen,1102,1104,0.9608477011494252
fingerprint,fakemusiccaps__count_control_MusicGen,fakemusiccaps,family,MusicLDM,MusicLDM,1102,1104,0.8693942502432994
fingerprint,fakemusiccaps__count_control_MusicGen,fakemusiccaps,family,Mustango,Mustango,1102,1104,0.912407283200505
fingerprint,fakemusiccaps__count_control_MusicGen,fakemusiccaps,family,StableAudio,StableAudio,1102,1104,0.9390732265446223
fingerprint,fakemusiccaps__count_control_MusicGen,fakemusiccaps,generator,AudioLDM,audioldm2,1102,1104,0.8687021620768564
fingerprint,fakemusiccaps__count_control_MusicGen,fakemusiccaps,generator,MusicGen,MusicGen_medium,1102,1104,0.9608477011494252
fingerprint,fakemusiccaps__count_control_MusicGen,fakemusiccaps,generator,MusicLDM,musicldm,1102,1104,0.8693942502432994
fingerprint,fakemusiccaps__count_control_MusicGen,fakemusiccaps,generator,Mustango,mustango,1102,1104,0.912407283200505
fingerprint,fakemusiccaps__count_control_MusicGen,fakemusiccaps,generator,StableAudio,stable_audio_open,1102,1104,0.9390732265446223
fingerprint,artifactbench__without_StableAudio,artifactbench,family,DiffRhythm,DiffRhythm,860,100,0.9424767441860465
fingerprint,artifactbench__without_StableAudio,artifactbench,family,MusicGen,MusicGen,860,90,0.9971317829457365
fingerprint,artifactbench__without_StableAudio,artifactbench,family,Riffusion,Riffusion,860,130,0.7693112701252236
fingerprint,artifactbench__without_StableAudio,artifactbench,family,StableAudio,StableAudio,860,100,0.9574651162790697
fingerprint,artifactbench__without_StableAudio,artifactbench,family,Suno,Suno,860,479,0.9656090692819342
fingerprint,artifactbench__without_StableAudio,artifactbench,family,Udio,Udio,860,405,0.7849669824863623
fingerprint,artifactbench__without_StableAudio,artifactbench,family,Yue,Yue,860,100,0.981360465116279
fingerprint,artifactbench__without_StableAudio,artifactbench,generator,DiffRhythm,DiffRhythm,860,100,0.9424767441860465
fingerprint,artifactbench__without_StableAudio,artifactbench,generator,MusicGen,MusicGen Large,860,30,0.9975968992248062
fingerprint,artifactbench__without_StableAudio,artifactbench,generator,MusicGen,MusicGen Medium,860,30,0.9977906976744186
fingerprint,artifactbench__without_StableAudio,artifactbench,generator,MusicGen,MusicGen Small,860,30,0.9960077519379845
fingerprint,artifactbench__without_StableAudio,artifactbench,generator,Riffusion,Riffusion,860,100,0.8106046511627907
fingerprint,artifactbench__without_StableAudio,artifactbench,generator,Riffusion,Riffusion (AIME),860,30,0.6316666666666666
fingerprint,artifactbench__without_StableAudio,artifactbench,generator,StableAudio,Stable Audio v1,860,50,0.9421162790697674
fingerprint,artifactbench__without_StableAudio,artifactbench,generator,StableAudio,Stable Audio v2,860,50,0.9728139534883722
fingerprint,artifactbench__without_StableAudio,artifactbench,generator,Suno,Google Chirp v2 XXL,860,80,0.9990116279069767
fingerprint,artifactbench__without_StableAudio,artifactbench,generator,Suno,Google Chirp v3,860,80,0.9986191860465117
fingerprint,artifactbench__without_StableAudio,artifactbench,generator,Suno,Google Chirp v3.5,860,80,0.998968023255814
fingerprint,artifactbench__without_StableAudio,artifactbench,generator,Suno,Suno (mixed),860,80,0.9436046511627907
fingerprint,artifactbench__without_StableAudio,artifactbench,generator,Suno,Suno v3,860,30,0.9677131782945736
fingerprint,artifactbench__without_StableAudio,artifactbench,generator,Suno,Suno v3.5,860,29,0.9912189254210104
fingerprint,artifactbench__without_StableAudio,artifactbench,generator,Suno,Suno v4,860,100,0.8953372093023255
fingerprint,artifactbench__without_StableAudio,artifactbench,generator,Udio,Udio,860,100,0.6472558139534884
fingerprint,artifactbench__without_StableAudio,artifactbench,generator,Udio,Udio (AIME),860,30,0.7045736434108527
fingerprint,artifactbench__without_StableAudio,artifactbench,generator,Udio,Udio (SONICS 120s),860,80,0.9961918604651163
fingerprint,artifactbench__without_StableAudio,artifactbench,generator,Udio,Udio (SONICS 30s),860,80,0.9639389534883721
fingerprint,artifactbench__without_StableAudio,artifactbench,generator,Udio,Udio (mixed),860,80,0.6579941860465117
fingerprint,artifactbench__without_StableAudio,artifactbench,generator,Udio,Udio CDN,860,18,0.6057493540051679
fingerprint,artifactbench__without_StableAudio,artifactbench,generator,Udio,Udio CDN Latest,860,17,0.6879616963064294
fingerprint,artifactbench__without_StableAudio,artifactbench,generator,Yue,Yue,860,100,0.981360465116279
fingerprint,artifactbench__count_control_StableAudio,artifactbench,family,DiffRhythm,DiffRhythm,860,100,0.9689302325581395
fingerprint,artifactbench__count_control_StableAudio,artifactbench,family,MusicGen,MusicGen,860,90,0.9939793281653747
fingerprint,artifactbench__count_control_StableAudio,artifactbench,family,Riffusion,Riffusion,860,130,0.8234973166368513
fingerprint,artifactbench__count_control_StableAudio,artifactbench,family,StableAudio,StableAudio,860,100,0.9763720930232558
fingerprint,artifactbench__count_control_StableAudio,artifactbench,family,Suno,Suno,860,479,0.9615817837549159
fingerprint,artifactbench__count_control_StableAudio,artifactbench,family,Udio,Udio,860,405,0.7775911570485214
fingerprint,artifactbench__count_control_StableAudio,artifactbench,family,Yue,Yue,860,100,0.9717558139534883
fingerprint,artifactbench__count_control_StableAudio,artifactbench,generator,DiffRhythm,DiffRhythm,860,100,0.9689302325581395
fingerprint,artifactbench__count_control_StableAudio,artifactbench,generator,MusicGen,MusicGen Large,860,30,0.9884496124031008
fingerprint,artifactbench__count_control_StableAudio,artifactbench,generator,MusicGen,MusicGen Medium,860,30,0.9972480620155039
fingerprint,artifactbench__count_control_StableAudio,artifactbench,generator,MusicGen,MusicGen Small,860,30,0.9962403100775195
fingerprint,artifactbench__count_control_StableAudio,artifactbench,generator,Riffusion,Riffusion,860,100,0.8899651162790697
fingerprint,artifactbench__count_control_StableAudio,artifactbench,generator,Riffusion,Riffusion (AIME),860,30,0.601937984496124
fingerprint,artifactbench__count_control_StableAudio,artifactbench,generator,StableAudio,Stable Audio v1,860,50,0.9798372093023255
fingerprint,artifactbench__count_control_StableAudio,artifactbench,generator,StableAudio,Stable Audio v2,860,50,0.972906976744186
fingerprint,artifactbench__count_control_StableAudio,artifactbench,generator,Suno,Google Chirp v2 XXL,860,80,0.9993459302325582
fingerprint,artifactbench__count_control_StableAudio,artifactbench,generator,Suno,Google Chirp v3,860,80,0.9982412790697675
fingerprint,artifactbench__count_control_StableAudio,artifactbench,generator,Suno,Google Chirp v3.5,860,80,0.9990843023255814
fingerprint,artifactbench__count_control_StableAudio,artifactbench,generator,Suno,Suno (mixed),860,80,0.9323401162790699
fingerprint,artifactbench__count_control_StableAudio,artifactbench,generator,Suno,Suno v3,860,30,0.9739922480620156
fingerprint,artifactbench__count_control_StableAudio,artifactbench,generator,Suno,Suno v3.5,860,29,0.9876102646351242
fingerprint,artifactbench__count_control_StableAudio,artifactbench,generator,Suno,Suno v4,860,100,0.8841627906976743
fingerprint,artifactbench__count_control_StableAudio,artifactbench,generator,Udio,Udio,860,100,0.637139534883721
fingerprint,artifactbench__count_control_StableAudio,artifactbench,generator,Udio,Udio (AIME),860,30,0.6914728682170542
fingerprint,artifactbench__count_control_StableAudio,artifactbench,generator,Udio,Udio (SONICS 120s),860,80,0.9947819767441861
fingerprint,artifactbench__count_control_StableAudio,artifactbench,generator,Udio,Udio (SONICS 30s),860,80,0.9637790697674419
fingerprint,artifactbench__count_control_StableAudio,artifactbench,generator,Udio,Udio (mixed),860,80,0.6304069767441861
fingerprint,artifactbench__count_control_StableAudio,artifactbench,generator,Udio,Udio CDN,860,18,0.6478682170542636
fingerprint,artifactbench__count_control_StableAudio,artifactbench,generator,Udio,Udio CDN Latest,860,17,0.6874829001367989
fingerprint,artifactbench__count_control_StableAudio,artifactbench,generator,Yue,Yue,860,100,0.9717558139534883
fingerprint,artifactbench__without_DiffRhythm,artifactbench,family,DiffRhythm,DiffRhythm,860,100,0.9649651162790698
fingerprint,artifactbench__without_DiffRhythm,artifactbench,family,MusicGen,MusicGen,860,90,0.9943927648578811
fingerprint,artifactbench__without_DiffRhythm,artifactbench,family,Riffusion,Riffusion,860,130,0.8185778175313059
fingerprint,artifactbench__without_DiffRhythm,artifactbench,family,StableAudio,StableAudio,860,100,0.9791627906976745
fingerprint,artifactbench__without_DiffRhythm,artifactbench,family,Suno,Suno,860,479,0.9614943923872409
fingerprint,artifactbench__without_DiffRhythm,artifactbench,family,Udio,Udio,860,405,0.7677088716623601
fingerprint,artifactbench__without_DiffRhythm,artifactbench,family,Yue,Yue,860,100,0.9721976744186047
fingerprint,artifactbench__without_DiffRhythm,artifactbench,generator,DiffRhythm,DiffRhythm,860,100,0.9649651162790698
fingerprint,artifactbench__without_DiffRhythm,artifactbench,generator,MusicGen,MusicGen Large,860,30,0.9915503875968992
fingerprint,artifactbench__without_DiffRhythm,artifactbench,generator,MusicGen,MusicGen Medium,860,30,0.997170542635659
fingerprint,artifactbench__without_DiffRhythm,artifactbench,generator,MusicGen,MusicGen Small,860,30,0.9944573643410852
fingerprint,artifactbench__without_DiffRhythm,artifactbench,generator,Riffusion,Riffusion,860,100,0.8845
fingerprint,artifactbench__without_DiffRhythm,artifactbench,generator,Riffusion,Riffusion (AIME),860,30,0.5988372093023255
fingerprint,artifactbench__without_DiffRhythm,artifactbench,generator,StableAudio,Stable Audio v1,860,50,0.9824418604651163
fingerprint,artifactbench__without_DiffRhythm,artifactbench,generator,StableAudio,Stable Audio v2,860,50,0.9758837209302325
fingerprint,artifactbench__without_DiffRhythm,artifactbench,generator,Suno,Google Chirp v2 XXL,860,80,0.9991279069767441
fingerprint,artifactbench__without_DiffRhythm,artifactbench,generator,Suno,Google Chirp v3,860,80,0.9971947674418604
fingerprint,artifactbench__without_DiffRhythm,artifactbench,generator,Suno,Google Chirp v3.5,860,80,0.9989098837209303
fingerprint,artifactbench__without_DiffRhythm,artifactbench,generator,Suno,Suno (mixed),860,80,0.9380523255813953
fingerprint,artifactbench__without_DiffRhythm,artifactbench,generator,Suno,Suno v3,860,30,0.9730620155038759
fingerprint,artifactbench__without_DiffRhythm,artifactbench,generator,Suno,Suno v3.5,860,29,0.9901363271852446
fingerprint,artifactbench__without_DiffRhythm,artifactbench,generator,Suno,Suno v4,860,100,0.8798720930232559
fingerprint,artifactbench__without_DiffRhythm,artifactbench,generator,Udio,Udio,860,100,0.6136744186046512
fingerprint,artifactbench__without_DiffRhythm,artifactbench,generator,Udio,Udio (AIME),860,30,0.6677519379844962
fingerprint,artifactbench__without_DiffRhythm,artifactbench,generator,Udio,Udio (SONICS 120s),860,80,0.994593023255814
fingerprint,artifactbench__without_DiffRhythm,artifactbench,generator,Udio,Udio (SONICS 30s),860,80,0.9638517441860465
fingerprint,artifactbench__without_DiffRhythm,artifactbench,generator,Udio,Udio (mixed),860,80,0.625
fingerprint,artifactbench__without_DiffRhythm,artifactbench,generator,Udio,Udio CDN,860,18,0.6072997416020672
fingerprint,artifactbench__without_DiffRhythm,artifactbench,generator,Udio,Udio CDN Latest,860,17,0.7008891928864569
fingerprint,artifactbench__without_DiffRhythm,artifactbench,generator,Yue,Yue,860,100,0.9721976744186047
fingerprint,artifactbench__count_control_DiffRhythm,artifactbench,family,DiffRhythm,DiffRhythm,860,100,0.9693255813953489
fingerprint,artifactbench__count_control_DiffRhythm,artifactbench,family,MusicGen,MusicGen,860,90,0.9925452196382429
fingerprint,artifactbench__count_control_DiffRhythm,artifactbench,family,Riffusion,Riffusion,860,130,0.8302325581395349
fingerprint,artifactbench__count_control_DiffRhythm,artifactbench,family,StableAudio,StableAudio,860,100,0.9815232558139535
fingerprint,artifactbench__count_control_DiffRhythm,artifactbench,family,Suno,Suno,860,479,0.9613341748798367
fingerprint,artifactbench__count_control_DiffRhythm,artifactbench,family,Udio,Udio,860,405,0.7678696525983346
fingerprint,artifactbench__count_control_DiffRhythm,artifactbench,family,Yue,Yue,860,100,0.9696511627906979
fingerprint,artifactbench__count_control_DiffRhythm,artifactbench,generator,DiffRhythm,DiffRhythm,860,100,0.9693255813953489
fingerprint,artifactbench__count_control_DiffRhythm,artifactbench,generator,MusicGen,MusicGen Large,860,30,0.9894961240310077
fingerprint,artifactbench__count_control_DiffRhythm,artifactbench,generator,MusicGen,MusicGen Medium,860,30,0.9967829457364341
fingerprint,artifactbench__count_control_DiffRhythm,artifactbench,generator,MusicGen,MusicGen Small,860,30,0.9913565891472869
fingerprint,artifactbench__count_control_DiffRhythm,artifactbench,generator,Riffusion,Riffusion,860,100,0.8904883720930232
fingerprint,artifactbench__count_control_DiffRhythm,artifactbench,generator,Riffusion,Riffusion (AIME),860,30,0.6293798449612402
fingerprint,artifactbench__count_control_DiffRhythm,artifactbench,generator,StableAudio,Stable Audio v1,860,50,0.9825813953488371
fingerprint,artifactbench__count_control_DiffRhythm,artifactbench,generator,StableAudio,Stable Audio v2,860,50,0.9804651162790698
fingerprint,artifactbench__count_control_DiffRhythm,artifactbench,generator,Suno,Google Chirp v2 XXL,860,80,0.9996802325581395
fingerprint,artifactbench__count_control_DiffRhythm,artifactbench,generator,Suno,Google Chirp v3,860,80,0.9973837209302326
fingerprint,artifactbench__count_control_DiffRhythm,artifactbench,generator,Suno,Google Chirp v3.5,860,80,0.9988372093023257
fingerprint,artifactbench__count_control_DiffRhythm,artifactbench,generator,Suno,Suno (mixed),860,80,0.9357848837209303
fingerprint,artifactbench__count_control_DiffRhythm,artifactbench,generator,Suno,Suno v3,860,30,0.9747286821705425
fingerprint,artifactbench__count_control_DiffRhythm,artifactbench,generator,Suno,Suno v3.5,860,29,0.9913793103448276
fingerprint,artifactbench__count_control_DiffRhythm,artifactbench,generator,Suno,Suno v4,860,100,0.8795232558139535
fingerprint,artifactbench__count_control_DiffRhythm,artifactbench,generator,Udio,Udio,860,100,0.6165
fingerprint,artifactbench__count_control_DiffRhythm,artifactbench,generator,Udio,Udio (AIME),860,30,0.6705426356589147
fingerprint,artifactbench__count_control_DiffRhythm,artifactbench,generator,Udio,Udio (SONICS 120s),860,80,0.9944476744186047
fingerprint,artifactbench__count_control_DiffRhythm,artifactbench,generator,Udio,Udio (SONICS 30s),860,80,0.9638662790697674
fingerprint,artifactbench__count_control_DiffRhythm,artifactbench,generator,Udio,Udio (mixed),860,80,0.6242877906976744
fingerprint,artifactbench__count_control_DiffRhythm,artifactbench,generator,Udio,Udio CDN,860,18,0.6007105943152454
fingerprint,artifactbench__count_control_DiffRhythm,artifactbench,generator,Udio,Udio CDN Latest,860,17,0.6941176470588235
fingerprint,artifactbench__count_control_DiffRhythm,artifactbench,generator,Yue,Yue,860,100,0.9696511627906979
fingerprint,echoes__without_StableAudio,echoes,family,AceStep,AceStep,59,57,0.8626226583407671
fingerprint,echoes__without_StableAudio,echoes,family,AudioLDM,AudioLDM,59,115,0.9986735445836404
fingerprint,echoes__without_StableAudio,echoes,family,Brev,Brev,59,68,0.9055333998005981
fingerprint,echoes__without_StableAudio,echoes,family,DiffRhythm,DiffRhythm,59,120,0.9747175141242937
fingerprint,echoes__without_StableAudio,echoes,family,Mubert,Mubert,59,32,0.486228813559322
fingerprint,echoes__without_StableAudio,echoes,family,Producer,Producer,59,68,0.9097706879361914
fingerprint,echoes__without_StableAudio,echoes,family,SongGen,SongGen,59,111,0.9948083676897236
fingerprint,echoes__without_StableAudio,echoes,family,StableAudio,StableAudio,59,35,0.6823244552058111
fingerprint,echoes__without_StableAudio,echoes,family,Suno,Suno,59,68,0.9341974077766699
fingerprint,echoes__without_StableAudio,echoes,family,Udio,Udio,59,68,0.71061814556331
fingerprint,echoes__without_StableAudio,echoes,generator,AceStep,acestep,59,57,0.8626226583407671
fingerprint,echoes__without_StableAudio,echoes,generator,AudioLDM,audioldm,59,115,0.9986735445836404
fingerprint,echoes__without_StableAudio,echoes,generator,Brev,brev,59,68,0.9055333998005981
fingerprint,echoes__without_StableAudio,echoes,generator,DiffRhythm,diffrhythm,59,120,0.9747175141242937
fingerprint,echoes__without_StableAudio,echoes,generator,Mubert,mubert,59,32,0.486228813559322
fingerprint,echoes__without_StableAudio,echoes,generator,Producer,producer,59,68,0.9097706879361914
fingerprint,echoes__without_StableAudio,echoes,generator,SongGen,songgen,59,111,0.9948083676897236
fingerprint,echoes__without_StableAudio,echoes,generator,StableAudio,stableaudio,59,35,0.6823244552058111
fingerprint,echoes__without_StableAudio,echoes,generator,Suno,suno,59,68,0.9341974077766699
fingerprint,echoes__without_StableAudio,echoes,generator,Udio,udio,59,68,0.71061814556331
fingerprint,echoes__count_control_StableAudio,echoes,family,AceStep,AceStep,59,57,0.9714540588760034
fingerprint,echoes__count_control_StableAudio,echoes,family,AudioLDM,AudioLDM,59,115,0.9992630803242447
fingerprint,echoes__count_control_StableAudio,echoes,family,Brev,Brev,59,68,0.8870887337986042
fingerprint,echoes__count_control_StableAudio,echoes,family,DiffRhythm,DiffRhythm,59,120,0.9891242937853106
fingerprint,echoes__count_control_StableAudio,echoes,family,Mubert,Mubert,59,32,0.5217161016949152
fingerprint,echoes__count_control_StableAudio,echoes,family,Producer,Producer,59,68,0.9401794616151545
fingerprint,echoes__count_control_StableAudio,echoes,family,SongGen,SongGen,59,111,0.9928233318063826
fingerprint,echoes__count_control_StableAudio,echoes,family,StableAudio,StableAudio,59,35,0.8072639225181598
fingerprint,echoes__count_control_StableAudio,echoes,family,Suno,Suno,59,68,0.92098703888335
fingerprint,echoes__count_control_StableAudio,echoes,family,Udio,Udio,59,68,0.6824526420737788
fingerprint,echoes__count_control_StableAudio,echoes,generator,AceStep,acestep,59,57,0.9714540588760034
fingerprint,echoes__count_control_StableAudio,echoes,generator,AudioLDM,audioldm,59,115,0.9992630803242447
fingerprint,echoes__count_control_StableAudio,echoes,generator,Brev,brev,59,68,0.8870887337986042
fingerprint,echoes__count_control_StableAudio,echoes,generator,DiffRhythm,diffrhythm,59,120,0.9891242937853106
fingerprint,echoes__count_control_StableAudio,echoes,generator,Mubert,mubert,59,32,0.5217161016949152
fingerprint,echoes__count_control_StableAudio,echoes,generator,Producer,producer,59,68,0.9401794616151545
fingerprint,echoes__count_control_StableAudio,echoes,generator,SongGen,songgen,59,111,0.9928233318063826
fingerprint,echoes__count_control_StableAudio,echoes,generator,StableAudio,stableaudio,59,35,0.8072639225181598
fingerprint,echoes__count_control_StableAudio,echoes,generator,Suno,suno,59,68,0.92098703888335
fingerprint,echoes__count_control_StableAudio,echoes,generator,Udio,udio,59,68,0.6824526420737788
fingerprint,echoes__without_AudioLDM,echoes,family,AceStep,AceStep,59,57,0.9747249479631281
fingerprint,echoes__without_AudioLDM,echoes,family,AudioLDM,AudioLDM,59,115,0.9955784819454679
fingerprint,echoes__without_AudioLDM,echoes,family,Brev,Brev,59,68,0.8860917248255235
fingerprint,echoes__without_AudioLDM,echoes,family,DiffRhythm,DiffRhythm,59,120,0.9844632768361583
fingerprint,echoes__without_AudioLDM,echoes,family,Mubert,Mubert,59,32,0.5
fingerprint,echoes__without_AudioLDM,echoes,family,Producer,Producer,59,68,0.9351944167497508
fingerprint,echoes__without_AudioLDM,echoes,family,SongGen,SongGen,59,111,0.9905329057871431
fingerprint,echoes__without_AudioLDM,echoes,family,StableAudio,StableAudio,59,35,0.7786924939467312
fingerprint,echoes__without_AudioLDM,echoes,family,Suno,Suno,59,68,0.9122632103688935
fingerprint,echoes__without_AudioLDM,echoes,family,Udio,Udio,59,68,0.661764705882353
fingerprint,echoes__without_AudioLDM,echoes,generator,AceStep,acestep,59,57,0.9747249479631281
fingerprint,echoes__without_AudioLDM,echoes,generator,AudioLDM,audioldm,59,115,0.9955784819454679
fingerprint,echoes__without_AudioLDM,echoes,generator,Brev,brev,59,68,0.8860917248255235
fingerprint,echoes__without_AudioLDM,echoes,generator,DiffRhythm,diffrhythm,59,120,0.9844632768361583
fingerprint,echoes__without_AudioLDM,echoes,generator,Mubert,mubert,59,32,0.5
fingerprint,echoes__without_AudioLDM,echoes,generator,Producer,producer,59,68,0.9351944167497508
fingerprint,echoes__without_AudioLDM,echoes,generator,SongGen,songgen,59,111,0.9905329057871431
fingerprint,echoes__without_AudioLDM,echoes,generator,StableAudio,stableaudio,59,35,0.7786924939467312
fingerprint,echoes__without_AudioLDM,echoes,generator,Suno,suno,59,68,0.9122632103688935
fingerprint,echoes__without_AudioLDM,echoes,generator,Udio,udio,59,68,0.661764705882353
fingerprint,echoes__count_control_AudioLDM,echoes,family,AceStep,AceStep,59,57,0.9690752304490038
fingerprint,echoes__count_control_AudioLDM,echoes,family,AudioLDM,AudioLDM,59,115,0.9970523212969786
fingerprint,echoes__count_control_AudioLDM,echoes,family,Brev,Brev,59,68,0.8875872382851446
fingerprint,echoes__count_control_AudioLDM,echoes,family,DiffRhythm,DiffRhythm,59,120,0.9848870056497177
fingerprint,echoes__count_control_AudioLDM,echoes,family,Mubert,Mubert,59,32,0.513771186440678
fingerprint,echoes__count_control_AudioLDM,echoes,family,Producer,Producer,59,68,0.9374376869391825
fingerprint,echoes__count_control_AudioLDM,echoes,family,SongGen,SongGen,59,111,0.9882424797679035
fingerprint,echoes__count_control_AudioLDM,echoes,family,StableAudio,StableAudio,59,35,0.7675544794188862
fingerprint,echoes__count_control_AudioLDM,echoes,family,Suno,Suno,59,68,0.9087736789631107
fingerprint,echoes__count_control_AudioLDM,echoes,family,Udio,Udio,59,68,0.6939182452642074
fingerprint,echoes__count_control_AudioLDM,echoes,generator,AceStep,acestep,59,57,0.9690752304490038
fingerprint,echoes__count_control_AudioLDM,echoes,generator,AudioLDM,audioldm,59,115,0.9970523212969786
fingerprint,echoes__count_control_AudioLDM,echoes,generator,Brev,brev,59,68,0.8875872382851446
fingerprint,echoes__count_control_AudioLDM,echoes,generator,DiffRhythm,diffrhythm,59,120,0.9848870056497177
fingerprint,echoes__count_control_AudioLDM,echoes,generator,Mubert,mubert,59,32,0.513771186440678
fingerprint,echoes__count_control_AudioLDM,echoes,generator,Producer,producer,59,68,0.9374376869391825
fingerprint,echoes__count_control_AudioLDM,echoes,generator,SongGen,songgen,59,111,0.9882424797679035
fingerprint,echoes__count_control_AudioLDM,echoes,generator,StableAudio,stableaudio,59,35,0.7675544794188862
fingerprint,echoes__count_control_AudioLDM,echoes,generator,Suno,suno,59,68,0.9087736789631107
fingerprint,echoes__count_control_AudioLDM,echoes,generator,Udio,udio,59,68,0.6939182452642074
fingerprint,echoes__without_DiffRhythm,echoes,family,AceStep,AceStep,59,57,0.9643175735950045
fingerprint,echoes__without_DiffRhythm,echoes,family,AudioLDM,AudioLDM,59,115,0.9971997052321298
fingerprint,echoes__without_DiffRhythm,echoes,family,Brev,Brev,59,68,0.8768693918245265
fingerprint,echoes__without_DiffRhythm,echoes,family,DiffRhythm,DiffRhythm,59,120,0.9833333333333333
fingerprint,echoes__without_DiffRhythm,echoes,family,Mubert,Mubert,59,32,0.5074152542372881
fingerprint,echoes__without_DiffRhythm,echoes,family,Producer,Producer,59,68,0.9329511465603191
fingerprint,echoes__without_DiffRhythm,echoes,family,SongGen,SongGen,59,111,0.9891586501755993
fingerprint,echoes__without_DiffRhythm,echoes,family,StableAudio,StableAudio,59,35,0.7631961259079902
fingerprint,echoes__without_DiffRhythm,echoes,family,Suno,Suno,59,68,0.9055333998005982
fingerprint,echoes__without_DiffRhythm,echoes,family,Udio,Udio,59,68,0.655284147557328
fingerprint,echoes__without_DiffRhythm,echoes,generator,AceStep,acestep,59,57,0.9643175735950045
fingerprint,echoes__without_DiffRhythm,echoes,generator,AudioLDM,audioldm,59,115,0.9971997052321298
fingerprint,echoes__without_DiffRhythm,echoes,generator,Brev,brev,59,68,0.8768693918245265
fingerprint,echoes__without_DiffRhythm,echoes,generator,DiffRhythm,diffrhythm,59,120,0.9833333333333333
fingerprint,echoes__without_DiffRhythm,echoes,generator,Mubert,mubert,59,32,0.5074152542372881
fingerprint,echoes__without_DiffRhythm,echoes,generator,Producer,producer,59,68,0.9329511465603191
fingerprint,echoes__without_DiffRhythm,echoes,generator,SongGen,songgen,59,111,0.9891586501755993
fingerprint,echoes__without_DiffRhythm,echoes,generator,StableAudio,stableaudio,59,35,0.7631961259079902
fingerprint,echoes__without_DiffRhythm,echoes,generator,Suno,suno,59,68,0.9055333998005982
fingerprint,echoes__without_DiffRhythm,echoes,generator,Udio,udio,59,68,0.655284147557328
fingerprint,echoes__count_control_DiffRhythm,echoes,family,AceStep,AceStep,59,57,0.9655069878085043
fingerprint,echoes__count_control_DiffRhythm,echoes,family,AudioLDM,AudioLDM,59,115,0.9966101694915255
fingerprint,echoes__count_control_DiffRhythm,echoes,family,Brev,Brev,59,68,0.8865902293120639
fingerprint,echoes__count_control_DiffRhythm,echoes,family,DiffRhythm,DiffRhythm,59,120,0.9853107344632769
fingerprint,echoes__count_control_DiffRhythm,echoes,family,Mubert,Mubert,59,32,0.5201271186440678
fingerprint,echoes__count_control_DiffRhythm,echoes,family,Producer,Producer,59,68,0.9354436689930209
fingerprint,echoes__count_control_DiffRhythm,echoes,family,SongGen,SongGen,59,111,0.98900595510765
fingerprint,echoes__count_control_DiffRhythm,echoes,family,StableAudio,StableAudio,59,35,0.7782082324455206
fingerprint,echoes__count_control_DiffRhythm,echoes,family,Suno,Suno,59,68,0.9122632103688932
fingerprint,echoes__count_control_DiffRhythm,echoes,family,Udio,Udio,59,68,0.6667497507477568
fingerprint,echoes__count_control_DiffRhythm,echoes,generator,AceStep,acestep,59,57,0.9655069878085043
fingerprint,echoes__count_control_DiffRhythm,echoes,generator,AudioLDM,audioldm,59,115,0.9966101694915255
fingerprint,echoes__count_control_DiffRhythm,echoes,generator,Brev,brev,59,68,0.8865902293120639
fingerprint,echoes__count_control_DiffRhythm,echoes,generator,DiffRhythm,diffrhythm,59,120,0.9853107344632769
fingerprint,echoes__count_control_DiffRhythm,echoes,generator,Mubert,mubert,59,32,0.5201271186440678
fingerprint,echoes__count_control_DiffRhythm,echoes,generator,Producer,producer,59,68,0.9354436689930209
fingerprint,echoes__count_control_DiffRhythm,echoes,generator,SongGen,songgen,59,111,0.98900595510765
fingerprint,echoes__count_control_DiffRhythm,echoes,generator,StableAudio,stableaudio,59,35,0.7782082324455206
fingerprint,echoes__count_control_DiffRhythm,echoes,generator,Suno,suno,59,68,0.9122632103688932
fingerprint,echoes__count_control_DiffRhythm,echoes,generator,Udio,udio,59,68,0.6667497507477568
fingerprint,fakemusiccaps__without_StableAudio,fakemusiccaps,family,AudioLDM,AudioLDM,1102,1104,0.8791656803177359
fingerprint,fakemusiccaps__without_StableAudio,fakemusiccaps,family,MusicGen,MusicGen,1102,1104,0.9667370262237303
fingerprint,fakemusiccaps__without_StableAudio,fakemusiccaps,family,MusicLDM,MusicLDM,1102,1104,0.8790267695099818
fingerprint,fakemusiccaps__without_StableAudio,fakemusiccaps,family,Mustango,Mustango,1102,1104,0.9244300547094872
fingerprint,fakemusiccaps__without_StableAudio,fakemusiccaps,family,StableAudio,StableAudio,1102,1104,0.92412428654094
fingerprint,fakemusiccaps__without_StableAudio,fakemusiccaps,generator,AudioLDM,audioldm2,1102,1104,0.8791656803177359
fingerprint,fakemusiccaps__without_StableAudio,fakemusiccaps,generator,MusicGen,MusicGen_medium,1102,1104,0.9667370262237303
fingerprint,fakemusiccaps__without_StableAudio,fakemusiccaps,generator,MusicLDM,musicldm,1102,1104,0.8790267695099818
fingerprint,fakemusiccaps__without_StableAudio,fakemusiccaps,generator,Mustango,mustango,1102,1104,0.9244300547094872
fingerprint,fakemusiccaps__without_StableAudio,fakemusiccaps,generator,StableAudio,stable_audio_open,1102,1104,0.92412428654094
fingerprint,fakemusiccaps__count_control_StableAudio,fakemusiccaps,family,AudioLDM,AudioLDM,1102,1104,0.8812970159657013
fingerprint,fakemusiccaps__count_control_StableAudio,fakemusiccaps,family,MusicGen,MusicGen,1102,1104,0.9647174767879219
fingerprint,fakemusiccaps__count_control_StableAudio,fakemusiccaps,family,MusicLDM,MusicLDM,1102,1104,0.8830050435308661
fingerprint,fakemusiccaps__count_control_StableAudio,fakemusiccaps,family,Mustango,Mustango,1102,1104,0.9184667534653725
fingerprint,fakemusiccaps__count_control_StableAudio,fakemusiccaps,family,StableAudio,StableAudio,1102,1104,0.9501293761014229
fingerprint,fakemusiccaps__count_control_StableAudio,fakemusiccaps,generator,AudioLDM,audioldm2,1102,1104,0.8812970159657013
fingerprint,fakemusiccaps__count_control_StableAudio,fakemusiccaps,generator,MusicGen,MusicGen_medium,1102,1104,0.9647174767879219
fingerprint,fakemusiccaps__count_control_StableAudio,fakemusiccaps,generator,MusicLDM,musicldm,1102,1104,0.8830050435308661
fingerprint,fakemusiccaps__count_control_StableAudio,fakemusiccaps,generator,Mustango,mustango,1102,1104,0.9184667534653725
fingerprint,fakemusiccaps__count_control_StableAudio,fakemusiccaps,generator,StableAudio,stable_audio_open,1102,1104,0.9501293761014229
fingerprint,fakemusiccaps__without_AudioLDM,fakemusiccaps,family,AudioLDM,AudioLDM,1102,1104,0.887592388016518
fingerprint,fakemusiccaps__without_AudioLDM,fakemusiccaps,family,MusicGen,MusicGen,1102,1104,0.9688815131907731
fingerprint,fakemusiccaps__without_AudioLDM,fakemusiccaps,family,MusicLDM,MusicLDM,1102,1104,0.8773105223703936
fingerprint,fakemusiccaps__without_AudioLDM,fakemusiccaps,family,Mustango,Mustango,1102,1104,0.926378093847813
fingerprint,fakemusiccaps__without_AudioLDM,fakemusiccaps,family,StableAudio,StableAudio,1102,1104,0.9482109274310213
fingerprint,fakemusiccaps__without_AudioLDM,fakemusiccaps,generator,AudioLDM,audioldm2,1102,1104,0.887592388016518
fingerprint,fakemusiccaps__without_AudioLDM,fakemusiccaps,generator,MusicGen,MusicGen_medium,1102,1104,0.9688815131907731
fingerprint,fakemusiccaps__without_AudioLDM,fakemusiccaps,generator,MusicLDM,musicldm,1102,1104,0.8773105223703936
fingerprint,fakemusiccaps__without_AudioLDM,fakemusiccaps,generator,Mustango,mustango,1102,1104,0.926378093847813
fingerprint,fakemusiccaps__without_AudioLDM,fakemusiccaps,generator,StableAudio,stable_audio_open,1102,1104,0.9482109274310213
fingerprint,fakemusiccaps__count_control_AudioLDM,fakemusiccaps,family,AudioLDM,AudioLDM,1102,1104,0.8797533798890028
fingerprint,fakemusiccaps__count_control_AudioLDM,fakemusiccaps,family,MusicGen,MusicGen,1102,1104,0.9676099450274862
fingerprint,fakemusiccaps__count_control_AudioLDM,fakemusiccaps,family,MusicLDM,MusicLDM,1102,1104,0.8745602527683527
fingerprint,fakemusiccaps__count_control_AudioLDM,fakemusiccaps,family,Mustango,Mustango,1102,1104,0.9180878310844579
fingerprint,fakemusiccaps__count_control_AudioLDM,fakemusiccaps,family,StableAudio,StableAudio,1102,1104,0.9490649412136037
fingerprint,fakemusiccaps__count_control_AudioLDM,fakemusiccaps,generator,AudioLDM,audioldm2,1102,1104,0.8797533798890028
fingerprint,fakemusiccaps__count_control_AudioLDM,fakemusiccaps,generator,MusicGen,MusicGen_medium,1102,1104,0.9676099450274862
fingerprint,fakemusiccaps__count_control_AudioLDM,fakemusiccaps,generator,MusicLDM,musicldm,1102,1104,0.8745602527683527
fingerprint,fakemusiccaps__count_control_AudioLDM,fakemusiccaps,generator,Mustango,mustango,1102,1104,0.9180878310844579
fingerprint,fakemusiccaps__count_control_AudioLDM,fakemusiccaps,generator,StableAudio,stable_audio_open,1102,1104,0.9490649412136037
fingerprint,artifactbench__fmc_fit_only,artifactbench,family,DiffRhythm,DiffRhythm,860,100,0.9828255813953488
fingerprint,artifactbench__fmc_fit_only,artifactbench,family,MusicGen,MusicGen,860,90,0.9970025839793282
fingerprint,artifactbench__fmc_fit_only,artifactbench,family,Riffusion,Riffusion,860,130,0.842227191413238
fingerprint,artifactbench__fmc_fit_only,artifactbench,family,StableAudio,StableAudio,860,100,0.9781627906976744
fingerprint,artifactbench__fmc_fit_only,artifactbench,family,Suno,Suno,860,479,0.9513060154391417
fingerprint,artifactbench__fmc_fit_only,artifactbench,family,Udio,Udio,860,405,0.5320729256388171
fingerprint,artifactbench__fmc_fit_only,artifactbench,family,Yue,Yue,860,100,0.9895813953488372
fingerprint,artifactbench__fmc_fit_only,artifactbench,generator,DiffRhythm,DiffRhythm,860,100,0.9828255813953488
fingerprint,artifactbench__fmc_fit_only,artifactbench,generator,MusicGen,MusicGen Large,860,30,0.9911240310077519
fingerprint,artifactbench__fmc_fit_only,artifactbench,generator,MusicGen,MusicGen Medium,860,30,1.0
fingerprint,artifactbench__fmc_fit_only,artifactbench,generator,MusicGen,MusicGen Small,860,30,0.9998837209302325
fingerprint,artifactbench__fmc_fit_only,artifactbench,generator,Riffusion,Riffusion,860,100,0.9019883720930233
fingerprint,artifactbench__fmc_fit_only,artifactbench,generator,Riffusion,Riffusion (AIME),860,30,0.6430232558139535
fingerprint,artifactbench__fmc_fit_only,artifactbench,generator,StableAudio,Stable Audio v1,860,50,0.9666976744186047
fingerprint,artifactbench__fmc_fit_only,artifactbench,generator,StableAudio,Stable Audio v2,860,50,0.9896279069767442
fingerprint,artifactbench__fmc_fit_only,artifactbench,generator,Suno,Google Chirp v2 XXL,860,80,0.9872238372093023
fingerprint,artifactbench__fmc_fit_only,artifactbench,generator,Suno,Google Chirp v3,860,80,0.9764680232558139
fingerprint,artifactbench__fmc_fit_only,artifactbench,generator,Suno,Google Chirp v3.5,860,80,0.9845058139534884
fingerprint,artifactbench__fmc_fit_only,artifactbench,generator,Suno,Suno (mixed),860,80,0.9207848837209303
fingerprint,artifactbench__fmc_fit_only,artifactbench,generator,Suno,Suno v3,860,30,0.9948449612403101
fingerprint,artifactbench__fmc_fit_only,artifactbench,generator,Suno,Suno v3.5,860,29,0.9960705693664796
fingerprint,artifactbench__fmc_fit_only,artifactbench,generator,Suno,Suno v4,860,100,0.8742558139534884
fingerprint,artifactbench__fmc_fit_only,artifactbench,generator,Udio,Udio,860,100,0.5211860465116279
fingerprint,artifactbench__fmc_fit_only,artifactbench,generator,Udio,Udio (AIME),860,30,0.474031007751938
fingerprint,artifactbench__fmc_fit_only,artifactbench,generator,Udio,Udio (SONICS 120s),860,80,0.5264970930232558
fingerprint,artifactbench__fmc_fit_only,artifactbench,generator,Udio,Udio (SONICS 30s),860,80,0.5625290697674418
fingerprint,artifactbench__fmc_fit_only,artifactbench,generator,Udio,Udio (mixed),860,80,0.5324127906976744
fingerprint,artifactbench__fmc_fit_only,artifactbench,generator,Udio,Udio CDN,860,18,0.44612403100775194
fingerprint,artifactbench__fmc_fit_only,artifactbench,generator,Udio,Udio CDN Latest,860,17,0.6708618331053351
fingerprint,artifactbench__fmc_fit_only,artifactbench,generator,Yue,Yue,860,100,0.9895813953488372
three_support,artifactbench__base,artifactbench,family,DiffRhythm,DiffRhythm,860,100,0.9955813953488373
three_support,artifactbench__base,artifactbench,family,MusicGen,MusicGen,860,90,0.9998966408268735
three_support,artifactbench__base,artifactbench,family,Riffusion,Riffusion,860,130,0.8961538461538462
three_support,artifactbench__base,artifactbench,family,StableAudio,StableAudio,860,100,0.9942441860465117
three_support,artifactbench__base,artifactbench,family,Suno,Suno,860,479,0.9841044812351314
three_support,artifactbench__base,artifactbench,family,Udio,Udio,860,405,0.9665030146425496
three_support,artifactbench__base,artifactbench,family,Yue,Yue,860,100,0.9986162790697675
three_support,artifactbench__base,artifactbench,generator,DiffRhythm,DiffRhythm,860,100,0.9955813953488373
three_support,artifactbench__base,artifactbench,generator,MusicGen,MusicGen Large,860,30,0.9998449612403101
three_support,artifactbench__base,artifactbench,generator,MusicGen,MusicGen Medium,860,30,0.9998837209302326
three_support,artifactbench__base,artifactbench,generator,MusicGen,MusicGen Small,860,30,0.9999612403100775
three_support,artifactbench__base,artifactbench,generator,Riffusion,Riffusion,860,100,0.9310232558139535
three_support,artifactbench__base,artifactbench,generator,Riffusion,Riffusion (AIME),860,30,0.779922480620155
three_support,artifactbench__base,artifactbench,generator,StableAudio,Stable Audio v1,860,50,0.9930697674418605
three_support,artifactbench__base,artifactbench,generator,StableAudio,Stable Audio v2,860,50,0.9954186046511628
three_support,artifactbench__base,artifactbench,generator,Suno,Google Chirp v2 XXL,860,80,0.9994912790697674
three_support,artifactbench__base,artifactbench,generator,Suno,Google Chirp v3,860,80,0.999171511627907
three_support,artifactbench__base,artifactbench,generator,Suno,Google Chirp v3.5,860,80,0.9986482558139534
three_support,artifactbench__base,artifactbench,generator,Suno,Suno (mixed),860,80,0.9758866279069768
three_support,artifactbench__base,artifactbench,generator,Suno,Suno v3,860,30,0.9998837209302326
three_support,artifactbench__base,artifactbench,generator,Suno,Suno v3.5,860,29,0.9997594226142743
three_support,artifactbench__base,artifactbench,generator,Suno,Suno v4,860,100,0.9454069767441862
three_support,artifactbench__base,artifactbench,generator,Udio,Udio,860,100,0.9871627906976743
three_support,artifactbench__base,artifactbench,generator,Udio,Udio (AIME),860,30,0.9784496124031008
three_support,artifactbench__base,artifactbench,generator,Udio,Udio (SONICS 120s),860,80,0.9987499999999999
three_support,artifactbench__base,artifactbench,generator,Udio,Udio (SONICS 30s),860,80,0.9674273255813953
three_support,artifactbench__base,artifactbench,generator,Udio,Udio (mixed),860,80,0.9389970930232557
three_support,artifactbench__base,artifactbench,generator,Udio,Udio CDN,860,18,0.8724160206718345
three_support,artifactbench__base,artifactbench,generator,Udio,Udio CDN Latest,860,17,0.8968536251709985
three_support,artifactbench__base,artifactbench,generator,Yue,Yue,860,100,0.9986162790697675
three_support,echoes__base,echoes,family,AceStep,AceStep,59,57,0.9943502824858758
three_support,echoes__base,echoes,family,AudioLDM,AudioLDM,59,115,0.998084008843036
three_support,echoes__base,echoes,family,Brev,Brev,59,68,0.9491525423728814
three_support,echoes__base,echoes,family,DiffRhythm,DiffRhythm,59,120,0.9961864406779661
three_support,echoes__base,echoes,family,Mubert,Mubert,59,32,0.430614406779661
three_support,echoes__base,echoes,family,Producer,Producer,59,68,0.9506480558325026
three_support,echoes__base,echoes,family,SongGen,SongGen,59,111,0.9491525423728814
three_support,echoes__base,echoes,family,StableAudio,StableAudio,59,35,0.6513317191283293
three_support,echoes__base,echoes,family,Suno,Suno,59,68,0.9177467597208375
three_support,echoes__base,echoes,family,Udio,Udio,59,68,0.9489032901296113
three_support,echoes__base,echoes,generator,AceStep,acestep,59,57,0.9943502824858758
three_support,echoes__base,echoes,generator,AudioLDM,audioldm,59,115,0.998084008843036
three_support,echoes__base,echoes,generator,Brev,brev,59,68,0.9491525423728814
three_support,echoes__base,echoes,generator,DiffRhythm,diffrhythm,59,120,0.9961864406779661
three_support,echoes__base,echoes,generator,Mubert,mubert,59,32,0.430614406779661
three_support,echoes__base,echoes,generator,Producer,producer,59,68,0.9506480558325026
three_support,echoes__base,echoes,generator,SongGen,songgen,59,111,0.9491525423728814
three_support,echoes__base,echoes,generator,StableAudio,stableaudio,59,35,0.6513317191283293
three_support,echoes__base,echoes,generator,Suno,suno,59,68,0.9177467597208375
three_support,echoes__base,echoes,generator,Udio,udio,59,68,0.9489032901296113
three_support,fakemusiccaps__base,fakemusiccaps,family,AudioLDM,AudioLDM,1102,1104,0.9926689615718458
three_support,fakemusiccaps__base,fakemusiccaps,family,MusicGen,MusicGen,1102,1104,0.9967384728688287
three_support,fakemusiccaps__base,fakemusiccaps,family,MusicLDM,MusicLDM,1102,1104,0.9379282398274548
three_support,fakemusiccaps__base,fakemusiccaps,family,Mustango,Mustango,1102,1104,0.9991862621320919
three_support,fakemusiccaps__base,fakemusiccaps,family,StableAudio,StableAudio,1102,1104,0.9774561732291748
three_support,fakemusiccaps__base,fakemusiccaps,generator,AudioLDM,audioldm2,1102,1104,0.9926689615718458
three_support,fakemusiccaps__base,fakemusiccaps,generator,MusicGen,MusicGen_medium,1102,1104,0.9967384728688287
three_support,fakemusiccaps__base,fakemusiccaps,generator,MusicLDM,musicldm,1102,1104,0.9379282398274548
three_support,fakemusiccaps__base,fakemusiccaps,generator,Mustango,mustango,1102,1104,0.9991862621320919
three_support,fakemusiccaps__base,fakemusiccaps,generator,StableAudio,stable_audio_open,1102,1104,0.9774561732291748
three_support,artifactbench__without_Suno,artifactbench,family,DiffRhythm,DiffRhythm,860,100,0.996906976744186
three_support,artifactbench__without_Suno,artifactbench,family,MusicGen,MusicGen,860,90,0.9997674418604652
three_support,artifactbench__without_Suno,artifactbench,family,Riffusion,Riffusion,860,130,0.9002862254025045
three_support,artifactbench__without_Suno,artifactbench,family,StableAudio,StableAudio,860,100,0.994732558139535
three_support,artifactbench__without_Suno,artifactbench,family,Suno,Suno,860,479,0.9481574986648541
three_support,artifactbench__without_Suno,artifactbench,family,Udio,Udio,860,405,0.9747760551248922
three_support,artifactbench__without_Suno,artifactbench,family,Yue,Yue,860,100,0.9830813953488372
three_support,artifactbench__without_Suno,artifactbench,generator,DiffRhythm,DiffRhythm,860,100,0.996906976744186
three_support,artifactbench__without_Suno,artifactbench,generator,MusicGen,MusicGen Large,860,30,0.9996899224806202
three_support,artifactbench__without_Suno,artifactbench,generator,MusicGen,MusicGen Medium,860,30,0.9997674418604652
three_support,artifactbench__without_Suno,artifactbench,generator,MusicGen,MusicGen Small,860,30,0.9998449612403101
three_support,artifactbench__without_Suno,artifactbench,generator,Riffusion,Riffusion,860,100,0.9238488372093023
three_support,artifactbench__without_Suno,artifactbench,generator,Riffusion,Riffusion (AIME),860,30,0.8217441860465117
three_support,artifactbench__without_Suno,artifactbench,generator,StableAudio,Stable Audio v1,860,50,0.9943488372093023
three_support,artifactbench__without_Suno,artifactbench,generator,StableAudio,Stable Audio v2,860,50,0.9951162790697674
three_support,artifactbench__without_Suno,artifactbench,generator,Suno,Google Chirp v2 XXL,860,80,0.9950581395348836
three_support,artifactbench__without_Suno,artifactbench,generator,Suno,Google Chirp v3,860,80,0.9890988372093024
three_support,artifactbench__without_Suno,artifactbench,generator,Suno,Google Chirp v3.5,860,80,0.9746947674418605
three_support,artifactbench__without_Suno,artifactbench,generator,Suno,Suno (mixed),860,80,0.9017587209302326
three_support,artifactbench__without_Suno,artifactbench,generator,Suno,Suno v3,860,30,0.9980232558139535
three_support,artifactbench__without_Suno,artifactbench,generator,Suno,Suno v3.5,860,29,0.9951483560545309
three_support,artifactbench__without_Suno,artifactbench,generator,Suno,Suno v4,860,100,0.8651860465116279
three_support,artifactbench__without_Suno,artifactbench,generator,Udio,Udio,860,100,0.994139534883721
three_support,artifactbench__without_Suno,artifactbench,generator,Udio,Udio (AIME),860,30,0.9908139534883721
three_support,artifactbench__without_Suno,artifactbench,generator,Udio,Udio (SONICS 120s),860,80,0.9984011627906977
three_support,artifactbench__without_Suno,artifactbench,generator,Udio,Udio (SONICS 30s),860,80,0.9690334302325582
three_support,artifactbench__without_Suno,artifactbench,generator,Udio,Udio (mixed),860,80,0.9605523255813954
three_support,artifactbench__without_Suno,artifactbench,generator,Udio,Udio CDN,860,18,0.8739018087855297
three_support,artifactbench__without_Suno,artifactbench,generator,Udio,Udio CDN Latest,860,17,0.9221614227086183
three_support,artifactbench__without_Suno,artifactbench,generator,Yue,Yue,860,100,0.9830813953488372
three_support,artifactbench__count_control_Suno,artifactbench,family,DiffRhythm,DiffRhythm,860,100,0.997406976744186
three_support,artifactbench__count_control_Suno,artifactbench,family,MusicGen,MusicGen,860,90,0.9998320413436692
three_support,artifactbench__count_control_Suno,artifactbench,family,Riffusion,Riffusion,860,130,0.8717084078711985
three_support,artifactbench__count_control_Suno,artifactbench,family,StableAudio,StableAudio,860,100,0.988313953488372
three_support,artifactbench__count_control_Suno,artifactbench,family,Suno,Suno,860,479,0.9806816526678643
three_support,artifactbench__count_control_Suno,artifactbench,family,Udio,Udio,860,405,0.955693367786391
three_support,artifactbench__count_control_Suno,artifactbench,family,Yue,Yue,860,100,0.9981279069767441
three_support,artifactbench__count_control_Suno,artifactbench,generator,DiffRhythm,DiffRhythm,860,100,0.997406976744186
three_support,artifactbench__count_control_Suno,artifactbench,generator,MusicGen,MusicGen Large,860,30,0.9997674418604651
three_support,artifactbench__count_control_Suno,artifactbench,generator,MusicGen,MusicGen Medium,860,30,0.9998449612403101
three_support,artifactbench__count_control_Suno,artifactbench,generator,MusicGen,MusicGen Small,860,30,0.9998837209302325
three_support,artifactbench__count_control_Suno,artifactbench,generator,Riffusion,Riffusion,860,100,0.9350348837209301
three_support,artifactbench__count_control_Suno,artifactbench,generator,Riffusion,Riffusion (AIME),860,30,0.6606201550387596
three_support,artifactbench__count_control_Suno,artifactbench,generator,StableAudio,Stable Audio v1,860,50,0.9886511627906976
three_support,artifactbench__count_control_Suno,artifactbench,generator,StableAudio,Stable Audio v2,860,50,0.9879767441860465
three_support,artifactbench__count_control_Suno,artifactbench,generator,Suno,Google Chirp v2 XXL,860,80,0.9992441860465117
three_support,artifactbench__count_control_Suno,artifactbench,generator,Suno,Google Chirp v3,860,80,0.9985901162790698
three_support,artifactbench__count_control_Suno,artifactbench,generator,Suno,Google Chirp v3.5,860,80,0.9973401162790698
three_support,artifactbench__count_control_Suno,artifactbench,generator,Suno,Suno (mixed),860,80,0.9692005813953488
three_support,artifactbench__count_control_Suno,artifactbench,generator,Suno,Suno v3,860,30,0.9996899224806202
three_support,artifactbench__count_control_Suno,artifactbench,generator,Suno,Suno v3.5,860,29,0.9994787489975943
three_support,artifactbench__count_control_Suno,artifactbench,generator,Suno,Suno v4,860,100,0.9362093023255814
three_support,artifactbench__count_control_Suno,artifactbench,generator,Udio,Udio,860,100,0.9835
three_support,artifactbench__count_control_Suno,artifactbench,generator,Udio,Udio (AIME),860,30,0.9612790697674419
three_support,artifactbench__count_control_Suno,artifactbench,generator,Udio,Udio (SONICS 120s),860,80,0.9959738372093023
three_support,artifactbench__count_control_Suno,artifactbench,generator,Udio,Udio (SONICS 30s),860,80,0.9527906976744186
three_support,artifactbench__count_control_Suno,artifactbench,generator,Udio,Udio (mixed),860,80,0.9265988372093023
three_support,artifactbench__count_control_Suno,artifactbench,generator,Udio,Udio CDN,860,18,0.8503229974160207
three_support,artifactbench__count_control_Suno,artifactbench,generator,Udio,Udio CDN Latest,860,17,0.8548563611491109
three_support,artifactbench__count_control_Suno,artifactbench,generator,Yue,Yue,860,100,0.9981279069767441
three_support,artifactbench__without_Udio,artifactbench,family,DiffRhythm,DiffRhythm,860,100,0.9943023255813953
three_support,artifactbench__without_Udio,artifactbench,family,MusicGen,MusicGen,860,90,0.9994573643410852
three_support,artifactbench__without_Udio,artifactbench,family,Riffusion,Riffusion,860,130,0.8910822898032201
three_support,artifactbench__without_Udio,artifactbench,family,StableAudio,StableAudio,860,100,0.9888488372093023
three_support,artifactbench__without_Udio,artifactbench,family,Suno,Suno,860,479,0.9800189347963296
three_support,artifactbench__without_Udio,artifactbench,family,Udio,Udio,860,405,0.48845248349124315
three_support,artifactbench__without_Udio,artifactbench,family,Yue,Yue,860,100,0.997406976744186
three_support,artifactbench__without_Udio,artifactbench,generator,DiffRhythm,DiffRhythm,860,100,0.9943023255813953
three_support,artifactbench__without_Udio,artifactbench,generator,MusicGen,MusicGen Large,860,30,0.9995348837209302
three_support,artifactbench__without_Udio,artifactbench,generator,MusicGen,MusicGen Medium,860,30,0.9991472868217054
three_support,artifactbench__without_Udio,artifactbench,generator,MusicGen,MusicGen Small,860,30,0.9996899224806202
three_support,artifactbench__without_Udio,artifactbench,generator,Riffusion,Riffusion,860,100,0.9421279069767442
three_support,artifactbench__without_Udio,artifactbench,generator,Riffusion,Riffusion (AIME),860,30,0.7209302325581395
three_support,artifactbench__without_Udio,artifactbench,generator,StableAudio,Stable Audio v1,860,50,0.9825581395348837
three_support,artifactbench__without_Udio,artifactbench,generator,StableAudio,Stable Audio v2,860,50,0.9951395348837209
three_support,artifactbench__without_Udio,artifactbench,generator,Suno,Google Chirp v2 XXL,860,80,0.9989825581395348
three_support,artifactbench__without_Udio,artifactbench,generator,Suno,Google Chirp v3,860,80,0.9993168604651163
three_support,artifactbench__without_Udio,artifactbench,generator,Suno,Google Chirp v3.5,860,80,0.9974127906976744
three_support,artifactbench__without_Udio,artifactbench,generator,Suno,Suno (mixed),860,80,0.9705232558139535
three_support,artifactbench__without_Udio,artifactbench,generator,Suno,Suno v3,860,30,0.9995348837209302
three_support,artifactbench__without_Udio,artifactbench,generator,Suno,Suno v3.5,860,29,0.9991579791499599
three_support,artifactbench__without_Udio,artifactbench,generator,Suno,Suno v4,860,100,0.931686046511628
three_support,artifactbench__without_Udio,artifactbench,generator,Udio,Udio,860,100,0.5016279069767442
three_support,artifactbench__without_Udio,artifactbench,generator,Udio,Udio (AIME),860,30,0.4769767441860465
three_support,artifactbench__without_Udio,artifactbench,generator,Udio,Udio (SONICS 120s),860,80,0.4799418604651162
three_support,artifactbench__without_Udio,artifactbench,generator,Udio,Udio (SONICS 30s),860,80,0.44694767441860467
three_support,artifactbench__without_Udio,artifactbench,generator,Udio,Udio (mixed),860,80,0.5344186046511628
three_support,artifactbench__without_Udio,artifactbench,generator,Udio,Udio CDN,860,18,0.47215762273901807
three_support,artifactbench__without_Udio,artifactbench,generator,Udio,Udio CDN Latest,860,17,0.4675102599179206
three_support,artifactbench__without_Udio,artifactbench,generator,Yue,Yue,860,100,0.997406976744186
three_support,artifactbench__count_control_Udio,artifactbench,family,DiffRhythm,DiffRhythm,860,100,0.9893720930232558
three_support,artifactbench__count_control_Udio,artifactbench,family,MusicGen,MusicGen,860,90,0.9995348837209302
three_support,artifactbench__count_control_Udio,artifactbench,family,Riffusion,Riffusion,860,130,0.9030500894454382
three_support,artifactbench__count_control_Udio,artifactbench,family,StableAudio,StableAudio,860,100,0.9886395348837209
three_support,artifactbench__count_control_Udio,artifactbench,family,Suno,Suno,860,479,0.9724741467203961
three_support,artifactbench__count_control_Udio,artifactbench,family,Udio,Udio,860,405,0.9397473442434683
three_support,artifactbench__count_control_Udio,artifactbench,family,Yue,Yue,860,100,0.9972093023255815
three_support,artifactbench__count_control_Udio,artifactbench,generator,DiffRhythm,DiffRhythm,860,100,0.9893720930232558
three_support,artifactbench__count_control_Udio,artifactbench,generator,MusicGen,MusicGen Large,860,30,0.9993798449612403
three_support,artifactbench__count_control_Udio,artifactbench,generator,MusicGen,MusicGen Medium,860,30,0.9994186046511628
three_support,artifactbench__count_control_Udio,artifactbench,generator,MusicGen,MusicGen Small,860,30,0.9998062015503876
three_support,artifactbench__count_control_Udio,artifactbench,generator,Riffusion,Riffusion,860,100,0.919546511627907
three_support,artifactbench__count_control_Udio,artifactbench,generator,Riffusion,Riffusion (AIME),860,30,0.8480620155038759
three_support,artifactbench__count_control_Udio,artifactbench,generator,StableAudio,Stable Audio v1,860,50,0.9816976744186046
three_support,artifactbench__count_control_Udio,artifactbench,generator,StableAudio,Stable Audio v2,860,50,0.9955813953488372
three_support,artifactbench__count_control_Udio,artifactbench,generator,Suno,Google Chirp v2 XXL,860,80,0.9990261627906977
three_support,artifactbench__count_control_Udio,artifactbench,generator,Suno,Google Chirp v3,860,80,0.9979941860465116
three_support,artifactbench__count_control_Udio,artifactbench,generator,Suno,Google Chirp v3.5,860,80,0.9970058139534883
three_support,artifactbench__count_control_Udio,artifactbench,generator,Suno,Suno (mixed),860,80,0.9476744186046511
three_support,artifactbench__count_control_Udio,artifactbench,generator,Suno,Suno v3,860,30,0.9995736434108528
three_support,artifactbench__count_control_Udio,artifactbench,generator,Suno,Suno v3.5,860,29,0.9991980753809142
three_support,artifactbench__count_control_Udio,artifactbench,generator,Suno,Suno v4,860,100,0.9151511627906977
three_support,artifactbench__count_control_Udio,artifactbench,generator,Udio,Udio,860,100,0.9755697674418604
three_support,artifactbench__count_control_Udio,artifactbench,generator,Udio,Udio (AIME),860,30,0.9686434108527132
three_support,artifactbench__count_control_Udio,artifactbench,generator,Udio,Udio (SONICS 120s),860,80,0.9830668604651163
three_support,artifactbench__count_control_Udio,artifactbench,generator,Udio,Udio (SONICS 30s),860,80,0.9373982558139535
three_support,artifactbench__count_control_Udio,artifactbench,generator,Udio,Udio (mixed),860,80,0.8935610465116279
three_support,artifactbench__count_control_Udio,artifactbench,generator,Udio,Udio CDN,860,18,0.8104005167958657
three_support,artifactbench__count_control_Udio,artifactbench,generator,Udio,Udio CDN Latest,860,17,0.8395348837209302
three_support,artifactbench__count_control_Udio,artifactbench,generator,Yue,Yue,860,100,0.9972093023255815
three_support,artifactbench__without_MusicGen,artifactbench,family,DiffRhythm,DiffRhythm,860,100,0.9980813953488371
three_support,artifactbench__without_MusicGen,artifactbench,family,MusicGen,MusicGen,860,90,0.9918992248062015
three_support,artifactbench__without_MusicGen,artifactbench,family,Riffusion,Riffusion,860,130,0.889221824686941
three_support,artifactbench__without_MusicGen,artifactbench,family,StableAudio,StableAudio,860,100,0.9784883720930233
three_support,artifactbench__without_MusicGen,artifactbench,family,Suno,Suno,860,479,0.9879181434189445
three_support,artifactbench__without_MusicGen,artifactbench,family,Udio,Udio,860,405,0.9815245478036174
three_support,artifactbench__without_MusicGen,artifactbench,family,Yue,Yue,860,100,0.9978139534883721
three_support,artifactbench__without_MusicGen,artifactbench,generator,DiffRhythm,DiffRhythm,860,100,0.9980813953488371
three_support,artifactbench__without_MusicGen,artifactbench,generator,MusicGen,MusicGen Large,860,30,0.9941472868217054
three_support,artifactbench__without_MusicGen,artifactbench,generator,MusicGen,MusicGen Medium,860,30,0.9972868217054263
three_support,artifactbench__without_MusicGen,artifactbench,generator,MusicGen,MusicGen Small,860,30,0.9842635658914729
three_support,artifactbench__without_MusicGen,artifactbench,generator,Riffusion,Riffusion,860,100,0.9272790697674418
three_support,artifactbench__without_MusicGen,artifactbench,generator,Riffusion,Riffusion (AIME),860,30,0.7623643410852713
three_support,artifactbench__without_MusicGen,artifactbench,generator,StableAudio,Stable Audio v1,860,50,0.9735813953488371
three_support,artifactbench__without_MusicGen,artifactbench,generator,StableAudio,Stable Audio v2,860,50,0.9833953488372094
three_support,artifactbench__without_MusicGen,artifactbench,generator,Suno,Google Chirp v2 XXL,860,80,0.9998255813953488
three_support,artifactbench__without_MusicGen,artifactbench,generator,Suno,Google Chirp v3,860,80,0.9994186046511627
three_support,artifactbench__without_MusicGen,artifactbench,generator,Suno,Google Chirp v3.5,860,80,0.9996656976744186
three_support,artifactbench__without_MusicGen,artifactbench,generator,Suno,Suno (mixed),860,80,0.9825
three_support,artifactbench__without_MusicGen,artifactbench,generator,Suno,Suno v3,860,30,0.9999612403100775
three_support,artifactbench__without_MusicGen,artifactbench,generator,Suno,Suno v3.5,860,29,0.999879711307137
three_support,artifactbench__without_MusicGen,artifactbench,generator,Suno,Suno v4,860,100,0.957046511627907
three_support,artifactbench__without_MusicGen,artifactbench,generator,Udio,Udio,860,100,0.9916511627906978
three_support,artifactbench__without_MusicGen,artifactbench,generator,Udio,Udio (AIME),860,30,0.9951162790697674
three_support,artifactbench__without_MusicGen,artifactbench,generator,Udio,Udio (SONICS 120s),860,80,0.9991860465116279
three_support,artifactbench__without_MusicGen,artifactbench,generator,Udio,Udio (SONICS 30s),860,80,0.9780813953488372
three_support,artifactbench__without_MusicGen,artifactbench,generator,Udio,Udio (mixed),860,80,0.9621366279069767
three_support,artifactbench__without_MusicGen,artifactbench,generator,Udio,Udio CDN,860,18,0.9753229974160207
three_support,artifactbench__without_MusicGen,artifactbench,generator,Udio,Udio CDN Latest,860,17,0.9288645690834474
three_support,artifactbench__without_MusicGen,artifactbench,generator,Yue,Yue,860,100,0.9978139534883721
three_support,artifactbench__count_control_MusicGen,artifactbench,family,DiffRhythm,DiffRhythm,860,100,0.9972906976744186
three_support,artifactbench__count_control_MusicGen,artifactbench,family,MusicGen,MusicGen,860,90,0.9999354005167959
three_support,artifactbench__count_control_MusicGen,artifactbench,family,Riffusion,Riffusion,860,130,0.9079338103756708
three_support,artifactbench__count_control_MusicGen,artifactbench,family,StableAudio,StableAudio,860,100,0.9914651162790697
three_support,artifactbench__count_control_MusicGen,artifactbench,family,Suno,Suno,860,479,0.9840826333932126
three_support,artifactbench__count_control_MusicGen,artifactbench,family,Udio,Udio,860,405,0.9736577662934253
three_support,artifactbench__count_control_MusicGen,artifactbench,family,Yue,Yue,860,100,0.9992093023255815
three_support,artifactbench__count_control_MusicGen,artifactbench,generator,DiffRhythm,DiffRhythm,860,100,0.9972906976744186
three_support,artifactbench__count_control_MusicGen,artifactbench,generator,MusicGen,MusicGen Large,860,30,0.9998837209302326
three_support,artifactbench__count_control_MusicGen,artifactbench,generator,MusicGen,MusicGen Medium,860,30,0.999922480620155
three_support,artifactbench__count_control_MusicGen,artifactbench,generator,MusicGen,MusicGen Small,860,30,1.0
three_support,artifactbench__count_control_MusicGen,artifactbench,generator,Riffusion,Riffusion,860,100,0.934046511627907
three_support,artifactbench__count_control_MusicGen,artifactbench,generator,Riffusion,Riffusion (AIME),860,30,0.820891472868217
three_support,artifactbench__count_control_MusicGen,artifactbench,generator,StableAudio,Stable Audio v1,860,50,0.9873720930232558
three_support,artifactbench__count_control_MusicGen,artifactbench,generator,StableAudio,Stable Audio v2,860,50,0.9955581395348837
three_support,artifactbench__count_control_MusicGen,artifactbench,generator,Suno,Google Chirp v2 XXL,860,80,0.9998255813953489
three_support,artifactbench__count_control_MusicGen,artifactbench,generator,Suno,Google Chirp v3,860,80,0.9997238372093024
three_support,artifactbench__count_control_MusicGen,artifactbench,generator,Suno,Google Chirp v3.5,860,80,0.9989970930232558
three_support,artifactbench__count_control_MusicGen,artifactbench,generator,Suno,Suno (mixed),860,80,0.9688081395348836
three_support,artifactbench__count_control_MusicGen,artifactbench,generator,Suno,Suno v3,860,30,1.0
three_support,artifactbench__count_control_MusicGen,artifactbench,generator,Suno,Suno v3.5,860,29,0.9997995188452286
three_support,artifactbench__count_control_MusicGen,artifactbench,generator,Suno,Suno v4,860,100,0.9499302325581396
three_support,artifactbench__count_control_MusicGen,artifactbench,generator,Udio,Udio,860,100,0.991593023255814
three_support,artifactbench__count_control_MusicGen,artifactbench,generator,Udio,Udio (AIME),860,30,0.9907751937984496
three_support,artifactbench__count_control_MusicGen,artifactbench,generator,Udio,Udio (SONICS 120s),860,80,0.9985755813953489
three_support,artifactbench__count_control_MusicGen,artifactbench,generator,Udio,Udio (SONICS 30s),860,80,0.9709883720930232
three_support,artifactbench__count_control_MusicGen,artifactbench,generator,Udio,Udio (mixed),860,80,0.9465406976744186
three_support,artifactbench__count_control_MusicGen,artifactbench,generator,Udio,Udio CDN,860,18,0.9345607235142119
three_support,artifactbench__count_control_MusicGen,artifactbench,generator,Udio,Udio CDN Latest,860,17,0.9022571819425445
three_support,artifactbench__count_control_MusicGen,artifactbench,generator,Yue,Yue,860,100,0.9992093023255815
three_support,echoes__without_Suno,echoes,family,AceStep,AceStep,59,57,0.9973238180196253
three_support,echoes__without_Suno,echoes,family,AudioLDM,AudioLDM,59,115,0.9992630803242446
three_support,echoes__without_Suno,echoes,family,Brev,Brev,59,68,0.8392323030907277
three_support,echoes__without_Suno,echoes,family,DiffRhythm,DiffRhythm,59,120,0.998587570621469
three_support,echoes__without_Suno,echoes,family,Mubert,Mubert,59,32,0.3755296610169491
three_support,echoes__without_Suno,echoes,family,Producer,Producer,59,68,0.9586241276171485
three_support,echoes__without_Suno,echoes,family,SongGen,SongGen,59,111,0.9189189189189189
three_support,echoes__without_Suno,echoes,family,StableAudio,StableAudio,59,35,0.675544794188862
three_support,echoes__without_Suno,echoes,family,Suno,Suno,59,68,0.7948654037886342
three_support,echoes__without_Suno,echoes,family,Udio,Udio,59,68,0.9658524426719841
three_support,echoes__without_Suno,echoes,generator,AceStep,acestep,59,57,0.9973238180196253
three_support,echoes__without_Suno,echoes,generator,AudioLDM,audioldm,59,115,0.9992630803242446
three_support,echoes__without_Suno,echoes,generator,Brev,brev,59,68,0.8392323030907277
three_support,echoes__without_Suno,echoes,generator,DiffRhythm,diffrhythm,59,120,0.998587570621469
three_support,echoes__without_Suno,echoes,generator,Mubert,mubert,59,32,0.3755296610169491
three_support,echoes__without_Suno,echoes,generator,Producer,producer,59,68,0.9586241276171485
three_support,echoes__without_Suno,echoes,generator,SongGen,songgen,59,111,0.9189189189189189
three_support,echoes__without_Suno,echoes,generator,StableAudio,stableaudio,59,35,0.675544794188862
three_support,echoes__without_Suno,echoes,generator,Suno,suno,59,68,0.7948654037886342
three_support,echoes__without_Suno,echoes,generator,Udio,udio,59,68,0.9658524426719841
three_support,echoes__count_control_Suno,echoes,family,AceStep,AceStep,59,57,0.9946476360392507
three_support,echoes__count_control_Suno,echoes,family,AudioLDM,AudioLDM,59,115,0.9995578481945468
three_support,echoes__count_control_Suno,echoes,family,Brev,Brev,59,68,0.9541375872382852
three_support,echoes__count_control_Suno,echoes,family,DiffRhythm,DiffRhythm,59,120,0.9929378531073446
three_support,echoes__count_control_Suno,echoes,family,Mubert,Mubert,59,32,0.39036016949152547
three_support,echoes__count_control_Suno,echoes,family,Producer,Producer,59,68,0.9581256231306082
three_support,echoes__count_control_Suno,echoes,family,SongGen,SongGen,59,111,0.9517483585280195
three_support,echoes__count_control_Suno,echoes,family,StableAudio,StableAudio,59,35,0.598547215496368
three_support,echoes__count_control_Suno,echoes,family,Suno,Suno,59,68,0.9239780658025922
three_support,echoes__count_control_Suno,echoes,family,Udio,Udio,59,68,0.9479062811565304
three_support,echoes__count_control_Suno,echoes,generator,AceStep,acestep,59,57,0.9946476360392507
three_support,echoes__count_control_Suno,echoes,generator,AudioLDM,audioldm,59,115,0.9995578481945468
three_support,echoes__count_control_Suno,echoes,generator,Brev,brev,59,68,0.9541375872382852
three_support,echoes__count_control_Suno,echoes,generator,DiffRhythm,diffrhythm,59,120,0.9929378531073446
three_support,echoes__count_control_Suno,echoes,generator,Mubert,mubert,59,32,0.39036016949152547
three_support,echoes__count_control_Suno,echoes,generator,Producer,producer,59,68,0.9581256231306082
three_support,echoes__count_control_Suno,echoes,generator,SongGen,songgen,59,111,0.9517483585280195
three_support,echoes__count_control_Suno,echoes,generator,StableAudio,stableaudio,59,35,0.598547215496368
three_support,echoes__count_control_Suno,echoes,generator,Suno,suno,59,68,0.9239780658025922
three_support,echoes__count_control_Suno,echoes,generator,Udio,udio,59,68,0.9479062811565304
three_support,echoes__without_Udio,echoes,family,AceStep,AceStep,59,57,0.9991079393398752
three_support,echoes__without_Udio,echoes,family,AudioLDM,AudioLDM,59,115,0.999852616064849
three_support,echoes__without_Udio,echoes,family,Brev,Brev,59,68,0.9890329012961118
three_support,echoes__without_Udio,echoes,family,DiffRhythm,DiffRhythm,59,120,0.9990112994350283
three_support,echoes__without_Udio,echoes,family,Mubert,Mubert,59,32,0.5
three_support,echoes__without_Udio,echoes,family,Producer,Producer,59,68,0.9892821535393819
three_support,echoes__without_Udio,echoes,family,SongGen,SongGen,59,111,0.981523896778134
three_support,echoes__without_Udio,echoes,family,StableAudio,StableAudio,59,35,0.7273607748184019
three_support,echoes__without_Udio,echoes,family,Suno,Suno,59,68,0.9648554336989033
three_support,echoes__without_Udio,echoes,family,Udio,Udio,59,68,0.48305084745762705
three_support,echoes__without_Udio,echoes,generator,AceStep,acestep,59,57,0.9991079393398752
three_support,echoes__without_Udio,echoes,generator,AudioLDM,audioldm,59,115,0.999852616064849
three_support,echoes__without_Udio,echoes,generator,Brev,brev,59,68,0.9890329012961118
three_support,echoes__without_Udio,echoes,generator,DiffRhythm,diffrhythm,59,120,0.9990112994350283
three_support,echoes__without_Udio,echoes,generator,Mubert,mubert,59,32,0.5
three_support,echoes__without_Udio,echoes,generator,Producer,producer,59,68,0.9892821535393819
three_support,echoes__without_Udio,echoes,generator,SongGen,songgen,59,111,0.981523896778134
three_support,echoes__without_Udio,echoes,generator,StableAudio,stableaudio,59,35,0.7273607748184019
three_support,echoes__without_Udio,echoes,generator,Suno,suno,59,68,0.9648554336989033
three_support,echoes__without_Udio,echoes,generator,Udio,udio,59,68,0.48305084745762705
three_support,echoes__count_control_Udio,echoes,family,AceStep,AceStep,59,57,0.9994052928932501
three_support,echoes__count_control_Udio,echoes,family,AudioLDM,AudioLDM,59,115,0.9983787767133383
three_support,echoes__count_control_Udio,echoes,family,Brev,Brev,59,68,0.9518943170488534
three_support,echoes__count_control_Udio,echoes,family,DiffRhythm,DiffRhythm,59,120,0.9977401129943503
three_support,echoes__count_control_Udio,echoes,family,Mubert,Mubert,59,32,0.4708686440677966
three_support,echoes__count_control_Udio,echoes,family,Producer,Producer,59,68,0.9576271186440678
three_support,echoes__count_control_Udio,echoes,family,SongGen,SongGen,59,111,0.9581615513818903
three_support,echoes__count_control_Udio,echoes,family,StableAudio,StableAudio,59,35,0.6968523002421307
three_support,echoes__count_control_Udio,echoes,family,Suno,Suno,59,68,0.9137587238285144
three_support,echoes__count_control_Udio,echoes,family,Udio,Udio,59,68,0.9327018943170489
three_support,echoes__count_control_Udio,echoes,generator,AceStep,acestep,59,57,0.9994052928932501
three_support,echoes__count_control_Udio,echoes,generator,AudioLDM,audioldm,59,115,0.9983787767133383
three_support,echoes__count_control_Udio,echoes,generator,Brev,brev,59,68,0.9518943170488534
three_support,echoes__count_control_Udio,echoes,generator,DiffRhythm,diffrhythm,59,120,0.9977401129943503
three_support,echoes__count_control_Udio,echoes,generator,Mubert,mubert,59,32,0.4708686440677966
three_support,echoes__count_control_Udio,echoes,generator,Producer,producer,59,68,0.9576271186440678
three_support,echoes__count_control_Udio,echoes,generator,SongGen,songgen,59,111,0.9581615513818903
three_support,echoes__count_control_Udio,echoes,generator,StableAudio,stableaudio,59,35,0.6968523002421307
three_support,echoes__count_control_Udio,echoes,generator,Suno,suno,59,68,0.9137587238285144
three_support,echoes__count_control_Udio,echoes,generator,Udio,udio,59,68,0.9327018943170489
three_support,fakemusiccaps__without_MusicGen,fakemusiccaps,family,AudioLDM,AudioLDM,1102,1104,0.9916086364712381
three_support,fakemusiccaps__without_MusicGen,fakemusiccaps,family,MusicGen,MusicGen,1102,1104,0.9872859622820168
three_support,fakemusiccaps__without_MusicGen,fakemusiccaps,family,MusicLDM,MusicLDM,1102,1104,0.9266994792077646
three_support,fakemusiccaps__without_MusicGen,fakemusiccaps,family,Mustango,Mustango,1102,1104,0.9990514611115495
three_support,fakemusiccaps__without_MusicGen,fakemusiccaps,family,StableAudio,StableAudio,1102,1104,0.9722770193850443
three_support,fakemusiccaps__without_MusicGen,fakemusiccaps,generator,AudioLDM,audioldm2,1102,1104,0.9916086364712381
three_support,fakemusiccaps__without_MusicGen,fakemusiccaps,generator,MusicGen,MusicGen_medium,1102,1104,0.9872859622820168
three_support,fakemusiccaps__without_MusicGen,fakemusiccaps,generator,MusicLDM,musicldm,1102,1104,0.9266994792077646
three_support,fakemusiccaps__without_MusicGen,fakemusiccaps,generator,Mustango,mustango,1102,1104,0.9990514611115495
three_support,fakemusiccaps__without_MusicGen,fakemusiccaps,generator,StableAudio,stable_audio_open,1102,1104,0.9722770193850443
three_support,fakemusiccaps__count_control_MusicGen,fakemusiccaps,family,AudioLDM,AudioLDM,1102,1104,0.9925382703385149
three_support,fakemusiccaps__count_control_MusicGen,fakemusiccaps,family,MusicGen,MusicGen,1102,1104,0.996605315763171
three_support,fakemusiccaps__count_control_MusicGen,fakemusiccaps,family,MusicLDM,MusicLDM,1102,1104,0.9433441174149768
three_support,fakemusiccaps__count_control_MusicGen,fakemusiccaps,family,Mustango,Mustango,1102,1104,0.9990095412819906
three_support,fakemusiccaps__count_control_MusicGen,fakemusiccaps,family,StableAudio,StableAudio,1102,1104,0.973488995633762
three_support,fakemusiccaps__count_control_MusicGen,fakemusiccaps,generator,AudioLDM,audioldm2,1102,1104,0.9925382703385149
three_support,fakemusiccaps__count_control_MusicGen,fakemusiccaps,generator,MusicGen,MusicGen_medium,1102,1104,0.996605315763171
three_support,fakemusiccaps__count_control_MusicGen,fakemusiccaps,generator,MusicLDM,musicldm,1102,1104,0.9433441174149768
three_support,fakemusiccaps__count_control_MusicGen,fakemusiccaps,generator,Mustango,mustango,1102,1104,0.9990095412819906
three_support,fakemusiccaps__count_control_MusicGen,fakemusiccaps,generator,StableAudio,stable_audio_open,1102,1104,0.973488995633762
three_support,artifactbench__without_StableAudio,artifactbench,family,DiffRhythm,DiffRhythm,860,100,0.9824418604651163
three_support,artifactbench__without_StableAudio,artifactbench,family,MusicGen,MusicGen,860,90,0.999857881136951
three_support,artifactbench__without_StableAudio,artifactbench,family,Riffusion,Riffusion,860,130,0.8127370304114488
three_support,artifactbench__without_StableAudio,artifactbench,family,StableAudio,StableAudio,860,100,0.9629186046511629
three_support,artifactbench__without_StableAudio,artifactbench,family,Suno,Suno,860,479,0.9810336456765548
three_support,artifactbench__without_StableAudio,artifactbench,family,Udio,Udio,860,405,0.9674016652311226
three_support,artifactbench__without_StableAudio,artifactbench,family,Yue,Yue,860,100,0.9991744186046512
three_support,artifactbench__without_StableAudio,artifactbench,generator,DiffRhythm,DiffRhythm,860,100,0.9824418604651163
three_support,artifactbench__without_StableAudio,artifactbench,generator,MusicGen,MusicGen Large,860,30,0.9998449612403101
three_support,artifactbench__without_StableAudio,artifactbench,generator,MusicGen,MusicGen Medium,860,30,0.9997674418604652
three_support,artifactbench__without_StableAudio,artifactbench,generator,MusicGen,MusicGen Small,860,30,0.9999612403100775
three_support,artifactbench__without_StableAudio,artifactbench,generator,Riffusion,Riffusion,860,100,0.8536046511627908
three_support,artifactbench__without_StableAudio,artifactbench,generator,Riffusion,Riffusion (AIME),860,30,0.6765116279069767
three_support,artifactbench__without_StableAudio,artifactbench,generator,StableAudio,Stable Audio v1,860,50,0.9575116279069766
three_support,artifactbench__without_StableAudio,artifactbench,generator,StableAudio,Stable Audio v2,860,50,0.9683255813953487
three_support,artifactbench__without_StableAudio,artifactbench,generator,Suno,Google Chirp v2 XXL,860,80,0.9997383720930233
three_support,artifactbench__without_StableAudio,artifactbench,generator,Suno,Google Chirp v3,860,80,0.9992732558139535
three_support,artifactbench__without_StableAudio,artifactbench,generator,Suno,Google Chirp v3.5,860,80,0.998139534883721
three_support,artifactbench__without_StableAudio,artifactbench,generator,Suno,Suno (mixed),860,80,0.9681976744186047
three_support,artifactbench__without_StableAudio,artifactbench,generator,Suno,Suno v3,860,30,0.9998062015503876
three_support,artifactbench__without_StableAudio,artifactbench,generator,Suno,Suno v3.5,860,29,0.9997995188452286
three_support,artifactbench__without_StableAudio,artifactbench,generator,Suno,Suno v4,860,100,0.9369883720930233
three_support,artifactbench__without_StableAudio,artifactbench,generator,Udio,Udio,860,100,0.9859883720930233
three_support,artifactbench__without_StableAudio,artifactbench,generator,Udio,Udio (AIME),860,30,0.9766279069767441
three_support,artifactbench__without_StableAudio,artifactbench,generator,Udio,Udio (SONICS 120s),860,80,0.9965406976744187
three_support,artifactbench__without_StableAudio,artifactbench,generator,Udio,Udio (SONICS 30s),860,80,0.9635029069767442
three_support,artifactbench__without_StableAudio,artifactbench,generator,Udio,Udio (mixed),860,80,0.9393895348837209
three_support,artifactbench__without_StableAudio,artifactbench,generator,Udio,Udio CDN,860,18,0.9142118863049096
three_support,artifactbench__without_StableAudio,artifactbench,generator,Udio,Udio CDN Latest,860,17,0.9111491108071135
three_support,artifactbench__without_StableAudio,artifactbench,generator,Yue,Yue,860,100,0.9991744186046512
three_support,artifactbench__count_control_StableAudio,artifactbench,family,DiffRhythm,DiffRhythm,860,100,0.9957325581395349
three_support,artifactbench__count_control_StableAudio,artifactbench,family,MusicGen,MusicGen,860,90,0.9998837209302326
three_support,artifactbench__count_control_StableAudio,artifactbench,family,Riffusion,Riffusion,860,130,0.886583184257603
three_support,artifactbench__count_control_StableAudio,artifactbench,family,StableAudio,StableAudio,860,100,0.9862441860465117
three_support,artifactbench__count_control_StableAudio,artifactbench,family,Suno,Suno,860,479,0.9849419818420158
three_support,artifactbench__count_control_StableAudio,artifactbench,family,Udio,Udio,860,405,0.970508182601206
three_support,artifactbench__count_control_StableAudio,artifactbench,family,Yue,Yue,860,100,0.9990116279069767
three_support,artifactbench__count_control_StableAudio,artifactbench,generator,DiffRhythm,DiffRhythm,860,100,0.9957325581395349
three_support,artifactbench__count_control_StableAudio,artifactbench,generator,MusicGen,MusicGen Large,860,30,0.9998837209302325
three_support,artifactbench__count_control_StableAudio,artifactbench,generator,MusicGen,MusicGen Medium,860,30,0.9998062015503876
three_support,artifactbench__count_control_StableAudio,artifactbench,generator,MusicGen,MusicGen Small,860,30,0.9999612403100775
three_support,artifactbench__count_control_StableAudio,artifactbench,generator,Riffusion,Riffusion,860,100,0.9370813953488372
three_support,artifactbench__count_control_StableAudio,artifactbench,generator,Riffusion,Riffusion (AIME),860,30,0.7182558139534884
three_support,artifactbench__count_control_StableAudio,artifactbench,generator,StableAudio,Stable Audio v1,860,50,0.9845813953488372
three_support,artifactbench__count_control_StableAudio,artifactbench,generator,StableAudio,Stable Audio v2,860,50,0.9879069767441859
three_support,artifactbench__count_control_StableAudio,artifactbench,generator,Suno,Google Chirp v2 XXL,860,80,0.999781976744186
three_support,artifactbench__count_control_StableAudio,artifactbench,generator,Suno,Google Chirp v3,860,80,0.9997674418604651
three_support,artifactbench__count_control_StableAudio,artifactbench,generator,Suno,Google Chirp v3.5,860,80,0.9989389534883721
three_support,artifactbench__count_control_StableAudio,artifactbench,generator,Suno,Suno (mixed),860,80,0.9746366279069767
three_support,artifactbench__count_control_StableAudio,artifactbench,generator,Suno,Suno v3,860,30,0.999922480620155
three_support,artifactbench__count_control_StableAudio,artifactbench,generator,Suno,Suno v3.5,860,29,0.9998797113071372
three_support,artifactbench__count_control_StableAudio,artifactbench,generator,Suno,Suno v4,860,100,0.9494302325581396
three_support,artifactbench__count_control_StableAudio,artifactbench,generator,Udio,Udio,860,100,0.9894767441860465
three_support,artifactbench__count_control_StableAudio,artifactbench,generator,Udio,Udio (AIME),860,30,0.98515503875969
three_support,artifactbench__count_control_StableAudio,artifactbench,generator,Udio,Udio (SONICS 120s),860,80,0.9986773255813953
three_support,artifactbench__count_control_StableAudio,artifactbench,generator,Udio,Udio (SONICS 30s),860,80,0.9655813953488372
three_support,artifactbench__count_control_StableAudio,artifactbench,generator,Udio,Udio (mixed),860,80,0.9453924418604651
three_support,artifactbench__count_control_StableAudio,artifactbench,generator,Udio,Udio CDN,860,18,0.9257105943152455
three_support,artifactbench__count_control_StableAudio,artifactbench,generator,Udio,Udio CDN Latest,860,17,0.889329685362517
three_support,artifactbench__count_control_StableAudio,artifactbench,generator,Yue,Yue,860,100,0.9990116279069767
three_support,artifactbench__without_DiffRhythm,artifactbench,family,DiffRhythm,DiffRhythm,860,100,0.9935697674418604
three_support,artifactbench__without_DiffRhythm,artifactbench,family,MusicGen,MusicGen,860,90,0.9998966408268735
three_support,artifactbench__without_DiffRhythm,artifactbench,family,Riffusion,Riffusion,860,130,0.895169946332737
three_support,artifactbench__without_DiffRhythm,artifactbench,family,StableAudio,StableAudio,860,100,0.9858372093023255
three_support,artifactbench__without_DiffRhythm,artifactbench,family,Suno,Suno,860,479,0.9851944457930767
three_support,artifactbench__without_DiffRhythm,artifactbench,family,Udio,Udio,860,405,0.9755756531725525
three_support,artifactbench__without_DiffRhythm,artifactbench,family,Yue,Yue,860,100,0.9992325581395349
three_support,artifactbench__without_DiffRhythm,artifactbench,generator,DiffRhythm,DiffRhythm,860,100,0.9935697674418604
three_support,artifactbench__without_DiffRhythm,artifactbench,generator,MusicGen,MusicGen Large,860,30,0.9998062015503877
three_support,artifactbench__without_DiffRhythm,artifactbench,generator,MusicGen,MusicGen Medium,860,30,0.9998837209302326
three_support,artifactbench__without_DiffRhythm,artifactbench,generator,MusicGen,MusicGen Small,860,30,1.0
three_support,artifactbench__without_DiffRhythm,artifactbench,generator,Riffusion,Riffusion,860,100,0.9298488372093023
three_support,artifactbench__without_DiffRhythm,artifactbench,generator,Riffusion,Riffusion (AIME),860,30,0.7795736434108527
three_support,artifactbench__without_DiffRhythm,artifactbench,generator,StableAudio,Stable Audio v1,860,50,0.9831860465116279
three_support,artifactbench__without_DiffRhythm,artifactbench,generator,StableAudio,Stable Audio v2,860,50,0.9884883720930233
three_support,artifactbench__without_DiffRhythm,artifactbench,generator,Suno,Google Chirp v2 XXL,860,80,0.9998691860465116
three_support,artifactbench__without_DiffRhythm,artifactbench,generator,Suno,Google Chirp v3,860,80,0.9998982558139535
three_support,artifactbench__without_DiffRhythm,artifactbench,generator,Suno,Google Chirp v3.5,860,80,0.9995203488372093
three_support,artifactbench__without_DiffRhythm,artifactbench,generator,Suno,Suno (mixed),860,80,0.9769476744186046
three_support,artifactbench__without_DiffRhythm,artifactbench,generator,Suno,Suno v3,860,30,0.9998449612403101
three_support,artifactbench__without_DiffRhythm,artifactbench,generator,Suno,Suno v3.5,860,29,0.9999599037690456
three_support,artifactbench__without_DiffRhythm,artifactbench,generator,Suno,Suno v4,860,100,0.9481511627906977
three_support,artifactbench__without_DiffRhythm,artifactbench,generator,Udio,Udio,860,100,0.9927674418604651
three_support,artifactbench__without_DiffRhythm,artifactbench,generator,Udio,Udio (AIME),860,30,0.9884108527131783
three_support,artifactbench__without_DiffRhythm,artifactbench,generator,Udio,Udio (SONICS 120s),860,80,0.9987936046511628
three_support,artifactbench__without_DiffRhythm,artifactbench,generator,Udio,Udio (SONICS 30s),860,80,0.9740697674418605
three_support,artifactbench__without_DiffRhythm,artifactbench,generator,Udio,Udio (mixed),860,80,0.946671511627907
three_support,artifactbench__without_DiffRhythm,artifactbench,generator,Udio,Udio CDN,860,18,0.9415374677002584
three_support,artifactbench__without_DiffRhythm,artifactbench,generator,Udio,Udio CDN Latest,860,17,0.9216826265389877
three_support,artifactbench__without_DiffRhythm,artifactbench,generator,Yue,Yue,860,100,0.9992325581395349
three_support,artifactbench__count_control_DiffRhythm,artifactbench,family,DiffRhythm,DiffRhythm,860,100,0.9972093023255814
three_support,artifactbench__count_control_DiffRhythm,artifactbench,family,MusicGen,MusicGen,860,90,0.9999354005167959
three_support,artifactbench__count_control_DiffRhythm,artifactbench,family,Riffusion,Riffusion,860,130,0.8819588550983899
three_support,artifactbench__count_control_DiffRhythm,artifactbench,family,StableAudio,StableAudio,860,100,0.9882325581395349
three_support,artifactbench__count_control_DiffRhythm,artifactbench,family,Suno,Suno,860,479,0.985325532844589
three_support,artifactbench__count_control_DiffRhythm,artifactbench,family,Udio,Udio,860,405,0.9762302612690209
three_support,artifactbench__count_control_DiffRhythm,artifactbench,family,Yue,Yue,860,100,0.9991627906976743
three_support,artifactbench__count_control_DiffRhythm,artifactbench,generator,DiffRhythm,DiffRhythm,860,100,0.9972093023255814
three_support,artifactbench__count_control_DiffRhythm,artifactbench,generator,MusicGen,MusicGen Large,860,30,0.9998449612403101
three_support,artifactbench__count_control_DiffRhythm,artifactbench,generator,MusicGen,MusicGen Medium,860,30,0.9999612403100775
three_support,artifactbench__count_control_DiffRhythm,artifactbench,generator,MusicGen,MusicGen Small,860,30,1.0
three_support,artifactbench__count_control_DiffRhythm,artifactbench,generator,Riffusion,Riffusion,860,100,0.946593023255814
three_support,artifactbench__count_control_DiffRhythm,artifactbench,generator,Riffusion,Riffusion (AIME),860,30,0.6665116279069767
three_support,artifactbench__count_control_DiffRhythm,artifactbench,generator,StableAudio,Stable Audio v1,860,50,0.987139534883721
three_support,artifactbench__count_control_DiffRhythm,artifactbench,generator,StableAudio,Stable Audio v2,860,50,0.9893255813953489
three_support,artifactbench__count_control_DiffRhythm,artifactbench,generator,Suno,Google Chirp v2 XXL,860,80,0.9998546511627907
three_support,artifactbench__count_control_DiffRhythm,artifactbench,generator,Suno,Google Chirp v3,860,80,0.9997529069767442
three_support,artifactbench__count_control_DiffRhythm,artifactbench,generator,Suno,Google Chirp v3.5,860,80,0.9995058139534884
three_support,artifactbench__count_control_DiffRhythm,artifactbench,generator,Suno,Suno (mixed),860,80,0.97875
three_support,artifactbench__count_control_DiffRhythm,artifactbench,generator,Suno,Suno v3,860,30,1.0
three_support,artifactbench__count_control_DiffRhythm,artifactbench,generator,Suno,Suno v3.5,860,29,0.9999198075380914
three_support,artifactbench__count_control_DiffRhythm,artifactbench,generator,Suno,Suno v4,860,100,0.9474418604651162
three_support,artifactbench__count_control_DiffRhythm,artifactbench,generator,Udio,Udio,860,100,0.9910581395348838
three_support,artifactbench__count_control_DiffRhythm,artifactbench,generator,Udio,Udio (AIME),860,30,0.9839147286821706
three_support,artifactbench__count_control_DiffRhythm,artifactbench,generator,Udio,Udio (SONICS 120s),860,80,0.999156976744186
three_support,artifactbench__count_control_DiffRhythm,artifactbench,generator,Udio,Udio (SONICS 30s),860,80,0.9707412790697675
three_support,artifactbench__count_control_DiffRhythm,artifactbench,generator,Udio,Udio (mixed),860,80,0.9543313953488373
three_support,artifactbench__count_control_DiffRhythm,artifactbench,generator,Udio,Udio CDN,860,18,0.936046511627907
three_support,artifactbench__count_control_DiffRhythm,artifactbench,generator,Udio,Udio CDN Latest,860,17,0.9389876880984951
three_support,artifactbench__count_control_DiffRhythm,artifactbench,generator,Yue,Yue,860,100,0.9991627906976743
three_support,echoes__without_StableAudio,echoes,family,AceStep,AceStep,59,57,0.9235801367826344
three_support,echoes__without_StableAudio,echoes,family,AudioLDM,AudioLDM,59,115,0.9997052321296979
three_support,echoes__without_StableAudio,echoes,family,Brev,Brev,59,68,0.9611166500498505
three_support,echoes__without_StableAudio,echoes,family,DiffRhythm,DiffRhythm,59,120,0.9779661016949153
three_support,echoes__without_StableAudio,echoes,family,Mubert,Mubert,59,32,0.4014830508474576
three_support,echoes__without_StableAudio,echoes,family,Producer,Producer,59,68,0.8808574277168494
three_support,echoes__without_StableAudio,echoes,family,SongGen,SongGen,59,111,0.972056802565277
three_support,echoes__without_StableAudio,echoes,family,StableAudio,StableAudio,59,35,0.5801452784503632
three_support,echoes__without_StableAudio,echoes,family,Suno,Suno,59,68,0.9366899302093719
three_support,echoes__without_StableAudio,echoes,family,Udio,Udio,59,68,0.9588733798604188
three_support,echoes__without_StableAudio,echoes,generator,AceStep,acestep,59,57,0.9235801367826344
three_support,echoes__without_StableAudio,echoes,generator,AudioLDM,audioldm,59,115,0.9997052321296979
three_support,echoes__without_StableAudio,echoes,generator,Brev,brev,59,68,0.9611166500498505
three_support,echoes__without_StableAudio,echoes,generator,DiffRhythm,diffrhythm,59,120,0.9779661016949153
three_support,echoes__without_StableAudio,echoes,generator,Mubert,mubert,59,32,0.4014830508474576
three_support,echoes__without_StableAudio,echoes,generator,Producer,producer,59,68,0.8808574277168494
three_support,echoes__without_StableAudio,echoes,generator,SongGen,songgen,59,111,0.972056802565277
three_support,echoes__without_StableAudio,echoes,generator,StableAudio,stableaudio,59,35,0.5801452784503632
three_support,echoes__without_StableAudio,echoes,generator,Suno,suno,59,68,0.9366899302093719
three_support,echoes__without_StableAudio,echoes,generator,Udio,udio,59,68,0.9588733798604188
three_support,echoes__count_control_StableAudio,echoes,family,AceStep,AceStep,59,57,0.9958370502527505
three_support,echoes__count_control_StableAudio,echoes,family,AudioLDM,AudioLDM,59,115,0.9997052321296979
three_support,echoes__count_control_StableAudio,echoes,family,Brev,Brev,59,68,0.9663509471585244
three_support,echoes__count_control_StableAudio,echoes,family,DiffRhythm,DiffRhythm,59,120,0.9949152542372881
three_support,echoes__count_control_StableAudio,echoes,family,Mubert,Mubert,59,32,0.4608050847457627
three_support,echoes__count_control_StableAudio,echoes,family,Producer,Producer,59,68,0.964606181455633
three_support,echoes__count_control_StableAudio,echoes,family,SongGen,SongGen,59,111,0.9714460222934799
three_support,echoes__count_control_StableAudio,echoes,family,StableAudio,StableAudio,59,35,0.6842615012106538
three_support,echoes__count_control_StableAudio,echoes,family,Suno,Suno,59,68,0.93419740777667
three_support,echoes__count_control_StableAudio,echoes,family,Udio,Udio,59,68,0.9528913260219343
three_support,echoes__count_control_StableAudio,echoes,generator,AceStep,acestep,59,57,0.9958370502527505
three_support,echoes__count_control_StableAudio,echoes,generator,AudioLDM,audioldm,59,115,0.9997052321296979
three_support,echoes__count_control_StableAudio,echoes,generator,Brev,brev,59,68,0.9663509471585244
three_support,echoes__count_control_StableAudio,echoes,generator,DiffRhythm,diffrhythm,59,120,0.9949152542372881
three_support,echoes__count_control_StableAudio,echoes,generator,Mubert,mubert,59,32,0.4608050847457627
three_support,echoes__count_control_StableAudio,echoes,generator,Producer,producer,59,68,0.964606181455633
three_support,echoes__count_control_StableAudio,echoes,generator,SongGen,songgen,59,111,0.9714460222934799
three_support,echoes__count_control_StableAudio,echoes,generator,StableAudio,stableaudio,59,35,0.6842615012106538
three_support,echoes__count_control_StableAudio,echoes,generator,Suno,suno,59,68,0.93419740777667
three_support,echoes__count_control_StableAudio,echoes,generator,Udio,udio,59,68,0.9528913260219343
three_support,echoes__without_AudioLDM,echoes,family,AceStep,AceStep,59,57,0.9988105857865002
three_support,echoes__without_AudioLDM,echoes,family,AudioLDM,AudioLDM,59,115,0.9885040530582166
three_support,echoes__without_AudioLDM,echoes,family,Brev,Brev,59,68,0.9528913260219342
three_support,echoes__without_AudioLDM,echoes,family,DiffRhythm,DiffRhythm,59,120,0.9977401129943504
three_support,echoes__without_AudioLDM,echoes,family,Mubert,Mubert,59,32,0.3469279661016949
three_support,echoes__without_AudioLDM,echoes,family,Producer,Producer,59,68,0.9563808574277168
three_support,echoes__without_AudioLDM,echoes,family,SongGen,SongGen,59,111,0.9431974347228584
three_support,echoes__without_AudioLDM,echoes,family,StableAudio,StableAudio,59,35,0.6372881355932204
three_support,echoes__without_AudioLDM,echoes,family,Suno,Suno,59,68,0.9130109670987039
three_support,echoes__without_AudioLDM,echoes,family,Udio,Udio,59,68,0.9521435692921236
three_support,echoes__without_AudioLDM,echoes,generator,AceStep,acestep,59,57,0.9988105857865002
three_support,echoes__without_AudioLDM,echoes,generator,AudioLDM,audioldm,59,115,0.9885040530582166
three_support,echoes__without_AudioLDM,echoes,generator,Brev,brev,59,68,0.9528913260219342
three_support,echoes__without_AudioLDM,echoes,generator,DiffRhythm,diffrhythm,59,120,0.9977401129943504
three_support,echoes__without_AudioLDM,echoes,generator,Mubert,mubert,59,32,0.3469279661016949
three_support,echoes__without_AudioLDM,echoes,generator,Producer,producer,59,68,0.9563808574277168
three_support,echoes__without_AudioLDM,echoes,generator,SongGen,songgen,59,111,0.9431974347228584
three_support,echoes__without_AudioLDM,echoes,generator,StableAudio,stableaudio,59,35,0.6372881355932204
three_support,echoes__without_AudioLDM,echoes,generator,Suno,suno,59,68,0.9130109670987039
three_support,echoes__without_AudioLDM,echoes,generator,Udio,udio,59,68,0.9521435692921236
three_support,echoes__count_control_AudioLDM,echoes,family,AceStep,AceStep,59,57,0.9967291109128754
three_support,echoes__count_control_AudioLDM,echoes,family,AudioLDM,AudioLDM,59,115,0.999852616064849
three_support,echoes__count_control_AudioLDM,echoes,family,Brev,Brev,59,68,0.9646061814556331
three_support,echoes__count_control_AudioLDM,echoes,family,DiffRhythm,DiffRhythm,59,120,0.9950564971751412
three_support,echoes__count_control_AudioLDM,echoes,family,Mubert,Mubert,59,32,0.3866525423728814
three_support,echoes__count_control_AudioLDM,echoes,family,Producer,Producer,59,68,0.9581256231306081
three_support,echoes__count_control_AudioLDM,echoes,family,SongGen,SongGen,59,111,0.9493052374408306
three_support,echoes__count_control_AudioLDM,echoes,family,StableAudio,StableAudio,59,35,0.6358353510895883
three_support,echoes__count_control_AudioLDM,echoes,family,Suno,Suno,59,68,0.9229810568295115
three_support,echoes__count_control_AudioLDM,echoes,family,Udio,Udio,59,68,0.9653539381854437
three_support,echoes__count_control_AudioLDM,echoes,generator,AceStep,acestep,59,57,0.9967291109128754
three_support,echoes__count_control_AudioLDM,echoes,generator,AudioLDM,audioldm,59,115,0.999852616064849
three_support,echoes__count_control_AudioLDM,echoes,generator,Brev,brev,59,68,0.9646061814556331
three_support,echoes__count_control_AudioLDM,echoes,generator,DiffRhythm,diffrhythm,59,120,0.9950564971751412
three_support,echoes__count_control_AudioLDM,echoes,generator,Mubert,mubert,59,32,0.3866525423728814
three_support,echoes__count_control_AudioLDM,echoes,generator,Producer,producer,59,68,0.9581256231306081
three_support,echoes__count_control_AudioLDM,echoes,generator,SongGen,songgen,59,111,0.9493052374408306
three_support,echoes__count_control_AudioLDM,echoes,generator,StableAudio,stableaudio,59,35,0.6358353510895883
three_support,echoes__count_control_AudioLDM,echoes,generator,Suno,suno,59,68,0.9229810568295115
three_support,echoes__count_control_AudioLDM,echoes,generator,Udio,udio,59,68,0.9653539381854437
three_support,echoes__without_DiffRhythm,echoes,family,AceStep,AceStep,59,57,0.9991079393398751
three_support,echoes__without_DiffRhythm,echoes,family,AudioLDM,AudioLDM,59,115,0.9988209285187915
three_support,echoes__without_DiffRhythm,echoes,family,Brev,Brev,59,68,0.9598703888334995
three_support,echoes__without_DiffRhythm,echoes,family,DiffRhythm,DiffRhythm,59,120,0.9981638418079095
three_support,echoes__without_DiffRhythm,echoes,family,Mubert,Mubert,59,32,0.4772245762711864
three_support,echoes__without_DiffRhythm,echoes,family,Producer,Producer,59,68,0.972333000997009
three_support,echoes__without_DiffRhythm,echoes,family,SongGen,SongGen,59,111,0.9636585738280653
three_support,echoes__without_DiffRhythm,echoes,family,StableAudio,StableAudio,59,35,0.7002421307506053
three_support,echoes__without_DiffRhythm,echoes,family,Suno,Suno,59,68,0.9152542372881357
three_support,echoes__without_DiffRhythm,echoes,family,Udio,Udio,59,68,0.9518943170488534
three_support,echoes__without_DiffRhythm,echoes,generator,AceStep,acestep,59,57,0.9991079393398751
three_support,echoes__without_DiffRhythm,echoes,generator,AudioLDM,audioldm,59,115,0.9988209285187915
three_support,echoes__without_DiffRhythm,echoes,generator,Brev,brev,59,68,0.9598703888334995
three_support,echoes__without_DiffRhythm,echoes,generator,DiffRhythm,diffrhythm,59,120,0.9981638418079095
three_support,echoes__without_DiffRhythm,echoes,generator,Mubert,mubert,59,32,0.4772245762711864
three_support,echoes__without_DiffRhythm,echoes,generator,Producer,producer,59,68,0.972333000997009
three_support,echoes__without_DiffRhythm,echoes,generator,SongGen,songgen,59,111,0.9636585738280653
three_support,echoes__without_DiffRhythm,echoes,generator,StableAudio,stableaudio,59,35,0.7002421307506053
three_support,echoes__without_DiffRhythm,echoes,generator,Suno,suno,59,68,0.9152542372881357
three_support,echoes__without_DiffRhythm,echoes,generator,Udio,udio,59,68,0.9518943170488534
three_support,echoes__count_control_DiffRhythm,echoes,family,AceStep,AceStep,59,57,0.9985132322331252
three_support,echoes__count_control_DiffRhythm,echoes,family,AudioLDM,AudioLDM,59,115,0.9994104642593957
three_support,echoes__count_control_DiffRhythm,echoes,family,Brev,Brev,59,68,0.9581256231306082
three_support,echoes__count_control_DiffRhythm,echoes,family,DiffRhythm,DiffRhythm,59,120,0.9978813559322034
three_support,echoes__count_control_DiffRhythm,echoes,family,Mubert,Mubert,59,32,0.4110169491525424
three_support,echoes__count_control_DiffRhythm,echoes,family,Producer,Producer,59,68,0.9661016949152543
three_support,echoes__count_control_DiffRhythm,echoes,family,SongGen,SongGen,59,111,0.963963963963964
three_support,echoes__count_control_DiffRhythm,echoes,family,StableAudio,StableAudio,59,35,0.6697336561743342
three_support,echoes__count_control_DiffRhythm,echoes,family,Suno,Suno,59,68,0.9349451645064806
three_support,echoes__count_control_DiffRhythm,echoes,family,Udio,Udio,59,68,0.9561316051844466
three_support,echoes__count_control_DiffRhythm,echoes,generator,AceStep,acestep,59,57,0.9985132322331252
three_support,echoes__count_control_DiffRhythm,echoes,generator,AudioLDM,audioldm,59,115,0.9994104642593957
three_support,echoes__count_control_DiffRhythm,echoes,generator,Brev,brev,59,68,0.9581256231306082
three_support,echoes__count_control_DiffRhythm,echoes,generator,DiffRhythm,diffrhythm,59,120,0.9978813559322034
three_support,echoes__count_control_DiffRhythm,echoes,generator,Mubert,mubert,59,32,0.4110169491525424
three_support,echoes__count_control_DiffRhythm,echoes,generator,Producer,producer,59,68,0.9661016949152543
three_support,echoes__count_control_DiffRhythm,echoes,generator,SongGen,songgen,59,111,0.963963963963964
three_support,echoes__count_control_DiffRhythm,echoes,generator,StableAudio,stableaudio,59,35,0.6697336561743342
three_support,echoes__count_control_DiffRhythm,echoes,generator,Suno,suno,59,68,0.9349451645064806
three_support,echoes__count_control_DiffRhythm,echoes,generator,Udio,udio,59,68,0.9561316051844466
three_support,fakemusiccaps__without_StableAudio,fakemusiccaps,family,AudioLDM,AudioLDM,1102,1104,0.9936207882900655
three_support,fakemusiccaps__without_StableAudio,fakemusiccaps,family,MusicGen,MusicGen,1102,1104,0.9971256148241668
three_support,fakemusiccaps__without_StableAudio,fakemusiccaps,family,MusicLDM,MusicLDM,1102,1104,0.943815920986875
three_support,fakemusiccaps__without_StableAudio,fakemusiccaps,family,Mustango,Mustango,1102,1104,0.9995553210236987
three_support,fakemusiccaps__without_StableAudio,fakemusiccaps,family,StableAudio,StableAudio,1102,1104,0.9658567098029932
three_support,fakemusiccaps__without_StableAudio,fakemusiccaps,generator,AudioLDM,audioldm2,1102,1104,0.9936207882900655
three_support,fakemusiccaps__without_StableAudio,fakemusiccaps,generator,MusicGen,MusicGen_medium,1102,1104,0.9971256148241668
three_support,fakemusiccaps__without_StableAudio,fakemusiccaps,generator,MusicLDM,musicldm,1102,1104,0.943815920986875
three_support,fakemusiccaps__without_StableAudio,fakemusiccaps,generator,Mustango,mustango,1102,1104,0.9995553210236987
three_support,fakemusiccaps__without_StableAudio,fakemusiccaps,generator,StableAudio,stable_audio_open,1102,1104,0.9658567098029932
three_support,fakemusiccaps__count_control_StableAudio,fakemusiccaps,family,AudioLDM,AudioLDM,1102,1104,0.9864746902864358
three_support,fakemusiccaps__count_control_StableAudio,fakemusiccaps,family,MusicGen,MusicGen,1102,1104,0.9958203464057446
three_support,fakemusiccaps__count_control_StableAudio,fakemusiccaps,family,MusicLDM,MusicLDM,1102,1104,0.9406390554722638
three_support,fakemusiccaps__count_control_StableAudio,fakemusiccaps,family,Mustango,Mustango,1102,1104,0.9981094978826377
three_support,fakemusiccaps__count_control_StableAudio,fakemusiccaps,family,StableAudio,StableAudio,1102,1104,0.9684319024698177
three_support,fakemusiccaps__count_control_StableAudio,fakemusiccaps,generator,AudioLDM,audioldm2,1102,1104,0.9864746902864358
three_support,fakemusiccaps__count_control_StableAudio,fakemusiccaps,generator,MusicGen,MusicGen_medium,1102,1104,0.9958203464057446
three_support,fakemusiccaps__count_control_StableAudio,fakemusiccaps,generator,MusicLDM,musicldm,1102,1104,0.9406390554722638
three_support,fakemusiccaps__count_control_StableAudio,fakemusiccaps,generator,Mustango,mustango,1102,1104,0.9981094978826377
three_support,fakemusiccaps__count_control_StableAudio,fakemusiccaps,generator,StableAudio,stable_audio_open,1102,1104,0.9684319024698177
three_support,fakemusiccaps__without_AudioLDM,fakemusiccaps,family,AudioLDM,AudioLDM,1102,1104,0.9502255451221757
three_support,fakemusiccaps__without_AudioLDM,fakemusiccaps,family,MusicGen,MusicGen,1102,1104,0.996283108445777
three_support,fakemusiccaps__without_AudioLDM,fakemusiccaps,family,MusicLDM,MusicLDM,1102,1104,0.9484114850469502
three_support,fakemusiccaps__without_AudioLDM,fakemusiccaps,family,Mustango,Mustango,1102,1104,0.9876846116415476
three_support,fakemusiccaps__without_AudioLDM,fakemusiccaps,family,StableAudio,StableAudio,1102,1104,0.9706717365001709
three_support,fakemusiccaps__without_AudioLDM,fakemusiccaps,generator,AudioLDM,audioldm2,1102,1104,0.9502255451221757
three_support,fakemusiccaps__without_AudioLDM,fakemusiccaps,generator,MusicGen,MusicGen_medium,1102,1104,0.996283108445777
three_support,fakemusiccaps__without_AudioLDM,fakemusiccaps,generator,MusicLDM,musicldm,1102,1104,0.9484114850469502
three_support,fakemusiccaps__without_AudioLDM,fakemusiccaps,generator,Mustango,mustango,1102,1104,0.9876846116415476
three_support,fakemusiccaps__without_AudioLDM,fakemusiccaps,generator,StableAudio,stable_audio_open,1102,1104,0.9706717365001709
three_support,fakemusiccaps__count_control_AudioLDM,fakemusiccaps,family,AudioLDM,AudioLDM,1102,1104,0.9889043964859675
three_support,fakemusiccaps__count_control_AudioLDM,fakemusiccaps,family,MusicGen,MusicGen,1102,1104,0.9967401167837133
three_support,fakemusiccaps__count_control_AudioLDM,fakemusiccaps,family,MusicLDM,MusicLDM,1102,1104,0.9551408506273178
three_support,fakemusiccaps__count_control_AudioLDM,fakemusiccaps,family,Mustango,Mustango,1102,1104,0.9983306044346248
three_support,fakemusiccaps__count_control_AudioLDM,fakemusiccaps,family,StableAudio,StableAudio,1102,1104,0.9708122912228097
three_support,fakemusiccaps__count_control_AudioLDM,fakemusiccaps,generator,AudioLDM,audioldm2,1102,1104,0.9889043964859675
three_support,fakemusiccaps__count_control_AudioLDM,fakemusiccaps,generator,MusicGen,MusicGen_medium,1102,1104,0.9967401167837133
three_support,fakemusiccaps__count_control_AudioLDM,fakemusiccaps,generator,MusicLDM,musicldm,1102,1104,0.9551408506273178
three_support,fakemusiccaps__count_control_AudioLDM,fakemusiccaps,generator,Mustango,mustango,1102,1104,0.9983306044346248
three_support,fakemusiccaps__count_control_AudioLDM,fakemusiccaps,generator,StableAudio,stable_audio_open,1102,1104,0.9708122912228097
three_support,artifactbench__fmc_fit_only,artifactbench,family,DiffRhythm,DiffRhythm,860,100,0.9971162790697675
three_support,artifactbench__fmc_fit_only,artifactbench,family,MusicGen,MusicGen,860,90,1.0
three_support,artifactbench__fmc_fit_only,artifactbench,family,Riffusion,Riffusion,860,130,0.864660107334526
three_support,artifactbench__fmc_fit_only,artifactbench,family,StableAudio,StableAudio,860,100,0.987906976744186
three_support,artifactbench__fmc_fit_only,artifactbench,family,Suno,Suno,860,479,0.9690464630771471
three_support,artifactbench__fmc_fit_only,artifactbench,family,Udio,Udio,860,405,0.4356818834338214
three_support,artifactbench__fmc_fit_only,artifactbench,family,Yue,Yue,860,100,0.9910813953488371
three_support,artifactbench__fmc_fit_only,artifactbench,generator,DiffRhythm,DiffRhythm,860,100,0.9971162790697675
three_support,artifactbench__fmc_fit_only,artifactbench,generator,MusicGen,MusicGen Large,860,30,1.0
three_support,artifactbench__fmc_fit_only,artifactbench,generator,MusicGen,MusicGen Medium,860,30,1.0
three_support,artifactbench__fmc_fit_only,artifactbench,generator,MusicGen,MusicGen Small,860,30,1.0
three_support,artifactbench__fmc_fit_only,artifactbench,generator,Riffusion,Riffusion,860,100,0.9581860465116279
three_support,artifactbench__fmc_fit_only,artifactbench,generator,Riffusion,Riffusion (AIME),860,30,0.5529069767441861
three_support,artifactbench__fmc_fit_only,artifactbench,generator,StableAudio,Stable Audio v1,860,50,0.9833953488372092
three_support,artifactbench__fmc_fit_only,artifactbench,generator,StableAudio,Stable Audio v2,860,50,0.9924186046511627
three_support,artifactbench__fmc_fit_only,artifactbench,generator,Suno,Google Chirp v2 XXL,860,80,0.9993168604651163
three_support,artifactbench__fmc_fit_only,artifactbench,generator,Suno,Google Chirp v3,860,80,0.9975581395348837
three_support,artifactbench__fmc_fit_only,artifactbench,generator,Suno,Google Chirp v3.5,860,80,0.9917296511627907
three_support,artifactbench__fmc_fit_only,artifactbench,generator,Suno,Suno (mixed),860,80,0.939360465116279
three_support,artifactbench__fmc_fit_only,artifactbench,generator,Suno,Suno v3,860,30,0.9996124031007753
three_support,artifactbench__fmc_fit_only,artifactbench,generator,Suno,Suno v3.5,860,29,0.9976343223736969
three_support,artifactbench__fmc_fit_only,artifactbench,generator,Suno,Suno v4,860,100,0.9101627906976745
three_support,artifactbench__fmc_fit_only,artifactbench,generator,Udio,Udio,860,100,0.45784883720930236
three_support,artifactbench__fmc_fit_only,artifactbench,generator,Udio,Udio (AIME),860,30,0.4873643410852713
three_support,artifactbench__fmc_fit_only,artifactbench,generator,Udio,Udio (SONICS 120s),860,80,0.446046511627907
three_support,artifactbench__fmc_fit_only,artifactbench,generator,Udio,Udio (SONICS 30s),860,80,0.3793604651162791
three_support,artifactbench__fmc_fit_only,artifactbench,generator,Udio,Udio (mixed),860,80,0.44847383720930234
three_support,artifactbench__fmc_fit_only,artifactbench,generator,Udio,Udio CDN,860,18,0.39689922480620154
three_support,artifactbench__fmc_fit_only,artifactbench,generator,Udio,Udio CDN Latest,860,17,0.41121751025991793
three_support,artifactbench__fmc_fit_only,artifactbench,generator,Yue,Yue,860,100,0.9910813953488371
single_support,artifactbench__base,artifactbench,family,DiffRhythm,DiffRhythm,860,100,0.983313953488372
single_support,artifactbench__base,artifactbench,family,MusicGen,MusicGen,860,90,0.9997932816537468
single_support,artifactbench__base,artifactbench,family,Riffusion,Riffusion,860,130,0.8568336314847943
single_support,artifactbench__base,artifactbench,family,StableAudio,StableAudio,860,100,0.9816511627906976
single_support,artifactbench__base,artifactbench,family,Suno,Suno,860,479,0.9700975870272368
single_support,artifactbench__base,artifactbench,family,Udio,Udio,860,405,0.8960895779500431
single_support,artifactbench__base,artifactbench,family,Yue,Yue,860,100,0.9989534883720931
single_support,artifactbench__base,artifactbench,generator,DiffRhythm,DiffRhythm,860,100,0.983313953488372
single_support,artifactbench__base,artifactbench,generator,MusicGen,MusicGen Large,860,30,0.9998837209302326
single_support,artifactbench__base,artifactbench,generator,MusicGen,MusicGen Medium,860,30,0.9997674418604651
single_support,artifactbench__base,artifactbench,generator,MusicGen,MusicGen Small,860,30,0.9997286821705427
single_support,artifactbench__base,artifactbench,generator,Riffusion,Riffusion,860,100,0.9007093023255814
single_support,artifactbench__base,artifactbench,generator,Riffusion,Riffusion (AIME),860,30,0.7105813953488371
single_support,artifactbench__base,artifactbench,generator,StableAudio,Stable Audio v1,860,50,0.9700930232558139
single_support,artifactbench__base,artifactbench,generator,StableAudio,Stable Audio v2,860,50,0.9932093023255815
single_support,artifactbench__base,artifactbench,generator,Suno,Google Chirp v2 XXL,860,80,0.9990552325581395
single_support,artifactbench__base,artifactbench,generator,Suno,Google Chirp v3,860,80,0.998968023255814
single_support,artifactbench__base,artifactbench,generator,Suno,Google Chirp v3.5,860,80,0.9923255813953489
single_support,artifactbench__base,artifactbench,generator,Suno,Suno (mixed),860,80,0.9627470930232558
single_support,artifactbench__base,artifactbench,generator,Suno,Suno v3,860,30,0.9995348837209302
single_support,artifactbench__base,artifactbench,generator,Suno,Suno v3.5,860,29,0.9996792301523657
single_support,artifactbench__base,artifactbench,generator,Suno,Suno v4,860,100,0.8945232558139535
single_support,artifactbench__base,artifactbench,generator,Udio,Udio,860,100,0.9163837209302325
single_support,artifactbench__base,artifactbench,generator,Udio,Udio (AIME),860,30,0.9426744186046512
single_support,artifactbench__base,artifactbench,generator,Udio,Udio (SONICS 120s),860,80,0.9719186046511629
single_support,artifactbench__base,artifactbench,generator,Udio,Udio (SONICS 30s),860,80,0.8461918604651163
single_support,artifactbench__base,artifactbench,generator,Udio,Udio (mixed),860,80,0.8421366279069767
single_support,artifactbench__base,artifactbench,generator,Udio,Udio CDN,860,18,0.9189276485788114
single_support,artifactbench__base,artifactbench,generator,Udio,Udio CDN Latest,860,17,0.8021887824897401
single_support,artifactbench__base,artifactbench,generator,Yue,Yue,860,100,0.9989534883720931
single_support,echoes__base,echoes,family,AceStep,AceStep,59,57,0.9958370502527505
single_support,echoes__base,echoes,family,AudioLDM,AudioLDM,59,115,0.9917464996315402
single_support,echoes__base,echoes,family,Brev,Brev,59,68,0.9344466600199403
single_support,echoes__base,echoes,family,DiffRhythm,DiffRhythm,59,120,0.9964689265536724
single_support,echoes__base,echoes,family,Mubert,Mubert,59,32,0.4194915254237288
single_support,echoes__base,echoes,family,Producer,Producer,59,68,0.9441674975074775
single_support,echoes__base,echoes,family,SongGen,SongGen,59,111,0.9825927622537792
single_support,echoes__base,echoes,family,StableAudio,StableAudio,59,35,0.6673123486682809
single_support,echoes__base,echoes,family,Suno,Suno,59,68,0.9072781655034894
single_support,echoes__base,echoes,family,Udio,Udio,59,68,0.8387337986041874
single_support,echoes__base,echoes,generator,AceStep,acestep,59,57,0.9958370502527505
single_support,echoes__base,echoes,generator,AudioLDM,audioldm,59,115,0.9917464996315402
single_support,echoes__base,echoes,generator,Brev,brev,59,68,0.9344466600199403
single_support,echoes__base,echoes,generator,DiffRhythm,diffrhythm,59,120,0.9964689265536724
single_support,echoes__base,echoes,generator,Mubert,mubert,59,32,0.4194915254237288
single_support,echoes__base,echoes,generator,Producer,producer,59,68,0.9441674975074775
single_support,echoes__base,echoes,generator,SongGen,songgen,59,111,0.9825927622537792
single_support,echoes__base,echoes,generator,StableAudio,stableaudio,59,35,0.6673123486682809
single_support,echoes__base,echoes,generator,Suno,suno,59,68,0.9072781655034894
single_support,echoes__base,echoes,generator,Udio,udio,59,68,0.8387337986041874
single_support,fakemusiccaps__base,fakemusiccaps,family,AudioLDM,AudioLDM,1102,1104,0.9835353704726585
single_support,fakemusiccaps__base,fakemusiccaps,family,MusicGen,MusicGen,1102,1104,0.9912823193666325
single_support,fakemusiccaps__base,fakemusiccaps,family,MusicLDM,MusicLDM,1102,1104,0.9208742668139613
single_support,fakemusiccaps__base,fakemusiccaps,family,Mustango,Mustango,1102,1104,0.9964294168705122
single_support,fakemusiccaps__base,fakemusiccaps,family,StableAudio,StableAudio,1102,1104,0.9665381125226861
single_support,fakemusiccaps__base,fakemusiccaps,generator,AudioLDM,audioldm2,1102,1104,0.9835353704726585
single_support,fakemusiccaps__base,fakemusiccaps,generator,MusicGen,MusicGen_medium,1102,1104,0.9912823193666325
single_support,fakemusiccaps__base,fakemusiccaps,generator,MusicLDM,musicldm,1102,1104,0.9208742668139613
single_support,fakemusiccaps__base,fakemusiccaps,generator,Mustango,mustango,1102,1104,0.9964294168705122
single_support,fakemusiccaps__base,fakemusiccaps,generator,StableAudio,stable_audio_open,1102,1104,0.9665381125226861
single_support,artifactbench__without_Suno,artifactbench,family,DiffRhythm,DiffRhythm,860,100,0.9790465116279069
single_support,artifactbench__without_Suno,artifactbench,family,MusicGen,MusicGen,860,90,0.999857881136951
single_support,artifactbench__without_Suno,artifactbench,family,Riffusion,Riffusion,860,130,0.8338461538461538
single_support,artifactbench__without_Suno,artifactbench,family,StableAudio,StableAudio,860,100,0.9857558139534884
single_support,artifactbench__without_Suno,artifactbench,family,Suno,Suno,860,479,0.9376802446958294
single_support,artifactbench__without_Suno,artifactbench,family,Udio,Udio,860,405,0.9032873959230548
single_support,artifactbench__without_Suno,artifactbench,family,Yue,Yue,860,100,0.9894767441860465
single_support,artifactbench__without_Suno,artifactbench,generator,DiffRhythm,DiffRhythm,860,100,0.9790465116279069
single_support,artifactbench__without_Suno,artifactbench,generator,MusicGen,MusicGen Large,860,30,0.9998837209302326
single_support,artifactbench__without_Suno,artifactbench,generator,MusicGen,MusicGen Medium,860,30,0.999922480620155
single_support,artifactbench__without_Suno,artifactbench,generator,MusicGen,MusicGen Small,860,30,0.9997674418604652
single_support,artifactbench__without_Suno,artifactbench,generator,Riffusion,Riffusion,860,100,0.8715697674418604
single_support,artifactbench__without_Suno,artifactbench,generator,Riffusion,Riffusion (AIME),860,30,0.7081007751937984
single_support,artifactbench__without_Suno,artifactbench,generator,StableAudio,Stable Audio v1,860,50,0.9794883720930233
single_support,artifactbench__without_Suno,artifactbench,generator,StableAudio,Stable Audio v2,860,50,0.9920232558139535
single_support,artifactbench__without_Suno,artifactbench,generator,Suno,Google Chirp v2 XXL,860,80,0.9951598837209301
single_support,artifactbench__without_Suno,artifactbench,generator,Suno,Google Chirp v3,860,80,0.9857848837209302
single_support,artifactbench__without_Suno,artifactbench,generator,Suno,Google Chirp v3.5,860,80,0.9626162790697674
single_support,artifactbench__without_Suno,artifactbench,generator,Suno,Suno (mixed),860,80,0.903953488372093
single_support,artifactbench__without_Suno,artifactbench,generator,Suno,Suno v3,860,30,0.9966279069767442
single_support,artifactbench__without_Suno,artifactbench,generator,Suno,Suno v3.5,860,29,0.9951884522854851
single_support,artifactbench__without_Suno,artifactbench,generator,Suno,Suno v4,860,100,0.8258837209302325
single_support,artifactbench__without_Suno,artifactbench,generator,Udio,Udio,860,100,0.9112093023255813
single_support,artifactbench__without_Suno,artifactbench,generator,Udio,Udio (AIME),860,30,0.9393798449612403
single_support,artifactbench__without_Suno,artifactbench,generator,Udio,Udio (SONICS 120s),860,80,0.9784302325581395
single_support,artifactbench__without_Suno,artifactbench,generator,Udio,Udio (SONICS 30s),860,80,0.862078488372093
single_support,artifactbench__without_Suno,artifactbench,generator,Udio,Udio (mixed),860,80,0.8561337209302325
single_support,artifactbench__without_Suno,artifactbench,generator,Udio,Udio CDN,860,18,0.9340439276485788
single_support,artifactbench__without_Suno,artifactbench,generator,Udio,Udio CDN Latest,860,17,0.822640218878249
single_support,artifactbench__without_Suno,artifactbench,generator,Yue,Yue,860,100,0.9894767441860465
single_support,artifactbench__count_control_Suno,artifactbench,family,DiffRhythm,DiffRhythm,860,100,0.9823372093023256
single_support,artifactbench__count_control_Suno,artifactbench,family,MusicGen,MusicGen,860,90,0.999922480620155
single_support,artifactbench__count_control_Suno,artifactbench,family,Riffusion,Riffusion,860,130,0.8518425760286227
single_support,artifactbench__count_control_Suno,artifactbench,family,StableAudio,StableAudio,860,100,0.9870930232558138
single_support,artifactbench__count_control_Suno,artifactbench,family,Suno,Suno,860,479,0.9724547264164684
single_support,artifactbench__count_control_Suno,artifactbench,family,Udio,Udio,860,405,0.8963192650014354
single_support,artifactbench__count_control_Suno,artifactbench,family,Yue,Yue,860,100,0.9991279069767443
single_support,artifactbench__count_control_Suno,artifactbench,generator,DiffRhythm,DiffRhythm,860,100,0.9823372093023256
single_support,artifactbench__count_control_Suno,artifactbench,generator,MusicGen,MusicGen Large,860,30,0.999922480620155
single_support,artifactbench__count_control_Suno,artifactbench,generator,MusicGen,MusicGen Medium,860,30,0.9999612403100775
single_support,artifactbench__count_control_Suno,artifactbench,generator,MusicGen,MusicGen Small,860,30,0.9998837209302326
single_support,artifactbench__count_control_Suno,artifactbench,generator,Riffusion,Riffusion,860,100,0.8877674418604651
single_support,artifactbench__count_control_Suno,artifactbench,generator,Riffusion,Riffusion (AIME),860,30,0.7320930232558139
single_support,artifactbench__count_control_Suno,artifactbench,generator,StableAudio,Stable Audio v1,860,50,0.9861860465116279
single_support,artifactbench__count_control_Suno,artifactbench,generator,StableAudio,Stable Audio v2,860,50,0.988
single_support,artifactbench__count_control_Suno,artifactbench,generator,Suno,Google Chirp v2 XXL,860,80,0.9990261627906977
single_support,artifactbench__count_control_Suno,artifactbench,generator,Suno,Google Chirp v3,860,80,0.9989825581395348
single_support,artifactbench__count_control_Suno,artifactbench,generator,Suno,Google Chirp v3.5,860,80,0.9921802325581395
single_support,artifactbench__count_control_Suno,artifactbench,generator,Suno,Suno (mixed),860,80,0.9581976744186046
single_support,artifactbench__count_control_Suno,artifactbench,generator,Suno,Suno v3,860,30,0.9997286821705427
single_support,artifactbench__count_control_Suno,artifactbench,generator,Suno,Suno v3.5,860,29,0.9997594226142743
single_support,artifactbench__count_control_Suno,artifactbench,generator,Suno,Suno v4,860,100,0.9095
single_support,artifactbench__count_control_Suno,artifactbench,generator,Udio,Udio,860,100,0.9153023255813953
single_support,artifactbench__count_control_Suno,artifactbench,generator,Udio,Udio (AIME),860,30,0.9278682170542636
single_support,artifactbench__count_control_Suno,artifactbench,generator,Udio,Udio (SONICS 120s),860,80,0.9726162790697674
single_support,artifactbench__count_control_Suno,artifactbench,generator,Udio,Udio (SONICS 30s),860,80,0.8590261627906977
single_support,artifactbench__count_control_Suno,artifactbench,generator,Udio,Udio (mixed),860,80,0.8347674418604651
single_support,artifactbench__count_control_Suno,artifactbench,generator,Udio,Udio CDN,860,18,0.9198320413436691
single_support,artifactbench__count_control_Suno,artifactbench,generator,Udio,Udio CDN Latest,860,17,0.8101915184678522
single_support,artifactbench__count_control_Suno,artifactbench,generator,Yue,Yue,860,100,0.9991279069767443
single_support,artifactbench__without_Udio,artifactbench,family,DiffRhythm,DiffRhythm,860,100,0.9862093023255813
single_support,artifactbench__without_Udio,artifactbench,family,MusicGen,MusicGen,860,90,0.9997416020671834
single_support,artifactbench__without_Udio,artifactbench,family,Riffusion,Riffusion,860,130,0.8709391771019679
single_support,artifactbench__without_Udio,artifactbench,family,StableAudio,StableAudio,860,100,0.9933255813953489
single_support,artifactbench__without_Udio,artifactbench,family,Suno,Suno,860,479,0.980312666893237
single_support,artifactbench__without_Udio,artifactbench,family,Udio,Udio,860,405,0.4690180878552971
single_support,artifactbench__without_Udio,artifactbench,family,Yue,Yue,860,100,0.9992441860465117
single_support,artifactbench__without_Udio,artifactbench,generator,DiffRhythm,DiffRhythm,860,100,0.9862093023255813
single_support,artifactbench__without_Udio,artifactbench,generator,MusicGen,MusicGen Large,860,30,0.99968992248062
single_support,artifactbench__without_Udio,artifactbench,generator,MusicGen,MusicGen Medium,860,30,0.9996899224806202
single_support,artifactbench__without_Udio,artifactbench,generator,MusicGen,MusicGen Small,860,30,0.9998449612403101
single_support,artifactbench__without_Udio,artifactbench,generator,Riffusion,Riffusion,860,100,0.9057790697674419
single_support,artifactbench__without_Udio,artifactbench,generator,Riffusion,Riffusion (AIME),860,30,0.7548062015503877
single_support,artifactbench__without_Udio,artifactbench,generator,StableAudio,Stable Audio v1,860,50,0.989139534883721
single_support,artifactbench__without_Udio,artifactbench,generator,StableAudio,Stable Audio v2,860,50,0.9975116279069767
single_support,artifactbench__without_Udio,artifactbench,generator,Suno,Google Chirp v2 XXL,860,80,0.9992441860465116
single_support,artifactbench__without_Udio,artifactbench,generator,Suno,Google Chirp v3,860,80,0.9996802325581395
single_support,artifactbench__without_Udio,artifactbench,generator,Suno,Google Chirp v3.5,860,80,0.9981395348837209
single_support,artifactbench__without_Udio,artifactbench,generator,Suno,Suno (mixed),860,80,0.9797965116279069
single_support,artifactbench__without_Udio,artifactbench,generator,Suno,Suno v3,860,30,0.9997674418604651
single_support,artifactbench__without_Udio,artifactbench,generator,Suno,Suno v3.5,860,29,0.9995589414595027
single_support,artifactbench__without_Udio,artifactbench,generator,Suno,Suno v4,860,100,0.924406976744186
single_support,artifactbench__without_Udio,artifactbench,generator,Udio,Udio,860,100,0.48773255813953487
single_support,artifactbench__without_Udio,artifactbench,generator,Udio,Udio (AIME),860,30,0.4913178294573643
single_support,artifactbench__without_Udio,artifactbench,generator,Udio,Udio (SONICS 120s),860,80,0.4181104651162791
single_support,artifactbench__without_Udio,artifactbench,generator,Udio,Udio (SONICS 30s),860,80,0.4276017441860465
single_support,artifactbench__without_Udio,artifactbench,generator,Udio,Udio (mixed),860,80,0.5095930232558139
single_support,artifactbench__without_Udio,artifactbench,generator,Udio,Udio CDN,860,18,0.4756459948320414
single_support,artifactbench__without_Udio,artifactbench,generator,Udio,Udio CDN Latest,860,17,0.5560875512995896
single_support,artifactbench__without_Udio,artifactbench,generator,Yue,Yue,860,100,0.9992441860465117
single_support,artifactbench__count_control_Udio,artifactbench,family,DiffRhythm,DiffRhythm,860,100,0.9833837209302325
single_support,artifactbench__count_control_Udio,artifactbench,family,MusicGen,MusicGen,860,90,0.9997674418604652
single_support,artifactbench__count_control_Udio,artifactbench,family,Riffusion,Riffusion,860,130,0.8341413237924866
single_support,artifactbench__count_control_Udio,artifactbench,family,StableAudio,StableAudio,860,100,0.9850930232558139
single_support,artifactbench__count_control_Udio,artifactbench,family,Suno,Suno,860,479,0.9683230567558382
single_support,artifactbench__count_control_Udio,artifactbench,family,Udio,Udio,860,405,0.8707838070628767
single_support,artifactbench__count_control_Udio,artifactbench,family,Yue,Yue,860,100,0.9982209302325582
single_support,artifactbench__count_control_Udio,artifactbench,generator,DiffRhythm,DiffRhythm,860,100,0.9833837209302325
single_support,artifactbench__count_control_Udio,artifactbench,generator,MusicGen,MusicGen Large,860,30,0.9998837209302325
single_support,artifactbench__count_control_Udio,artifactbench,generator,MusicGen,MusicGen Medium,860,30,0.9996899224806202
single_support,artifactbench__count_control_Udio,artifactbench,generator,MusicGen,MusicGen Small,860,30,0.9997286821705427
single_support,artifactbench__count_control_Udio,artifactbench,generator,Riffusion,Riffusion,860,100,0.8718023255813954
single_support,artifactbench__count_control_Udio,artifactbench,generator,Riffusion,Riffusion (AIME),860,30,0.7086046511627907
single_support,artifactbench__count_control_Udio,artifactbench,generator,StableAudio,Stable Audio v1,860,50,0.9752790697674418
single_support,artifactbench__count_control_Udio,artifactbench,generator,StableAudio,Stable Audio v2,860,50,0.994906976744186
single_support,artifactbench__count_control_Udio,artifactbench,generator,Suno,Google Chirp v2 XXL,860,80,0.9988953488372093
single_support,artifactbench__count_control_Udio,artifactbench,generator,Suno,Google Chirp v3,860,80,0.9973255813953489
single_support,artifactbench__count_control_Udio,artifactbench,generator,Suno,Google Chirp v3.5,860,80,0.9898401162790698
single_support,artifactbench__count_control_Udio,artifactbench,generator,Suno,Suno (mixed),860,80,0.9611918604651162
single_support,artifactbench__count_control_Udio,artifactbench,generator,Suno,Suno v3,860,30,0.9996899224806202
single_support,artifactbench__count_control_Udio,artifactbench,generator,Suno,Suno v3.5,860,29,0.9997995188452286
single_support,artifactbench__count_control_Udio,artifactbench,generator,Suno,Suno v4,860,100,0.8906162790697674
single_support,artifactbench__count_control_Udio,artifactbench,generator,Udio,Udio,860,100,0.8921162790697674
single_support,artifactbench__count_control_Udio,artifactbench,generator,Udio,Udio (AIME),860,30,0.9108139534883721
single_support,artifactbench__count_control_Udio,artifactbench,generator,Udio,Udio (SONICS 120s),860,80,0.9649127906976744
single_support,artifactbench__count_control_Udio,artifactbench,generator,Udio,Udio (SONICS 30s),860,80,0.820218023255814
single_support,artifactbench__count_control_Udio,artifactbench,generator,Udio,Udio (mixed),860,80,0.8045058139534884
single_support,artifactbench__count_control_Udio,artifactbench,generator,Udio,Udio CDN,860,18,0.8872739018087855
single_support,artifactbench__count_control_Udio,artifactbench,generator,Udio,Udio CDN Latest,860,17,0.7640902872777018
single_support,artifactbench__count_control_Udio,artifactbench,generator,Yue,Yue,860,100,0.9982209302325582
single_support,artifactbench__without_MusicGen,artifactbench,family,DiffRhythm,DiffRhythm,860,100,0.9869534883720931
single_support,artifactbench__without_MusicGen,artifactbench,family,MusicGen,MusicGen,860,90,0.9972222222222222
single_support,artifactbench__without_MusicGen,artifactbench,family,Riffusion,Riffusion,860,130,0.8487388193202146
single_support,artifactbench__without_MusicGen,artifactbench,family,StableAudio,StableAudio,860,100,0.9880697674418605
single_support,artifactbench__without_MusicGen,artifactbench,family,Suno,Suno,860,479,0.9700733116473272
single_support,artifactbench__without_MusicGen,artifactbench,family,Udio,Udio,860,405,0.9113350559862188
single_support,artifactbench__without_MusicGen,artifactbench,family,Yue,Yue,860,100,0.9994302325581396
single_support,artifactbench__without_MusicGen,artifactbench,generator,DiffRhythm,DiffRhythm,860,100,0.9869534883720931
single_support,artifactbench__without_MusicGen,artifactbench,generator,MusicGen,MusicGen Large,860,30,0.9970542635658916
single_support,artifactbench__without_MusicGen,artifactbench,generator,MusicGen,MusicGen Medium,860,30,0.9978294573643411
single_support,artifactbench__without_MusicGen,artifactbench,generator,MusicGen,MusicGen Small,860,30,0.9967829457364341
single_support,artifactbench__without_MusicGen,artifactbench,generator,Riffusion,Riffusion,860,100,0.9000697674418605
single_support,artifactbench__without_MusicGen,artifactbench,generator,Riffusion,Riffusion (AIME),860,30,0.6776356589147288
single_support,artifactbench__without_MusicGen,artifactbench,generator,StableAudio,Stable Audio v1,860,50,0.9818372093023255
single_support,artifactbench__without_MusicGen,artifactbench,generator,StableAudio,Stable Audio v2,860,50,0.9943023255813953
single_support,artifactbench__without_MusicGen,artifactbench,generator,Suno,Google Chirp v2 XXL,860,80,0.9990988372093024
single_support,artifactbench__without_MusicGen,artifactbench,generator,Suno,Google Chirp v3,860,80,0.9991424418604652
single_support,artifactbench__without_MusicGen,artifactbench,generator,Suno,Google Chirp v3.5,860,80,0.9914244186046511
single_support,artifactbench__without_MusicGen,artifactbench,generator,Suno,Suno (mixed),860,80,0.9612790697674418
single_support,artifactbench__without_MusicGen,artifactbench,generator,Suno,Suno v3,860,30,0.9996511627906978
single_support,artifactbench__without_MusicGen,artifactbench,generator,Suno,Suno v3.5,860,29,0.9996792301523657
single_support,artifactbench__without_MusicGen,artifactbench,generator,Suno,Suno v4,860,100,0.896093023255814
single_support,artifactbench__without_MusicGen,artifactbench,generator,Udio,Udio,860,100,0.9260697674418604
single_support,artifactbench__without_MusicGen,artifactbench,generator,Udio,Udio (AIME),860,30,0.9462403100775193
single_support,artifactbench__without_MusicGen,artifactbench,generator,Udio,Udio (SONICS 120s),860,80,0.9774563953488372
single_support,artifactbench__without_MusicGen,artifactbench,generator,Udio,Udio (SONICS 30s),860,80,0.890406976744186
single_support,artifactbench__without_MusicGen,artifactbench,generator,Udio,Udio (mixed),860,80,0.8555668604651162
single_support,artifactbench__without_MusicGen,artifactbench,generator,Udio,Udio CDN,860,18,0.9136304909560724
single_support,artifactbench__without_MusicGen,artifactbench,generator,Udio,Udio CDN Latest,860,17,0.8103967168262654
single_support,artifactbench__without_MusicGen,artifactbench,generator,Yue,Yue,860,100,0.9994302325581396
single_support,artifactbench__count_control_MusicGen,artifactbench,family,DiffRhythm,DiffRhythm,860,100,0.9845813953488373
single_support,artifactbench__count_control_MusicGen,artifactbench,family,MusicGen,MusicGen,860,90,0.9997674418604652
single_support,artifactbench__count_control_MusicGen,artifactbench,family,Riffusion,Riffusion,860,130,0.8577101967799643
single_support,artifactbench__count_control_MusicGen,artifactbench,family,StableAudio,StableAudio,860,100,0.9862674418604651
single_support,artifactbench__count_control_MusicGen,artifactbench,family,Suno,Suno,860,479,0.968349759673739
single_support,artifactbench__count_control_MusicGen,artifactbench,family,Udio,Udio,860,405,0.908521389606661
single_support,artifactbench__count_control_MusicGen,artifactbench,family,Yue,Yue,860,100,0.9992209302325581
single_support,artifactbench__count_control_MusicGen,artifactbench,generator,DiffRhythm,DiffRhythm,860,100,0.9845813953488373
single_support,artifactbench__count_control_MusicGen,artifactbench,generator,MusicGen,MusicGen Large,860,30,0.9996511627906978
single_support,artifactbench__count_control_MusicGen,artifactbench,generator,MusicGen,MusicGen Medium,860,30,0.9998449612403101
single_support,artifactbench__count_control_MusicGen,artifactbench,generator,MusicGen,MusicGen Small,860,30,0.9998062015503877
single_support,artifactbench__count_control_MusicGen,artifactbench,generator,Riffusion,Riffusion,860,100,0.9110232558139535
single_support,artifactbench__count_control_MusicGen,artifactbench,generator,Riffusion,Riffusion (AIME),860,30,0.68
single_support,artifactbench__count_control_MusicGen,artifactbench,generator,StableAudio,Stable Audio v1,860,50,0.9783023255813953
single_support,artifactbench__count_control_MusicGen,artifactbench,generator,StableAudio,Stable Audio v2,860,50,0.9942325581395349
single_support,artifactbench__count_control_MusicGen,artifactbench,generator,Suno,Google Chirp v2 XXL,860,80,0.9989244186046511
single_support,artifactbench__count_control_MusicGen,artifactbench,generator,Suno,Google Chirp v3,860,80,0.9988953488372093
single_support,artifactbench__count_control_MusicGen,artifactbench,generator,Suno,Google Chirp v3.5,860,80,0.9929360465116279
single_support,artifactbench__count_control_MusicGen,artifactbench,generator,Suno,Suno (mixed),860,80,0.9540988372093023
single_support,artifactbench__count_control_MusicGen,artifactbench,generator,Suno,Suno v3,860,30,0.9996511627906978
single_support,artifactbench__count_control_MusicGen,artifactbench,generator,Suno,Suno v3.5,860,29,0.9997594226142743
single_support,artifactbench__count_control_MusicGen,artifactbench,generator,Suno,Suno v4,860,100,0.8926860465116279
single_support,artifactbench__count_control_MusicGen,artifactbench,generator,Udio,Udio,860,100,0.9259069767441861
single_support,artifactbench__count_control_MusicGen,artifactbench,generator,Udio,Udio (AIME),860,30,0.9430232558139534
single_support,artifactbench__count_control_MusicGen,artifactbench,generator,Udio,Udio (SONICS 120s),860,80,0.9765261627906977
single_support,artifactbench__count_control_MusicGen,artifactbench,generator,Udio,Udio (SONICS 30s),860,80,0.8836918604651163
single_support,artifactbench__count_control_MusicGen,artifactbench,generator,Udio,Udio (mixed),860,80,0.8464825581395349
single_support,artifactbench__count_control_MusicGen,artifactbench,generator,Udio,Udio CDN,860,18,0.9234496124031008
single_support,artifactbench__count_control_MusicGen,artifactbench,generator,Udio,Udio CDN Latest,860,17,0.8183310533515732
single_support,artifactbench__count_control_MusicGen,artifactbench,generator,Yue,Yue,860,100,0.9992209302325581
single_support,echoes__without_Suno,echoes,family,AceStep,AceStep,59,57,0.9979185251263752
single_support,echoes__without_Suno,echoes,family,AudioLDM,AudioLDM,59,115,0.9882092851879146
single_support,echoes__without_Suno,echoes,family,Brev,Brev,59,68,0.8808574277168495
single_support,echoes__without_Suno,echoes,family,DiffRhythm,DiffRhythm,59,120,0.9977401129943504
single_support,echoes__without_Suno,echoes,family,Mubert,Mubert,59,32,0.4385593220338983
single_support,echoes__without_Suno,echoes,family,Producer,Producer,59,68,0.9284646061814557
single_support,echoes__without_Suno,echoes,family,SongGen,SongGen,59,111,0.9737364483127194
single_support,echoes__without_Suno,echoes,family,StableAudio,StableAudio,59,35,0.6866828087167071
single_support,echoes__without_Suno,echoes,family,Suno,Suno,59,68,0.8220338983050847
single_support,echoes__without_Suno,echoes,family,Udio,Udio,59,68,0.8404785643070787
single_support,echoes__without_Suno,echoes,generator,AceStep,acestep,59,57,0.9979185251263752
single_support,echoes__without_Suno,echoes,generator,AudioLDM,audioldm,59,115,0.9882092851879146
single_support,echoes__without_Suno,echoes,generator,Brev,brev,59,68,0.8808574277168495
single_support,echoes__without_Suno,echoes,generator,DiffRhythm,diffrhythm,59,120,0.9977401129943504
single_support,echoes__without_Suno,echoes,generator,Mubert,mubert,59,32,0.4385593220338983
single_support,echoes__without_Suno,echoes,generator,Producer,producer,59,68,0.9284646061814557
single_support,echoes__without_Suno,echoes,generator,SongGen,songgen,59,111,0.9737364483127194
single_support,echoes__without_Suno,echoes,generator,StableAudio,stableaudio,59,35,0.6866828087167071
single_support,echoes__without_Suno,echoes,generator,Suno,suno,59,68,0.8220338983050847
single_support,echoes__without_Suno,echoes,generator,Udio,udio,59,68,0.8404785643070787
single_support,echoes__count_control_Suno,echoes,family,AceStep,AceStep,59,57,0.9970264644662503
single_support,echoes__count_control_Suno,echoes,family,AudioLDM,AudioLDM,59,115,0.9915991156963891
single_support,echoes__count_control_Suno,echoes,family,Brev,Brev,59,68,0.9085244267198405
single_support,echoes__count_control_Suno,echoes,family,DiffRhythm,DiffRhythm,59,120,0.993361581920904
single_support,echoes__count_control_Suno,echoes,family,Mubert,Mubert,59,32,0.4343220338983051
single_support,echoes__count_control_Suno,echoes,family,Producer,Producer,59,68,0.9499002991026919
single_support,echoes__count_control_Suno,echoes,family,SongGen,SongGen,59,111,0.9760268743319591
single_support,echoes__count_control_Suno,echoes,family,StableAudio,StableAudio,59,35,0.661501210653753
single_support,echoes__count_control_Suno,echoes,family,Suno,Suno,59,68,0.9122632103688935
single_support,echoes__count_control_Suno,echoes,family,Udio,Udio,59,68,0.8412263210368893
single_support,echoes__count_control_Suno,echoes,generator,AceStep,acestep,59,57,0.9970264644662503
single_support,echoes__count_control_Suno,echoes,generator,AudioLDM,audioldm,59,115,0.9915991156963891
single_support,echoes__count_control_Suno,echoes,generator,Brev,brev,59,68,0.9085244267198405
single_support,echoes__count_control_Suno,echoes,generator,DiffRhythm,diffrhythm,59,120,0.993361581920904
single_support,echoes__count_control_Suno,echoes,generator,Mubert,mubert,59,32,0.4343220338983051
single_support,echoes__count_control_Suno,echoes,generator,Producer,producer,59,68,0.9499002991026919
single_support,echoes__count_control_Suno,echoes,generator,SongGen,songgen,59,111,0.9760268743319591
single_support,echoes__count_control_Suno,echoes,generator,StableAudio,stableaudio,59,35,0.661501210653753
single_support,echoes__count_control_Suno,echoes,generator,Suno,suno,59,68,0.9122632103688935
single_support,echoes__count_control_Suno,echoes,generator,Udio,udio,59,68,0.8412263210368893
single_support,echoes__without_Udio,echoes,family,AceStep,AceStep,59,57,0.9988105857865002
single_support,echoes__without_Udio,echoes,family,AudioLDM,AudioLDM,59,115,0.993515106853353
single_support,echoes__without_Udio,echoes,family,Brev,Brev,59,68,0.9588733798604188
single_support,echoes__without_Udio,echoes,family,DiffRhythm,DiffRhythm,59,120,0.9975988700564973
single_support,echoes__without_Udio,echoes,family,Mubert,Mubert,59,32,0.44491525423728817
single_support,echoes__without_Udio,echoes,family,Producer,Producer,59,68,0.9668494516450648
single_support,echoes__without_Udio,echoes,family,SongGen,SongGen,59,111,0.9865628340204611
single_support,echoes__without_Udio,echoes,family,StableAudio,StableAudio,59,35,0.6803874092009685
single_support,echoes__without_Udio,echoes,family,Suno,Suno,59,68,0.9464107676969093
single_support,echoes__without_Udio,echoes,family,Udio,Udio,59,68,0.44017946161515453
single_support,echoes__without_Udio,echoes,generator,AceStep,acestep,59,57,0.9988105857865002
single_support,echoes__without_Udio,echoes,generator,AudioLDM,audioldm,59,115,0.993515106853353
single_support,echoes__without_Udio,echoes,generator,Brev,brev,59,68,0.9588733798604188
single_support,echoes__without_Udio,echoes,generator,DiffRhythm,diffrhythm,59,120,0.9975988700564973
single_support,echoes__without_Udio,echoes,generator,Mubert,mubert,59,32,0.44491525423728817
single_support,echoes__without_Udio,echoes,generator,Producer,producer,59,68,0.9668494516450648
single_support,echoes__without_Udio,echoes,generator,SongGen,songgen,59,111,0.9865628340204611
single_support,echoes__without_Udio,echoes,generator,StableAudio,stableaudio,59,35,0.6803874092009685
single_support,echoes__without_Udio,echoes,generator,Suno,suno,59,68,0.9464107676969093
single_support,echoes__without_Udio,echoes,generator,Udio,udio,59,68,0.44017946161515453
single_support,echoes__count_control_Udio,echoes,family,AceStep,AceStep,59,57,0.9949449895926256
single_support,echoes__count_control_Udio,echoes,family,AudioLDM,AudioLDM,59,115,0.9951363301400147
single_support,echoes__count_control_Udio,echoes,family,Brev,Brev,59,68,0.9312063808574278
single_support,echoes__count_control_Udio,echoes,family,DiffRhythm,DiffRhythm,59,120,0.9973163841807909
single_support,echoes__count_control_Udio,echoes,family,Mubert,Mubert,59,32,0.46980932203389836
single_support,echoes__count_control_Udio,echoes,family,Producer,Producer,59,68,0.9476570289132602
single_support,echoes__count_control_Udio,echoes,family,SongGen,SongGen,59,111,0.9790807756909452
single_support,echoes__count_control_Udio,echoes,family,StableAudio,StableAudio,59,35,0.7036319612590799
single_support,echoes__count_control_Udio,echoes,family,Suno,Suno,59,68,0.9162512462612163
single_support,echoes__count_control_Udio,echoes,family,Udio,Udio,59,68,0.8387337986041874
single_support,echoes__count_control_Udio,echoes,generator,AceStep,acestep,59,57,0.9949449895926256
single_support,echoes__count_control_Udio,echoes,generator,AudioLDM,audioldm,59,115,0.9951363301400147
single_support,echoes__count_control_Udio,echoes,generator,Brev,brev,59,68,0.9312063808574278
single_support,echoes__count_control_Udio,echoes,generator,DiffRhythm,diffrhythm,59,120,0.9973163841807909
single_support,echoes__count_control_Udio,echoes,generator,Mubert,mubert,59,32,0.46980932203389836
single_support,echoes__count_control_Udio,echoes,generator,Producer,producer,59,68,0.9476570289132602
single_support,echoes__count_control_Udio,echoes,generator,SongGen,songgen,59,111,0.9790807756909452
single_support,echoes__count_control_Udio,echoes,generator,StableAudio,stableaudio,59,35,0.7036319612590799
single_support,echoes__count_control_Udio,echoes,generator,Suno,suno,59,68,0.9162512462612163
single_support,echoes__count_control_Udio,echoes,generator,Udio,udio,59,68,0.8387337986041874
single_support,fakemusiccaps__without_MusicGen,fakemusiccaps,family,AudioLDM,AudioLDM,1102,1104,0.9837877114074541
single_support,fakemusiccaps__without_MusicGen,fakemusiccaps,family,MusicGen,MusicGen,1102,1104,0.9829558904758147
single_support,fakemusiccaps__without_MusicGen,fakemusiccaps,family,MusicLDM,MusicLDM,1102,1104,0.9157592256503327
single_support,fakemusiccaps__without_MusicGen,fakemusiccaps,family,Mustango,Mustango,1102,1104,0.9975637181409297
single_support,fakemusiccaps__without_MusicGen,fakemusiccaps,family,StableAudio,StableAudio,1102,1104,0.9663515281832769
single_support,fakemusiccaps__without_MusicGen,fakemusiccaps,generator,AudioLDM,audioldm2,1102,1104,0.9837877114074541
single_support,fakemusiccaps__without_MusicGen,fakemusiccaps,generator,MusicGen,MusicGen_medium,1102,1104,0.9829558904758147
single_support,fakemusiccaps__without_MusicGen,fakemusiccaps,generator,MusicLDM,musicldm,1102,1104,0.9157592256503327
single_support,fakemusiccaps__without_MusicGen,fakemusiccaps,generator,Mustango,mustango,1102,1104,0.9975637181409297
single_support,fakemusiccaps__without_MusicGen,fakemusiccaps,generator,StableAudio,stable_audio_open,1102,1104,0.9663515281832769
single_support,fakemusiccaps__count_control_MusicGen,fakemusiccaps,family,AudioLDM,AudioLDM,1102,1104,0.9842660906388911
single_support,fakemusiccaps__count_control_MusicGen,fakemusiccaps,family,MusicGen,MusicGen,1102,1104,0.9913094439622294
single_support,fakemusiccaps__count_control_MusicGen,fakemusiccaps,family,MusicLDM,MusicLDM,1102,1104,0.9236253583734448
single_support,fakemusiccaps__count_control_MusicGen,fakemusiccaps,family,Mustango,Mustango,1102,1104,0.9967655974644256
single_support,fakemusiccaps__count_control_MusicGen,fakemusiccaps,family,StableAudio,StableAudio,1102,1104,0.9649739275099293
single_support,fakemusiccaps__count_control_MusicGen,fakemusiccaps,generator,AudioLDM,audioldm2,1102,1104,0.9842660906388911
single_support,fakemusiccaps__count_control_MusicGen,fakemusiccaps,generator,MusicGen,MusicGen_medium,1102,1104,0.9913094439622294
single_support,fakemusiccaps__count_control_MusicGen,fakemusiccaps,generator,MusicLDM,musicldm,1102,1104,0.9236253583734448
single_support,fakemusiccaps__count_control_MusicGen,fakemusiccaps,generator,Mustango,mustango,1102,1104,0.9967655974644256
single_support,fakemusiccaps__count_control_MusicGen,fakemusiccaps,generator,StableAudio,stable_audio_open,1102,1104,0.9649739275099293
single_support,artifactbench__without_StableAudio,artifactbench,family,DiffRhythm,DiffRhythm,860,100,0.9701627906976744
single_support,artifactbench__without_StableAudio,artifactbench,family,MusicGen,MusicGen,860,90,0.9998449612403101
single_support,artifactbench__without_StableAudio,artifactbench,family,Riffusion,Riffusion,860,130,0.7909212880143113
single_support,artifactbench__without_StableAudio,artifactbench,family,StableAudio,StableAudio,860,100,0.9354767441860464
single_support,artifactbench__without_StableAudio,artifactbench,family,Suno,Suno,860,479,0.9720638927999223
single_support,artifactbench__without_StableAudio,artifactbench,family,Udio,Udio,860,405,0.9121906402526558
single_support,artifactbench__without_StableAudio,artifactbench,family,Yue,Yue,860,100,0.999279069767442
single_support,artifactbench__without_StableAudio,artifactbench,generator,DiffRhythm,DiffRhythm,860,100,0.9701627906976744
single_support,artifactbench__without_StableAudio,artifactbench,generator,MusicGen,MusicGen Large,860,30,0.9998062015503877
single_support,artifactbench__without_StableAudio,artifactbench,generator,MusicGen,MusicGen Medium,860,30,0.9998837209302325
single_support,artifactbench__without_StableAudio,artifactbench,generator,MusicGen,MusicGen Small,860,30,0.9998449612403101
single_support,artifactbench__without_StableAudio,artifactbench,generator,Riffusion,Riffusion,860,100,0.8178720930232558
single_support,artifactbench__without_StableAudio,artifactbench,generator,Riffusion,Riffusion (AIME),860,30,0.7010852713178295
single_support,artifactbench__without_StableAudio,artifactbench,generator,StableAudio,Stable Audio v1,860,50,0.9119767441860465
single_support,artifactbench__without_StableAudio,artifactbench,generator,StableAudio,Stable Audio v2,860,50,0.9589767441860466
single_support,artifactbench__without_StableAudio,artifactbench,generator,Suno,Google Chirp v2 XXL,860,80,0.9992587209302326
single_support,artifactbench__without_StableAudio,artifactbench,generator,Suno,Google Chirp v3,860,80,0.9993168604651164
single_support,artifactbench__without_StableAudio,artifactbench,generator,Suno,Google Chirp v3.5,860,80,0.9941279069767441
single_support,artifactbench__without_StableAudio,artifactbench,generator,Suno,Suno (mixed),860,80,0.9638081395348838
single_support,artifactbench__without_StableAudio,artifactbench,generator,Suno,Suno v3,860,30,0.9996511627906978
single_support,artifactbench__without_StableAudio,artifactbench,generator,Suno,Suno v3.5,860,29,0.99971932638332
single_support,artifactbench__without_StableAudio,artifactbench,generator,Suno,Suno v4,860,100,0.9011627906976745
single_support,artifactbench__without_StableAudio,artifactbench,generator,Udio,Udio,860,100,0.9286511627906977
single_support,artifactbench__without_StableAudio,artifactbench,generator,Udio,Udio (AIME),860,30,0.9516279069767442
single_support,artifactbench__without_StableAudio,artifactbench,generator,Udio,Udio (SONICS 120s),860,80,0.9739534883720931
single_support,artifactbench__without_StableAudio,artifactbench,generator,Udio,Udio (SONICS 30s),860,80,0.8877906976744186
single_support,artifactbench__without_StableAudio,artifactbench,generator,Udio,Udio (mixed),860,80,0.8522529069767442
single_support,artifactbench__without_StableAudio,artifactbench,generator,Udio,Udio CDN,860,18,0.9339793281653747
single_support,artifactbench__without_StableAudio,artifactbench,generator,Udio,Udio CDN Latest,860,17,0.8289329685362516
single_support,artifactbench__without_StableAudio,artifactbench,generator,Yue,Yue,860,100,0.999279069767442
single_support,artifactbench__count_control_StableAudio,artifactbench,family,DiffRhythm,DiffRhythm,860,100,0.9859186046511627
single_support,artifactbench__count_control_StableAudio,artifactbench,family,MusicGen,MusicGen,860,90,0.9999095607235141
single_support,artifactbench__count_control_StableAudio,artifactbench,family,Riffusion,Riffusion,860,130,0.8413416815742397
single_support,artifactbench__count_control_StableAudio,artifactbench,family,StableAudio,StableAudio,860,100,0.9864302325581396
single_support,artifactbench__count_control_StableAudio,artifactbench,family,Suno,Suno,860,479,0.9715711025877555
single_support,artifactbench__count_control_StableAudio,artifactbench,family,Udio,Udio,860,405,0.9108153890324433
single_support,artifactbench__count_control_StableAudio,artifactbench,family,Yue,Yue,860,100,0.9992325581395348
single_support,artifactbench__count_control_StableAudio,artifactbench,generator,DiffRhythm,DiffRhythm,860,100,0.9859186046511627
single_support,artifactbench__count_control_StableAudio,artifactbench,generator,MusicGen,MusicGen Large,860,30,0.999922480620155
single_support,artifactbench__count_control_StableAudio,artifactbench,generator,MusicGen,MusicGen Medium,860,30,0.9999612403100775
single_support,artifactbench__count_control_StableAudio,artifactbench,generator,MusicGen,MusicGen Small,860,30,0.9998449612403101
single_support,artifactbench__count_control_StableAudio,artifactbench,generator,Riffusion,Riffusion,860,100,0.8878023255813954
single_support,artifactbench__count_control_StableAudio,artifactbench,generator,Riffusion,Riffusion (AIME),860,30,0.6864728682170543
single_support,artifactbench__count_control_StableAudio,artifactbench,generator,StableAudio,Stable Audio v1,860,50,0.9797209302325581
single_support,artifactbench__count_control_StableAudio,artifactbench,generator,StableAudio,Stable Audio v2,860,50,0.993139534883721
single_support,artifactbench__count_control_StableAudio,artifactbench,generator,Suno,Google Chirp v2 XXL,860,80,0.9993168604651164
single_support,artifactbench__count_control_StableAudio,artifactbench,generator,Suno,Google Chirp v3,860,80,0.999389534883721
single_support,artifactbench__count_control_StableAudio,artifactbench,generator,Suno,Google Chirp v3.5,860,80,0.9931540697674418
single_support,artifactbench__count_control_StableAudio,artifactbench,generator,Suno,Suno (mixed),860,80,0.9628779069767441
single_support,artifactbench__count_control_StableAudio,artifactbench,generator,Suno,Suno v3,860,30,0.9998062015503876
single_support,artifactbench__count_control_StableAudio,artifactbench,generator,Suno,Suno v3.5,860,29,0.9998396150761828
single_support,artifactbench__count_control_StableAudio,artifactbench,generator,Suno,Suno v4,860,100,0.9001395348837209
single_support,artifactbench__count_control_StableAudio,artifactbench,generator,Udio,Udio,860,100,0.921732558139535
single_support,artifactbench__count_control_StableAudio,artifactbench,generator,Udio,Udio (AIME),860,30,0.9491472868217055
single_support,artifactbench__count_control_StableAudio,artifactbench,generator,Udio,Udio (SONICS 120s),860,80,0.9789825581395349
single_support,artifactbench__count_control_StableAudio,artifactbench,generator,Udio,Udio (SONICS 30s),860,80,0.8944912790697674
single_support,artifactbench__count_control_StableAudio,artifactbench,generator,Udio,Udio (mixed),860,80,0.8504796511627907
single_support,artifactbench__count_control_StableAudio,artifactbench,generator,Udio,Udio CDN,860,18,0.9281007751937984
single_support,artifactbench__count_control_StableAudio,artifactbench,generator,Udio,Udio CDN Latest,860,17,0.8006155950752394
single_support,artifactbench__count_control_StableAudio,artifactbench,generator,Yue,Yue,860,100,0.9992325581395348
single_support,artifactbench__without_DiffRhythm,artifactbench,family,DiffRhythm,DiffRhythm,860,100,0.9763023255813953
single_support,artifactbench__without_DiffRhythm,artifactbench,family,MusicGen,MusicGen,860,90,0.9997545219638243
single_support,artifactbench__without_DiffRhythm,artifactbench,family,Riffusion,Riffusion,860,130,0.8506171735241503
single_support,artifactbench__without_DiffRhythm,artifactbench,family,StableAudio,StableAudio,860,100,0.9825348837209302
single_support,artifactbench__without_DiffRhythm,artifactbench,family,Suno,Suno,860,479,0.9687236005243482
single_support,artifactbench__without_DiffRhythm,artifactbench,family,Udio,Udio,860,405,0.8994659776055125
single_support,artifactbench__without_DiffRhythm,artifactbench,family,Yue,Yue,860,100,0.9991046511627907
single_support,artifactbench__without_DiffRhythm,artifactbench,generator,DiffRhythm,DiffRhythm,860,100,0.9763023255813953
single_support,artifactbench__without_DiffRhythm,artifactbench,generator,MusicGen,MusicGen Large,860,30,0.9997674418604652
single_support,artifactbench__without_DiffRhythm,artifactbench,generator,MusicGen,MusicGen Medium,860,30,0.9998449612403101
single_support,artifactbench__without_DiffRhythm,artifactbench,generator,MusicGen,MusicGen Small,860,30,0.9996511627906978
single_support,artifactbench__without_DiffRhythm,artifactbench,generator,Riffusion,Riffusion,860,100,0.8945348837209303
single_support,artifactbench__without_DiffRhythm,artifactbench,generator,Riffusion,Riffusion (AIME),860,30,0.7042248062015504
single_support,artifactbench__without_DiffRhythm,artifactbench,generator,StableAudio,Stable Audio v1,860,50,0.9700697674418605
single_support,artifactbench__without_DiffRhythm,artifactbench,generator,StableAudio,Stable Audio v2,860,50,0.995
single_support,artifactbench__without_DiffRhythm,artifactbench,generator,Suno,Google Chirp v2 XXL,860,80,0.9993313953488372
single_support,artifactbench__without_DiffRhythm,artifactbench,generator,Suno,Google Chirp v3,860,80,0.9992151162790698
single_support,artifactbench__without_DiffRhythm,artifactbench,generator,Suno,Google Chirp v3.5,860,80,0.9922383720930232
single_support,artifactbench__without_DiffRhythm,artifactbench,generator,Suno,Suno (mixed),860,80,0.9636191860465116
single_support,artifactbench__without_DiffRhythm,artifactbench,generator,Suno,Suno v3,860,30,0.9997674418604652
single_support,artifactbench__without_DiffRhythm,artifactbench,generator,Suno,Suno v3.5,860,29,0.9996391339214115
single_support,artifactbench__without_DiffRhythm,artifactbench,generator,Suno,Suno v4,860,100,0.8868372093023256
single_support,artifactbench__without_DiffRhythm,artifactbench,generator,Udio,Udio,860,100,0.9034651162790698
single_support,artifactbench__without_DiffRhythm,artifactbench,generator,Udio,Udio (AIME),860,30,0.9365116279069767
single_support,artifactbench__without_DiffRhythm,artifactbench,generator,Udio,Udio (SONICS 120s),860,80,0.9745930232558139
single_support,artifactbench__without_DiffRhythm,artifactbench,generator,Udio,Udio (SONICS 30s),860,80,0.8620058139534884
single_support,artifactbench__without_DiffRhythm,artifactbench,generator,Udio,Udio (mixed),860,80,0.8522383720930232
single_support,artifactbench__without_DiffRhythm,artifactbench,generator,Udio,Udio CDN,860,18,0.9390826873385013
single_support,artifactbench__without_DiffRhythm,artifactbench,generator,Udio,Udio CDN Latest,860,17,0.8136114911080712
single_support,artifactbench__without_DiffRhythm,artifactbench,generator,Yue,Yue,860,100,0.9991046511627907
single_support,artifactbench__count_control_DiffRhythm,artifactbench,family,DiffRhythm,DiffRhythm,860,100,0.9871627906976744
single_support,artifactbench__count_control_DiffRhythm,artifactbench,family,MusicGen,MusicGen,860,90,0.9998708010335917
single_support,artifactbench__count_control_DiffRhythm,artifactbench,family,Riffusion,Riffusion,860,130,0.8480232558139534
single_support,artifactbench__count_control_DiffRhythm,artifactbench,family,StableAudio,StableAudio,860,100,0.9899418604651162
single_support,artifactbench__count_control_DiffRhythm,artifactbench,family,Suno,Suno,860,479,0.9674200126231975
single_support,artifactbench__count_control_DiffRhythm,artifactbench,family,Udio,Udio,860,405,0.8996870513924777
single_support,artifactbench__count_control_DiffRhythm,artifactbench,family,Yue,Yue,860,100,0.9990232558139536
single_support,artifactbench__count_control_DiffRhythm,artifactbench,generator,DiffRhythm,DiffRhythm,860,100,0.9871627906976744
single_support,artifactbench__count_control_DiffRhythm,artifactbench,generator,MusicGen,MusicGen Large,860,30,0.9998837209302325
single_support,artifactbench__count_control_DiffRhythm,artifactbench,generator,MusicGen,MusicGen Medium,860,30,0.999922480620155
single_support,artifactbench__count_control_DiffRhythm,artifactbench,generator,MusicGen,MusicGen Small,860,30,0.9998062015503876
single_support,artifactbench__count_control_DiffRhythm,artifactbench,generator,Riffusion,Riffusion,860,100,0.8993837209302326
single_support,artifactbench__count_control_DiffRhythm,artifactbench,generator,Riffusion,Riffusion (AIME),860,30,0.6768217054263567
single_support,artifactbench__count_control_DiffRhythm,artifactbench,generator,StableAudio,Stable Audio v1,860,50,0.9843255813953489
single_support,artifactbench__count_control_DiffRhythm,artifactbench,generator,StableAudio,Stable Audio v2,860,50,0.9955581395348837
single_support,artifactbench__count_control_DiffRhythm,artifactbench,generator,Suno,Google Chirp v2 XXL,860,80,0.9993023255813954
single_support,artifactbench__count_control_DiffRhythm,artifactbench,generator,Suno,Google Chirp v3,860,80,0.9989970930232559
single_support,artifactbench__count_control_DiffRhythm,artifactbench,generator,Suno,Google Chirp v3.5,860,80,0.9925290697674419
single_support,artifactbench__count_control_DiffRhythm,artifactbench,generator,Suno,Suno (mixed),860,80,0.9623110465116279
single_support,artifactbench__count_control_DiffRhythm,artifactbench,generator,Suno,Suno v3,860,30,0.9997286821705427
single_support,artifactbench__count_control_DiffRhythm,artifactbench,generator,Suno,Suno v3.5,860,29,0.9998396150761828
single_support,artifactbench__count_control_DiffRhythm,artifactbench,generator,Suno,Suno v4,860,100,0.8815581395348837
single_support,artifactbench__count_control_DiffRhythm,artifactbench,generator,Udio,Udio,860,100,0.9075232558139534
single_support,artifactbench__count_control_DiffRhythm,artifactbench,generator,Udio,Udio (AIME),860,30,0.9374418604651162
single_support,artifactbench__count_control_DiffRhythm,artifactbench,generator,Udio,Udio (SONICS 120s),860,80,0.9769331395348838
single_support,artifactbench__count_control_DiffRhythm,artifactbench,generator,Udio,Udio (SONICS 30s),860,80,0.8718168604651163
single_support,artifactbench__count_control_DiffRhythm,artifactbench,generator,Udio,Udio (mixed),860,80,0.8370494186046511
single_support,artifactbench__count_control_DiffRhythm,artifactbench,generator,Udio,Udio CDN,860,18,0.9337209302325581
single_support,artifactbench__count_control_DiffRhythm,artifactbench,generator,Udio,Udio CDN Latest,860,17,0.8133378932968536
single_support,artifactbench__count_control_DiffRhythm,artifactbench,generator,Yue,Yue,860,100,0.9990232558139536
single_support,echoes__without_StableAudio,echoes,family,AceStep,AceStep,59,57,0.8703538507285162
single_support,echoes__without_StableAudio,echoes,family,AudioLDM,AudioLDM,59,115,0.9917464996315403
single_support,echoes__without_StableAudio,echoes,family,Brev,Brev,59,68,0.9212362911266202
single_support,echoes__without_StableAudio,echoes,family,DiffRhythm,DiffRhythm,59,120,0.9727401129943503
single_support,echoes__without_StableAudio,echoes,family,Mubert,Mubert,59,32,0.4353813559322034
single_support,echoes__without_StableAudio,echoes,family,Producer,Producer,59,68,0.8654037886340976
single_support,echoes__without_StableAudio,echoes,family,SongGen,SongGen,59,111,0.9777065200794014
single_support,echoes__without_StableAudio,echoes,family,StableAudio,StableAudio,59,35,0.6198547215496368
single_support,echoes__without_StableAudio,echoes,family,Suno,Suno,59,68,0.9197407776669991
single_support,echoes__without_StableAudio,echoes,family,Udio,Udio,59,68,0.8442173479561316
single_support,echoes__without_StableAudio,echoes,generator,AceStep,acestep,59,57,0.8703538507285162
single_support,echoes__without_StableAudio,echoes,generator,AudioLDM,audioldm,59,115,0.9917464996315403
single_support,echoes__without_StableAudio,echoes,generator,Brev,brev,59,68,0.9212362911266202
single_support,echoes__without_StableAudio,echoes,generator,DiffRhythm,diffrhythm,59,120,0.9727401129943503
single_support,echoes__without_StableAudio,echoes,generator,Mubert,mubert,59,32,0.4353813559322034
single_support,echoes__without_StableAudio,echoes,generator,Producer,producer,59,68,0.8654037886340976
single_support,echoes__without_StableAudio,echoes,generator,SongGen,songgen,59,111,0.9777065200794014
single_support,echoes__without_StableAudio,echoes,generator,StableAudio,stableaudio,59,35,0.6198547215496368
single_support,echoes__without_StableAudio,echoes,generator,Suno,suno,59,68,0.9197407776669991
single_support,echoes__without_StableAudio,echoes,generator,Udio,udio,59,68,0.8442173479561316
single_support,echoes__count_control_StableAudio,echoes,family,AceStep,AceStep,59,57,0.991971454058876
single_support,echoes__count_control_StableAudio,echoes,family,AudioLDM,AudioLDM,59,115,0.991156963890936
single_support,echoes__count_control_StableAudio,echoes,family,Brev,Brev,59,68,0.9267198404785643
single_support,echoes__count_control_StableAudio,echoes,family,DiffRhythm,DiffRhythm,59,120,0.994774011299435
single_support,echoes__count_control_StableAudio,echoes,family,Mubert,Mubert,59,32,0.4380296610169492
single_support,echoes__count_control_StableAudio,echoes,family,Producer,Producer,59,68,0.9212362911266202
single_support,echoes__count_control_StableAudio,echoes,family,SongGen,SongGen,59,111,0.976026874331959
single_support,echoes__count_control_StableAudio,echoes,family,StableAudio,StableAudio,59,35,0.6595641646489104
single_support,echoes__count_control_StableAudio,echoes,family,Suno,Suno,59,68,0.9045363908275175
single_support,echoes__count_control_StableAudio,echoes,family,Udio,Udio,59,68,0.8242771684945165
single_support,echoes__count_control_StableAudio,echoes,generator,AceStep,acestep,59,57,0.991971454058876
single_support,echoes__count_control_StableAudio,echoes,generator,AudioLDM,audioldm,59,115,0.991156963890936
single_support,echoes__count_control_StableAudio,echoes,generator,Brev,brev,59,68,0.9267198404785643
single_support,echoes__count_control_StableAudio,echoes,generator,DiffRhythm,diffrhythm,59,120,0.994774011299435
single_support,echoes__count_control_StableAudio,echoes,generator,Mubert,mubert,59,32,0.4380296610169492
single_support,echoes__count_control_StableAudio,echoes,generator,Producer,producer,59,68,0.9212362911266202
single_support,echoes__count_control_StableAudio,echoes,generator,SongGen,songgen,59,111,0.976026874331959
single_support,echoes__count_control_StableAudio,echoes,generator,StableAudio,stableaudio,59,35,0.6595641646489104
single_support,echoes__count_control_StableAudio,echoes,generator,Suno,suno,59,68,0.9045363908275175
single_support,echoes__count_control_StableAudio,echoes,generator,Udio,udio,59,68,0.8242771684945165
single_support,echoes__without_AudioLDM,echoes,family,AceStep,AceStep,59,57,0.9982158786797501
single_support,echoes__without_AudioLDM,echoes,family,AudioLDM,AudioLDM,59,115,0.9700810611643331
single_support,echoes__without_AudioLDM,echoes,family,Brev,Brev,59,68,0.9239780658025922
single_support,echoes__without_AudioLDM,echoes,family,DiffRhythm,DiffRhythm,59,120,0.9929378531073446
single_support,echoes__without_AudioLDM,echoes,family,Mubert,Mubert,59,32,0.4088983050847458
single_support,echoes__without_AudioLDM,echoes,family,Producer,Producer,59,68,0.9259720837487536
single_support,echoes__without_AudioLDM,echoes,family,SongGen,SongGen,59,111,0.9752633989922126
single_support,echoes__without_AudioLDM,echoes,family,StableAudio,StableAudio,59,35,0.6401937046004843
single_support,echoes__without_AudioLDM,echoes,family,Suno,Suno,59,68,0.8773678963110667
single_support,echoes__without_AudioLDM,echoes,family,Udio,Udio,59,68,0.7983549351944168
single_support,echoes__without_AudioLDM,echoes,generator,AceStep,acestep,59,57,0.9982158786797501
single_support,echoes__without_AudioLDM,echoes,generator,AudioLDM,audioldm,59,115,0.9700810611643331
single_support,echoes__without_AudioLDM,echoes,generator,Brev,brev,59,68,0.9239780658025922
single_support,echoes__without_AudioLDM,echoes,generator,DiffRhythm,diffrhythm,59,120,0.9929378531073446
single_support,echoes__without_AudioLDM,echoes,generator,Mubert,mubert,59,32,0.4088983050847458
single_support,echoes__without_AudioLDM,echoes,generator,Producer,producer,59,68,0.9259720837487536
single_support,echoes__without_AudioLDM,echoes,generator,SongGen,songgen,59,111,0.9752633989922126
single_support,echoes__without_AudioLDM,echoes,generator,StableAudio,stableaudio,59,35,0.6401937046004843
single_support,echoes__without_AudioLDM,echoes,generator,Suno,suno,59,68,0.8773678963110667
single_support,echoes__without_AudioLDM,echoes,generator,Udio,udio,59,68,0.7983549351944168
single_support,echoes__count_control_AudioLDM,echoes,family,AceStep,AceStep,59,57,0.9973238180196253
single_support,echoes__count_control_AudioLDM,echoes,family,AudioLDM,AudioLDM,59,115,0.9845246868091379
single_support,echoes__count_control_AudioLDM,echoes,family,Brev,Brev,59,68,0.9334496510468593
single_support,echoes__count_control_AudioLDM,echoes,family,DiffRhythm,DiffRhythm,59,120,0.9970338983050848
single_support,echoes__count_control_AudioLDM,echoes,family,Mubert,Mubert,59,32,0.45444915254237295
single_support,echoes__count_control_AudioLDM,echoes,family,Producer,Producer,59,68,0.9312063808574277
single_support,echoes__count_control_AudioLDM,echoes,family,SongGen,SongGen,59,111,0.9731256680409223
single_support,echoes__count_control_AudioLDM,echoes,family,StableAudio,StableAudio,59,35,0.653268765133172
single_support,echoes__count_control_AudioLDM,echoes,family,Suno,Suno,59,68,0.8766201395812562
single_support,echoes__count_control_AudioLDM,echoes,family,Udio,Udio,59,68,0.8217846460618146
single_support,echoes__count_control_AudioLDM,echoes,generator,AceStep,acestep,59,57,0.9973238180196253
single_support,echoes__count_control_AudioLDM,echoes,generator,AudioLDM,audioldm,59,115,0.9845246868091379
single_support,echoes__count_control_AudioLDM,echoes,generator,Brev,brev,59,68,0.9334496510468593
single_support,echoes__count_control_AudioLDM,echoes,generator,DiffRhythm,diffrhythm,59,120,0.9970338983050848
single_support,echoes__count_control_AudioLDM,echoes,generator,Mubert,mubert,59,32,0.45444915254237295
single_support,echoes__count_control_AudioLDM,echoes,generator,Producer,producer,59,68,0.9312063808574277
single_support,echoes__count_control_AudioLDM,echoes,generator,SongGen,songgen,59,111,0.9731256680409223
single_support,echoes__count_control_AudioLDM,echoes,generator,StableAudio,stableaudio,59,35,0.653268765133172
single_support,echoes__count_control_AudioLDM,echoes,generator,Suno,suno,59,68,0.8766201395812562
single_support,echoes__count_control_AudioLDM,echoes,generator,Udio,udio,59,68,0.8217846460618146
single_support,echoes__without_DiffRhythm,echoes,family,AceStep,AceStep,59,57,0.9973238180196253
single_support,echoes__without_DiffRhythm,echoes,family,AudioLDM,AudioLDM,59,115,0.9907148120854827
single_support,echoes__without_DiffRhythm,echoes,family,Brev,Brev,59,68,0.9391824526420738
single_support,echoes__without_DiffRhythm,echoes,family,DiffRhythm,DiffRhythm,59,120,0.9975988700564972
single_support,echoes__without_DiffRhythm,echoes,family,Mubert,Mubert,59,32,0.4401483050847458
single_support,echoes__without_DiffRhythm,echoes,family,Producer,Producer,59,68,0.9451645064805584
single_support,echoes__without_DiffRhythm,echoes,family,SongGen,SongGen,59,111,0.9827454573217285
single_support,echoes__without_DiffRhythm,echoes,family,StableAudio,StableAudio,59,35,0.6915254237288136
single_support,echoes__without_DiffRhythm,echoes,family,Suno,Suno,59,68,0.9112662013958126
single_support,echoes__without_DiffRhythm,echoes,family,Udio,Udio,59,68,0.8482053838484547
single_support,echoes__without_DiffRhythm,echoes,generator,AceStep,acestep,59,57,0.9973238180196253
single_support,echoes__without_DiffRhythm,echoes,generator,AudioLDM,audioldm,59,115,0.9907148120854827
single_support,echoes__without_DiffRhythm,echoes,generator,Brev,brev,59,68,0.9391824526420738
single_support,echoes__without_DiffRhythm,echoes,generator,DiffRhythm,diffrhythm,59,120,0.9975988700564972
single_support,echoes__without_DiffRhythm,echoes,generator,Mubert,mubert,59,32,0.4401483050847458
single_support,echoes__without_DiffRhythm,echoes,generator,Producer,producer,59,68,0.9451645064805584
single_support,echoes__without_DiffRhythm,echoes,generator,SongGen,songgen,59,111,0.9827454573217285
single_support,echoes__without_DiffRhythm,echoes,generator,StableAudio,stableaudio,59,35,0.6915254237288136
single_support,echoes__without_DiffRhythm,echoes,generator,Suno,suno,59,68,0.9112662013958126
single_support,echoes__without_DiffRhythm,echoes,generator,Udio,udio,59,68,0.8482053838484547
single_support,echoes__count_control_DiffRhythm,echoes,family,AceStep,AceStep,59,57,0.9988105857865002
single_support,echoes__count_control_DiffRhythm,echoes,family,AudioLDM,AudioLDM,59,115,0.9873249815770082
single_support,echoes__count_control_DiffRhythm,echoes,family,Brev,Brev,59,68,0.910518444666002
single_support,echoes__count_control_DiffRhythm,echoes,family,DiffRhythm,DiffRhythm,59,120,0.9956214689265537
single_support,echoes__count_control_DiffRhythm,echoes,family,Mubert,Mubert,59,32,0.43379237288135597
single_support,echoes__count_control_DiffRhythm,echoes,family,Producer,Producer,59,68,0.9222333000997008
single_support,echoes__count_control_DiffRhythm,echoes,family,SongGen,SongGen,59,111,0.9754160940601618
single_support,echoes__count_control_DiffRhythm,echoes,family,StableAudio,StableAudio,59,35,0.6246973365617433
single_support,echoes__count_control_DiffRhythm,echoes,family,Suno,Suno,59,68,0.8928215353938186
single_support,echoes__count_control_DiffRhythm,echoes,family,Udio,Udio,59,68,0.7943668993020938
single_support,echoes__count_control_DiffRhythm,echoes,generator,AceStep,acestep,59,57,0.9988105857865002
single_support,echoes__count_control_DiffRhythm,echoes,generator,AudioLDM,audioldm,59,115,0.9873249815770082
single_support,echoes__count_control_DiffRhythm,echoes,generator,Brev,brev,59,68,0.910518444666002
single_support,echoes__count_control_DiffRhythm,echoes,generator,DiffRhythm,diffrhythm,59,120,0.9956214689265537
single_support,echoes__count_control_DiffRhythm,echoes,generator,Mubert,mubert,59,32,0.43379237288135597
single_support,echoes__count_control_DiffRhythm,echoes,generator,Producer,producer,59,68,0.9222333000997008
single_support,echoes__count_control_DiffRhythm,echoes,generator,SongGen,songgen,59,111,0.9754160940601618
single_support,echoes__count_control_DiffRhythm,echoes,generator,StableAudio,stableaudio,59,35,0.6246973365617433
single_support,echoes__count_control_DiffRhythm,echoes,generator,Suno,suno,59,68,0.8928215353938186
single_support,echoes__count_control_DiffRhythm,echoes,generator,Udio,udio,59,68,0.7943668993020938
single_support,fakemusiccaps__without_StableAudio,fakemusiccaps,family,AudioLDM,AudioLDM,1102,1104,0.9872941818564401
single_support,fakemusiccaps__without_StableAudio,fakemusiccaps,family,MusicGen,MusicGen,1102,1104,0.9925604631894579
single_support,fakemusiccaps__without_StableAudio,fakemusiccaps,family,MusicLDM,MusicLDM,1102,1104,0.9325748310055498
single_support,fakemusiccaps__without_StableAudio,fakemusiccaps,family,Mustango,Mustango,1102,1104,0.9980199045214235
single_support,fakemusiccaps__without_StableAudio,fakemusiccaps,family,StableAudio,StableAudio,1102,1104,0.9561354191325389
single_support,fakemusiccaps__without_StableAudio,fakemusiccaps,generator,AudioLDM,audioldm2,1102,1104,0.9872941818564401
single_support,fakemusiccaps__without_StableAudio,fakemusiccaps,generator,MusicGen,MusicGen_medium,1102,1104,0.9925604631894579
single_support,fakemusiccaps__without_StableAudio,fakemusiccaps,generator,MusicLDM,musicldm,1102,1104,0.9325748310055498
single_support,fakemusiccaps__without_StableAudio,fakemusiccaps,generator,Mustango,mustango,1102,1104,0.9980199045214235
single_support,fakemusiccaps__without_StableAudio,fakemusiccaps,generator,StableAudio,stable_audio_open,1102,1104,0.9561354191325389
single_support,fakemusiccaps__count_control_StableAudio,fakemusiccaps,family,AudioLDM,AudioLDM,1102,1104,0.9827273863068464
single_support,fakemusiccaps__count_control_StableAudio,fakemusiccaps,family,MusicGen,MusicGen,1102,1104,0.9914557523869645
single_support,fakemusiccaps__count_control_StableAudio,fakemusiccaps,family,MusicLDM,MusicLDM,1102,1104,0.9151386477813724
single_support,fakemusiccaps__count_control_StableAudio,fakemusiccaps,family,Mustango,Mustango,1102,1104,0.9972776769509982
single_support,fakemusiccaps__count_control_StableAudio,fakemusiccaps,family,StableAudio,StableAudio,1102,1104,0.9629889002866988
single_support,fakemusiccaps__count_control_StableAudio,fakemusiccaps,generator,AudioLDM,audioldm2,1102,1104,0.9827273863068464
single_support,fakemusiccaps__count_control_StableAudio,fakemusiccaps,generator,MusicGen,MusicGen_medium,1102,1104,0.9914557523869645
single_support,fakemusiccaps__count_control_StableAudio,fakemusiccaps,generator,MusicLDM,musicldm,1102,1104,0.9151386477813724
single_support,fakemusiccaps__count_control_StableAudio,fakemusiccaps,generator,Mustango,mustango,1102,1104,0.9972776769509982
single_support,fakemusiccaps__count_control_StableAudio,fakemusiccaps,generator,StableAudio,stable_audio_open,1102,1104,0.9629889002866988
single_support,fakemusiccaps__without_AudioLDM,fakemusiccaps,family,AudioLDM,AudioLDM,1102,1104,0.9410631855125069
single_support,fakemusiccaps__without_AudioLDM,fakemusiccaps,family,MusicGen,MusicGen,1102,1104,0.9916275414924117
single_support,fakemusiccaps__without_AudioLDM,fakemusiccaps,family,MusicLDM,MusicLDM,1102,1104,0.8952357702727582
single_support,fakemusiccaps__without_AudioLDM,fakemusiccaps,family,Mustango,Mustango,1102,1104,0.9815651384833899
single_support,fakemusiccaps__without_AudioLDM,fakemusiccaps,family,StableAudio,StableAudio,1102,1104,0.9630431494778926
single_support,fakemusiccaps__without_AudioLDM,fakemusiccaps,generator,AudioLDM,audioldm2,1102,1104,0.9410631855125069
single_support,fakemusiccaps__without_AudioLDM,fakemusiccaps,generator,MusicGen,MusicGen_medium,1102,1104,0.9916275414924117
single_support,fakemusiccaps__without_AudioLDM,fakemusiccaps,generator,MusicLDM,musicldm,1102,1104,0.8952357702727582
single_support,fakemusiccaps__without_AudioLDM,fakemusiccaps,generator,Mustango,mustango,1102,1104,0.9815651384833899
single_support,fakemusiccaps__without_AudioLDM,fakemusiccaps,generator,StableAudio,stable_audio_open,1102,1104,0.9630431494778926
single_support,fakemusiccaps__count_control_AudioLDM,fakemusiccaps,family,AudioLDM,AudioLDM,1102,1104,0.9803042557668534
single_support,fakemusiccaps__count_control_AudioLDM,fakemusiccaps,family,MusicGen,MusicGen,1102,1104,0.9921642797022542
single_support,fakemusiccaps__count_control_AudioLDM,fakemusiccaps,family,MusicLDM,MusicLDM,1102,1104,0.9129234724742891
single_support,fakemusiccaps__count_control_AudioLDM,fakemusiccaps,family,Mustango,Mustango,1102,1104,0.9964992832531102
single_support,fakemusiccaps__count_control_AudioLDM,fakemusiccaps,family,StableAudio,StableAudio,1102,1104,0.9672367763486678
single_support,fakemusiccaps__count_control_AudioLDM,fakemusiccaps,generator,AudioLDM,audioldm2,1102,1104,0.9803042557668534
single_support,fakemusiccaps__count_control_AudioLDM,fakemusiccaps,generator,MusicGen,MusicGen_medium,1102,1104,0.9921642797022542
single_support,fakemusiccaps__count_control_AudioLDM,fakemusiccaps,generator,MusicLDM,musicldm,1102,1104,0.9129234724742891
single_support,fakemusiccaps__count_control_AudioLDM,fakemusiccaps,generator,Mustango,mustango,1102,1104,0.9964992832531102
single_support,fakemusiccaps__count_control_AudioLDM,fakemusiccaps,generator,StableAudio,stable_audio_open,1102,1104,0.9672367763486678
single_support,artifactbench__fmc_fit_only,artifactbench,family,DiffRhythm,DiffRhythm,860,100,0.9910116279069767
single_support,artifactbench__fmc_fit_only,artifactbench,family,MusicGen,MusicGen,860,90,0.9999483204134366
single_support,artifactbench__fmc_fit_only,artifactbench,family,Riffusion,Riffusion,860,130,0.8642307692307692
single_support,artifactbench__fmc_fit_only,artifactbench,family,StableAudio,StableAudio,860,100,0.9853255813953489
single_support,artifactbench__fmc_fit_only,artifactbench,family,Suno,Suno,860,479,0.9652473661212797
single_support,artifactbench__fmc_fit_only,artifactbench,family,Udio,Udio,860,405,0.4683548664944014
single_support,artifactbench__fmc_fit_only,artifactbench,family,Yue,Yue,860,100,0.9954883720930233
single_support,artifactbench__fmc_fit_only,artifactbench,generator,DiffRhythm,DiffRhythm,860,100,0.9910116279069767
single_support,artifactbench__fmc_fit_only,artifactbench,generator,MusicGen,MusicGen Large,860,30,0.999922480620155
single_support,artifactbench__fmc_fit_only,artifactbench,generator,MusicGen,MusicGen Medium,860,30,0.999922480620155
single_support,artifactbench__fmc_fit_only,artifactbench,generator,MusicGen,MusicGen Small,860,30,1.0
single_support,artifactbench__fmc_fit_only,artifactbench,generator,Riffusion,Riffusion,860,100,0.9263488372093023
single_support,artifactbench__fmc_fit_only,artifactbench,generator,Riffusion,Riffusion (AIME),860,30,0.6571705426356589
single_support,artifactbench__fmc_fit_only,artifactbench,generator,StableAudio,Stable Audio v1,860,50,0.9887906976744186
single_support,artifactbench__fmc_fit_only,artifactbench,generator,StableAudio,Stable Audio v2,860,50,0.9818604651162791
single_support,artifactbench__fmc_fit_only,artifactbench,generator,Suno,Google Chirp v2 XXL,860,80,0.9987063953488372
single_support,artifactbench__fmc_fit_only,artifactbench,generator,Suno,Google Chirp v3,860,80,0.9976889534883722
single_support,artifactbench__fmc_fit_only,artifactbench,generator,Suno,Google Chirp v3.5,860,80,0.9915843023255813
single_support,artifactbench__fmc_fit_only,artifactbench,generator,Suno,Suno (mixed),860,80,0.9388808139534884
single_support,artifactbench__fmc_fit_only,artifactbench,generator,Suno,Suno v3,860,30,0.9995736434108528
single_support,artifactbench__fmc_fit_only,artifactbench,generator,Suno,Suno v3.5,860,29,0.9982758620689655
single_support,artifactbench__fmc_fit_only,artifactbench,generator,Suno,Suno v4,860,100,0.8926744186046512
single_support,artifactbench__fmc_fit_only,artifactbench,generator,Udio,Udio,860,100,0.4818488372093024
single_support,artifactbench__fmc_fit_only,artifactbench,generator,Udio,Udio (AIME),860,30,0.5079069767441861
single_support,artifactbench__fmc_fit_only,artifactbench,generator,Udio,Udio (SONICS 120s),860,80,0.3892441860465116
single_support,artifactbench__fmc_fit_only,artifactbench,generator,Udio,Udio (SONICS 30s),860,80,0.415014534883721
single_support,artifactbench__fmc_fit_only,artifactbench,generator,Udio,Udio (mixed),860,80,0.5370784883720929
single_support,artifactbench__fmc_fit_only,artifactbench,generator,Udio,Udio CDN,860,18,0.517829457364341
single_support,artifactbench__fmc_fit_only,artifactbench,generator,Udio,Udio CDN Latest,860,17,0.5666894664842681
single_support,artifactbench__fmc_fit_only,artifactbench,generator,Yue,Yue,860,100,0.9954883720930233
mean_pooling,artifactbench__base,artifactbench,family,DiffRhythm,DiffRhythm,860,100,0.9985813953488372
mean_pooling,artifactbench__base,artifactbench,family,MusicGen,MusicGen,860,90,0.9993410852713178
mean_pooling,artifactbench__base,artifactbench,family,Riffusion,Riffusion,860,130,0.8997808586762074
mean_pooling,artifactbench__base,artifactbench,family,StableAudio,StableAudio,860,100,0.9965174418604651
mean_pooling,artifactbench__base,artifactbench,family,Suno,Suno,860,479,0.9548065252221197
mean_pooling,artifactbench__base,artifactbench,family,Udio,Udio,860,405,0.8981079529141545
mean_pooling,artifactbench__base,artifactbench,family,Yue,Yue,860,100,0.9699767441860465
mean_pooling,artifactbench__base,artifactbench,generator,DiffRhythm,DiffRhythm,860,100,0.9985813953488372
mean_pooling,artifactbench__base,artifactbench,generator,MusicGen,MusicGen Large,860,30,0.9991472868217054
mean_pooling,artifactbench__base,artifactbench,generator,MusicGen,MusicGen Medium,860,30,0.9996124031007753
mean_pooling,artifactbench__base,artifactbench,generator,MusicGen,MusicGen Small,860,30,0.9992635658914729
mean_pooling,artifactbench__base,artifactbench,generator,Riffusion,Riffusion,860,100,0.9032616279069767
mean_pooling,artifactbench__base,artifactbench,generator,Riffusion,Riffusion (AIME),860,30,0.8881782945736434
mean_pooling,artifactbench__base,artifactbench,generator,StableAudio,Stable Audio v1,860,50,0.9968372093023256
mean_pooling,artifactbench__base,artifactbench,generator,StableAudio,Stable Audio v2,860,50,0.9961976744186046
mean_pooling,artifactbench__base,artifactbench,generator,Suno,Google Chirp v2 XXL,860,80,1.0
mean_pooling,artifactbench__base,artifactbench,generator,Suno,Google Chirp v3,860,80,1.0
mean_pooling,artifactbench__base,artifactbench,generator,Suno,Google Chirp v3.5,860,80,1.0
mean_pooling,artifactbench__base,artifactbench,generator,Suno,Suno (mixed),860,80,0.8930813953488372
mean_pooling,artifactbench__base,artifactbench,generator,Suno,Suno v3,860,30,0.9928682170542635
mean_pooling,artifactbench__base,artifactbench,generator,Suno,Suno v3.5,860,29,0.9851844426623898
mean_pooling,artifactbench__base,artifactbench,generator,Suno,Suno v4,860,100,0.8754941860465115
mean_pooling,artifactbench__base,artifactbench,generator,Udio,Udio,860,100,0.9187732558139534
mean_pooling,artifactbench__base,artifactbench,generator,Udio,Udio (AIME),860,30,0.8833720930232559
mean_pooling,artifactbench__base,artifactbench,generator,Udio,Udio (SONICS 120s),860,80,1.0
mean_pooling,artifactbench__base,artifactbench,generator,Udio,Udio (SONICS 30s),860,80,0.9999273255813954
mean_pooling,artifactbench__base,artifactbench,generator,Udio,Udio (mixed),860,80,0.7420639534883722
mean_pooling,artifactbench__base,artifactbench,generator,Udio,Udio CDN,860,18,0.6946059431524547
mean_pooling,artifactbench__base,artifactbench,generator,Udio,Udio CDN Latest,860,17,0.7937072503419973
mean_pooling,artifactbench__base,artifactbench,generator,Yue,Yue,860,100,0.9699767441860465
mean_pooling,echoes__base,echoes,family,AceStep,AceStep,59,57,1.0
mean_pooling,echoes__base,echoes,family,AudioLDM,AudioLDM,59,115,1.0
mean_pooling,echoes__base,echoes,family,Brev,Brev,59,68,0.8533150548354935
mean_pooling,echoes__base,echoes,family,DiffRhythm,DiffRhythm,59,120,0.9978813559322034
mean_pooling,echoes__base,echoes,family,Mubert,Mubert,59,32,0.6885593220338982
mean_pooling,echoes__base,echoes,family,Producer,Producer,59,68,0.9942671984047857
mean_pooling,echoes__base,echoes,family,SongGen,SongGen,59,111,1.0
mean_pooling,echoes__base,echoes,family,StableAudio,StableAudio,59,35,0.9467312348668281
mean_pooling,echoes__base,echoes,family,Suno,Suno,59,68,0.8612911266201395
mean_pooling,echoes__base,echoes,family,Udio,Udio,59,68,0.777666999002991
mean_pooling,echoes__base,echoes,generator,AceStep,acestep,59,57,1.0
mean_pooling,echoes__base,echoes,generator,AudioLDM,audioldm,59,115,1.0
mean_pooling,echoes__base,echoes,generator,Brev,brev,59,68,0.8533150548354935
mean_pooling,echoes__base,echoes,generator,DiffRhythm,diffrhythm,59,120,0.9978813559322034
mean_pooling,echoes__base,echoes,generator,Mubert,mubert,59,32,0.6885593220338982
mean_pooling,echoes__base,echoes,generator,Producer,producer,59,68,0.9942671984047857
mean_pooling,echoes__base,echoes,generator,SongGen,songgen,59,111,1.0
mean_pooling,echoes__base,echoes,generator,StableAudio,stableaudio,59,35,0.9467312348668281
mean_pooling,echoes__base,echoes,generator,Suno,suno,59,68,0.8612911266201395
mean_pooling,echoes__base,echoes,generator,Udio,udio,59,68,0.777666999002991
mean_pooling,fakemusiccaps__base,fakemusiccaps,family,AudioLDM,AudioLDM,1102,1104,0.950962429969226
mean_pooling,fakemusiccaps__base,fakemusiccaps,family,MusicGen,MusicGen,1102,1104,0.9622774961203608
mean_pooling,fakemusiccaps__base,fakemusiccaps,family,MusicLDM,MusicLDM,1102,1104,0.952395923748652
mean_pooling,fakemusiccaps__base,fakemusiccaps,family,Mustango,Mustango,1102,1104,0.9466331801204662
mean_pooling,fakemusiccaps__base,fakemusiccaps,family,StableAudio,StableAudio,1102,1104,0.958639923459323
mean_pooling,fakemusiccaps__base,fakemusiccaps,generator,AudioLDM,audioldm2,1102,1104,0.950962429969226
mean_pooling,fakemusiccaps__base,fakemusiccaps,generator,MusicGen,MusicGen_medium,1102,1104,0.9622774961203608
mean_pooling,fakemusiccaps__base,fakemusiccaps,generator,MusicLDM,musicldm,1102,1104,0.952395923748652
mean_pooling,fakemusiccaps__base,fakemusiccaps,generator,Mustango,mustango,1102,1104,0.9466331801204662
mean_pooling,fakemusiccaps__base,fakemusiccaps,generator,StableAudio,stable_audio_open,1102,1104,0.958639923459323
mean_pooling,artifactbench__without_Suno,artifactbench,family,DiffRhythm,DiffRhythm,860,100,0.9983197674418605
mean_pooling,artifactbench__without_Suno,artifactbench,family,MusicGen,MusicGen,860,90,0.9995478036175711
mean_pooling,artifactbench__without_Suno,artifactbench,family,Riffusion,Riffusion,860,130,0.814525939177102
mean_pooling,artifactbench__without_Suno,artifactbench,family,StableAudio,StableAudio,860,100,0.9974302325581396
mean_pooling,artifactbench__without_Suno,artifactbench,family,Suno,Suno,860,479,0.8871413312618343
mean_pooling,artifactbench__without_Suno,artifactbench,family,Udio,Udio,860,405,0.9140123456790124
mean_pooling,artifactbench__without_Suno,artifactbench,family,Yue,Yue,860,100,0.9026627906976745
mean_pooling,artifactbench__without_Suno,artifactbench,generator,DiffRhythm,DiffRhythm,860,100,0.9983197674418605
mean_pooling,artifactbench__without_Suno,artifactbench,generator,MusicGen,MusicGen Large,860,30,0.9997286821705427
mean_pooling,artifactbench__without_Suno,artifactbench,generator,MusicGen,MusicGen Medium,860,30,0.9996899224806202
mean_pooling,artifactbench__without_Suno,artifactbench,generator,MusicGen,MusicGen Small,860,30,0.9992248062015504
mean_pooling,artifactbench__without_Suno,artifactbench,generator,Riffusion,Riffusion,860,100,0.8056104651162792
mean_pooling,artifactbench__without_Suno,artifactbench,generator,Riffusion,Riffusion (AIME),860,30,0.8442441860465117
mean_pooling,artifactbench__without_Suno,artifactbench,generator,StableAudio,Stable Audio v1,860,50,0.9971627906976744
mean_pooling,artifactbench__without_Suno,artifactbench,generator,StableAudio,Stable Audio v2,860,50,0.9976976744186046
mean_pooling,artifactbench__without_Suno,artifactbench,generator,Suno,Google Chirp v2 XXL,860,80,1.0
mean_pooling,artifactbench__without_Suno,artifactbench,generator,Suno,Google Chirp v3,860,80,1.0
mean_pooling,artifactbench__without_Suno,artifactbench,generator,Suno,Google Chirp v3.5,860,80,1.0
mean_pooling,artifactbench__without_Suno,artifactbench,generator,Suno,Suno (mixed),860,80,0.7101598837209302
mean_pooling,artifactbench__without_Suno,artifactbench,generator,Suno,Suno v3,860,30,0.9756976744186047
mean_pooling,artifactbench__without_Suno,artifactbench,generator,Suno,Suno v3.5,860,29,0.9296110665597435
mean_pooling,artifactbench__without_Suno,artifactbench,generator,Suno,Suno v4,860,100,0.7189825581395349
mean_pooling,artifactbench__without_Suno,artifactbench,generator,Udio,Udio,860,100,0.9204302325581396
mean_pooling,artifactbench__without_Suno,artifactbench,generator,Udio,Udio (AIME),860,30,0.8891472868217055
mean_pooling,artifactbench__without_Suno,artifactbench,generator,Udio,Udio (SONICS 120s),860,80,1.0
mean_pooling,artifactbench__without_Suno,artifactbench,generator,Udio,Udio (SONICS 30s),860,80,0.9999854651162791
mean_pooling,artifactbench__without_Suno,artifactbench,generator,Udio,Udio (mixed),860,80,0.8046802325581395
mean_pooling,artifactbench__without_Suno,artifactbench,generator,Udio,Udio CDN,860,18,0.7136304909560722
mean_pooling,artifactbench__without_Suno,artifactbench,generator,Udio,Udio CDN Latest,860,17,0.8375854993160055
mean_pooling,artifactbench__without_Suno,artifactbench,generator,Yue,Yue,860,100,0.9026627906976745
mean_pooling,artifactbench__count_control_Suno,artifactbench,family,DiffRhythm,DiffRhythm,860,100,0.998279069767442
mean_pooling,artifactbench__count_control_Suno,artifactbench,family,MusicGen,MusicGen,860,90,0.999625322997416
mean_pooling,artifactbench__count_control_Suno,artifactbench,family,Riffusion,Riffusion,860,130,0.8746377459749554
mean_pooling,artifactbench__count_control_Suno,artifactbench,family,StableAudio,StableAudio,860,100,0.9982325581395348
mean_pooling,artifactbench__count_control_Suno,artifactbench,family,Suno,Suno,860,479,0.9617189396514054
mean_pooling,artifactbench__count_control_Suno,artifactbench,family,Udio,Udio,860,405,0.8885615848406547
mean_pooling,artifactbench__count_control_Suno,artifactbench,family,Yue,Yue,860,100,0.9644999999999999
mean_pooling,artifactbench__count_control_Suno,artifactbench,generator,DiffRhythm,DiffRhythm,860,100,0.998279069767442
mean_pooling,artifactbench__count_control_Suno,artifactbench,generator,MusicGen,MusicGen Large,860,30,0.9996511627906977
mean_pooling,artifactbench__count_control_Suno,artifactbench,generator,MusicGen,MusicGen Medium,860,30,0.999922480620155
mean_pooling,artifactbench__count_control_Suno,artifactbench,generator,MusicGen,MusicGen Small,860,30,0.9993023255813954
mean_pooling,artifactbench__count_control_Suno,artifactbench,generator,Riffusion,Riffusion,860,100,0.9025058139534883
mean_pooling,artifactbench__count_control_Suno,artifactbench,generator,Riffusion,Riffusion (AIME),860,30,0.7817441860465116
mean_pooling,artifactbench__count_control_Suno,artifactbench,generator,StableAudio,Stable Audio v1,860,50,0.9982093023255814
mean_pooling,artifactbench__count_control_Suno,artifactbench,generator,StableAudio,Stable Audio v2,860,50,0.9982558139534883
mean_pooling,artifactbench__count_control_Suno,artifactbench,generator,Suno,Google Chirp v2 XXL,860,80,1.0
mean_pooling,artifactbench__count_control_Suno,artifactbench,generator,Suno,Google Chirp v3,860,80,1.0
mean_pooling,artifactbench__count_control_Suno,artifactbench,generator,Suno,Google Chirp v3.5,860,80,1.0
mean_pooling,artifactbench__count_control_Suno,artifactbench,generator,Suno,Suno (mixed),860,80,0.9074709302325582
mean_pooling,artifactbench__count_control_Suno,artifactbench,generator,Suno,Suno v3,860,30,0.9887015503875969
mean_pooling,artifactbench__count_control_Suno,artifactbench,generator,Suno,Suno v3.5,860,29,0.9805934242181235
mean_pooling,artifactbench__count_control_Suno,artifactbench,generator,Suno,Suno v4,860,100,0.8996744186046511
mean_pooling,artifactbench__count_control_Suno,artifactbench,generator,Udio,Udio,860,100,0.9002965116279069
mean_pooling,artifactbench__count_control_Suno,artifactbench,generator,Udio,Udio (AIME),860,30,0.833139534883721
mean_pooling,artifactbench__count_control_Suno,artifactbench,generator,Udio,Udio (SONICS 120s),860,80,1.0
mean_pooling,artifactbench__count_control_Suno,artifactbench,generator,Udio,Udio (SONICS 30s),860,80,0.9999273255813954
mean_pooling,artifactbench__count_control_Suno,artifactbench,generator,Udio,Udio (mixed),860,80,0.7473110465116279
mean_pooling,artifactbench__count_control_Suno,artifactbench,generator,Udio,Udio CDN,860,18,0.6594961240310078
mean_pooling,artifactbench__count_control_Suno,artifactbench,generator,Udio,Udio CDN Latest,860,17,0.7760943912448701
mean_pooling,artifactbench__count_control_Suno,artifactbench,generator,Yue,Yue,860,100,0.9644999999999999
mean_pooling,artifactbench__without_Udio,artifactbench,family,DiffRhythm,DiffRhythm,860,100,0.9983255813953488
mean_pooling,artifactbench__without_Udio,artifactbench,family,MusicGen,MusicGen,860,90,0.9998449612403101
mean_pooling,artifactbench__without_Udio,artifactbench,family,Riffusion,Riffusion,860,130,0.9154293381037568
mean_pooling,artifactbench__without_Udio,artifactbench,family,StableAudio,StableAudio,860,100,0.9990000000000001
mean_pooling,artifactbench__without_Udio,artifactbench,family,Suno,Suno,860,479,0.9815968344904598
mean_pooling,artifactbench__without_Udio,artifactbench,family,Udio,Udio,860,405,0.7955053115130635
mean_pooling,artifactbench__without_Udio,artifactbench,family,Yue,Yue,860,100,0.9897848837209302
mean_pooling,artifactbench__without_Udio,artifactbench,generator,DiffRhythm,DiffRhythm,860,100,0.9983255813953488
mean_pooling,artifactbench__without_Udio,artifactbench,generator,MusicGen,MusicGen Large,860,30,1.0
mean_pooling,artifactbench__without_Udio,artifactbench,generator,MusicGen,MusicGen Medium,860,30,1.0
mean_pooling,artifactbench__without_Udio,artifactbench,generator,MusicGen,MusicGen Small,860,30,0.9995348837209302
mean_pooling,artifactbench__without_Udio,artifactbench,generator,Riffusion,Riffusion,860,100,0.9612848837209302
mean_pooling,artifactbench__without_Udio,artifactbench,generator,Riffusion,Riffusion (AIME),860,30,0.762577519379845
mean_pooling,artifactbench__without_Udio,artifactbench,generator,StableAudio,Stable Audio v1,860,50,0.9994651162790698
mean_pooling,artifactbench__without_Udio,artifactbench,generator,StableAudio,Stable Audio v2,860,50,0.9985348837209302
mean_pooling,artifactbench__without_Udio,artifactbench,generator,Suno,Google Chirp v2 XXL,860,80,0.9999709302325581
mean_pooling,artifactbench__without_Udio,artifactbench,generator,Suno,Google Chirp v3,860,80,1.0
mean_pooling,artifactbench__without_Udio,artifactbench,generator,Suno,Google Chirp v3.5,860,80,1.0
mean_pooling,artifactbench__without_Udio,artifactbench,generator,Suno,Suno (mixed),860,80,0.9610101744186046
mean_pooling,artifactbench__without_Udio,artifactbench,generator,Suno,Suno v3,860,30,0.9984496124031008
mean_pooling,artifactbench__without_Udio,artifactbench,generator,Suno,Suno v3.5,860,29,0.9978147554129911
mean_pooling,artifactbench__without_Udio,artifactbench,generator,Suno,Suno v4,860,100,0.9441627906976744
mean_pooling,artifactbench__without_Udio,artifactbench,generator,Udio,Udio,860,100,0.7949244186046511
mean_pooling,artifactbench__without_Udio,artifactbench,generator,Udio,Udio (AIME),860,30,0.8329457364341086
mean_pooling,artifactbench__without_Udio,artifactbench,generator,Udio,Udio (SONICS 120s),860,80,0.9898546511627906
mean_pooling,artifactbench__without_Udio,artifactbench,generator,Udio,Udio (SONICS 30s),860,80,0.9917223837209302
mean_pooling,artifactbench__without_Udio,artifactbench,generator,Udio,Udio (mixed),860,80,0.5182921511627907
mean_pooling,artifactbench__without_Udio,artifactbench,generator,Udio,Udio CDN,860,18,0.48407622739018097
mean_pooling,artifactbench__without_Udio,artifactbench,generator,Udio,Udio CDN Latest,860,17,0.529172366621067
mean_pooling,artifactbench__without_Udio,artifactbench,generator,Yue,Yue,860,100,0.9897848837209302
mean_pooling,artifactbench__count_control_Udio,artifactbench,family,DiffRhythm,DiffRhythm,860,100,0.9979593023255814
mean_pooling,artifactbench__count_control_Udio,artifactbench,family,MusicGen,MusicGen,860,90,0.9996511627906977
mean_pooling,artifactbench__count_control_Udio,artifactbench,family,Riffusion,Riffusion,860,130,0.8864982110912343
mean_pooling,artifactbench__count_control_Udio,artifactbench,family,StableAudio,StableAudio,860,100,0.9984011627906977
mean_pooling,artifactbench__count_control_Udio,artifactbench,family,Suno,Suno,860,479,0.9490653978734767
mean_pooling,artifactbench__count_control_Udio,artifactbench,family,Udio,Udio,860,405,0.8973442434682745
mean_pooling,artifactbench__count_control_Udio,artifactbench,family,Yue,Yue,860,100,0.9516337209302326
mean_pooling,artifactbench__count_control_Udio,artifactbench,generator,DiffRhythm,DiffRhythm,860,100,0.9979593023255814
mean_pooling,artifactbench__count_control_Udio,artifactbench,generator,MusicGen,MusicGen Large,860,30,0.9995736434108526
mean_pooling,artifactbench__count_control_Udio,artifactbench,generator,MusicGen,MusicGen Medium,860,30,0.999922480620155
mean_pooling,artifactbench__count_control_Udio,artifactbench,generator,MusicGen,MusicGen Small,860,30,0.9994573643410852
mean_pooling,artifactbench__count_control_Udio,artifactbench,generator,Riffusion,Riffusion,860,100,0.8995988372093022
mean_pooling,artifactbench__count_control_Udio,artifactbench,generator,Riffusion,Riffusion (AIME),860,30,0.8428294573643411
mean_pooling,artifactbench__count_control_Udio,artifactbench,generator,StableAudio,Stable Audio v1,860,50,0.9986627906976744
mean_pooling,artifactbench__count_control_Udio,artifactbench,generator,StableAudio,Stable Audio v2,860,50,0.998139534883721
mean_pooling,artifactbench__count_control_Udio,artifactbench,generator,Suno,Google Chirp v2 XXL,860,80,1.0
mean_pooling,artifactbench__count_control_Udio,artifactbench,generator,Suno,Google Chirp v3,860,80,1.0
mean_pooling,artifactbench__count_control_Udio,artifactbench,generator,Suno,Google Chirp v3.5,860,80,1.0
mean_pooling,artifactbench__count_control_Udio,artifactbench,generator,Suno,Suno (mixed),860,80,0.8752252906976744
mean_pooling,artifactbench__count_control_Udio,artifactbench,generator,Suno,Suno v3,860,30,0.9903100775193798
mean_pooling,artifactbench__count_control_Udio,artifactbench,generator,Suno,Suno v3.5,860,29,0.9789695268644747
mean_pooling,artifactbench__count_control_Udio,artifactbench,generator,Suno,Suno v4,860,100,0.8648488372093023
mean_pooling,artifactbench__count_control_Udio,artifactbench,generator,Udio,Udio,860,100,0.8962906976744186
mean_pooling,artifactbench__count_control_Udio,artifactbench,generator,Udio,Udio (AIME),860,30,0.8475
mean_pooling,artifactbench__count_control_Udio,artifactbench,generator,Udio,Udio (SONICS 120s),860,80,0.9999418604651162
mean_pooling,artifactbench__count_control_Udio,artifactbench,generator,Udio,Udio (SONICS 30s),860,80,0.9998255813953488
mean_pooling,artifactbench__count_control_Udio,artifactbench,generator,Udio,Udio (mixed),860,80,0.7836191860465117
mean_pooling,artifactbench__count_control_Udio,artifactbench,generator,Udio,Udio CDN,860,18,0.681266149870801
mean_pooling,artifactbench__count_control_Udio,artifactbench,generator,Udio,Udio CDN Latest,860,17,0.7903898768809849
mean_pooling,artifactbench__count_control_Udio,artifactbench,generator,Yue,Yue,860,100,0.9516337209302326
mean_pooling,artifactbench__without_MusicGen,artifactbench,family,DiffRhythm,DiffRhythm,860,100,0.9986337209302325
mean_pooling,artifactbench__without_MusicGen,artifactbench,family,MusicGen,MusicGen,860,90,0.9939728682170543
mean_pooling,artifactbench__without_MusicGen,artifactbench,family,Riffusion,Riffusion,860,130,0.9588550983899822
mean_pooling,artifactbench__without_MusicGen,artifactbench,family,StableAudio,StableAudio,860,100,0.9982441860465116
mean_pooling,artifactbench__without_MusicGen,artifactbench,family,Suno,Suno,860,479,0.969143564596786
mean_pooling,artifactbench__without_MusicGen,artifactbench,family,Udio,Udio,860,405,0.9226399655469423
mean_pooling,artifactbench__without_MusicGen,artifactbench,family,Yue,Yue,860,100,0.9789534883720931
mean_pooling,artifactbench__without_MusicGen,artifactbench,generator,DiffRhythm,DiffRhythm,860,100,0.9986337209302325
mean_pooling,artifactbench__without_MusicGen,artifactbench,generator,MusicGen,MusicGen Large,860,30,0.9913759689922481
mean_pooling,artifactbench__without_MusicGen,artifactbench,generator,MusicGen,MusicGen Medium,860,30,0.9968604651162791
mean_pooling,artifactbench__without_MusicGen,artifactbench,generator,MusicGen,MusicGen Small,860,30,0.9936821705426356
mean_pooling,artifactbench__without_MusicGen,artifactbench,generator,Riffusion,Riffusion,860,100,0.9514883720930233
mean_pooling,artifactbench__without_MusicGen,artifactbench,generator,Riffusion,Riffusion (AIME),860,30,0.9834108527131782
mean_pooling,artifactbench__without_MusicGen,artifactbench,generator,StableAudio,Stable Audio v1,860,50,0.9983255813953488
mean_pooling,artifactbench__without_MusicGen,artifactbench,generator,StableAudio,Stable Audio v2,860,50,0.9981627906976744
mean_pooling,artifactbench__without_MusicGen,artifactbench,generator,Suno,Google Chirp v2 XXL,860,80,1.0
mean_pooling,artifactbench__without_MusicGen,artifactbench,generator,Suno,Google Chirp v3,860,80,1.0
mean_pooling,artifactbench__without_MusicGen,artifactbench,generator,Suno,Google Chirp v3.5,860,80,1.0
mean_pooling,artifactbench__without_MusicGen,artifactbench,generator,Suno,Suno (mixed),860,80,0.9394258720930233
mean_pooling,artifactbench__without_MusicGen,artifactbench,generator,Suno,Suno v3,860,30,0.9922480620155039
mean_pooling,artifactbench__without_MusicGen,artifactbench,generator,Suno,Suno v3.5,860,29,0.990898155573376
mean_pooling,artifactbench__without_MusicGen,artifactbench,generator,Suno,Suno v4,860,100,0.9056220930232558
mean_pooling,artifactbench__without_MusicGen,artifactbench,generator,Udio,Udio,860,100,0.9133197674418605
mean_pooling,artifactbench__without_MusicGen,artifactbench,generator,Udio,Udio (AIME),860,30,0.8724031007751939
mean_pooling,artifactbench__without_MusicGen,artifactbench,generator,Udio,Udio (SONICS 120s),860,80,1.0
mean_pooling,artifactbench__without_MusicGen,artifactbench,generator,Udio,Udio (SONICS 30s),860,80,1.0
mean_pooling,artifactbench__without_MusicGen,artifactbench,generator,Udio,Udio (mixed),860,80,0.8403415697674419
mean_pooling,artifactbench__without_MusicGen,artifactbench,generator,Udio,Udio CDN,860,18,0.7625645994832041
mean_pooling,artifactbench__without_MusicGen,artifactbench,generator,Udio,Udio CDN Latest,860,17,0.8948016415868674
mean_pooling,artifactbench__without_MusicGen,artifactbench,generator,Yue,Yue,860,100,0.9789534883720931
mean_pooling,artifactbench__count_control_MusicGen,artifactbench,family,DiffRhythm,DiffRhythm,860,100,0.9980058139534883
mean_pooling,artifactbench__count_control_MusicGen,artifactbench,family,MusicGen,MusicGen,860,90,0.9991860465116279
mean_pooling,artifactbench__count_control_MusicGen,artifactbench,family,Riffusion,Riffusion,860,130,0.8996779964221825
mean_pooling,artifactbench__count_control_MusicGen,artifactbench,family,StableAudio,StableAudio,860,100,0.9973313953488372
mean_pooling,artifactbench__count_control_MusicGen,artifactbench,family,Suno,Suno,860,479,0.9620636500461233
mean_pooling,artifactbench__count_control_MusicGen,artifactbench,family,Udio,Udio,860,405,0.8983921906402528
mean_pooling,artifactbench__count_control_MusicGen,artifactbench,family,Yue,Yue,860,100,0.9692441860465117
mean_pooling,artifactbench__count_control_MusicGen,artifactbench,generator,DiffRhythm,DiffRhythm,860,100,0.9980058139534883
mean_pooling,artifactbench__count_control_MusicGen,artifactbench,generator,MusicGen,MusicGen Large,860,30,0.9992248062015504
mean_pooling,artifactbench__count_control_MusicGen,artifactbench,generator,MusicGen,MusicGen Medium,860,30,0.9993798449612403
mean_pooling,artifactbench__count_control_MusicGen,artifactbench,generator,MusicGen,MusicGen Small,860,30,0.9989534883720931
mean_pooling,artifactbench__count_control_MusicGen,artifactbench,generator,Riffusion,Riffusion,860,100,0.9158546511627907
mean_pooling,artifactbench__count_control_MusicGen,artifactbench,generator,Riffusion,Riffusion (AIME),860,30,0.8457558139534883
mean_pooling,artifactbench__count_control_MusicGen,artifactbench,generator,StableAudio,Stable Audio v1,860,50,0.9971279069767442
mean_pooling,artifactbench__count_control_MusicGen,artifactbench,generator,StableAudio,Stable Audio v2,860,50,0.9975348837209302
mean_pooling,artifactbench__count_control_MusicGen,artifactbench,generator,Suno,Google Chirp v2 XXL,860,80,1.0
mean_pooling,artifactbench__count_control_MusicGen,artifactbench,generator,Suno,Google Chirp v3,860,80,1.0
mean_pooling,artifactbench__count_control_MusicGen,artifactbench,generator,Suno,Google Chirp v3.5,860,80,1.0
mean_pooling,artifactbench__count_control_MusicGen,artifactbench,generator,Suno,Suno (mixed),860,80,0.9136191860465117
mean_pooling,artifactbench__count_control_MusicGen,artifactbench,generator,Suno,Suno v3,860,30,0.9909496124031008
mean_pooling,artifactbench__count_control_MusicGen,artifactbench,generator,Suno,Suno v3.5,860,29,0.9840417000801924
mean_pooling,artifactbench__count_control_MusicGen,artifactbench,generator,Suno,Suno v4,860,100,0.8947325581395348
mean_pooling,artifactbench__count_control_MusicGen,artifactbench,generator,Udio,Udio,860,100,0.9105813953488373
mean_pooling,artifactbench__count_control_MusicGen,artifactbench,generator,Udio,Udio (AIME),860,30,0.8738759689922481
mean_pooling,artifactbench__count_control_MusicGen,artifactbench,generator,Udio,Udio (SONICS 120s),860,80,1.0
mean_pooling,artifactbench__count_control_MusicGen,artifactbench,generator,Udio,Udio (SONICS 30s),860,80,0.9999709302325581
mean_pooling,artifactbench__count_control_MusicGen,artifactbench,generator,Udio,Udio (mixed),860,80,0.7651816860465117
mean_pooling,artifactbench__count_control_MusicGen,artifactbench,generator,Udio,Udio CDN,860,18,0.685562015503876
mean_pooling,artifactbench__count_control_MusicGen,artifactbench,generator,Udio,Udio CDN Latest,860,17,0.7660054719562244
mean_pooling,artifactbench__count_control_MusicGen,artifactbench,generator,Yue,Yue,860,100,0.9692441860465117
mean_pooling,echoes__without_Suno,echoes,family,AceStep,AceStep,59,57,0.9985132322331252
mean_pooling,echoes__without_Suno,echoes,family,AudioLDM,AudioLDM,59,115,1.0
mean_pooling,echoes__without_Suno,echoes,family,Brev,Brev,59,68,0.8347457627118644
mean_pooling,echoes__without_Suno,echoes,family,DiffRhythm,DiffRhythm,59,120,0.9995762711864407
mean_pooling,echoes__without_Suno,echoes,family,Mubert,Mubert,59,32,0.6811440677966103
mean_pooling,echoes__without_Suno,echoes,family,Producer,Producer,59,68,0.9987537387836491
mean_pooling,echoes__without_Suno,echoes,family,SongGen,SongGen,59,111,1.0
mean_pooling,echoes__without_Suno,echoes,family,StableAudio,StableAudio,59,35,0.9433414043583535
mean_pooling,echoes__without_Suno,echoes,family,Suno,Suno,59,68,0.8318793619142573
mean_pooling,echoes__without_Suno,echoes,family,Udio,Udio,59,68,0.8655284147557328
mean_pooling,echoes__without_Suno,echoes,generator,AceStep,acestep,59,57,0.9985132322331252
mean_pooling,echoes__without_Suno,echoes,generator,AudioLDM,audioldm,59,115,1.0
mean_pooling,echoes__without_Suno,echoes,generator,Brev,brev,59,68,0.8347457627118644
mean_pooling,echoes__without_Suno,echoes,generator,DiffRhythm,diffrhythm,59,120,0.9995762711864407
mean_pooling,echoes__without_Suno,echoes,generator,Mubert,mubert,59,32,0.6811440677966103
mean_pooling,echoes__without_Suno,echoes,generator,Producer,producer,59,68,0.9987537387836491
mean_pooling,echoes__without_Suno,echoes,generator,SongGen,songgen,59,111,1.0
mean_pooling,echoes__without_Suno,echoes,generator,StableAudio,stableaudio,59,35,0.9433414043583535
mean_pooling,echoes__without_Suno,echoes,generator,Suno,suno,59,68,0.8318793619142573
mean_pooling,echoes__without_Suno,echoes,generator,Udio,udio,59,68,0.8655284147557328
mean_pooling,echoes__count_control_Suno,echoes,family,AceStep,AceStep,59,57,1.0
mean_pooling,echoes__count_control_Suno,echoes,family,AudioLDM,AudioLDM,59,115,1.0
mean_pooling,echoes__count_control_Suno,echoes,family,Brev,Brev,59,68,0.9444167497507477
mean_pooling,echoes__count_control_Suno,echoes,family,DiffRhythm,DiffRhythm,59,120,0.9990112994350283
mean_pooling,echoes__count_control_Suno,echoes,family,Mubert,Mubert,59,32,0.6837923728813559
mean_pooling,echoes__count_control_Suno,echoes,family,Producer,Producer,59,68,0.9995014955134597
mean_pooling,echoes__count_control_Suno,echoes,family,SongGen,SongGen,59,111,1.0
mean_pooling,echoes__count_control_Suno,echoes,family,StableAudio,StableAudio,59,35,0.9772397094430992
mean_pooling,echoes__count_control_Suno,echoes,family,Suno,Suno,59,68,0.9558823529411765
mean_pooling,echoes__count_control_Suno,echoes,family,Udio,Udio,59,68,0.8515702891326022
mean_pooling,echoes__count_control_Suno,echoes,generator,AceStep,acestep,59,57,1.0
mean_pooling,echoes__count_control_Suno,echoes,generator,AudioLDM,audioldm,59,115,1.0
mean_pooling,echoes__count_control_Suno,echoes,generator,Brev,brev,59,68,0.9444167497507477
mean_pooling,echoes__count_control_Suno,echoes,generator,DiffRhythm,diffrhythm,59,120,0.9990112994350283
mean_pooling,echoes__count_control_Suno,echoes,generator,Mubert,mubert,59,32,0.6837923728813559
mean_pooling,echoes__count_control_Suno,echoes,generator,Producer,producer,59,68,0.9995014955134597
mean_pooling,echoes__count_control_Suno,echoes,generator,SongGen,songgen,59,111,1.0
mean_pooling,echoes__count_control_Suno,echoes,generator,StableAudio,stableaudio,59,35,0.9772397094430992
mean_pooling,echoes__count_control_Suno,echoes,generator,Suno,suno,59,68,0.9558823529411765
mean_pooling,echoes__count_control_Suno,echoes,generator,Udio,udio,59,68,0.8515702891326022
mean_pooling,echoes__without_Udio,echoes,family,AceStep,AceStep,59,57,1.0
mean_pooling,echoes__without_Udio,echoes,family,AudioLDM,AudioLDM,59,115,1.0
mean_pooling,echoes__without_Udio,echoes,family,Brev,Brev,59,68,0.922233300099701
mean_pooling,echoes__without_Udio,echoes,family,DiffRhythm,DiffRhythm,59,120,0.9991525423728813
mean_pooling,echoes__without_Udio,echoes,family,Mubert,Mubert,59,32,0.6920021186440678
mean_pooling,echoes__without_Udio,echoes,family,Producer,Producer,59,68,0.9850448654037885
mean_pooling,echoes__without_Udio,echoes,family,SongGen,SongGen,59,111,1.0
mean_pooling,echoes__without_Udio,echoes,family,StableAudio,StableAudio,59,35,0.9503631961259079
mean_pooling,echoes__without_Udio,echoes,family,Suno,Suno,59,68,0.9322033898305084
mean_pooling,echoes__without_Udio,echoes,family,Udio,Udio,59,68,0.5898554336989034
mean_pooling,echoes__without_Udio,echoes,generator,AceStep,acestep,59,57,1.0
mean_pooling,echoes__without_Udio,echoes,generator,AudioLDM,audioldm,59,115,1.0
mean_pooling,echoes__without_Udio,echoes,generator,Brev,brev,59,68,0.922233300099701
mean_pooling,echoes__without_Udio,echoes,generator,DiffRhythm,diffrhythm,59,120,0.9991525423728813
mean_pooling,echoes__without_Udio,echoes,generator,Mubert,mubert,59,32,0.6920021186440678
mean_pooling,echoes__without_Udio,echoes,generator,Producer,producer,59,68,0.9850448654037885
mean_pooling,echoes__without_Udio,echoes,generator,SongGen,songgen,59,111,1.0
mean_pooling,echoes__without_Udio,echoes,generator,StableAudio,stableaudio,59,35,0.9503631961259079
mean_pooling,echoes__without_Udio,echoes,generator,Suno,suno,59,68,0.9322033898305084
mean_pooling,echoes__without_Udio,echoes,generator,Udio,udio,59,68,0.5898554336989034
mean_pooling,echoes__count_control_Udio,echoes,family,AceStep,AceStep,59,57,0.9988105857865002
mean_pooling,echoes__count_control_Udio,echoes,family,AudioLDM,AudioLDM,59,115,1.0
mean_pooling,echoes__count_control_Udio,echoes,family,Brev,Brev,59,68,0.8253988035892322
mean_pooling,echoes__count_control_Udio,echoes,family,DiffRhythm,DiffRhythm,59,120,0.9944915254237289
mean_pooling,echoes__count_control_Udio,echoes,family,Mubert,Mubert,59,32,0.668167372881356
mean_pooling,echoes__count_control_Udio,echoes,family,Producer,Producer,59,68,0.9955134596211367
mean_pooling,echoes__count_control_Udio,echoes,family,SongGen,SongGen,59,111,1.0
mean_pooling,echoes__count_control_Udio,echoes,family,StableAudio,StableAudio,59,35,0.9428571428571428
mean_pooling,echoes__count_control_Udio,echoes,family,Suno,Suno,59,68,0.8427218344965105
mean_pooling,echoes__count_control_Udio,echoes,family,Udio,Udio,59,68,0.7213359920239282
mean_pooling,echoes__count_control_Udio,echoes,generator,AceStep,acestep,59,57,0.9988105857865002
mean_pooling,echoes__count_control_Udio,echoes,generator,AudioLDM,audioldm,59,115,1.0
mean_pooling,echoes__count_control_Udio,echoes,generator,Brev,brev,59,68,0.8253988035892322
mean_pooling,echoes__count_control_Udio,echoes,generator,DiffRhythm,diffrhythm,59,120,0.9944915254237289
mean_pooling,echoes__count_control_Udio,echoes,generator,Mubert,mubert,59,32,0.668167372881356
mean_pooling,echoes__count_control_Udio,echoes,generator,Producer,producer,59,68,0.9955134596211367
mean_pooling,echoes__count_control_Udio,echoes,generator,SongGen,songgen,59,111,1.0
mean_pooling,echoes__count_control_Udio,echoes,generator,StableAudio,stableaudio,59,35,0.9428571428571428
mean_pooling,echoes__count_control_Udio,echoes,generator,Suno,suno,59,68,0.8427218344965105
mean_pooling,echoes__count_control_Udio,echoes,generator,Udio,udio,59,68,0.7213359920239282
mean_pooling,fakemusiccaps__without_MusicGen,fakemusiccaps,family,AudioLDM,AudioLDM,1102,1104,0.9572150602330414
mean_pooling,fakemusiccaps__without_MusicGen,fakemusiccaps,family,MusicGen,MusicGen,1102,1104,0.92617260448723
mean_pooling,fakemusiccaps__without_MusicGen,fakemusiccaps,family,MusicLDM,MusicLDM,1102,1104,0.9459415029327441
mean_pooling,fakemusiccaps__without_MusicGen,fakemusiccaps,family,Mustango,Mustango,1102,1104,0.9434337107761909
mean_pooling,fakemusiccaps__without_MusicGen,fakemusiccaps,family,StableAudio,StableAudio,1102,1104,0.9541355966753464
mean_pooling,fakemusiccaps__without_MusicGen,fakemusiccaps,generator,AudioLDM,audioldm2,1102,1104,0.9572150602330414
mean_pooling,fakemusiccaps__without_MusicGen,fakemusiccaps,generator,MusicGen,MusicGen_medium,1102,1104,0.92617260448723
mean_pooling,fakemusiccaps__without_MusicGen,fakemusiccaps,generator,MusicLDM,musicldm,1102,1104,0.9459415029327441
mean_pooling,fakemusiccaps__without_MusicGen,fakemusiccaps,generator,Mustango,mustango,1102,1104,0.9434337107761909
mean_pooling,fakemusiccaps__without_MusicGen,fakemusiccaps,generator,StableAudio,stable_audio_open,1102,1104,0.9541355966753464
mean_pooling,fakemusiccaps__count_control_MusicGen,fakemusiccaps,family,AudioLDM,AudioLDM,1102,1104,0.9594125634551145
mean_pooling,fakemusiccaps__count_control_MusicGen,fakemusiccaps,family,MusicGen,MusicGen,1102,1104,0.9611884025092717
mean_pooling,fakemusiccaps__count_control_MusicGen,fakemusiccaps,family,MusicLDM,MusicLDM,1102,1104,0.9456969705936504
mean_pooling,fakemusiccaps__count_control_MusicGen,fakemusiccaps,family,Mustango,Mustango,1102,1104,0.9454544931481628
mean_pooling,fakemusiccaps__count_control_MusicGen,fakemusiccaps,family,StableAudio,StableAudio,1102,1104,0.9507446112470082
mean_pooling,fakemusiccaps__count_control_MusicGen,fakemusiccaps,generator,AudioLDM,audioldm2,1102,1104,0.9594125634551145
mean_pooling,fakemusiccaps__count_control_MusicGen,fakemusiccaps,generator,MusicGen,MusicGen_medium,1102,1104,0.9611884025092717
mean_pooling,fakemusiccaps__count_control_MusicGen,fakemusiccaps,generator,MusicLDM,musicldm,1102,1104,0.9456969705936504
mean_pooling,fakemusiccaps__count_control_MusicGen,fakemusiccaps,generator,Mustango,mustango,1102,1104,0.9454544931481628
mean_pooling,fakemusiccaps__count_control_MusicGen,fakemusiccaps,generator,StableAudio,stable_audio_open,1102,1104,0.9507446112470082
mean_pooling,artifactbench__without_StableAudio,artifactbench,family,DiffRhythm,DiffRhythm,860,100,0.9985232558139535
mean_pooling,artifactbench__without_StableAudio,artifactbench,family,MusicGen,MusicGen,860,90,0.9998191214470283
mean_pooling,artifactbench__without_StableAudio,artifactbench,family,Riffusion,Riffusion,860,130,0.9428398926654741
mean_pooling,artifactbench__without_StableAudio,artifactbench,family,StableAudio,StableAudio,860,100,0.9941046511627907
mean_pooling,artifactbench__without_StableAudio,artifactbench,family,Suno,Suno,860,479,0.9631766762149827
mean_pooling,artifactbench__without_StableAudio,artifactbench,family,Udio,Udio,860,405,0.929766006316394
mean_pooling,artifactbench__without_StableAudio,artifactbench,family,Yue,Yue,860,100,0.9762441860465116
mean_pooling,artifactbench__without_StableAudio,artifactbench,generator,DiffRhythm,DiffRhythm,860,100,0.9985232558139535
mean_pooling,artifactbench__without_StableAudio,artifactbench,generator,MusicGen,MusicGen Large,860,30,1.0
mean_pooling,artifactbench__without_StableAudio,artifactbench,generator,MusicGen,MusicGen Medium,860,30,1.0
mean_pooling,artifactbench__without_StableAudio,artifactbench,generator,MusicGen,MusicGen Small,860,30,0.9994573643410853
mean_pooling,artifactbench__without_StableAudio,artifactbench,generator,Riffusion,Riffusion,860,100,0.9498255813953489
mean_pooling,artifactbench__without_StableAudio,artifactbench,generator,Riffusion,Riffusion (AIME),860,30,0.9195542635658914
mean_pooling,artifactbench__without_StableAudio,artifactbench,generator,StableAudio,Stable Audio v1,860,50,0.9954418604651163
mean_pooling,artifactbench__without_StableAudio,artifactbench,generator,StableAudio,Stable Audio v2,860,50,0.9927674418604652
mean_pooling,artifactbench__without_StableAudio,artifactbench,generator,Suno,Google Chirp v2 XXL,860,80,1.0
mean_pooling,artifactbench__without_StableAudio,artifactbench,generator,Suno,Google Chirp v3,860,80,1.0
mean_pooling,artifactbench__without_StableAudio,artifactbench,generator,Suno,Google Chirp v3.5,860,80,1.0
mean_pooling,artifactbench__without_StableAudio,artifactbench,generator,Suno,Suno (mixed),860,80,0.912906976744186
mean_pooling,artifactbench__without_StableAudio,artifactbench,generator,Suno,Suno v3,860,30,0.994108527131783
mean_pooling,artifactbench__without_StableAudio,artifactbench,generator,Suno,Suno v3.5,860,29,0.9884121892542101
mean_pooling,artifactbench__without_StableAudio,artifactbench,generator,Suno,Suno v4,860,100,0.8984186046511627
mean_pooling,artifactbench__without_StableAudio,artifactbench,generator,Udio,Udio,860,100,0.9299244186046514
mean_pooling,artifactbench__without_StableAudio,artifactbench,generator,Udio,Udio (AIME),860,30,0.9243410852713179
mean_pooling,artifactbench__without_StableAudio,artifactbench,generator,Udio,Udio (SONICS 120s),860,80,1.0
mean_pooling,artifactbench__without_StableAudio,artifactbench,generator,Udio,Udio (SONICS 30s),860,80,1.0
mean_pooling,artifactbench__without_StableAudio,artifactbench,generator,Udio,Udio (mixed),860,80,0.8388226744186047
mean_pooling,artifactbench__without_StableAudio,artifactbench,generator,Udio,Udio CDN,860,18,0.7742248062015504
mean_pooling,artifactbench__without_StableAudio,artifactbench,generator,Udio,Udio CDN Latest,860,17,0.8700410396716826
mean_pooling,artifactbench__without_StableAudio,artifactbench,generator,Yue,Yue,860,100,0.9762441860465116
mean_pooling,artifactbench__count_control_StableAudio,artifactbench,family,DiffRhythm,DiffRhythm,860,100,0.9984244186046511
mean_pooling,artifactbench__count_control_StableAudio,artifactbench,family,MusicGen,MusicGen,860,90,0.9992571059431525
mean_pooling,artifactbench__count_control_StableAudio,artifactbench,family,Riffusion,Riffusion,860,130,0.9196914132379248
mean_pooling,artifactbench__count_control_StableAudio,artifactbench,family,StableAudio,StableAudio,860,100,0.9977441860465116
mean_pooling,artifactbench__count_control_StableAudio,artifactbench,family,Suno,Suno,860,479,0.9678120600087392
mean_pooling,artifactbench__count_control_StableAudio,artifactbench,family,Udio,Udio,860,405,0.9011125466551824
mean_pooling,artifactbench__count_control_StableAudio,artifactbench,family,Yue,Yue,860,100,0.9720406976744187
mean_pooling,artifactbench__count_control_StableAudio,artifactbench,generator,DiffRhythm,DiffRhythm,860,100,0.9984244186046511
mean_pooling,artifactbench__count_control_StableAudio,artifactbench,generator,MusicGen,MusicGen Large,860,30,0.9990116279069768
mean_pooling,artifactbench__count_control_StableAudio,artifactbench,generator,MusicGen,MusicGen Medium,860,30,0.9996124031007753
mean_pooling,artifactbench__count_control_StableAudio,artifactbench,generator,MusicGen,MusicGen Small,860,30,0.9991472868217054
mean_pooling,artifactbench__count_control_StableAudio,artifactbench,generator,Riffusion,Riffusion,860,100,0.9438372093023256
mean_pooling,artifactbench__count_control_StableAudio,artifactbench,generator,Riffusion,Riffusion (AIME),860,30,0.8392054263565891
mean_pooling,artifactbench__count_control_StableAudio,artifactbench,generator,StableAudio,Stable Audio v1,860,50,0.9980232558139535
mean_pooling,artifactbench__count_control_StableAudio,artifactbench,generator,StableAudio,Stable Audio v2,860,50,0.9974651162790698
mean_pooling,artifactbench__count_control_StableAudio,artifactbench,generator,Suno,Google Chirp v2 XXL,860,80,1.0
mean_pooling,artifactbench__count_control_StableAudio,artifactbench,generator,Suno,Google Chirp v3,860,80,1.0
mean_pooling,artifactbench__count_control_StableAudio,artifactbench,generator,Suno,Google Chirp v3.5,860,80,1.0
mean_pooling,artifactbench__count_control_StableAudio,artifactbench,generator,Suno,Suno (mixed),860,80,0.9440988372093024
mean_pooling,artifactbench__count_control_StableAudio,artifactbench,generator,Suno,Suno v3,860,30,0.987015503875969
mean_pooling,artifactbench__count_control_StableAudio,artifactbench,generator,Suno,Suno v3.5,860,29,0.9799919807538091
mean_pooling,artifactbench__count_control_StableAudio,artifactbench,generator,Suno,Suno v4,860,100,0.9002383720930233
mean_pooling,artifactbench__count_control_StableAudio,artifactbench,generator,Udio,Udio,860,100,0.9129883720930232
mean_pooling,artifactbench__count_control_StableAudio,artifactbench,generator,Udio,Udio (AIME),860,30,0.8525581395348838
mean_pooling,artifactbench__count_control_StableAudio,artifactbench,generator,Udio,Udio (SONICS 120s),860,80,0.9999999999999999
mean_pooling,artifactbench__count_control_StableAudio,artifactbench,generator,Udio,Udio (SONICS 30s),860,80,0.9999418604651164
mean_pooling,artifactbench__count_control_StableAudio,artifactbench,generator,Udio,Udio (mixed),860,80,0.7739462209302326
mean_pooling,artifactbench__count_control_StableAudio,artifactbench,generator,Udio,Udio CDN,860,18,0.6909883720930232
mean_pooling,artifactbench__count_control_StableAudio,artifactbench,generator,Udio,Udio CDN Latest,860,17,0.807421340629275
mean_pooling,artifactbench__count_control_StableAudio,artifactbench,generator,Yue,Yue,860,100,0.9720406976744187
mean_pooling,artifactbench__without_DiffRhythm,artifactbench,family,DiffRhythm,DiffRhythm,860,100,0.9970813953488371
mean_pooling,artifactbench__without_DiffRhythm,artifactbench,family,MusicGen,MusicGen,860,90,0.999405684754522
mean_pooling,artifactbench__without_DiffRhythm,artifactbench,family,Riffusion,Riffusion,860,130,0.9387343470483005
mean_pooling,artifactbench__without_DiffRhythm,artifactbench,family,StableAudio,StableAudio,860,100,0.998453488372093
mean_pooling,artifactbench__without_DiffRhythm,artifactbench,family,Suno,Suno,860,479,0.9749368840122348
mean_pooling,artifactbench__without_DiffRhythm,artifactbench,family,Udio,Udio,860,405,0.937022681596325
mean_pooling,artifactbench__without_DiffRhythm,artifactbench,family,Yue,Yue,860,100,0.982046511627907
mean_pooling,artifactbench__without_DiffRhythm,artifactbench,generator,DiffRhythm,DiffRhythm,860,100,0.9970813953488371
mean_pooling,artifactbench__without_DiffRhythm,artifactbench,generator,MusicGen,MusicGen Large,860,30,0.9998449612403101
mean_pooling,artifactbench__without_DiffRhythm,artifactbench,generator,MusicGen,MusicGen Medium,860,30,0.9995348837209301
mean_pooling,artifactbench__without_DiffRhythm,artifactbench,generator,MusicGen,MusicGen Small,860,30,0.9988372093023256
mean_pooling,artifactbench__without_DiffRhythm,artifactbench,generator,Riffusion,Riffusion,860,100,0.9559127906976744
mean_pooling,artifactbench__without_DiffRhythm,artifactbench,generator,Riffusion,Riffusion (AIME),860,30,0.8814728682170543
mean_pooling,artifactbench__without_DiffRhythm,artifactbench,generator,StableAudio,Stable Audio v1,860,50,0.9983953488372093
mean_pooling,artifactbench__without_DiffRhythm,artifactbench,generator,StableAudio,Stable Audio v2,860,50,0.9985116279069768
mean_pooling,artifactbench__without_DiffRhythm,artifactbench,generator,Suno,Google Chirp v2 XXL,860,80,1.0
mean_pooling,artifactbench__without_DiffRhythm,artifactbench,generator,Suno,Google Chirp v3,860,80,1.0
mean_pooling,artifactbench__without_DiffRhythm,artifactbench,generator,Suno,Google Chirp v3.5,860,80,1.0
mean_pooling,artifactbench__without_DiffRhythm,artifactbench,generator,Suno,Suno (mixed),860,80,0.956155523255814
mean_pooling,artifactbench__without_DiffRhythm,artifactbench,generator,Suno,Suno v3,860,30,0.9956976744186046
mean_pooling,artifactbench__without_DiffRhythm,artifactbench,generator,Suno,Suno v3.5,860,29,0.9945669607056936
mean_pooling,artifactbench__without_DiffRhythm,artifactbench,generator,Suno,Suno v4,860,100,0.9178895348837209
mean_pooling,artifactbench__without_DiffRhythm,artifactbench,generator,Udio,Udio,860,100,0.9395232558139535
mean_pooling,artifactbench__without_DiffRhythm,artifactbench,generator,Udio,Udio (AIME),860,30,0.9290116279069768
mean_pooling,artifactbench__without_DiffRhythm,artifactbench,generator,Udio,Udio (SONICS 120s),860,80,1.0
mean_pooling,artifactbench__without_DiffRhythm,artifactbench,generator,Udio,Udio (SONICS 30s),860,80,1.0
mean_pooling,artifactbench__without_DiffRhythm,artifactbench,generator,Udio,Udio (mixed),860,80,0.8517441860465116
mean_pooling,artifactbench__without_DiffRhythm,artifactbench,generator,Udio,Udio CDN,860,18,0.8039728682170543
mean_pooling,artifactbench__without_DiffRhythm,artifactbench,generator,Udio,Udio CDN Latest,860,17,0.8859097127222981
mean_pooling,artifactbench__without_DiffRhythm,artifactbench,generator,Yue,Yue,860,100,0.982046511627907
mean_pooling,artifactbench__count_control_DiffRhythm,artifactbench,family,DiffRhythm,DiffRhythm,860,100,0.9987558139534884
mean_pooling,artifactbench__count_control_DiffRhythm,artifactbench,family,MusicGen,MusicGen,860,90,0.9997674418604652
mean_pooling,artifactbench__count_control_DiffRhythm,artifactbench,family,Riffusion,Riffusion,860,130,0.917634168157424
mean_pooling,artifactbench__count_control_DiffRhythm,artifactbench,family,StableAudio,StableAudio,860,100,0.9978604651162791
mean_pooling,artifactbench__count_control_DiffRhythm,artifactbench,family,Suno,Suno,860,479,0.9617068019614506
mean_pooling,artifactbench__count_control_DiffRhythm,artifactbench,family,Udio,Udio,860,405,0.906350846971002
mean_pooling,artifactbench__count_control_DiffRhythm,artifactbench,family,Yue,Yue,860,100,0.9714709302325581
mean_pooling,artifactbench__count_control_DiffRhythm,artifactbench,generator,DiffRhythm,DiffRhythm,860,100,0.9987558139534884
mean_pooling,artifactbench__count_control_DiffRhythm,artifactbench,generator,MusicGen,MusicGen Large,860,30,0.9997674418604651
mean_pooling,artifactbench__count_control_DiffRhythm,artifactbench,generator,MusicGen,MusicGen Medium,860,30,0.9998837209302325
mean_pooling,artifactbench__count_control_DiffRhythm,artifactbench,generator,MusicGen,MusicGen Small,860,30,0.9996511627906977
mean_pooling,artifactbench__count_control_DiffRhythm,artifactbench,generator,Riffusion,Riffusion,860,100,0.9275406976744185
mean_pooling,artifactbench__count_control_DiffRhythm,artifactbench,generator,Riffusion,Riffusion (AIME),860,30,0.8846124031007752
mean_pooling,artifactbench__count_control_DiffRhythm,artifactbench,generator,StableAudio,Stable Audio v1,860,50,0.9971162790697674
mean_pooling,artifactbench__count_control_DiffRhythm,artifactbench,generator,StableAudio,Stable Audio v2,860,50,0.9986046511627907
mean_pooling,artifactbench__count_control_DiffRhythm,artifactbench,generator,Suno,Google Chirp v2 XXL,860,80,1.0
mean_pooling,artifactbench__count_control_DiffRhythm,artifactbench,generator,Suno,Google Chirp v3,860,80,1.0
mean_pooling,artifactbench__count_control_DiffRhythm,artifactbench,generator,Suno,Google Chirp v3.5,860,80,1.0
mean_pooling,artifactbench__count_control_DiffRhythm,artifactbench,generator,Suno,Suno (mixed),860,80,0.9179723837209303
mean_pooling,artifactbench__count_control_DiffRhythm,artifactbench,generator,Suno,Suno v3,860,30,0.9938372093023256
mean_pooling,artifactbench__count_control_DiffRhythm,artifactbench,generator,Suno,Suno v3.5,860,29,0.9888933440256615
mean_pooling,artifactbench__count_control_DiffRhythm,artifactbench,generator,Suno,Suno v4,860,100,0.8872674418604651
mean_pooling,artifactbench__count_control_DiffRhythm,artifactbench,generator,Udio,Udio,860,100,0.911686046511628
mean_pooling,artifactbench__count_control_DiffRhythm,artifactbench,generator,Udio,Udio (AIME),860,30,0.8936046511627908
mean_pooling,artifactbench__count_control_DiffRhythm,artifactbench,generator,Udio,Udio (SONICS 120s),860,80,1.0
mean_pooling,artifactbench__count_control_DiffRhythm,artifactbench,generator,Udio,Udio (SONICS 30s),860,80,0.9999418604651162
mean_pooling,artifactbench__count_control_DiffRhythm,artifactbench,generator,Udio,Udio (mixed),860,80,0.7801598837209303
mean_pooling,artifactbench__count_control_DiffRhythm,artifactbench,generator,Udio,Udio CDN,860,18,0.7234819121447028
mean_pooling,artifactbench__count_control_DiffRhythm,artifactbench,generator,Udio,Udio CDN Latest,860,17,0.8037961696306429
mean_pooling,artifactbench__count_control_DiffRhythm,artifactbench,generator,Yue,Yue,860,100,0.9714709302325581
mean_pooling,echoes__without_StableAudio,echoes,family,AceStep,AceStep,59,57,1.0
mean_pooling,echoes__without_StableAudio,echoes,family,AudioLDM,AudioLDM,59,115,1.0
mean_pooling,echoes__without_StableAudio,echoes,family,Brev,Brev,59,68,0.905159521435693
mean_pooling,echoes__without_StableAudio,echoes,family,DiffRhythm,DiffRhythm,59,120,0.9981638418079096
mean_pooling,echoes__without_StableAudio,echoes,family,Mubert,Mubert,59,32,0.6957097457627118
mean_pooling,echoes__without_StableAudio,echoes,family,Producer,Producer,59,68,0.9940179461615155
mean_pooling,echoes__without_StableAudio,echoes,family,SongGen,SongGen,59,111,1.0
mean_pooling,echoes__without_StableAudio,echoes,family,StableAudio,StableAudio,59,35,0.9399515738498789
mean_pooling,echoes__without_StableAudio,echoes,family,Suno,Suno,59,68,0.9021684945164506
mean_pooling,echoes__without_StableAudio,echoes,family,Udio,Udio,59,68,0.8084496510468595
mean_pooling,echoes__without_StableAudio,echoes,generator,AceStep,acestep,59,57,1.0
mean_pooling,echoes__without_StableAudio,echoes,generator,AudioLDM,audioldm,59,115,1.0
mean_pooling,echoes__without_StableAudio,echoes,generator,Brev,brev,59,68,0.905159521435693
mean_pooling,echoes__without_StableAudio,echoes,generator,DiffRhythm,diffrhythm,59,120,0.9981638418079096
mean_pooling,echoes__without_StableAudio,echoes,generator,Mubert,mubert,59,32,0.6957097457627118
mean_pooling,echoes__without_StableAudio,echoes,generator,Producer,producer,59,68,0.9940179461615155
mean_pooling,echoes__without_StableAudio,echoes,generator,SongGen,songgen,59,111,1.0
mean_pooling,echoes__without_StableAudio,echoes,generator,StableAudio,stableaudio,59,35,0.9399515738498789
mean_pooling,echoes__without_StableAudio,echoes,generator,Suno,suno,59,68,0.9021684945164506
mean_pooling,echoes__without_StableAudio,echoes,generator,Udio,udio,59,68,0.8084496510468595
mean_pooling,echoes__count_control_StableAudio,echoes,family,AceStep,AceStep,59,57,0.9991079393398751
mean_pooling,echoes__count_control_StableAudio,echoes,family,AudioLDM,AudioLDM,59,115,1.0
mean_pooling,echoes__count_control_StableAudio,echoes,family,Brev,Brev,59,68,0.9030408773678963
mean_pooling,echoes__count_control_StableAudio,echoes,family,DiffRhythm,DiffRhythm,59,120,0.99590395480226
mean_pooling,echoes__count_control_StableAudio,echoes,family,Mubert,Mubert,59,32,0.7182203389830508
mean_pooling,echoes__count_control_StableAudio,echoes,family,Producer,Producer,59,68,0.9967597208374875
mean_pooling,echoes__count_control_StableAudio,echoes,family,SongGen,SongGen,59,111,1.0
mean_pooling,echoes__count_control_StableAudio,echoes,family,StableAudio,StableAudio,59,35,0.9452784503631961
mean_pooling,echoes__count_control_StableAudio,echoes,family,Suno,Suno,59,68,0.913135593220339
mean_pooling,echoes__count_control_StableAudio,echoes,family,Udio,Udio,59,68,0.8318793619142573
mean_pooling,echoes__count_control_StableAudio,echoes,generator,AceStep,acestep,59,57,0.9991079393398751
mean_pooling,echoes__count_control_StableAudio,echoes,generator,AudioLDM,audioldm,59,115,1.0
mean_pooling,echoes__count_control_StableAudio,echoes,generator,Brev,brev,59,68,0.9030408773678963
mean_pooling,echoes__count_control_StableAudio,echoes,generator,DiffRhythm,diffrhythm,59,120,0.99590395480226
mean_pooling,echoes__count_control_StableAudio,echoes,generator,Mubert,mubert,59,32,0.7182203389830508
mean_pooling,echoes__count_control_StableAudio,echoes,generator,Producer,producer,59,68,0.9967597208374875
mean_pooling,echoes__count_control_StableAudio,echoes,generator,SongGen,songgen,59,111,1.0
mean_pooling,echoes__count_control_StableAudio,echoes,generator,StableAudio,stableaudio,59,35,0.9452784503631961
mean_pooling,echoes__count_control_StableAudio,echoes,generator,Suno,suno,59,68,0.913135593220339
mean_pooling,echoes__count_control_StableAudio,echoes,generator,Udio,udio,59,68,0.8318793619142573
mean_pooling,echoes__without_AudioLDM,echoes,family,AceStep,AceStep,59,57,0.9988105857865002
mean_pooling,echoes__without_AudioLDM,echoes,family,AudioLDM,AudioLDM,59,115,1.0
mean_pooling,echoes__without_AudioLDM,echoes,family,Brev,Brev,59,68,0.9021684945164505
mean_pooling,echoes__without_AudioLDM,echoes,family,DiffRhythm,DiffRhythm,59,120,0.9983050847457627
mean_pooling,echoes__without_AudioLDM,echoes,family,Mubert,Mubert,59,32,0.6382415254237288
mean_pooling,echoes__without_AudioLDM,echoes,family,Producer,Producer,59,68,0.9985044865403789
mean_pooling,echoes__without_AudioLDM,echoes,family,SongGen,SongGen,59,111,1.0
mean_pooling,echoes__without_AudioLDM,echoes,family,StableAudio,StableAudio,59,35,0.9559322033898305
mean_pooling,echoes__without_AudioLDM,echoes,family,Suno,Suno,59,68,0.922482552342971
mean_pooling,echoes__without_AudioLDM,echoes,family,Udio,Udio,59,68,0.8058325024925225
mean_pooling,echoes__without_AudioLDM,echoes,generator,AceStep,acestep,59,57,0.9988105857865002
mean_pooling,echoes__without_AudioLDM,echoes,generator,AudioLDM,audioldm,59,115,1.0
mean_pooling,echoes__without_AudioLDM,echoes,generator,Brev,brev,59,68,0.9021684945164505
mean_pooling,echoes__without_AudioLDM,echoes,generator,DiffRhythm,diffrhythm,59,120,0.9983050847457627
mean_pooling,echoes__without_AudioLDM,echoes,generator,Mubert,mubert,59,32,0.6382415254237288
mean_pooling,echoes__without_AudioLDM,echoes,generator,Producer,producer,59,68,0.9985044865403789
mean_pooling,echoes__without_AudioLDM,echoes,generator,SongGen,songgen,59,111,1.0
mean_pooling,echoes__without_AudioLDM,echoes,generator,StableAudio,stableaudio,59,35,0.9559322033898305
mean_pooling,echoes__without_AudioLDM,echoes,generator,Suno,suno,59,68,0.922482552342971
mean_pooling,echoes__without_AudioLDM,echoes,generator,Udio,udio,59,68,0.8058325024925225
mean_pooling,echoes__count_control_AudioLDM,echoes,family,AceStep,AceStep,59,57,0.9994052928932501
mean_pooling,echoes__count_control_AudioLDM,echoes,family,AudioLDM,AudioLDM,59,115,1.0
mean_pooling,echoes__count_control_AudioLDM,echoes,family,Brev,Brev,59,68,0.924975074775673
mean_pooling,echoes__count_control_AudioLDM,echoes,family,DiffRhythm,DiffRhythm,59,120,0.9968926553672317
mean_pooling,echoes__count_control_AudioLDM,echoes,family,Mubert,Mubert,59,32,0.6824682203389831
mean_pooling,echoes__count_control_AudioLDM,echoes,family,Producer,Producer,59,68,0.9972582253240279
mean_pooling,echoes__count_control_AudioLDM,echoes,family,SongGen,SongGen,59,111,1.0
mean_pooling,echoes__count_control_AudioLDM,echoes,family,StableAudio,StableAudio,59,35,0.9593220338983051
mean_pooling,echoes__count_control_AudioLDM,echoes,family,Suno,Suno,59,68,0.9386839481555334
mean_pooling,echoes__count_control_AudioLDM,echoes,family,Udio,Udio,59,68,0.8342472582253241
mean_pooling,echoes__count_control_AudioLDM,echoes,generator,AceStep,acestep,59,57,0.9994052928932501
mean_pooling,echoes__count_control_AudioLDM,echoes,generator,AudioLDM,audioldm,59,115,1.0
mean_pooling,echoes__count_control_AudioLDM,echoes,generator,Brev,brev,59,68,0.924975074775673
mean_pooling,echoes__count_control_AudioLDM,echoes,generator,DiffRhythm,diffrhythm,59,120,0.9968926553672317
mean_pooling,echoes__count_control_AudioLDM,echoes,generator,Mubert,mubert,59,32,0.6824682203389831
mean_pooling,echoes__count_control_AudioLDM,echoes,generator,Producer,producer,59,68,0.9972582253240279
mean_pooling,echoes__count_control_AudioLDM,echoes,generator,SongGen,songgen,59,111,1.0
mean_pooling,echoes__count_control_AudioLDM,echoes,generator,StableAudio,stableaudio,59,35,0.9593220338983051
mean_pooling,echoes__count_control_AudioLDM,echoes,generator,Suno,suno,59,68,0.9386839481555334
mean_pooling,echoes__count_control_AudioLDM,echoes,generator,Udio,udio,59,68,0.8342472582253241
mean_pooling,echoes__without_DiffRhythm,echoes,family,AceStep,AceStep,59,57,0.9994052928932501
mean_pooling,echoes__without_DiffRhythm,echoes,family,AudioLDM,AudioLDM,59,115,1.0
mean_pooling,echoes__without_DiffRhythm,echoes,family,Brev,Brev,59,68,0.8416001994017946
mean_pooling,echoes__without_DiffRhythm,echoes,family,DiffRhythm,DiffRhythm,59,120,0.9961864406779661
mean_pooling,echoes__without_DiffRhythm,echoes,family,Mubert,Mubert,59,32,0.6718749999999999
mean_pooling,echoes__without_DiffRhythm,echoes,family,Producer,Producer,59,68,0.9942671984047856
mean_pooling,echoes__without_DiffRhythm,echoes,family,SongGen,SongGen,59,111,1.0
mean_pooling,echoes__without_DiffRhythm,echoes,family,StableAudio,StableAudio,59,35,0.9278450363196126
mean_pooling,echoes__without_DiffRhythm,echoes,family,Suno,Suno,59,68,0.8652791625124626
mean_pooling,echoes__without_DiffRhythm,echoes,family,Udio,Udio,59,68,0.7414007976071784
mean_pooling,echoes__without_DiffRhythm,echoes,generator,AceStep,acestep,59,57,0.9994052928932501
mean_pooling,echoes__without_DiffRhythm,echoes,generator,AudioLDM,audioldm,59,115,1.0
mean_pooling,echoes__without_DiffRhythm,echoes,generator,Brev,brev,59,68,0.8416001994017946
mean_pooling,echoes__without_DiffRhythm,echoes,generator,DiffRhythm,diffrhythm,59,120,0.9961864406779661
mean_pooling,echoes__without_DiffRhythm,echoes,generator,Mubert,mubert,59,32,0.6718749999999999
mean_pooling,echoes__without_DiffRhythm,echoes,generator,Producer,producer,59,68,0.9942671984047856
mean_pooling,echoes__without_DiffRhythm,echoes,generator,SongGen,songgen,59,111,1.0
mean_pooling,echoes__without_DiffRhythm,echoes,generator,StableAudio,stableaudio,59,35,0.9278450363196126
mean_pooling,echoes__without_DiffRhythm,echoes,generator,Suno,suno,59,68,0.8652791625124626
mean_pooling,echoes__without_DiffRhythm,echoes,generator,Udio,udio,59,68,0.7414007976071784
mean_pooling,echoes__count_control_DiffRhythm,echoes,family,AceStep,AceStep,59,57,0.9979185251263754
mean_pooling,echoes__count_control_DiffRhythm,echoes,family,AudioLDM,AudioLDM,59,115,1.0
mean_pooling,echoes__count_control_DiffRhythm,echoes,family,Brev,Brev,59,68,0.8511964107676969
mean_pooling,echoes__count_control_DiffRhythm,echoes,family,DiffRhythm,DiffRhythm,59,120,0.9987288135593221
mean_pooling,echoes__count_control_DiffRhythm,echoes,family,Mubert,Mubert,59,32,0.6782309322033899
mean_pooling,echoes__count_control_DiffRhythm,echoes,family,Producer,Producer,59,68,0.9957627118644068
mean_pooling,echoes__count_control_DiffRhythm,echoes,family,SongGen,SongGen,59,111,1.0
mean_pooling,echoes__count_control_DiffRhythm,echoes,family,StableAudio,StableAudio,59,35,0.94818401937046
mean_pooling,echoes__count_control_DiffRhythm,echoes,family,Suno,Suno,59,68,0.8462113659022932
mean_pooling,echoes__count_control_DiffRhythm,echoes,family,Udio,Udio,59,68,0.7562313060817548
mean_pooling,echoes__count_control_DiffRhythm,echoes,generator,AceStep,acestep,59,57,0.9979185251263754
mean_pooling,echoes__count_control_DiffRhythm,echoes,generator,AudioLDM,audioldm,59,115,1.0
mean_pooling,echoes__count_control_DiffRhythm,echoes,generator,Brev,brev,59,68,0.8511964107676969
mean_pooling,echoes__count_control_DiffRhythm,echoes,generator,DiffRhythm,diffrhythm,59,120,0.9987288135593221
mean_pooling,echoes__count_control_DiffRhythm,echoes,generator,Mubert,mubert,59,32,0.6782309322033899
mean_pooling,echoes__count_control_DiffRhythm,echoes,generator,Producer,producer,59,68,0.9957627118644068
mean_pooling,echoes__count_control_DiffRhythm,echoes,generator,SongGen,songgen,59,111,1.0
mean_pooling,echoes__count_control_DiffRhythm,echoes,generator,StableAudio,stableaudio,59,35,0.94818401937046
mean_pooling,echoes__count_control_DiffRhythm,echoes,generator,Suno,suno,59,68,0.8462113659022932
mean_pooling,echoes__count_control_DiffRhythm,echoes,generator,Udio,udio,59,68,0.7562313060817548
mean_pooling,fakemusiccaps__without_StableAudio,fakemusiccaps,family,AudioLDM,AudioLDM,1102,1104,0.9425168172492701
mean_pooling,fakemusiccaps__without_StableAudio,fakemusiccaps,family,MusicGen,MusicGen,1102,1104,0.9531393842552407
mean_pooling,fakemusiccaps__without_StableAudio,fakemusiccaps,family,MusicLDM,MusicLDM,1102,1104,0.9242241543701832
mean_pooling,fakemusiccaps__without_StableAudio,fakemusiccaps,family,Mustango,Mustango,1102,1104,0.9307159742497172
mean_pooling,fakemusiccaps__without_StableAudio,fakemusiccaps,family,StableAudio,StableAudio,1102,1104,0.9318149313501144
mean_pooling,fakemusiccaps__without_StableAudio,fakemusiccaps,generator,AudioLDM,audioldm2,1102,1104,0.9425168172492701
mean_pooling,fakemusiccaps__without_StableAudio,fakemusiccaps,generator,MusicGen,MusicGen_medium,1102,1104,0.9531393842552407
mean_pooling,fakemusiccaps__without_StableAudio,fakemusiccaps,generator,MusicLDM,musicldm,1102,1104,0.9242241543701832
mean_pooling,fakemusiccaps__without_StableAudio,fakemusiccaps,generator,Mustango,mustango,1102,1104,0.9307159742497172
mean_pooling,fakemusiccaps__without_StableAudio,fakemusiccaps,generator,StableAudio,stable_audio_open,1102,1104,0.9318149313501144
mean_pooling,fakemusiccaps__count_control_StableAudio,fakemusiccaps,family,AudioLDM,AudioLDM,1102,1104,0.9619191226755044
mean_pooling,fakemusiccaps__count_control_StableAudio,fakemusiccaps,family,MusicGen,MusicGen,1102,1104,0.9649385833399089
mean_pooling,fakemusiccaps__count_control_StableAudio,fakemusiccaps,family,MusicLDM,MusicLDM,1102,1104,0.9533428187222178
mean_pooling,fakemusiccaps__count_control_StableAudio,fakemusiccaps,family,Mustango,Mustango,1102,1104,0.96170253688945
mean_pooling,fakemusiccaps__count_control_StableAudio,fakemusiccaps,family,StableAudio,StableAudio,1102,1104,0.9657042366974408
mean_pooling,fakemusiccaps__count_control_StableAudio,fakemusiccaps,generator,AudioLDM,audioldm2,1102,1104,0.9619191226755044
mean_pooling,fakemusiccaps__count_control_StableAudio,fakemusiccaps,generator,MusicGen,MusicGen_medium,1102,1104,0.9649385833399089
mean_pooling,fakemusiccaps__count_control_StableAudio,fakemusiccaps,generator,MusicLDM,musicldm,1102,1104,0.9533428187222178
mean_pooling,fakemusiccaps__count_control_StableAudio,fakemusiccaps,generator,Mustango,mustango,1102,1104,0.96170253688945
mean_pooling,fakemusiccaps__count_control_StableAudio,fakemusiccaps,generator,StableAudio,stable_audio_open,1102,1104,0.9657042366974408
mean_pooling,fakemusiccaps__without_AudioLDM,fakemusiccaps,family,AudioLDM,AudioLDM,1102,1104,0.9437883854125569
mean_pooling,fakemusiccaps__without_AudioLDM,fakemusiccaps,family,MusicGen,MusicGen,1102,1104,0.9647893980641258
mean_pooling,fakemusiccaps__without_AudioLDM,fakemusiccaps,family,MusicLDM,MusicLDM,1102,1104,0.9495071543175779
mean_pooling,fakemusiccaps__without_AudioLDM,fakemusiccaps,family,Mustango,Mustango,1102,1104,0.92694113469581
mean_pooling,fakemusiccaps__without_AudioLDM,fakemusiccaps,family,StableAudio,StableAudio,1102,1104,0.9551272883295194
mean_pooling,fakemusiccaps__without_AudioLDM,fakemusiccaps,generator,AudioLDM,audioldm2,1102,1104,0.9437883854125569
mean_pooling,fakemusiccaps__without_AudioLDM,fakemusiccaps,generator,MusicGen,MusicGen_medium,1102,1104,0.9647893980641258
mean_pooling,fakemusiccaps__without_AudioLDM,fakemusiccaps,generator,MusicLDM,musicldm,1102,1104,0.9495071543175779
mean_pooling,fakemusiccaps__without_AudioLDM,fakemusiccaps,generator,Mustango,mustango,1102,1104,0.92694113469581
mean_pooling,fakemusiccaps__without_AudioLDM,fakemusiccaps,generator,StableAudio,stable_audio_open,1102,1104,0.9551272883295194
mean_pooling,fakemusiccaps__count_control_AudioLDM,fakemusiccaps,family,AudioLDM,AudioLDM,1102,1104,0.9496871629974487
mean_pooling,fakemusiccaps__count_control_AudioLDM,fakemusiccaps,family,MusicGen,MusicGen,1102,1104,0.9654999802730214
mean_pooling,fakemusiccaps__count_control_AudioLDM,fakemusiccaps,family,MusicLDM,MusicLDM,1102,1104,0.9537110556563824
mean_pooling,fakemusiccaps__count_control_AudioLDM,fakemusiccaps,family,Mustango,Mustango,1102,1104,0.9518813783897524
mean_pooling,fakemusiccaps__count_control_AudioLDM,fakemusiccaps,family,StableAudio,StableAudio,1102,1104,0.9548248079907414
mean_pooling,fakemusiccaps__count_control_AudioLDM,fakemusiccaps,generator,AudioLDM,audioldm2,1102,1104,0.9496871629974487
mean_pooling,fakemusiccaps__count_control_AudioLDM,fakemusiccaps,generator,MusicGen,MusicGen_medium,1102,1104,0.9654999802730214
mean_pooling,fakemusiccaps__count_control_AudioLDM,fakemusiccaps,generator,MusicLDM,musicldm,1102,1104,0.9537110556563824
mean_pooling,fakemusiccaps__count_control_AudioLDM,fakemusiccaps,generator,Mustango,mustango,1102,1104,0.9518813783897524
mean_pooling,fakemusiccaps__count_control_AudioLDM,fakemusiccaps,generator,StableAudio,stable_audio_open,1102,1104,0.9548248079907414
mean_pooling,artifactbench__fmc_fit_only,artifactbench,family,DiffRhythm,DiffRhythm,860,100,0.9782441860465116
mean_pooling,artifactbench__fmc_fit_only,artifactbench,family,MusicGen,MusicGen,860,90,0.9996124031007753
mean_pooling,artifactbench__fmc_fit_only,artifactbench,family,Riffusion,Riffusion,860,130,0.5583497316636852
mean_pooling,artifactbench__fmc_fit_only,artifactbench,family,StableAudio,StableAudio,860,100,0.996139534883721
mean_pooling,artifactbench__fmc_fit_only,artifactbench,family,Suno,Suno,860,479,0.8494137495751808
mean_pooling,artifactbench__fmc_fit_only,artifactbench,family,Udio,Udio,860,405,0.695183749641114
mean_pooling,artifactbench__fmc_fit_only,artifactbench,family,Yue,Yue,860,100,0.6953953488372093
mean_pooling,artifactbench__fmc_fit_only,artifactbench,generator,DiffRhythm,DiffRhythm,860,100,0.9782441860465116
mean_pooling,artifactbench__fmc_fit_only,artifactbench,generator,MusicGen,MusicGen Large,860,30,0.9991472868217055
mean_pooling,artifactbench__fmc_fit_only,artifactbench,generator,MusicGen,MusicGen Medium,860,30,0.9999612403100775
mean_pooling,artifactbench__fmc_fit_only,artifactbench,generator,MusicGen,MusicGen Small,860,30,0.9997286821705427
mean_pooling,artifactbench__fmc_fit_only,artifactbench,generator,Riffusion,Riffusion,860,100,0.4719302325581395
mean_pooling,artifactbench__fmc_fit_only,artifactbench,generator,Riffusion,Riffusion (AIME),860,30,0.8464147286821706
mean_pooling,artifactbench__fmc_fit_only,artifactbench,generator,StableAudio,Stable Audio v1,860,50,0.9984186046511628
mean_pooling,artifactbench__fmc_fit_only,artifactbench,generator,StableAudio,Stable Audio v2,860,50,0.9938604651162791
mean_pooling,artifactbench__fmc_fit_only,artifactbench,generator,Suno,Google Chirp v2 XXL,860,80,0.972594476744186
mean_pooling,artifactbench__fmc_fit_only,artifactbench,generator,Suno,Google Chirp v3,860,80,0.9739316860465116
mean_pooling,artifactbench__fmc_fit_only,artifactbench,generator,Suno,Google Chirp v3.5,860,80,0.9473401162790698
mean_pooling,artifactbench__fmc_fit_only,artifactbench,generator,Suno,Suno (mixed),860,80,0.6331613372093022
mean_pooling,artifactbench__fmc_fit_only,artifactbench,generator,Suno,Suno v3,860,30,0.9746899224806201
mean_pooling,artifactbench__fmc_fit_only,artifactbench,generator,Suno,Suno v3.5,860,29,0.9269647153167602
mean_pooling,artifactbench__fmc_fit_only,artifactbench,generator,Suno,Suno v4,860,100,0.685843023255814
mean_pooling,artifactbench__fmc_fit_only,artifactbench,generator,Udio,Udio,860,100,0.6954244186046512
mean_pooling,artifactbench__fmc_fit_only,artifactbench,generator,Udio,Udio (AIME),860,30,0.8063178294573643
mean_pooling,artifactbench__fmc_fit_only,artifactbench,generator,Udio,Udio (SONICS 120s),860,80,0.863234011627907
mean_pooling,artifactbench__fmc_fit_only,artifactbench,generator,Udio,Udio (SONICS 30s),860,80,0.9069040697674418
mean_pooling,artifactbench__fmc_fit_only,artifactbench,generator,Udio,Udio (mixed),860,80,0.39638081395348834
mean_pooling,artifactbench__fmc_fit_only,artifactbench,generator,Udio,Udio CDN,860,18,0.3844638242894057
mean_pooling,artifactbench__fmc_fit_only,artifactbench,generator,Udio,Udio CDN Latest,860,17,0.4456224350205198
mean_pooling,artifactbench__fmc_fit_only,artifactbench,generator,Yue,Yue,860,100,0.6953953488372093
attention_pooling,artifactbench__base,artifactbench,family,DiffRhythm,DiffRhythm,860,100,0.9977093023255814
attention_pooling,artifactbench__base,artifactbench,family,MusicGen,MusicGen,860,90,0.9995025839793281
attention_pooling,artifactbench__base,artifactbench,family,Riffusion,Riffusion,860,130,0.924865831842576
attention_pooling,artifactbench__base,artifactbench,family,StableAudio,StableAudio,860,100,0.9974418604651162
attention_pooling,artifactbench__base,artifactbench,family,Suno,Suno,860,479,0.9670182550856921
attention_pooling,artifactbench__base,artifactbench,family,Udio,Udio,860,405,0.9160623026126902
attention_pooling,artifactbench__base,artifactbench,family,Yue,Yue,860,100,0.9728197674418604
attention_pooling,artifactbench__base,artifactbench,generator,DiffRhythm,DiffRhythm,860,100,0.9977093023255814
attention_pooling,artifactbench__base,artifactbench,generator,MusicGen,MusicGen Large,860,30,0.9995542635658914
attention_pooling,artifactbench__base,artifactbench,generator,MusicGen,MusicGen Medium,860,30,0.9993798449612403
attention_pooling,artifactbench__base,artifactbench,generator,MusicGen,MusicGen Small,860,30,0.9995736434108528
attention_pooling,artifactbench__base,artifactbench,generator,Riffusion,Riffusion,860,100,0.9299825581395349
attention_pooling,artifactbench__base,artifactbench,generator,Riffusion,Riffusion (AIME),860,30,0.9078100775193798
attention_pooling,artifactbench__base,artifactbench,generator,StableAudio,Stable Audio v1,860,50,0.997813953488372
attention_pooling,artifactbench__base,artifactbench,generator,StableAudio,Stable Audio v2,860,50,0.9970697674418605
attention_pooling,artifactbench__base,artifactbench,generator,Suno,Google Chirp v2 XXL,860,80,1.0
attention_pooling,artifactbench__base,artifactbench,generator,Suno,Google Chirp v3,860,80,1.0
attention_pooling,artifactbench__base,artifactbench,generator,Suno,Google Chirp v3.5,860,80,1.0
attention_pooling,artifactbench__base,artifactbench,generator,Suno,Suno (mixed),860,80,0.9277616279069767
attention_pooling,artifactbench__base,artifactbench,generator,Suno,Suno v3,860,30,0.995077519379845
attention_pooling,artifactbench__base,artifactbench,generator,Suno,Suno v3.5,860,29,0.9879911788291901
attention_pooling,artifactbench__base,artifactbench,generator,Suno,Suno v4,860,100,0.9047674418604652
attention_pooling,artifactbench__base,artifactbench,generator,Udio,Udio,860,100,0.9275116279069767
attention_pooling,artifactbench__base,artifactbench,generator,Udio,Udio (AIME),860,30,0.9188953488372094
attention_pooling,artifactbench__base,artifactbench,generator,Udio,Udio (SONICS 120s),860,80,0.9999854651162791
attention_pooling,artifactbench__base,artifactbench,generator,Udio,Udio (SONICS 30s),860,80,0.9999273255813954
attention_pooling,artifactbench__base,artifactbench,generator,Udio,Udio (mixed),860,80,0.7908793604651163
attention_pooling,artifactbench__base,artifactbench,generator,Udio,Udio CDN,860,18,0.722157622739018
attention_pooling,artifactbench__base,artifactbench,generator,Udio,Udio CDN Latest,860,17,0.8485294117647059
attention_pooling,artifactbench__base,artifactbench,generator,Yue,Yue,860,100,0.9728197674418604
attention_pooling,echoes__base,echoes,family,AceStep,AceStep,59,57,0.9997026464466251
attention_pooling,echoes__base,echoes,family,AudioLDM,AudioLDM,59,115,0.9999999999999999
attention_pooling,echoes__base,echoes,family,Brev,Brev,59,68,0.9120139581256231
attention_pooling,echoes__base,echoes,family,DiffRhythm,DiffRhythm,59,120,0.9975988700564972
attention_pooling,echoes__base,echoes,family,Mubert,Mubert,59,32,0.7012711864406779
attention_pooling,echoes__base,echoes,family,Producer,Producer,59,68,0.9970089730807578
attention_pooling,echoes__base,echoes,family,SongGen,SongGen,59,111,0.9999999999999999
attention_pooling,echoes__base,echoes,family,StableAudio,StableAudio,59,35,0.9709443099273608
attention_pooling,echoes__base,echoes,family,Suno,Suno,59,68,0.9265952143569293
attention_pooling,echoes__base,echoes,family,Udio,Udio,59,68,0.8543120638085743
attention_pooling,echoes__base,echoes,generator,AceStep,acestep,59,57,0.9997026464466251
attention_pooling,echoes__base,echoes,generator,AudioLDM,audioldm,59,115,0.9999999999999999
attention_pooling,echoes__base,echoes,generator,Brev,brev,59,68,0.9120139581256231
attention_pooling,echoes__base,echoes,generator,DiffRhythm,diffrhythm,59,120,0.9975988700564972
attention_pooling,echoes__base,echoes,generator,Mubert,mubert,59,32,0.7012711864406779
attention_pooling,echoes__base,echoes,generator,Producer,producer,59,68,0.9970089730807578
attention_pooling,echoes__base,echoes,generator,SongGen,songgen,59,111,0.9999999999999999
attention_pooling,echoes__base,echoes,generator,StableAudio,stableaudio,59,35,0.9709443099273608
attention_pooling,echoes__base,echoes,generator,Suno,suno,59,68,0.9265952143569293
attention_pooling,echoes__base,echoes,generator,Udio,udio,59,68,0.8543120638085743
attention_pooling,fakemusiccaps__base,fakemusiccaps,family,AudioLDM,AudioLDM,1102,1104,0.9571825929140693
attention_pooling,fakemusiccaps__base,fakemusiccaps,family,MusicGen,MusicGen,1102,1104,0.9555399109655699
attention_pooling,fakemusiccaps__base,fakemusiccaps,family,MusicLDM,MusicLDM,1102,1104,0.9522664654514847
attention_pooling,fakemusiccaps__base,fakemusiccaps,family,Mustango,Mustango,1102,1104,0.9482059956863673
attention_pooling,fakemusiccaps__base,fakemusiccaps,family,StableAudio,StableAudio,1102,1104,0.945564224466714
attention_pooling,fakemusiccaps__base,fakemusiccaps,generator,AudioLDM,audioldm2,1102,1104,0.9571825929140693
attention_pooling,fakemusiccaps__base,fakemusiccaps,generator,MusicGen,MusicGen_medium,1102,1104,0.9555399109655699
attention_pooling,fakemusiccaps__base,fakemusiccaps,generator,MusicLDM,musicldm,1102,1104,0.9522664654514847
attention_pooling,fakemusiccaps__base,fakemusiccaps,generator,Mustango,mustango,1102,1104,0.9482059956863673
attention_pooling,fakemusiccaps__base,fakemusiccaps,generator,StableAudio,stable_audio_open,1102,1104,0.945564224466714
attention_pooling,artifactbench__without_Suno,artifactbench,family,DiffRhythm,DiffRhythm,860,100,0.9985232558139535
attention_pooling,artifactbench__without_Suno,artifactbench,family,MusicGen,MusicGen,860,90,0.9996705426356589
attention_pooling,artifactbench__without_Suno,artifactbench,family,Riffusion,Riffusion,860,130,0.856180679785331
attention_pooling,artifactbench__without_Suno,artifactbench,family,StableAudio,StableAudio,860,100,0.9978604651162791
attention_pooling,artifactbench__without_Suno,artifactbench,family,Suno,Suno,860,479,0.8894062242074089
attention_pooling,artifactbench__without_Suno,artifactbench,family,Udio,Udio,860,405,0.9315389032443295
attention_pooling,artifactbench__without_Suno,artifactbench,family,Yue,Yue,860,100,0.9247848837209303
attention_pooling,artifactbench__without_Suno,artifactbench,generator,DiffRhythm,DiffRhythm,860,100,0.9985232558139535
attention_pooling,artifactbench__without_Suno,artifactbench,generator,MusicGen,MusicGen Large,860,30,0.9999418604651162
attention_pooling,artifactbench__without_Suno,artifactbench,generator,MusicGen,MusicGen Medium,860,30,0.99968992248062
attention_pooling,artifactbench__without_Suno,artifactbench,generator,MusicGen,MusicGen Small,860,30,0.9993798449612403
attention_pooling,artifactbench__without_Suno,artifactbench,generator,Riffusion,Riffusion,860,100,0.8405639534883721
attention_pooling,artifactbench__without_Suno,artifactbench,generator,Riffusion,Riffusion (AIME),860,30,0.9082364341085272
attention_pooling,artifactbench__without_Suno,artifactbench,generator,StableAudio,Stable Audio v1,860,50,0.9973488372093022
attention_pooling,artifactbench__without_Suno,artifactbench,generator,StableAudio,Stable Audio v2,860,50,0.9983720930232558
attention_pooling,artifactbench__without_Suno,artifactbench,generator,Suno,Google Chirp v2 XXL,860,80,1.0
attention_pooling,artifactbench__without_Suno,artifactbench,generator,Suno,Google Chirp v3,860,80,1.0
attention_pooling,artifactbench__without_Suno,artifactbench,generator,Suno,Google Chirp v3.5,860,80,1.0
attention_pooling,artifactbench__without_Suno,artifactbench,generator,Suno,Suno (mixed),860,80,0.7132848837209302
attention_pooling,artifactbench__without_Suno,artifactbench,generator,Suno,Suno v3,860,30,0.9900387596899225
attention_pooling,artifactbench__without_Suno,artifactbench,generator,Suno,Suno v3.5,860,29,0.9617682437850842
attention_pooling,artifactbench__without_Suno,artifactbench,generator,Suno,Suno v4,860,100,0.713703488372093
attention_pooling,artifactbench__without_Suno,artifactbench,generator,Udio,Udio,860,100,0.9339709302325581
attention_pooling,artifactbench__without_Suno,artifactbench,generator,Udio,Udio (AIME),860,30,0.9271511627906978
attention_pooling,artifactbench__without_Suno,artifactbench,generator,Udio,Udio (SONICS 120s),860,80,1.0
attention_pooling,artifactbench__without_Suno,artifactbench,generator,Udio,Udio (SONICS 30s),860,80,0.9999854651162792
attention_pooling,artifactbench__without_Suno,artifactbench,generator,Udio,Udio (mixed),860,80,0.8468531976744187
attention_pooling,artifactbench__without_Suno,artifactbench,generator,Udio,Udio CDN,860,18,0.7491925064599483
attention_pooling,artifactbench__without_Suno,artifactbench,generator,Udio,Udio CDN Latest,860,17,0.8722982216142271
attention_pooling,artifactbench__without_Suno,artifactbench,generator,Yue,Yue,860,100,0.9247848837209303
attention_pooling,artifactbench__count_control_Suno,artifactbench,family,DiffRhythm,DiffRhythm,860,100,0.9981453488372092
attention_pooling,artifactbench__count_control_Suno,artifactbench,family,MusicGen,MusicGen,860,90,0.9997416020671834
attention_pooling,artifactbench__count_control_Suno,artifactbench,family,Riffusion,Riffusion,860,130,0.9282513416815742
attention_pooling,artifactbench__count_control_Suno,artifactbench,family,StableAudio,StableAudio,860,100,0.9983197674418605
attention_pooling,artifactbench__count_control_Suno,artifactbench,family,Suno,Suno,860,479,0.9694457930766616
attention_pooling,artifactbench__count_control_Suno,artifactbench,family,Udio,Udio,860,405,0.915338788400804
attention_pooling,artifactbench__count_control_Suno,artifactbench,family,Yue,Yue,860,100,0.9754476744186046
attention_pooling,artifactbench__count_control_Suno,artifactbench,generator,DiffRhythm,DiffRhythm,860,100,0.9981453488372092
attention_pooling,artifactbench__count_control_Suno,artifactbench,generator,MusicGen,MusicGen Large,860,30,0.999922480620155
attention_pooling,artifactbench__count_control_Suno,artifactbench,generator,MusicGen,MusicGen Medium,860,30,0.9998449612403101
attention_pooling,artifactbench__count_control_Suno,artifactbench,generator,MusicGen,MusicGen Small,860,30,0.9994573643410853
attention_pooling,artifactbench__count_control_Suno,artifactbench,generator,Riffusion,Riffusion,860,100,0.9446627906976743
attention_pooling,artifactbench__count_control_Suno,artifactbench,generator,Riffusion,Riffusion (AIME),860,30,0.873546511627907
attention_pooling,artifactbench__count_control_Suno,artifactbench,generator,StableAudio,Stable Audio v1,860,50,0.998139534883721
attention_pooling,artifactbench__count_control_Suno,artifactbench,generator,StableAudio,Stable Audio v2,860,50,0.9984999999999999
attention_pooling,artifactbench__count_control_Suno,artifactbench,generator,Suno,Google Chirp v2 XXL,860,80,1.0
attention_pooling,artifactbench__count_control_Suno,artifactbench,generator,Suno,Google Chirp v3,860,80,1.0
attention_pooling,artifactbench__count_control_Suno,artifactbench,generator,Suno,Google Chirp v3.5,860,80,1.0
attention_pooling,artifactbench__count_control_Suno,artifactbench,generator,Suno,Suno (mixed),860,80,0.9413662790697676
attention_pooling,artifactbench__count_control_Suno,artifactbench,generator,Suno,Suno v3,860,30,0.9957751937984496
attention_pooling,artifactbench__count_control_Suno,artifactbench,generator,Suno,Suno v3.5,860,29,0.9912590216519648
attention_pooling,artifactbench__count_control_Suno,artifactbench,generator,Suno,Suno v4,860,100,0.9043546511627908
attention_pooling,artifactbench__count_control_Suno,artifactbench,generator,Udio,Udio,860,100,0.9192209302325581
attention_pooling,artifactbench__count_control_Suno,artifactbench,generator,Udio,Udio (AIME),860,30,0.8951744186046512
attention_pooling,artifactbench__count_control_Suno,artifactbench,generator,Udio,Udio (SONICS 120s),860,80,1.0
attention_pooling,artifactbench__count_control_Suno,artifactbench,generator,Udio,Udio (SONICS 30s),860,80,0.9999273255813954
attention_pooling,artifactbench__count_control_Suno,artifactbench,generator,Udio,Udio (mixed),860,80,0.8035101744186046
attention_pooling,artifactbench__count_control_Suno,artifactbench,generator,Udio,Udio CDN,860,18,0.7462855297157622
attention_pooling,artifactbench__count_control_Suno,artifactbench,generator,Udio,Udio CDN Latest,860,17,0.8368673050615595
attention_pooling,artifactbench__count_control_Suno,artifactbench,generator,Yue,Yue,860,100,0.9754476744186046
attention_pooling,artifactbench__without_Udio,artifactbench,family,DiffRhythm,DiffRhythm,860,100,0.9970348837209302
attention_pooling,artifactbench__without_Udio,artifactbench,family,MusicGen,MusicGen,860,90,0.9998191214470284
attention_pooling,artifactbench__without_Udio,artifactbench,family,Riffusion,Riffusion,860,130,0.9050223613595707
attention_pooling,artifactbench__without_Udio,artifactbench,family,StableAudio,StableAudio,860,100,0.9989186046511627
attention_pooling,artifactbench__without_Udio,artifactbench,family,Suno,Suno,860,479,0.9680438898868767
attention_pooling,artifactbench__without_Udio,artifactbench,family,Udio,Udio,860,405,0.7823313235716336
attention_pooling,artifactbench__without_Udio,artifactbench,family,Yue,Yue,860,100,0.979156976744186
attention_pooling,artifactbench__without_Udio,artifactbench,generator,DiffRhythm,DiffRhythm,860,100,0.9970348837209302
attention_pooling,artifactbench__without_Udio,artifactbench,generator,MusicGen,MusicGen Large,860,30,0.9998449612403101
attention_pooling,artifactbench__without_Udio,artifactbench,generator,MusicGen,MusicGen Medium,860,30,0.9999224806201551
attention_pooling,artifactbench__without_Udio,artifactbench,generator,MusicGen,MusicGen Small,860,30,0.9996899224806202
attention_pooling,artifactbench__without_Udio,artifactbench,generator,Riffusion,Riffusion,860,100,0.9299360465116279
attention_pooling,artifactbench__without_Udio,artifactbench,generator,Riffusion,Riffusion (AIME),860,30,0.8219767441860466
attention_pooling,artifactbench__without_Udio,artifactbench,generator,StableAudio,Stable Audio v1,860,50,0.9995348837209301
attention_pooling,artifactbench__without_Udio,artifactbench,generator,StableAudio,Stable Audio v2,860,50,0.9983023255813954
attention_pooling,artifactbench__without_Udio,artifactbench,generator,Suno,Google Chirp v2 XXL,860,80,0.9999418604651162
attention_pooling,artifactbench__without_Udio,artifactbench,generator,Suno,Google Chirp v3,860,80,1.0
attention_pooling,artifactbench__without_Udio,artifactbench,generator,Suno,Google Chirp v3.5,860,80,1.0
attention_pooling,artifactbench__without_Udio,artifactbench,generator,Suno,Suno (mixed),860,80,0.9280232558139534
attention_pooling,artifactbench__without_Udio,artifactbench,generator,Suno,Suno v3,860,30,0.9990116279069767
attention_pooling,artifactbench__without_Udio,artifactbench,generator,Suno,Suno v3.5,860,29,0.996672012830794
attention_pooling,artifactbench__without_Udio,artifactbench,generator,Suno,Suno v4,860,100,0.9058197674418605
attention_pooling,artifactbench__without_Udio,artifactbench,generator,Udio,Udio,860,100,0.7816627906976743
attention_pooling,artifactbench__without_Udio,artifactbench,generator,Udio,Udio (AIME),860,30,0.826937984496124
attention_pooling,artifactbench__without_Udio,artifactbench,generator,Udio,Udio (SONICS 120s),860,80,0.9805741279069767
attention_pooling,artifactbench__without_Udio,artifactbench,generator,Udio,Udio (SONICS 30s),860,80,0.9881395348837209
attention_pooling,artifactbench__without_Udio,artifactbench,generator,Udio,Udio (mixed),860,80,0.483640988372093
attention_pooling,artifactbench__without_Udio,artifactbench,generator,Udio,Udio CDN,860,18,0.488468992248062
attention_pooling,artifactbench__without_Udio,artifactbench,generator,Udio,Udio CDN Latest,860,17,0.5228796169630643
attention_pooling,artifactbench__without_Udio,artifactbench,generator,Yue,Yue,860,100,0.979156976744186
attention_pooling,artifactbench__count_control_Udio,artifactbench,family,DiffRhythm,DiffRhythm,860,100,0.9973837209302326
attention_pooling,artifactbench__count_control_Udio,artifactbench,family,MusicGen,MusicGen,860,90,0.9996705426356589
attention_pooling,artifactbench__count_control_Udio,artifactbench,family,Riffusion,Riffusion,860,130,0.9171109123434704
attention_pooling,artifactbench__count_control_Udio,artifactbench,family,StableAudio,StableAudio,860,100,0.9978895348837209
attention_pooling,artifactbench__count_control_Udio,artifactbench,family,Suno,Suno,860,479,0.962683886002816
attention_pooling,artifactbench__count_control_Udio,artifactbench,family,Udio,Udio,860,405,0.9225940281366638
attention_pooling,artifactbench__count_control_Udio,artifactbench,family,Yue,Yue,860,100,0.9674360465116278
attention_pooling,artifactbench__count_control_Udio,artifactbench,generator,DiffRhythm,DiffRhythm,860,100,0.9973837209302326
attention_pooling,artifactbench__count_control_Udio,artifactbench,generator,MusicGen,MusicGen Large,860,30,0.9999031007751937
attention_pooling,artifactbench__count_control_Udio,artifactbench,generator,MusicGen,MusicGen Medium,860,30,0.9997674418604651
attention_pooling,artifactbench__count_control_Udio,artifactbench,generator,MusicGen,MusicGen Small,860,30,0.9993410852713178
attention_pooling,artifactbench__count_control_Udio,artifactbench,generator,Riffusion,Riffusion,860,100,0.9197906976744186
attention_pooling,artifactbench__count_control_Udio,artifactbench,generator,Riffusion,Riffusion (AIME),860,30,0.9081782945736434
attention_pooling,artifactbench__count_control_Udio,artifactbench,generator,StableAudio,Stable Audio v1,860,50,0.9973953488372093
attention_pooling,artifactbench__count_control_Udio,artifactbench,generator,StableAudio,Stable Audio v2,860,50,0.9983837209302325
attention_pooling,artifactbench__count_control_Udio,artifactbench,generator,Suno,Google Chirp v2 XXL,860,80,1.0
attention_pooling,artifactbench__count_control_Udio,artifactbench,generator,Suno,Google Chirp v3,860,80,1.0
attention_pooling,artifactbench__count_control_Udio,artifactbench,generator,Suno,Google Chirp v3.5,860,80,1.0
attention_pooling,artifactbench__count_control_Udio,artifactbench,generator,Suno,Suno (mixed),860,80,0.9308139534883721
attention_pooling,artifactbench__count_control_Udio,artifactbench,generator,Suno,Suno v3,860,30,0.9960271317829457
attention_pooling,artifactbench__count_control_Udio,artifactbench,generator,Suno,Suno v3.5,860,29,0.9909783480352847
attention_pooling,artifactbench__count_control_Udio,artifactbench,generator,Suno,Suno v4,860,100,0.8804127906976744
attention_pooling,artifactbench__count_control_Udio,artifactbench,generator,Udio,Udio,860,100,0.9292325581395349
attention_pooling,artifactbench__count_control_Udio,artifactbench,generator,Udio,Udio (AIME),860,30,0.9362403100775194
attention_pooling,artifactbench__count_control_Udio,artifactbench,generator,Udio,Udio (SONICS 120s),860,80,1.0
attention_pooling,artifactbench__count_control_Udio,artifactbench,generator,Udio,Udio (SONICS 30s),860,80,0.9998328488372092
attention_pooling,artifactbench__count_control_Udio,artifactbench,generator,Udio,Udio (mixed),860,80,0.8094985465116279
attention_pooling,artifactbench__count_control_Udio,artifactbench,generator,Udio,Udio CDN,860,18,0.7441860465116279
attention_pooling,artifactbench__count_control_Udio,artifactbench,generator,Udio,Udio CDN Latest,860,17,0.8528385772913816
attention_pooling,artifactbench__count_control_Udio,artifactbench,generator,Yue,Yue,860,100,0.9674360465116278
attention_pooling,artifactbench__without_MusicGen,artifactbench,family,DiffRhythm,DiffRhythm,860,100,0.9974418604651163
attention_pooling,artifactbench__without_MusicGen,artifactbench,family,MusicGen,MusicGen,860,90,0.9927260981912144
attention_pooling,artifactbench__without_MusicGen,artifactbench,family,Riffusion,Riffusion,860,130,0.9346377459749553
attention_pooling,artifactbench__without_MusicGen,artifactbench,family,StableAudio,StableAudio,860,100,0.9956162790697675
attention_pooling,artifactbench__without_MusicGen,artifactbench,family,Suno,Suno,860,479,0.957380929261543
attention_pooling,artifactbench__without_MusicGen,artifactbench,family,Udio,Udio,860,405,0.9198736721217342
attention_pooling,artifactbench__without_MusicGen,artifactbench,family,Yue,Yue,860,100,0.9744476744186046
attention_pooling,artifactbench__without_MusicGen,artifactbench,generator,DiffRhythm,DiffRhythm,860,100,0.9974418604651163
attention_pooling,artifactbench__without_MusicGen,artifactbench,generator,MusicGen,MusicGen Large,860,30,0.9907364341085271
attention_pooling,artifactbench__without_MusicGen,artifactbench,generator,MusicGen,MusicGen Medium,860,30,0.9916666666666667
attention_pooling,artifactbench__without_MusicGen,artifactbench,generator,MusicGen,MusicGen Small,860,30,0.9957751937984496
attention_pooling,artifactbench__without_MusicGen,artifactbench,generator,Riffusion,Riffusion,860,100,0.927360465116279
attention_pooling,artifactbench__without_MusicGen,artifactbench,generator,Riffusion,Riffusion (AIME),860,30,0.9588953488372093
attention_pooling,artifactbench__without_MusicGen,artifactbench,generator,StableAudio,Stable Audio v1,860,50,0.9969302325581395
attention_pooling,artifactbench__without_MusicGen,artifactbench,generator,StableAudio,Stable Audio v2,860,50,0.9943023255813954
attention_pooling,artifactbench__without_MusicGen,artifactbench,generator,Suno,Google Chirp v2 XXL,860,80,1.0
attention_pooling,artifactbench__without_MusicGen,artifactbench,generator,Suno,Google Chirp v3,860,80,1.0
attention_pooling,artifactbench__without_MusicGen,artifactbench,generator,Suno,Google Chirp v3.5,860,80,1.0
attention_pooling,artifactbench__without_MusicGen,artifactbench,generator,Suno,Suno (mixed),860,80,0.8985029069767442
attention_pooling,artifactbench__without_MusicGen,artifactbench,generator,Suno,Suno v3,860,30,0.9925193798449612
attention_pooling,artifactbench__without_MusicGen,artifactbench,generator,Suno,Suno v3.5,860,29,0.9882117080994387
attention_pooling,artifactbench__without_MusicGen,artifactbench,generator,Suno,Suno v4,860,100,0.8827151162790698
attention_pooling,artifactbench__without_MusicGen,artifactbench,generator,Udio,Udio,860,100,0.9225639534883721
attention_pooling,artifactbench__without_MusicGen,artifactbench,generator,Udio,Udio (AIME),860,30,0.8781976744186047
attention_pooling,artifactbench__without_MusicGen,artifactbench,generator,Udio,Udio (SONICS 120s),860,80,1.0
attention_pooling,artifactbench__without_MusicGen,artifactbench,generator,Udio,Udio (SONICS 30s),860,80,0.9999709302325581
attention_pooling,artifactbench__without_MusicGen,artifactbench,generator,Udio,Udio (mixed),860,80,0.8077616279069766
attention_pooling,artifactbench__without_MusicGen,artifactbench,generator,Udio,Udio CDN,860,18,0.804263565891473
attention_pooling,artifactbench__without_MusicGen,artifactbench,generator,Udio,Udio CDN Latest,860,17,0.8735978112175102
attention_pooling,artifactbench__without_MusicGen,artifactbench,generator,Yue,Yue,860,100,0.9744476744186046
attention_pooling,artifactbench__count_control_MusicGen,artifactbench,family,DiffRhythm,DiffRhythm,860,100,0.9991453488372093
attention_pooling,artifactbench__count_control_MusicGen,artifactbench,family,MusicGen,MusicGen,860,90,0.9995865633074935
attention_pooling,artifactbench__count_control_MusicGen,artifactbench,family,Riffusion,Riffusion,860,130,0.9474150268336315
attention_pooling,artifactbench__count_control_MusicGen,artifactbench,family,StableAudio,StableAudio,860,100,0.9983953488372093
attention_pooling,artifactbench__count_control_MusicGen,artifactbench,family,Suno,Suno,860,479,0.9738444919162985
attention_pooling,artifactbench__count_control_MusicGen,artifactbench,family,Udio,Udio,860,405,0.9180964685615848
attention_pooling,artifactbench__count_control_MusicGen,artifactbench,family,Yue,Yue,860,100,0.9816279069767442
attention_pooling,artifactbench__count_control_MusicGen,artifactbench,generator,DiffRhythm,DiffRhythm,860,100,0.9991453488372093
attention_pooling,artifactbench__count_control_MusicGen,artifactbench,generator,MusicGen,MusicGen Large,860,30,0.9994961240310077
attention_pooling,artifactbench__count_control_MusicGen,artifactbench,generator,MusicGen,MusicGen Medium,860,30,0.999922480620155
attention_pooling,artifactbench__count_control_MusicGen,artifactbench,generator,MusicGen,MusicGen Small,860,30,0.9993410852713178
attention_pooling,artifactbench__count_control_MusicGen,artifactbench,generator,Riffusion,Riffusion,860,100,0.9510930232558139
attention_pooling,artifactbench__count_control_MusicGen,artifactbench,generator,Riffusion,Riffusion (AIME),860,30,0.9351550387596899
attention_pooling,artifactbench__count_control_MusicGen,artifactbench,generator,StableAudio,Stable Audio v1,860,50,0.9986279069767442
attention_pooling,artifactbench__count_control_MusicGen,artifactbench,generator,StableAudio,Stable Audio v2,860,50,0.9981627906976746
attention_pooling,artifactbench__count_control_MusicGen,artifactbench,generator,Suno,Google Chirp v2 XXL,860,80,1.0
attention_pooling,artifactbench__count_control_MusicGen,artifactbench,generator,Suno,Google Chirp v3,860,80,1.0
attention_pooling,artifactbench__count_control_MusicGen,artifactbench,generator,Suno,Google Chirp v3.5,860,80,1.0
attention_pooling,artifactbench__count_control_MusicGen,artifactbench,generator,Suno,Suno (mixed),860,80,0.9528125
attention_pooling,artifactbench__count_control_MusicGen,artifactbench,generator,Suno,Suno v3,860,30,0.9913178294573645
attention_pooling,artifactbench__count_control_MusicGen,artifactbench,generator,Suno,Suno v3.5,860,29,0.9898155573376103
attention_pooling,artifactbench__count_control_MusicGen,artifactbench,generator,Suno,Suno v4,860,100,0.9180232558139535
attention_pooling,artifactbench__count_control_MusicGen,artifactbench,generator,Udio,Udio,860,100,0.9232674418604652
attention_pooling,artifactbench__count_control_MusicGen,artifactbench,generator,Udio,Udio (AIME),860,30,0.8924418604651163
attention_pooling,artifactbench__count_control_MusicGen,artifactbench,generator,Udio,Udio (SONICS 120s),860,80,1.0
attention_pooling,artifactbench__count_control_MusicGen,artifactbench,generator,Udio,Udio (SONICS 30s),860,80,0.9998546511627907
attention_pooling,artifactbench__count_control_MusicGen,artifactbench,generator,Udio,Udio (mixed),860,80,0.8115188953488373
attention_pooling,artifactbench__count_control_MusicGen,artifactbench,generator,Udio,Udio CDN,860,18,0.7614018087855298
attention_pooling,artifactbench__count_control_MusicGen,artifactbench,generator,Udio,Udio CDN Latest,860,17,0.8302325581395349
attention_pooling,artifactbench__count_control_MusicGen,artifactbench,generator,Yue,Yue,860,100,0.9816279069767442
attention_pooling,echoes__without_Suno,echoes,family,AceStep,AceStep,59,57,0.9997026464466251
attention_pooling,echoes__without_Suno,echoes,family,AudioLDM,AudioLDM,59,115,1.0
attention_pooling,echoes__without_Suno,echoes,family,Brev,Brev,59,68,0.845962113659023
attention_pooling,echoes__without_Suno,echoes,family,DiffRhythm,DiffRhythm,59,120,0.9998587570621468
attention_pooling,echoes__without_Suno,echoes,family,Mubert,Mubert,59,32,0.6758474576271186
attention_pooling,echoes__without_Suno,echoes,family,Producer,Producer,59,68,0.9955134596211366
attention_pooling,echoes__without_Suno,echoes,family,SongGen,SongGen,59,111,1.0
attention_pooling,echoes__without_Suno,echoes,family,StableAudio,StableAudio,59,35,0.9336561743341404
attention_pooling,echoes__without_Suno,echoes,family,Suno,Suno,59,68,0.8358673978065803
attention_pooling,echoes__without_Suno,echoes,family,Udio,Udio,59,68,0.8799850448654037
attention_pooling,echoes__without_Suno,echoes,generator,AceStep,acestep,59,57,0.9997026464466251
attention_pooling,echoes__without_Suno,echoes,generator,AudioLDM,audioldm,59,115,1.0
attention_pooling,echoes__without_Suno,echoes,generator,Brev,brev,59,68,0.845962113659023
attention_pooling,echoes__without_Suno,echoes,generator,DiffRhythm,diffrhythm,59,120,0.9998587570621468
attention_pooling,echoes__without_Suno,echoes,generator,Mubert,mubert,59,32,0.6758474576271186
attention_pooling,echoes__without_Suno,echoes,generator,Producer,producer,59,68,0.9955134596211366
attention_pooling,echoes__without_Suno,echoes,generator,SongGen,songgen,59,111,1.0
attention_pooling,echoes__without_Suno,echoes,generator,StableAudio,stableaudio,59,35,0.9336561743341404
attention_pooling,echoes__without_Suno,echoes,generator,Suno,suno,59,68,0.8358673978065803
attention_pooling,echoes__without_Suno,echoes,generator,Udio,udio,59,68,0.8799850448654037
attention_pooling,echoes__count_control_Suno,echoes,family,AceStep,AceStep,59,57,1.0
attention_pooling,echoes__count_control_Suno,echoes,family,AudioLDM,AudioLDM,59,115,1.0
attention_pooling,echoes__count_control_Suno,echoes,family,Brev,Brev,59,68,0.9482801595214357
attention_pooling,echoes__count_control_Suno,echoes,family,DiffRhythm,DiffRhythm,59,120,0.9998587570621469
attention_pooling,echoes__count_control_Suno,echoes,family,Mubert,Mubert,59,32,0.6837923728813561
attention_pooling,echoes__count_control_Suno,echoes,family,Producer,Producer,59,68,0.9997507477567299
attention_pooling,echoes__count_control_Suno,echoes,family,SongGen,SongGen,59,111,1.0
attention_pooling,echoes__count_control_Suno,echoes,family,StableAudio,StableAudio,59,35,0.9786924939467312
attention_pooling,echoes__count_control_Suno,echoes,family,Suno,Suno,59,68,0.9661016949152542
attention_pooling,echoes__count_control_Suno,echoes,family,Udio,Udio,59,68,0.8705134596211367
attention_pooling,echoes__count_control_Suno,echoes,generator,AceStep,acestep,59,57,1.0
attention_pooling,echoes__count_control_Suno,echoes,generator,AudioLDM,audioldm,59,115,1.0
attention_pooling,echoes__count_control_Suno,echoes,generator,Brev,brev,59,68,0.9482801595214357
attention_pooling,echoes__count_control_Suno,echoes,generator,DiffRhythm,diffrhythm,59,120,0.9998587570621469
attention_pooling,echoes__count_control_Suno,echoes,generator,Mubert,mubert,59,32,0.6837923728813561
attention_pooling,echoes__count_control_Suno,echoes,generator,Producer,producer,59,68,0.9997507477567299
attention_pooling,echoes__count_control_Suno,echoes,generator,SongGen,songgen,59,111,1.0
attention_pooling,echoes__count_control_Suno,echoes,generator,StableAudio,stableaudio,59,35,0.9786924939467312
attention_pooling,echoes__count_control_Suno,echoes,generator,Suno,suno,59,68,0.9661016949152542
attention_pooling,echoes__count_control_Suno,echoes,generator,Udio,udio,59,68,0.8705134596211367
attention_pooling,echoes__without_Udio,echoes,family,AceStep,AceStep,59,57,1.0
attention_pooling,echoes__without_Udio,echoes,family,AudioLDM,AudioLDM,59,115,1.0
attention_pooling,echoes__without_Udio,echoes,family,Brev,Brev,59,68,0.9363160518444666
attention_pooling,echoes__without_Udio,echoes,family,DiffRhythm,DiffRhythm,59,120,0.9971751412429379
attention_pooling,echoes__without_Udio,echoes,family,Mubert,Mubert,59,32,0.6965042372881356
attention_pooling,echoes__without_Udio,echoes,family,Producer,Producer,59,68,0.9885343968095712
attention_pooling,echoes__without_Udio,echoes,family,SongGen,SongGen,59,111,1.0
attention_pooling,echoes__without_Udio,echoes,family,StableAudio,StableAudio,59,35,0.9549636803874092
attention_pooling,echoes__without_Udio,echoes,family,Suno,Suno,59,68,0.9464107676969092
attention_pooling,echoes__without_Udio,echoes,family,Udio,Udio,59,68,0.578888334995015
attention_pooling,echoes__without_Udio,echoes,generator,AceStep,acestep,59,57,1.0
attention_pooling,echoes__without_Udio,echoes,generator,AudioLDM,audioldm,59,115,1.0
attention_pooling,echoes__without_Udio,echoes,generator,Brev,brev,59,68,0.9363160518444666
attention_pooling,echoes__without_Udio,echoes,generator,DiffRhythm,diffrhythm,59,120,0.9971751412429379
attention_pooling,echoes__without_Udio,echoes,generator,Mubert,mubert,59,32,0.6965042372881356
attention_pooling,echoes__without_Udio,echoes,generator,Producer,producer,59,68,0.9885343968095712
attention_pooling,echoes__without_Udio,echoes,generator,SongGen,songgen,59,111,1.0
attention_pooling,echoes__without_Udio,echoes,generator,StableAudio,stableaudio,59,35,0.9549636803874092
attention_pooling,echoes__without_Udio,echoes,generator,Suno,suno,59,68,0.9464107676969092
attention_pooling,echoes__without_Udio,echoes,generator,Udio,udio,59,68,0.578888334995015
attention_pooling,echoes__count_control_Udio,echoes,family,AceStep,AceStep,59,57,0.9997026464466251
attention_pooling,echoes__count_control_Udio,echoes,family,AudioLDM,AudioLDM,59,115,1.0
attention_pooling,echoes__count_control_Udio,echoes,family,Brev,Brev,59,68,0.7951146560319043
attention_pooling,echoes__count_control_Udio,echoes,family,DiffRhythm,DiffRhythm,59,120,0.9906779661016949
attention_pooling,echoes__count_control_Udio,echoes,family,Mubert,Mubert,59,32,0.6538665254237288
attention_pooling,echoes__count_control_Udio,echoes,family,Producer,Producer,59,68,0.994765702891326
attention_pooling,echoes__count_control_Udio,echoes,family,SongGen,SongGen,59,111,1.0
attention_pooling,echoes__count_control_Udio,echoes,family,StableAudio,StableAudio,59,35,0.9392251815980629
attention_pooling,echoes__count_control_Udio,echoes,family,Suno,Suno,59,68,0.7893818544366901
attention_pooling,echoes__count_control_Udio,echoes,family,Udio,Udio,59,68,0.6880608175473579
attention_pooling,echoes__count_control_Udio,echoes,generator,AceStep,acestep,59,57,0.9997026464466251
attention_pooling,echoes__count_control_Udio,echoes,generator,AudioLDM,audioldm,59,115,1.0
attention_pooling,echoes__count_control_Udio,echoes,generator,Brev,brev,59,68,0.7951146560319043
attention_pooling,echoes__count_control_Udio,echoes,generator,DiffRhythm,diffrhythm,59,120,0.9906779661016949
attention_pooling,echoes__count_control_Udio,echoes,generator,Mubert,mubert,59,32,0.6538665254237288
attention_pooling,echoes__count_control_Udio,echoes,generator,Producer,producer,59,68,0.994765702891326
attention_pooling,echoes__count_control_Udio,echoes,generator,SongGen,songgen,59,111,1.0
attention_pooling,echoes__count_control_Udio,echoes,generator,StableAudio,stableaudio,59,35,0.9392251815980629
attention_pooling,echoes__count_control_Udio,echoes,generator,Suno,suno,59,68,0.7893818544366901
attention_pooling,echoes__count_control_Udio,echoes,generator,Udio,udio,59,68,0.6880608175473579
attention_pooling,fakemusiccaps__without_MusicGen,fakemusiccaps,family,AudioLDM,AudioLDM,1102,1104,0.9596332590283806
attention_pooling,fakemusiccaps__without_MusicGen,fakemusiccaps,family,MusicGen,MusicGen,1102,1104,0.9450874891501616
attention_pooling,fakemusiccaps__without_MusicGen,fakemusiccaps,family,MusicLDM,MusicLDM,1102,1104,0.9501273212078172
attention_pooling,fakemusiccaps__without_MusicGen,fakemusiccaps,family,Mustango,Mustango,1102,1104,0.9529544438307163
attention_pooling,fakemusiccaps__without_MusicGen,fakemusiccaps,family,StableAudio,StableAudio,1102,1104,0.9611547022541361
attention_pooling,fakemusiccaps__without_MusicGen,fakemusiccaps,generator,AudioLDM,audioldm2,1102,1104,0.9596332590283806
attention_pooling,fakemusiccaps__without_MusicGen,fakemusiccaps,generator,MusicGen,MusicGen_medium,1102,1104,0.9450874891501616
attention_pooling,fakemusiccaps__without_MusicGen,fakemusiccaps,generator,MusicLDM,musicldm,1102,1104,0.9501273212078172
attention_pooling,fakemusiccaps__without_MusicGen,fakemusiccaps,generator,Mustango,mustango,1102,1104,0.9529544438307163
attention_pooling,fakemusiccaps__without_MusicGen,fakemusiccaps,generator,StableAudio,stable_audio_open,1102,1104,0.9611547022541361
attention_pooling,fakemusiccaps__count_control_MusicGen,fakemusiccaps,family,AudioLDM,AudioLDM,1102,1104,0.9611994989347432
attention_pooling,fakemusiccaps__count_control_MusicGen,fakemusiccaps,family,MusicGen,MusicGen,1102,1104,0.9569886109576791
attention_pooling,fakemusiccaps__count_control_MusicGen,fakemusiccaps,family,MusicLDM,MusicLDM,1102,1104,0.9555555281569742
attention_pooling,fakemusiccaps__count_control_MusicGen,fakemusiccaps,family,Mustango,Mustango,1102,1104,0.9589888443935928
attention_pooling,fakemusiccaps__count_control_MusicGen,fakemusiccaps,family,StableAudio,StableAudio,1102,1104,0.9510355841815934
attention_pooling,fakemusiccaps__count_control_MusicGen,fakemusiccaps,generator,AudioLDM,audioldm2,1102,1104,0.9611994989347432
attention_pooling,fakemusiccaps__count_control_MusicGen,fakemusiccaps,generator,MusicGen,MusicGen_medium,1102,1104,0.9569886109576791
attention_pooling,fakemusiccaps__count_control_MusicGen,fakemusiccaps,generator,MusicLDM,musicldm,1102,1104,0.9555555281569742
attention_pooling,fakemusiccaps__count_control_MusicGen,fakemusiccaps,generator,Mustango,mustango,1102,1104,0.9589888443935928
attention_pooling,fakemusiccaps__count_control_MusicGen,fakemusiccaps,generator,StableAudio,stable_audio_open,1102,1104,0.9510355841815934
attention_pooling,artifactbench__without_StableAudio,artifactbench,family,DiffRhythm,DiffRhythm,860,100,0.9979883720930233
attention_pooling,artifactbench__without_StableAudio,artifactbench,family,MusicGen,MusicGen,860,90,0.9994250645994833
attention_pooling,artifactbench__without_StableAudio,artifactbench,family,Riffusion,Riffusion,860,130,0.9212745974955279
attention_pooling,artifactbench__without_StableAudio,artifactbench,family,StableAudio,StableAudio,860,100,0.9923488372093023
attention_pooling,artifactbench__without_StableAudio,artifactbench,family,Suno,Suno,860,479,0.9499344564742438
attention_pooling,artifactbench__without_StableAudio,artifactbench,family,Udio,Udio,860,405,0.9045592879701407
attention_pooling,artifactbench__without_StableAudio,artifactbench,family,Yue,Yue,860,100,0.9652906976744186
attention_pooling,artifactbench__without_StableAudio,artifactbench,generator,DiffRhythm,DiffRhythm,860,100,0.9979883720930233
attention_pooling,artifactbench__without_StableAudio,artifactbench,generator,MusicGen,MusicGen Large,860,30,0.9995542635658915
attention_pooling,artifactbench__without_StableAudio,artifactbench,generator,MusicGen,MusicGen Medium,860,30,0.9997286821705426
attention_pooling,artifactbench__without_StableAudio,artifactbench,generator,MusicGen,MusicGen Small,860,30,0.9989922480620156
attention_pooling,artifactbench__without_StableAudio,artifactbench,generator,Riffusion,Riffusion,860,100,0.921110465116279
attention_pooling,artifactbench__without_StableAudio,artifactbench,generator,Riffusion,Riffusion (AIME),860,30,0.9218217054263567
attention_pooling,artifactbench__without_StableAudio,artifactbench,generator,StableAudio,Stable Audio v1,860,50,0.9975116279069768
attention_pooling,artifactbench__without_StableAudio,artifactbench,generator,StableAudio,Stable Audio v2,860,50,0.9871860465116279
attention_pooling,artifactbench__without_StableAudio,artifactbench,generator,Suno,Google Chirp v2 XXL,860,80,1.0
attention_pooling,artifactbench__without_StableAudio,artifactbench,generator,Suno,Google Chirp v3,860,80,1.0
attention_pooling,artifactbench__without_StableAudio,artifactbench,generator,Suno,Google Chirp v3.5,860,80,1.0
attention_pooling,artifactbench__without_StableAudio,artifactbench,generator,Suno,Suno (mixed),860,80,0.8742369186046511
attention_pooling,artifactbench__without_StableAudio,artifactbench,generator,Suno,Suno v3,860,30,0.9930038759689922
attention_pooling,artifactbench__without_StableAudio,artifactbench,generator,Suno,Suno v3.5,860,29,0.9861267040898156
attention_pooling,artifactbench__without_StableAudio,artifactbench,generator,Suno,Suno v4,860,100,0.8669186046511629
attention_pooling,artifactbench__without_StableAudio,artifactbench,generator,Udio,Udio,860,100,0.9180232558139535
attention_pooling,artifactbench__without_StableAudio,artifactbench,generator,Udio,Udio (AIME),860,30,0.8658527131782946
attention_pooling,artifactbench__without_StableAudio,artifactbench,generator,Udio,Udio (SONICS 120s),860,80,1.0
attention_pooling,artifactbench__without_StableAudio,artifactbench,generator,Udio,Udio (SONICS 30s),860,80,0.9999709302325581
attention_pooling,artifactbench__without_StableAudio,artifactbench,generator,Udio,Udio (mixed),860,80,0.7753633720930233
attention_pooling,artifactbench__without_StableAudio,artifactbench,generator,Udio,Udio CDN,860,18,0.7081072351421189
attention_pooling,artifactbench__without_StableAudio,artifactbench,generator,Udio,Udio CDN Latest,860,17,0.8115253077975376
attention_pooling,artifactbench__without_StableAudio,artifactbench,generator,Yue,Yue,860,100,0.9652906976744186
attention_pooling,artifactbench__count_control_StableAudio,artifactbench,family,DiffRhythm,DiffRhythm,860,100,0.9986162790697675
attention_pooling,artifactbench__count_control_StableAudio,artifactbench,family,MusicGen,MusicGen,860,90,0.9995736434108526
attention_pooling,artifactbench__count_control_StableAudio,artifactbench,family,Riffusion,Riffusion,860,130,0.9366726296958855
attention_pooling,artifactbench__count_control_StableAudio,artifactbench,family,StableAudio,StableAudio,860,100,0.9987790697674419
attention_pooling,artifactbench__count_control_StableAudio,artifactbench,family,Suno,Suno,860,479,0.9694882749915037
attention_pooling,artifactbench__count_control_StableAudio,artifactbench,family,Udio,Udio,860,405,0.9195937410278496
attention_pooling,artifactbench__count_control_StableAudio,artifactbench,family,Yue,Yue,860,100,0.9790988372093024
attention_pooling,artifactbench__count_control_StableAudio,artifactbench,generator,DiffRhythm,DiffRhythm,860,100,0.9986162790697675
attention_pooling,artifactbench__count_control_StableAudio,artifactbench,generator,MusicGen,MusicGen Large,860,30,0.9997674418604652
attention_pooling,artifactbench__count_control_StableAudio,artifactbench,generator,MusicGen,MusicGen Medium,860,30,0.9998449612403101
attention_pooling,artifactbench__count_control_StableAudio,artifactbench,generator,MusicGen,MusicGen Small,860,30,0.999108527131783
attention_pooling,artifactbench__count_control_StableAudio,artifactbench,generator,Riffusion,Riffusion,860,100,0.94675
attention_pooling,artifactbench__count_control_StableAudio,artifactbench,generator,Riffusion,Riffusion (AIME),860,30,0.9030813953488372
attention_pooling,artifactbench__count_control_StableAudio,artifactbench,generator,StableAudio,Stable Audio v1,860,50,0.9987674418604651
attention_pooling,artifactbench__count_control_StableAudio,artifactbench,generator,StableAudio,Stable Audio v2,860,50,0.9987906976744186
attention_pooling,artifactbench__count_control_StableAudio,artifactbench,generator,Suno,Google Chirp v2 XXL,860,80,1.0
attention_pooling,artifactbench__count_control_StableAudio,artifactbench,generator,Suno,Google Chirp v3,860,80,1.0
attention_pooling,artifactbench__count_control_StableAudio,artifactbench,generator,Suno,Google Chirp v3.5,860,80,1.0
attention_pooling,artifactbench__count_control_StableAudio,artifactbench,generator,Suno,Suno (mixed),860,80,0.9334229651162791
attention_pooling,artifactbench__count_control_StableAudio,artifactbench,generator,Suno,Suno v3,860,30,0.9913953488372093
attention_pooling,artifactbench__count_control_StableAudio,artifactbench,generator,Suno,Suno v3.5,860,29,0.9891339214113875
attention_pooling,artifactbench__count_control_StableAudio,artifactbench,generator,Suno,Suno v4,860,100,0.912843023255814
attention_pooling,artifactbench__count_control_StableAudio,artifactbench,generator,Udio,Udio,860,100,0.9225174418604651
attention_pooling,artifactbench__count_control_StableAudio,artifactbench,generator,Udio,Udio (AIME),860,30,0.9090891472868219
attention_pooling,artifactbench__count_control_StableAudio,artifactbench,generator,Udio,Udio (SONICS 120s),860,80,0.9999999999999999
attention_pooling,artifactbench__count_control_StableAudio,artifactbench,generator,Udio,Udio (SONICS 30s),860,80,0.9999200581395349
attention_pooling,artifactbench__count_control_StableAudio,artifactbench,generator,Udio,Udio (mixed),860,80,0.8076816860465117
attention_pooling,artifactbench__count_control_StableAudio,artifactbench,generator,Udio,Udio CDN,860,18,0.7630490956072351
attention_pooling,artifactbench__count_control_StableAudio,artifactbench,generator,Udio,Udio CDN Latest,860,17,0.8569425444596444
attention_pooling,artifactbench__count_control_StableAudio,artifactbench,generator,Yue,Yue,860,100,0.9790988372093024
attention_pooling,artifactbench__without_DiffRhythm,artifactbench,family,DiffRhythm,DiffRhythm,860,100,0.9972209302325581
attention_pooling,artifactbench__without_DiffRhythm,artifactbench,family,MusicGen,MusicGen,860,90,0.999515503875969
attention_pooling,artifactbench__without_DiffRhythm,artifactbench,family,Riffusion,Riffusion,860,130,0.88628801431127
attention_pooling,artifactbench__without_DiffRhythm,artifactbench,family,StableAudio,StableAudio,860,100,0.9964476744186046
attention_pooling,artifactbench__without_DiffRhythm,artifactbench,family,Suno,Suno,860,479,0.96284410351022
attention_pooling,artifactbench__without_DiffRhythm,artifactbench,family,Udio,Udio,860,405,0.9069968418030434
attention_pooling,artifactbench__without_DiffRhythm,artifactbench,family,Yue,Yue,860,100,0.9690813953488372
attention_pooling,artifactbench__without_DiffRhythm,artifactbench,generator,DiffRhythm,DiffRhythm,860,100,0.9972209302325581
attention_pooling,artifactbench__without_DiffRhythm,artifactbench,generator,MusicGen,MusicGen Large,860,30,0.9996899224806202
attention_pooling,artifactbench__without_DiffRhythm,artifactbench,generator,MusicGen,MusicGen Medium,860,30,0.999593023255814
attention_pooling,artifactbench__without_DiffRhythm,artifactbench,generator,MusicGen,MusicGen Small,860,30,0.9992635658914728
attention_pooling,artifactbench__without_DiffRhythm,artifactbench,generator,Riffusion,Riffusion,860,100,0.9058197674418605
attention_pooling,artifactbench__without_DiffRhythm,artifactbench,generator,Riffusion,Riffusion (AIME),860,30,0.8211821705426356
attention_pooling,artifactbench__without_DiffRhythm,artifactbench,generator,StableAudio,Stable Audio v1,860,50,0.9961744186046512
attention_pooling,artifactbench__without_DiffRhythm,artifactbench,generator,StableAudio,Stable Audio v2,860,50,0.9967209302325581
attention_pooling,artifactbench__without_DiffRhythm,artifactbench,generator,Suno,Google Chirp v2 XXL,860,80,1.0
attention_pooling,artifactbench__without_DiffRhythm,artifactbench,generator,Suno,Google Chirp v3,860,80,1.0
attention_pooling,artifactbench__without_DiffRhythm,artifactbench,generator,Suno,Google Chirp v3.5,860,80,1.0
attention_pooling,artifactbench__without_DiffRhythm,artifactbench,generator,Suno,Suno (mixed),860,80,0.9161482558139535
attention_pooling,artifactbench__without_DiffRhythm,artifactbench,generator,Suno,Suno v3,860,30,0.9881589147286822
attention_pooling,artifactbench__without_DiffRhythm,artifactbench,generator,Suno,Suno v3.5,860,29,0.978588612670409
attention_pooling,artifactbench__without_DiffRhythm,artifactbench,generator,Suno,Suno v4,860,100,0.8988662790697675
attention_pooling,artifactbench__without_DiffRhythm,artifactbench,generator,Udio,Udio,860,100,0.9208720930232558
attention_pooling,artifactbench__without_DiffRhythm,artifactbench,generator,Udio,Udio (AIME),860,30,0.8720736434108528
attention_pooling,artifactbench__without_DiffRhythm,artifactbench,generator,Udio,Udio (SONICS 120s),860,80,1.0
attention_pooling,artifactbench__without_DiffRhythm,artifactbench,generator,Udio,Udio (SONICS 30s),860,80,0.9999709302325581
attention_pooling,artifactbench__without_DiffRhythm,artifactbench,generator,Udio,Udio (mixed),860,80,0.7821220930232559
attention_pooling,artifactbench__without_DiffRhythm,artifactbench,generator,Udio,Udio CDN,860,18,0.7152777777777778
attention_pooling,artifactbench__without_DiffRhythm,artifactbench,generator,Udio,Udio CDN Latest,860,17,0.8024623803009575
attention_pooling,artifactbench__without_DiffRhythm,artifactbench,generator,Yue,Yue,860,100,0.9690813953488372
attention_pooling,artifactbench__count_control_DiffRhythm,artifactbench,family,DiffRhythm,DiffRhythm,860,100,0.9994883720930232
attention_pooling,artifactbench__count_control_DiffRhythm,artifactbench,family,MusicGen,MusicGen,860,90,0.9997803617571059
attention_pooling,artifactbench__count_control_DiffRhythm,artifactbench,family,Riffusion,Riffusion,860,130,0.9146958855098388
attention_pooling,artifactbench__count_control_DiffRhythm,artifactbench,family,StableAudio,StableAudio,860,100,0.9974941860465116
attention_pooling,artifactbench__count_control_DiffRhythm,artifactbench,family,Suno,Suno,860,479,0.9751687138903724
attention_pooling,artifactbench__count_control_DiffRhythm,artifactbench,family,Udio,Udio,860,405,0.9225165087568188
attention_pooling,artifactbench__count_control_DiffRhythm,artifactbench,family,Yue,Yue,860,100,0.9900581395348838
attention_pooling,artifactbench__count_control_DiffRhythm,artifactbench,generator,DiffRhythm,DiffRhythm,860,100,0.9994883720930232
attention_pooling,artifactbench__count_control_DiffRhythm,artifactbench,generator,MusicGen,MusicGen Large,860,30,0.999922480620155
attention_pooling,artifactbench__count_control_DiffRhythm,artifactbench,generator,MusicGen,MusicGen Medium,860,30,0.9998837209302326
attention_pooling,artifactbench__count_control_DiffRhythm,artifactbench,generator,MusicGen,MusicGen Small,860,30,0.9995348837209302
attention_pooling,artifactbench__count_control_DiffRhythm,artifactbench,generator,Riffusion,Riffusion,860,100,0.9642151162790698
attention_pooling,artifactbench__count_control_DiffRhythm,artifactbench,generator,Riffusion,Riffusion (AIME),860,30,0.7496317829457364
attention_pooling,artifactbench__count_control_DiffRhythm,artifactbench,generator,StableAudio,Stable Audio v1,860,50,0.996093023255814
attention_pooling,artifactbench__count_control_DiffRhythm,artifactbench,generator,StableAudio,Stable Audio v2,860,50,0.9988953488372093
attention_pooling,artifactbench__count_control_DiffRhythm,artifactbench,generator,Suno,Google Chirp v2 XXL,860,80,1.0
attention_pooling,artifactbench__count_control_DiffRhythm,artifactbench,generator,Suno,Google Chirp v3,860,80,0.9999999999999999
attention_pooling,artifactbench__count_control_DiffRhythm,artifactbench,generator,Suno,Google Chirp v3.5,860,80,0.9999999999999999
attention_pooling,artifactbench__count_control_DiffRhythm,artifactbench,generator,Suno,Suno (mixed),860,80,0.9541424418604652
attention_pooling,artifactbench__count_control_DiffRhythm,artifactbench,generator,Suno,Suno v3,860,30,0.9967441860465117
attention_pooling,artifactbench__count_control_DiffRhythm,artifactbench,generator,Suno,Suno v3.5,860,29,0.9934643143544506
attention_pooling,artifactbench__count_control_DiffRhythm,artifactbench,generator,Suno,Suno v4,860,100,0.9206162790697674
attention_pooling,artifactbench__count_control_DiffRhythm,artifactbench,generator,Udio,Udio,860,100,0.9328662790697675
attention_pooling,artifactbench__count_control_DiffRhythm,artifactbench,generator,Udio,Udio (AIME),860,30,0.9011627906976744
attention_pooling,artifactbench__count_control_DiffRhythm,artifactbench,generator,Udio,Udio (SONICS 120s),860,80,1.0
attention_pooling,artifactbench__count_control_DiffRhythm,artifactbench,generator,Udio,Udio (SONICS 30s),860,80,0.9999127906976744
attention_pooling,artifactbench__count_control_DiffRhythm,artifactbench,generator,Udio,Udio (mixed),860,80,0.8204287790697674
attention_pooling,artifactbench__count_control_DiffRhythm,artifactbench,generator,Udio,Udio CDN,860,18,0.736531007751938
attention_pooling,artifactbench__count_control_DiffRhythm,artifactbench,generator,Udio,Udio CDN Latest,860,17,0.8478112175102599
attention_pooling,artifactbench__count_control_DiffRhythm,artifactbench,generator,Yue,Yue,860,100,0.9900581395348838
attention_pooling,echoes__without_StableAudio,echoes,family,AceStep,AceStep,59,57,0.9994052928932501
attention_pooling,echoes__without_StableAudio,echoes,family,AudioLDM,AudioLDM,59,115,1.0
attention_pooling,echoes__without_StableAudio,echoes,family,Brev,Brev,59,68,0.926470588235294
attention_pooling,echoes__without_StableAudio,echoes,family,DiffRhythm,DiffRhythm,59,120,0.996045197740113
attention_pooling,echoes__without_StableAudio,echoes,family,Mubert,Mubert,59,32,0.704449152542373
attention_pooling,echoes__without_StableAudio,echoes,family,Producer,Producer,59,68,0.998753738783649
attention_pooling,echoes__without_StableAudio,echoes,family,SongGen,SongGen,59,111,1.0
attention_pooling,echoes__without_StableAudio,echoes,family,StableAudio,StableAudio,59,35,0.9576271186440677
attention_pooling,echoes__without_StableAudio,echoes,family,Suno,Suno,59,68,0.9182452642073778
attention_pooling,echoes__without_StableAudio,echoes,family,Udio,Udio,59,68,0.8417248255234299
attention_pooling,echoes__without_StableAudio,echoes,generator,AceStep,acestep,59,57,0.9994052928932501
attention_pooling,echoes__without_StableAudio,echoes,generator,AudioLDM,audioldm,59,115,1.0
attention_pooling,echoes__without_StableAudio,echoes,generator,Brev,brev,59,68,0.926470588235294
attention_pooling,echoes__without_StableAudio,echoes,generator,DiffRhythm,diffrhythm,59,120,0.996045197740113
attention_pooling,echoes__without_StableAudio,echoes,generator,Mubert,mubert,59,32,0.704449152542373
attention_pooling,echoes__without_StableAudio,echoes,generator,Producer,producer,59,68,0.998753738783649
attention_pooling,echoes__without_StableAudio,echoes,generator,SongGen,songgen,59,111,1.0
attention_pooling,echoes__without_StableAudio,echoes,generator,StableAudio,stableaudio,59,35,0.9576271186440677
attention_pooling,echoes__without_StableAudio,echoes,generator,Suno,suno,59,68,0.9182452642073778
attention_pooling,echoes__without_StableAudio,echoes,generator,Udio,udio,59,68,0.8417248255234299
attention_pooling,echoes__count_control_StableAudio,echoes,family,AceStep,AceStep,59,57,1.0
attention_pooling,echoes__count_control_StableAudio,echoes,family,AudioLDM,AudioLDM,59,115,1.0
attention_pooling,echoes__count_control_StableAudio,echoes,family,Brev,Brev,59,68,0.9481555333998005
attention_pooling,echoes__count_control_StableAudio,echoes,family,DiffRhythm,DiffRhythm,59,120,0.9997175141242938
attention_pooling,echoes__count_control_StableAudio,echoes,family,Mubert,Mubert,59,32,0.651218220338983
attention_pooling,echoes__count_control_StableAudio,echoes,family,Producer,Producer,59,68,0.9990029910269193
attention_pooling,echoes__count_control_StableAudio,echoes,family,SongGen,SongGen,59,111,1.0
attention_pooling,echoes__count_control_StableAudio,echoes,family,StableAudio,StableAudio,59,35,0.9728813559322034
attention_pooling,echoes__count_control_StableAudio,echoes,family,Suno,Suno,59,68,0.9675972083748754
attention_pooling,echoes__count_control_StableAudio,echoes,family,Udio,Udio,59,68,0.8865902293120639
attention_pooling,echoes__count_control_StableAudio,echoes,generator,AceStep,acestep,59,57,1.0
attention_pooling,echoes__count_control_StableAudio,echoes,generator,AudioLDM,audioldm,59,115,1.0
attention_pooling,echoes__count_control_StableAudio,echoes,generator,Brev,brev,59,68,0.9481555333998005
attention_pooling,echoes__count_control_StableAudio,echoes,generator,DiffRhythm,diffrhythm,59,120,0.9997175141242938
attention_pooling,echoes__count_control_StableAudio,echoes,generator,Mubert,mubert,59,32,0.651218220338983
attention_pooling,echoes__count_control_StableAudio,echoes,generator,Producer,producer,59,68,0.9990029910269193
attention_pooling,echoes__count_control_StableAudio,echoes,generator,SongGen,songgen,59,111,1.0
attention_pooling,echoes__count_control_StableAudio,echoes,generator,StableAudio,stableaudio,59,35,0.9728813559322034
attention_pooling,echoes__count_control_StableAudio,echoes,generator,Suno,suno,59,68,0.9675972083748754
attention_pooling,echoes__count_control_StableAudio,echoes,generator,Udio,udio,59,68,0.8865902293120639
attention_pooling,echoes__without_AudioLDM,echoes,family,AceStep,AceStep,59,57,1.0
attention_pooling,echoes__without_AudioLDM,echoes,family,AudioLDM,AudioLDM,59,115,1.0
attention_pooling,echoes__without_AudioLDM,echoes,family,Brev,Brev,59,68,0.923728813559322
attention_pooling,echoes__without_AudioLDM,echoes,family,DiffRhythm,DiffRhythm,59,120,0.9980225988700565
attention_pooling,echoes__without_AudioLDM,echoes,family,Mubert,Mubert,59,32,0.6271186440677966
attention_pooling,echoes__without_AudioLDM,echoes,family,Producer,Producer,59,68,0.9967597208374875
attention_pooling,echoes__without_AudioLDM,echoes,family,SongGen,SongGen,59,111,1.0
attention_pooling,echoes__without_AudioLDM,echoes,family,StableAudio,StableAudio,59,35,0.9602905569007264
attention_pooling,echoes__without_AudioLDM,echoes,family,Suno,Suno,59,68,0.9411764705882353
attention_pooling,echoes__without_AudioLDM,echoes,family,Udio,Udio,59,68,0.8386091724825523
attention_pooling,echoes__without_AudioLDM,echoes,generator,AceStep,acestep,59,57,1.0
attention_pooling,echoes__without_AudioLDM,echoes,generator,AudioLDM,audioldm,59,115,1.0
attention_pooling,echoes__without_AudioLDM,echoes,generator,Brev,brev,59,68,0.923728813559322
attention_pooling,echoes__without_AudioLDM,echoes,generator,DiffRhythm,diffrhythm,59,120,0.9980225988700565
attention_pooling,echoes__without_AudioLDM,echoes,generator,Mubert,mubert,59,32,0.6271186440677966
attention_pooling,echoes__without_AudioLDM,echoes,generator,Producer,producer,59,68,0.9967597208374875
attention_pooling,echoes__without_AudioLDM,echoes,generator,SongGen,songgen,59,111,1.0
attention_pooling,echoes__without_AudioLDM,echoes,generator,StableAudio,stableaudio,59,35,0.9602905569007264
attention_pooling,echoes__without_AudioLDM,echoes,generator,Suno,suno,59,68,0.9411764705882353
attention_pooling,echoes__without_AudioLDM,echoes,generator,Udio,udio,59,68,0.8386091724825523
attention_pooling,echoes__count_control_AudioLDM,echoes,family,AceStep,AceStep,59,57,1.0
attention_pooling,echoes__count_control_AudioLDM,echoes,family,AudioLDM,AudioLDM,59,115,1.0
attention_pooling,echoes__count_control_AudioLDM,echoes,family,Brev,Brev,59,68,0.9491525423728814
attention_pooling,echoes__count_control_AudioLDM,echoes,family,DiffRhythm,DiffRhythm,59,120,0.9990112994350282
attention_pooling,echoes__count_control_AudioLDM,echoes,family,Mubert,Mubert,59,32,0.7060381355932203
attention_pooling,echoes__count_control_AudioLDM,echoes,family,Producer,Producer,59,68,0.9995014955134596
attention_pooling,echoes__count_control_AudioLDM,echoes,family,SongGen,SongGen,59,111,1.0
attention_pooling,echoes__count_control_AudioLDM,echoes,family,StableAudio,StableAudio,59,35,0.9704600484261501
attention_pooling,echoes__count_control_AudioLDM,echoes,family,Suno,Suno,59,68,0.959122632103689
attention_pooling,echoes__count_control_AudioLDM,echoes,family,Udio,Udio,59,68,0.8923230309072782
attention_pooling,echoes__count_control_AudioLDM,echoes,generator,AceStep,acestep,59,57,1.0
attention_pooling,echoes__count_control_AudioLDM,echoes,generator,AudioLDM,audioldm,59,115,1.0
attention_pooling,echoes__count_control_AudioLDM,echoes,generator,Brev,brev,59,68,0.9491525423728814
attention_pooling,echoes__count_control_AudioLDM,echoes,generator,DiffRhythm,diffrhythm,59,120,0.9990112994350282
attention_pooling,echoes__count_control_AudioLDM,echoes,generator,Mubert,mubert,59,32,0.7060381355932203
attention_pooling,echoes__count_control_AudioLDM,echoes,generator,Producer,producer,59,68,0.9995014955134596
attention_pooling,echoes__count_control_AudioLDM,echoes,generator,SongGen,songgen,59,111,1.0
attention_pooling,echoes__count_control_AudioLDM,echoes,generator,StableAudio,stableaudio,59,35,0.9704600484261501
attention_pooling,echoes__count_control_AudioLDM,echoes,generator,Suno,suno,59,68,0.959122632103689
attention_pooling,echoes__count_control_AudioLDM,echoes,generator,Udio,udio,59,68,0.8923230309072782
attention_pooling,echoes__without_DiffRhythm,echoes,family,AceStep,AceStep,59,57,1.0
attention_pooling,echoes__without_DiffRhythm,echoes,family,AudioLDM,AudioLDM,59,115,1.0
attention_pooling,echoes__without_DiffRhythm,echoes,family,Brev,Brev,59,68,0.8352442671984048
attention_pooling,echoes__without_DiffRhythm,echoes,family,DiffRhythm,DiffRhythm,59,120,0.9964689265536723
attention_pooling,echoes__without_DiffRhythm,echoes,family,Mubert,Mubert,59,32,0.6867055084745762
attention_pooling,echoes__without_DiffRhythm,echoes,family,Producer,Producer,59,68,0.9917746759720837
attention_pooling,echoes__without_DiffRhythm,echoes,family,SongGen,SongGen,59,111,1.0
attention_pooling,echoes__without_DiffRhythm,echoes,family,StableAudio,StableAudio,59,35,0.9476997578692493
attention_pooling,echoes__without_DiffRhythm,echoes,family,Suno,Suno,59,68,0.8660269192422733
attention_pooling,echoes__without_DiffRhythm,echoes,family,Udio,Udio,59,68,0.7409022931206382
attention_pooling,echoes__without_DiffRhythm,echoes,generator,AceStep,acestep,59,57,1.0
attention_pooling,echoes__without_DiffRhythm,echoes,generator,AudioLDM,audioldm,59,115,1.0
attention_pooling,echoes__without_DiffRhythm,echoes,generator,Brev,brev,59,68,0.8352442671984048
attention_pooling,echoes__without_DiffRhythm,echoes,generator,DiffRhythm,diffrhythm,59,120,0.9964689265536723
attention_pooling,echoes__without_DiffRhythm,echoes,generator,Mubert,mubert,59,32,0.6867055084745762
attention_pooling,echoes__without_DiffRhythm,echoes,generator,Producer,producer,59,68,0.9917746759720837
attention_pooling,echoes__without_DiffRhythm,echoes,generator,SongGen,songgen,59,111,1.0
attention_pooling,echoes__without_DiffRhythm,echoes,generator,StableAudio,stableaudio,59,35,0.9476997578692493
attention_pooling,echoes__without_DiffRhythm,echoes,generator,Suno,suno,59,68,0.8660269192422733
attention_pooling,echoes__without_DiffRhythm,echoes,generator,Udio,udio,59,68,0.7409022931206382
attention_pooling,echoes__count_control_DiffRhythm,echoes,family,AceStep,AceStep,59,57,1.0
attention_pooling,echoes__count_control_DiffRhythm,echoes,family,AudioLDM,AudioLDM,59,115,1.0
attention_pooling,echoes__count_control_DiffRhythm,echoes,family,Brev,Brev,59,68,0.9416749750747757
attention_pooling,echoes__count_control_DiffRhythm,echoes,family,DiffRhythm,DiffRhythm,59,120,0.9956214689265537
attention_pooling,echoes__count_control_DiffRhythm,echoes,family,Mubert,Mubert,59,32,0.680614406779661
attention_pooling,echoes__count_control_DiffRhythm,echoes,family,Producer,Producer,59,68,0.9972582253240279
attention_pooling,echoes__count_control_DiffRhythm,echoes,family,SongGen,SongGen,59,111,1.0
attention_pooling,echoes__count_control_DiffRhythm,echoes,family,StableAudio,StableAudio,59,35,0.9564164648910412
attention_pooling,echoes__count_control_DiffRhythm,echoes,family,Suno,Suno,59,68,0.9513958125623131
attention_pooling,echoes__count_control_DiffRhythm,echoes,family,Udio,Udio,59,68,0.878988035892323
attention_pooling,echoes__count_control_DiffRhythm,echoes,generator,AceStep,acestep,59,57,1.0
attention_pooling,echoes__count_control_DiffRhythm,echoes,generator,AudioLDM,audioldm,59,115,1.0
attention_pooling,echoes__count_control_DiffRhythm,echoes,generator,Brev,brev,59,68,0.9416749750747757
attention_pooling,echoes__count_control_DiffRhythm,echoes,generator,DiffRhythm,diffrhythm,59,120,0.9956214689265537
attention_pooling,echoes__count_control_DiffRhythm,echoes,generator,Mubert,mubert,59,32,0.680614406779661
attention_pooling,echoes__count_control_DiffRhythm,echoes,generator,Producer,producer,59,68,0.9972582253240279
attention_pooling,echoes__count_control_DiffRhythm,echoes,generator,SongGen,songgen,59,111,1.0
attention_pooling,echoes__count_control_DiffRhythm,echoes,generator,StableAudio,stableaudio,59,35,0.9564164648910412
attention_pooling,echoes__count_control_DiffRhythm,echoes,generator,Suno,suno,59,68,0.9513958125623131
attention_pooling,echoes__count_control_DiffRhythm,echoes,generator,Udio,udio,59,68,0.878988035892323
attention_pooling,fakemusiccaps__without_StableAudio,fakemusiccaps,family,AudioLDM,AudioLDM,1102,1104,0.95503933888319
attention_pooling,fakemusiccaps__without_StableAudio,fakemusiccaps,family,MusicGen,MusicGen,1102,1104,0.9710855920723848
attention_pooling,fakemusiccaps__without_StableAudio,fakemusiccaps,family,MusicLDM,MusicLDM,1102,1104,0.9438874312843577
attention_pooling,fakemusiccaps__without_StableAudio,fakemusiccaps,family,Mustango,Mustango,1102,1104,0.939238439990531
attention_pooling,fakemusiccaps__without_StableAudio,fakemusiccaps,family,StableAudio,StableAudio,1102,1104,0.9484645013019806
attention_pooling,fakemusiccaps__without_StableAudio,fakemusiccaps,generator,AudioLDM,audioldm2,1102,1104,0.95503933888319
attention_pooling,fakemusiccaps__without_StableAudio,fakemusiccaps,generator,MusicGen,MusicGen_medium,1102,1104,0.9710855920723848
attention_pooling,fakemusiccaps__without_StableAudio,fakemusiccaps,generator,MusicLDM,musicldm,1102,1104,0.9438874312843577
attention_pooling,fakemusiccaps__without_StableAudio,fakemusiccaps,generator,Mustango,mustango,1102,1104,0.939238439990531
attention_pooling,fakemusiccaps__without_StableAudio,fakemusiccaps,generator,StableAudio,stable_audio_open,1102,1104,0.9484645013019806
attention_pooling,fakemusiccaps__count_control_StableAudio,fakemusiccaps,family,AudioLDM,AudioLDM,1102,1104,0.9616754122938531
attention_pooling,fakemusiccaps__count_control_StableAudio,fakemusiccaps,family,MusicGen,MusicGen,1102,1104,0.9701954121623398
attention_pooling,fakemusiccaps__count_control_StableAudio,fakemusiccaps,family,MusicLDM,MusicLDM,1102,1104,0.958146338015203
attention_pooling,fakemusiccaps__count_control_StableAudio,fakemusiccaps,family,Mustango,Mustango,1102,1104,0.953554061784897
attention_pooling,fakemusiccaps__count_control_StableAudio,fakemusiccaps,family,StableAudio,StableAudio,1102,1104,0.9581504478024147
attention_pooling,fakemusiccaps__count_control_StableAudio,fakemusiccaps,generator,AudioLDM,audioldm2,1102,1104,0.9616754122938531
attention_pooling,fakemusiccaps__count_control_StableAudio,fakemusiccaps,generator,MusicGen,MusicGen_medium,1102,1104,0.9701954121623398
attention_pooling,fakemusiccaps__count_control_StableAudio,fakemusiccaps,generator,MusicLDM,musicldm,1102,1104,0.958146338015203
attention_pooling,fakemusiccaps__count_control_StableAudio,fakemusiccaps,generator,Mustango,mustango,1102,1104,0.953554061784897
attention_pooling,fakemusiccaps__count_control_StableAudio,fakemusiccaps,generator,StableAudio,stable_audio_open,1102,1104,0.9581504478024147
attention_pooling,fakemusiccaps__without_AudioLDM,fakemusiccaps,family,AudioLDM,AudioLDM,1102,1104,0.9322928996028301
attention_pooling,fakemusiccaps__without_AudioLDM,fakemusiccaps,family,MusicGen,MusicGen,1102,1104,0.9666934624792868
attention_pooling,fakemusiccaps__without_AudioLDM,fakemusiccaps,family,MusicLDM,MusicLDM,1102,1104,0.9472821155211868
attention_pooling,fakemusiccaps__without_AudioLDM,fakemusiccaps,family,Mustango,Mustango,1102,1104,0.9247600706225835
attention_pooling,fakemusiccaps__without_AudioLDM,fakemusiccaps,family,StableAudio,StableAudio,1102,1104,0.9443904692390647
attention_pooling,fakemusiccaps__without_AudioLDM,fakemusiccaps,generator,AudioLDM,audioldm2,1102,1104,0.9322928996028301
attention_pooling,fakemusiccaps__without_AudioLDM,fakemusiccaps,generator,MusicGen,MusicGen_medium,1102,1104,0.9666934624792868
attention_pooling,fakemusiccaps__without_AudioLDM,fakemusiccaps,generator,MusicLDM,musicldm,1102,1104,0.9472821155211868
attention_pooling,fakemusiccaps__without_AudioLDM,fakemusiccaps,generator,Mustango,mustango,1102,1104,0.9247600706225835
attention_pooling,fakemusiccaps__without_AudioLDM,fakemusiccaps,generator,StableAudio,stable_audio_open,1102,1104,0.9443904692390647
attention_pooling,fakemusiccaps__count_control_AudioLDM,fakemusiccaps,family,AudioLDM,AudioLDM,1102,1104,0.9684594380441358
attention_pooling,fakemusiccaps__count_control_AudioLDM,fakemusiccaps,family,MusicGen,MusicGen,1102,1104,0.9677114567716142
attention_pooling,fakemusiccaps__count_control_AudioLDM,fakemusiccaps,family,MusicLDM,MusicLDM,1102,1104,0.9600425938346616
attention_pooling,fakemusiccaps__count_control_AudioLDM,fakemusiccaps,family,Mustango,Mustango,1102,1104,0.9612200478708015
attention_pooling,fakemusiccaps__count_control_AudioLDM,fakemusiccaps,family,StableAudio,StableAudio,1102,1104,0.9615689688050711
attention_pooling,fakemusiccaps__count_control_AudioLDM,fakemusiccaps,generator,AudioLDM,audioldm2,1102,1104,0.9684594380441358
attention_pooling,fakemusiccaps__count_control_AudioLDM,fakemusiccaps,generator,MusicGen,MusicGen_medium,1102,1104,0.9677114567716142
attention_pooling,fakemusiccaps__count_control_AudioLDM,fakemusiccaps,generator,MusicLDM,musicldm,1102,1104,0.9600425938346616
attention_pooling,fakemusiccaps__count_control_AudioLDM,fakemusiccaps,generator,Mustango,mustango,1102,1104,0.9612200478708015
attention_pooling,fakemusiccaps__count_control_AudioLDM,fakemusiccaps,generator,StableAudio,stable_audio_open,1102,1104,0.9615689688050711
attention_pooling,artifactbench__fmc_fit_only,artifactbench,family,DiffRhythm,DiffRhythm,860,100,0.9806395348837209
attention_pooling,artifactbench__fmc_fit_only,artifactbench,family,MusicGen,MusicGen,860,90,0.9992377260981913
attention_pooling,artifactbench__fmc_fit_only,artifactbench,family,Riffusion,Riffusion,860,130,0.5516949910554563
attention_pooling,artifactbench__fmc_fit_only,artifactbench,family,StableAudio,StableAudio,860,100,0.9954999999999999
attention_pooling,artifactbench__fmc_fit_only,artifactbench,family,Suno,Suno,860,479,0.8432417342331409
attention_pooling,artifactbench__fmc_fit_only,artifactbench,family,Udio,Udio,860,405,0.6939290841228826
attention_pooling,artifactbench__fmc_fit_only,artifactbench,family,Yue,Yue,860,100,0.7258546511627906
attention_pooling,artifactbench__fmc_fit_only,artifactbench,generator,DiffRhythm,DiffRhythm,860,100,0.9806395348837209
attention_pooling,artifactbench__fmc_fit_only,artifactbench,generator,MusicGen,MusicGen Large,860,30,0.9989922480620155
attention_pooling,artifactbench__fmc_fit_only,artifactbench,generator,MusicGen,MusicGen Medium,860,30,0.9992248062015503
attention_pooling,artifactbench__fmc_fit_only,artifactbench,generator,MusicGen,MusicGen Small,860,30,0.9994961240310077
attention_pooling,artifactbench__fmc_fit_only,artifactbench,generator,Riffusion,Riffusion,860,100,0.4820058139534884
attention_pooling,artifactbench__fmc_fit_only,artifactbench,generator,Riffusion,Riffusion (AIME),860,30,0.7839922480620156
attention_pooling,artifactbench__fmc_fit_only,artifactbench,generator,StableAudio,Stable Audio v1,860,50,0.9979767441860465
attention_pooling,artifactbench__fmc_fit_only,artifactbench,generator,StableAudio,Stable Audio v2,860,50,0.9930232558139535
attention_pooling,artifactbench__fmc_fit_only,artifactbench,generator,Suno,Google Chirp v2 XXL,860,80,0.9543895348837209
attention_pooling,artifactbench__fmc_fit_only,artifactbench,generator,Suno,Google Chirp v3,860,80,0.9636627906976745
attention_pooling,artifactbench__fmc_fit_only,artifactbench,generator,Suno,Google Chirp v3.5,860,80,0.9262063953488372
attention_pooling,artifactbench__fmc_fit_only,artifactbench,generator,Suno,Suno (mixed),860,80,0.6370276162790698
attention_pooling,artifactbench__fmc_fit_only,artifactbench,generator,Suno,Suno v3,860,30,0.9710271317829456
attention_pooling,artifactbench__fmc_fit_only,artifactbench,generator,Suno,Suno v3.5,860,29,0.92457898957498
attention_pooling,artifactbench__fmc_fit_only,artifactbench,generator,Suno,Suno v4,860,100,0.6946627906976743
attention_pooling,artifactbench__fmc_fit_only,artifactbench,generator,Udio,Udio,860,100,0.7242267441860466
attention_pooling,artifactbench__fmc_fit_only,artifactbench,generator,Udio,Udio (AIME),860,30,0.7900581395348838
attention_pooling,artifactbench__fmc_fit_only,artifactbench,generator,Udio,Udio (SONICS 120s),860,80,0.8262281976744186
attention_pooling,artifactbench__fmc_fit_only,artifactbench,generator,Udio,Udio (SONICS 30s),860,80,0.885719476744186
attention_pooling,artifactbench__fmc_fit_only,artifactbench,generator,Udio,Udio (mixed),860,80,0.4138662790697675
attention_pooling,artifactbench__fmc_fit_only,artifactbench,generator,Udio,Udio CDN,860,18,0.41117571059431524
attention_pooling,artifactbench__fmc_fit_only,artifactbench,generator,Udio,Udio CDN Latest,860,17,0.4382694938440493
attention_pooling,artifactbench__fmc_fit_only,artifactbench,generator,Yue,Yue,860,100,0.7258546511627906
fixed_fusion,artifactbench__base,artifactbench,family,DiffRhythm,DiffRhythm,860,100,0.9993139534883722
fixed_fusion,artifactbench__base,artifactbench,family,MusicGen,MusicGen,860,90,0.9994056847545219
fixed_fusion,artifactbench__base,artifactbench,family,Riffusion,Riffusion,860,130,0.9427862254025045
fixed_fusion,artifactbench__base,artifactbench,family,StableAudio,StableAudio,860,100,0.999186046511628
fixed_fusion,artifactbench__base,artifactbench,family,Suno,Suno,860,479,0.9874544836626693
fixed_fusion,artifactbench__base,artifactbench,family,Udio,Udio,860,405,0.9474720068906115
fixed_fusion,artifactbench__base,artifactbench,family,Yue,Yue,860,100,0.999436046511628
fixed_fusion,artifactbench__base,artifactbench,generator,DiffRhythm,DiffRhythm,860,100,0.9993139534883722
fixed_fusion,artifactbench__base,artifactbench,generator,MusicGen,MusicGen Large,860,30,1.0
fixed_fusion,artifactbench__base,artifactbench,generator,MusicGen,MusicGen Medium,860,30,1.0
fixed_fusion,artifactbench__base,artifactbench,generator,MusicGen,MusicGen Small,860,30,0.9982170542635659
fixed_fusion,artifactbench__base,artifactbench,generator,Riffusion,Riffusion,860,100,0.9825813953488371
fixed_fusion,artifactbench__base,artifactbench,generator,Riffusion,Riffusion (AIME),860,30,0.8101356589147286
fixed_fusion,artifactbench__base,artifactbench,generator,StableAudio,Stable Audio v1,860,50,0.9996279069767442
fixed_fusion,artifactbench__base,artifactbench,generator,StableAudio,Stable Audio v2,860,50,0.9987441860465116
fixed_fusion,artifactbench__base,artifactbench,generator,Suno,Google Chirp v2 XXL,860,80,1.0
fixed_fusion,artifactbench__base,artifactbench,generator,Suno,Google Chirp v3,860,80,1.0
fixed_fusion,artifactbench__base,artifactbench,generator,Suno,Google Chirp v3.5,860,80,1.0
fixed_fusion,artifactbench__base,artifactbench,generator,Suno,Suno (mixed),860,80,0.9876671511627908
fixed_fusion,artifactbench__base,artifactbench,generator,Suno,Suno v3,860,30,0.9994573643410853
fixed_fusion,artifactbench__base,artifactbench,generator,Suno,Suno v3.5,860,29,0.9999198075380914
fixed_fusion,artifactbench__base,artifactbench,generator,Suno,Suno v4,860,100,0.9499593023255815
fixed_fusion,artifactbench__base,artifactbench,generator,Udio,Udio,860,100,0.9431744186046512
fixed_fusion,artifactbench__base,artifactbench,generator,Udio,Udio (AIME),860,30,0.9578294573643411
fixed_fusion,artifactbench__base,artifactbench,generator,Udio,Udio (SONICS 120s),860,80,0.9999418604651162
fixed_fusion,artifactbench__base,artifactbench,generator,Udio,Udio (SONICS 30s),860,80,0.9965915697674419
fixed_fusion,artifactbench__base,artifactbench,generator,Udio,Udio (mixed),860,80,0.8747747093023255
fixed_fusion,artifactbench__base,artifactbench,generator,Udio,Udio CDN,860,18,0.8399224806201551
fixed_fusion,artifactbench__base,artifactbench,generator,Udio,Udio CDN Latest,860,17,0.9323871409028728
fixed_fusion,artifactbench__base,artifactbench,generator,Yue,Yue,860,100,0.999436046511628
fixed_fusion,echoes__base,echoes,family,AceStep,AceStep,59,57,0.9979185251263754
fixed_fusion,echoes__base,echoes,family,AudioLDM,AudioLDM,59,115,1.0
fixed_fusion,echoes__base,echoes,family,Brev,Brev,59,68,0.9611166500498504
fixed_fusion,echoes__base,echoes,family,DiffRhythm,DiffRhythm,59,120,0.9991525423728813
fixed_fusion,echoes__base,echoes,family,Mubert,Mubert,59,32,0.5195974576271186
fixed_fusion,echoes__base,echoes,family,Producer,Producer,59,68,0.9857926221335993
fixed_fusion,echoes__base,echoes,family,SongGen,SongGen,59,111,0.9969460986410139
fixed_fusion,echoes__base,echoes,family,StableAudio,StableAudio,59,35,0.8726392251815981
fixed_fusion,echoes__base,echoes,family,Suno,Suno,59,68,0.9466600199401795
fixed_fusion,echoes__base,echoes,family,Udio,Udio,59,68,0.8696410767696909
fixed_fusion,echoes__base,echoes,generator,AceStep,acestep,59,57,0.9979185251263754
fixed_fusion,echoes__base,echoes,generator,AudioLDM,audioldm,59,115,1.0
fixed_fusion,echoes__base,echoes,generator,Brev,brev,59,68,0.9611166500498504
fixed_fusion,echoes__base,echoes,generator,DiffRhythm,diffrhythm,59,120,0.9991525423728813
fixed_fusion,echoes__base,echoes,generator,Mubert,mubert,59,32,0.5195974576271186
fixed_fusion,echoes__base,echoes,generator,Producer,producer,59,68,0.9857926221335993
fixed_fusion,echoes__base,echoes,generator,SongGen,songgen,59,111,0.9969460986410139
fixed_fusion,echoes__base,echoes,generator,StableAudio,stableaudio,59,35,0.8726392251815981
fixed_fusion,echoes__base,echoes,generator,Suno,suno,59,68,0.9466600199401795
fixed_fusion,echoes__base,echoes,generator,Udio,udio,59,68,0.8696410767696909
fixed_fusion,fakemusiccaps__base,fakemusiccaps,family,AudioLDM,AudioLDM,1102,1104,0.9819646098003629
fixed_fusion,fakemusiccaps__base,fakemusiccaps,family,MusicGen,MusicGen,1102,1104,0.9943391790946632
fixed_fusion,fakemusiccaps__base,fakemusiccaps,family,MusicLDM,MusicLDM,1102,1104,0.9635264604539835
fixed_fusion,fakemusiccaps__base,fakemusiccaps,family,Mustango,Mustango,1102,1104,0.9902561054998816
fixed_fusion,fakemusiccaps__base,fakemusiccaps,family,StableAudio,StableAudio,1102,1104,0.9815618506536206
fixed_fusion,fakemusiccaps__base,fakemusiccaps,generator,AudioLDM,audioldm2,1102,1104,0.9819646098003629
fixed_fusion,fakemusiccaps__base,fakemusiccaps,generator,MusicGen,MusicGen_medium,1102,1104,0.9943391790946632
fixed_fusion,fakemusiccaps__base,fakemusiccaps,generator,MusicLDM,musicldm,1102,1104,0.9635264604539835
fixed_fusion,fakemusiccaps__base,fakemusiccaps,generator,Mustango,mustango,1102,1104,0.9902561054998816
fixed_fusion,fakemusiccaps__base,fakemusiccaps,generator,StableAudio,stable_audio_open,1102,1104,0.9815618506536206
fixed_fusion,artifactbench__without_Suno,artifactbench,family,DiffRhythm,DiffRhythm,860,100,0.9995348837209304
fixed_fusion,artifactbench__without_Suno,artifactbench,family,MusicGen,MusicGen,860,90,0.9997286821705427
fixed_fusion,artifactbench__without_Suno,artifactbench,family,Riffusion,Riffusion,860,130,0.9456618962432917
fixed_fusion,artifactbench__without_Suno,artifactbench,family,StableAudio,StableAudio,860,100,0.9991046511627907
fixed_fusion,artifactbench__without_Suno,artifactbench,family,Suno,Suno,860,479,0.9720663203379133
fixed_fusion,artifactbench__without_Suno,artifactbench,family,Udio,Udio,860,405,0.9553703703703704
fixed_fusion,artifactbench__without_Suno,artifactbench,family,Yue,Yue,860,100,0.9986337209302325
fixed_fusion,artifactbench__without_Suno,artifactbench,generator,DiffRhythm,DiffRhythm,860,100,0.9995348837209304
fixed_fusion,artifactbench__without_Suno,artifactbench,generator,MusicGen,MusicGen Large,860,30,1.0
fixed_fusion,artifactbench__without_Suno,artifactbench,generator,MusicGen,MusicGen Medium,860,30,1.0
fixed_fusion,artifactbench__without_Suno,artifactbench,generator,MusicGen,MusicGen Small,860,30,0.9991860465116279
fixed_fusion,artifactbench__without_Suno,artifactbench,generator,Riffusion,Riffusion,860,100,0.9740348837209303
fixed_fusion,artifactbench__without_Suno,artifactbench,generator,Riffusion,Riffusion (AIME),860,30,0.8510852713178294
fixed_fusion,artifactbench__without_Suno,artifactbench,generator,StableAudio,Stable Audio v1,860,50,0.9992325581395348
fixed_fusion,artifactbench__without_Suno,artifactbench,generator,StableAudio,Stable Audio v2,860,50,0.9989767441860464
fixed_fusion,artifactbench__without_Suno,artifactbench,generator,Suno,Google Chirp v2 XXL,860,80,1.0
fixed_fusion,artifactbench__without_Suno,artifactbench,generator,Suno,Google Chirp v3,860,80,0.9999709302325581
fixed_fusion,artifactbench__without_Suno,artifactbench,generator,Suno,Google Chirp v3.5,860,80,0.9995058139534885
fixed_fusion,artifactbench__without_Suno,artifactbench,generator,Suno,Suno (mixed),860,80,0.9527107558139535
fixed_fusion,artifactbench__without_Suno,artifactbench,generator,Suno,Suno v3,860,30,0.9998255813953487
fixed_fusion,artifactbench__without_Suno,artifactbench,generator,Suno,Suno v3.5,860,29,0.9999198075380914
fixed_fusion,artifactbench__without_Suno,artifactbench,generator,Suno,Suno v4,860,100,0.9045232558139534
fixed_fusion,artifactbench__without_Suno,artifactbench,generator,Udio,Udio,860,100,0.9506802325581395
fixed_fusion,artifactbench__without_Suno,artifactbench,generator,Udio,Udio (AIME),860,30,0.963953488372093
fixed_fusion,artifactbench__without_Suno,artifactbench,generator,Udio,Udio (SONICS 120s),860,80,0.9999563953488373
fixed_fusion,artifactbench__without_Suno,artifactbench,generator,Udio,Udio (SONICS 30s),860,80,0.9960755813953488
fixed_fusion,artifactbench__without_Suno,artifactbench,generator,Udio,Udio (mixed),860,80,0.9019912790697675
fixed_fusion,artifactbench__without_Suno,artifactbench,generator,Udio,Udio CDN,860,18,0.8498385012919896
fixed_fusion,artifactbench__without_Suno,artifactbench,generator,Udio,Udio CDN Latest,860,17,0.9293775649794802
fixed_fusion,artifactbench__without_Suno,artifactbench,generator,Yue,Yue,860,100,0.9986337209302325
fixed_fusion,artifactbench__count_control_Suno,artifactbench,family,DiffRhythm,DiffRhythm,860,100,0.9993488372093025
fixed_fusion,artifactbench__count_control_Suno,artifactbench,family,MusicGen,MusicGen,860,90,0.9995736434108528
fixed_fusion,artifactbench__count_control_Suno,artifactbench,family,Riffusion,Riffusion,860,130,0.9319677996422182
fixed_fusion,artifactbench__count_control_Suno,artifactbench,family,StableAudio,StableAudio,860,100,0.99925
fixed_fusion,artifactbench__count_control_Suno,artifactbench,family,Suno,Suno,860,479,0.9853425256105257
fixed_fusion,artifactbench__count_control_Suno,artifactbench,family,Udio,Udio,860,405,0.9411010623026126
fixed_fusion,artifactbench__count_control_Suno,artifactbench,family,Yue,Yue,860,100,0.9992093023255815
fixed_fusion,artifactbench__count_control_Suno,artifactbench,generator,DiffRhythm,DiffRhythm,860,100,0.9993488372093025
fixed_fusion,artifactbench__count_control_Suno,artifactbench,generator,MusicGen,MusicGen Large,860,30,0.9999999999999999
fixed_fusion,artifactbench__count_control_Suno,artifactbench,generator,MusicGen,MusicGen Medium,860,30,1.0
fixed_fusion,artifactbench__count_control_Suno,artifactbench,generator,MusicGen,MusicGen Small,860,30,0.9987209302325581
fixed_fusion,artifactbench__count_control_Suno,artifactbench,generator,Riffusion,Riffusion,860,100,0.977546511627907
fixed_fusion,artifactbench__count_control_Suno,artifactbench,generator,Riffusion,Riffusion (AIME),860,30,0.7800387596899225
fixed_fusion,artifactbench__count_control_Suno,artifactbench,generator,StableAudio,Stable Audio v1,860,50,0.9997093023255814
fixed_fusion,artifactbench__count_control_Suno,artifactbench,generator,StableAudio,Stable Audio v2,860,50,0.9987906976744186
fixed_fusion,artifactbench__count_control_Suno,artifactbench,generator,Suno,Google Chirp v2 XXL,860,80,1.0
fixed_fusion,artifactbench__count_control_Suno,artifactbench,generator,Suno,Google Chirp v3,860,80,0.9999854651162791
fixed_fusion,artifactbench__count_control_Suno,artifactbench,generator,Suno,Google Chirp v3.5,860,80,1.0
fixed_fusion,artifactbench__count_control_Suno,artifactbench,generator,Suno,Suno (mixed),860,80,0.9822311046511628
fixed_fusion,artifactbench__count_control_Suno,artifactbench,generator,Suno,Suno v3,860,30,0.9997674418604652
fixed_fusion,artifactbench__count_control_Suno,artifactbench,generator,Suno,Suno v3.5,860,29,0.9998396150761828
fixed_fusion,artifactbench__count_control_Suno,artifactbench,generator,Suno,Suno v4,860,100,0.9441337209302325
fixed_fusion,artifactbench__count_control_Suno,artifactbench,generator,Udio,Udio,860,100,0.9336337209302326
fixed_fusion,artifactbench__count_control_Suno,artifactbench,generator,Udio,Udio (AIME),860,30,0.9498837209302325
fixed_fusion,artifactbench__count_control_Suno,artifactbench,generator,Udio,Udio (SONICS 120s),860,80,0.9997819767441861
fixed_fusion,artifactbench__count_control_Suno,artifactbench,generator,Udio,Udio (SONICS 30s),860,80,0.9914534883720931
fixed_fusion,artifactbench__count_control_Suno,artifactbench,generator,Udio,Udio (mixed),860,80,0.8728851744186046
fixed_fusion,artifactbench__count_control_Suno,artifactbench,generator,Udio,Udio CDN,860,18,0.8130490956072352
fixed_fusion,artifactbench__count_control_Suno,artifactbench,generator,Udio,Udio CDN Latest,860,17,0.913030095759234
fixed_fusion,artifactbench__count_control_Suno,artifactbench,generator,Yue,Yue,860,100,0.9992093023255815
fixed_fusion,artifactbench__without_Udio,artifactbench,family,DiffRhythm,DiffRhythm,860,100,0.9991918604651162
fixed_fusion,artifactbench__without_Udio,artifactbench,family,MusicGen,MusicGen,860,90,0.9978165374677003
fixed_fusion,artifactbench__without_Udio,artifactbench,family,Riffusion,Riffusion,860,130,0.9543425760286226
fixed_fusion,artifactbench__without_Udio,artifactbench,family,StableAudio,StableAudio,860,100,0.9989534883720931
fixed_fusion,artifactbench__without_Udio,artifactbench,family,Suno,Suno,860,479,0.9867165121134145
fixed_fusion,artifactbench__without_Udio,artifactbench,family,Udio,Udio,860,405,0.7108541487223657
fixed_fusion,artifactbench__without_Udio,artifactbench,family,Yue,Yue,860,100,0.9996744186046512
fixed_fusion,artifactbench__without_Udio,artifactbench,generator,DiffRhythm,DiffRhythm,860,100,0.9991918604651162
fixed_fusion,artifactbench__without_Udio,artifactbench,generator,MusicGen,MusicGen Large,860,30,1.0
fixed_fusion,artifactbench__without_Udio,artifactbench,generator,MusicGen,MusicGen Medium,860,30,1.0
fixed_fusion,artifactbench__without_Udio,artifactbench,generator,MusicGen,MusicGen Small,860,30,0.9934496124031009
fixed_fusion,artifactbench__without_Udio,artifactbench,generator,Riffusion,Riffusion,860,100,0.9886686046511628
fixed_fusion,artifactbench__without_Udio,artifactbench,generator,Riffusion,Riffusion (AIME),860,30,0.8399224806201551
fixed_fusion,artifactbench__without_Udio,artifactbench,generator,StableAudio,Stable Audio v1,860,50,0.9996511627906977
fixed_fusion,artifactbench__without_Udio,artifactbench,generator,StableAudio,Stable Audio v2,860,50,0.9982558139534884
fixed_fusion,artifactbench__without_Udio,artifactbench,generator,Suno,Google Chirp v2 XXL,860,80,1.0
fixed_fusion,artifactbench__without_Udio,artifactbench,generator,Suno,Google Chirp v3,860,80,1.0
fixed_fusion,artifactbench__without_Udio,artifactbench,generator,Suno,Google Chirp v3.5,860,80,1.0
fixed_fusion,artifactbench__without_Udio,artifactbench,generator,Suno,Suno (mixed),860,80,0.9894186046511628
fixed_fusion,artifactbench__without_Udio,artifactbench,generator,Suno,Suno v3,860,30,1.0
fixed_fusion,artifactbench__without_Udio,artifactbench,generator,Suno,Suno v3.5,860,29,1.0
fixed_fusion,artifactbench__without_Udio,artifactbench,generator,Suno,Suno v4,860,100,0.9448372093023256
fixed_fusion,artifactbench__without_Udio,artifactbench,generator,Udio,Udio,860,100,0.6674244186046512
fixed_fusion,artifactbench__without_Udio,artifactbench,generator,Udio,Udio (AIME),860,30,0.6925387596899225
fixed_fusion,artifactbench__without_Udio,artifactbench,generator,Udio,Udio (SONICS 120s),860,80,0.8451962209302326
fixed_fusion,artifactbench__without_Udio,artifactbench,generator,Udio,Udio (SONICS 30s),860,80,0.8176962209302325
fixed_fusion,artifactbench__without_Udio,artifactbench,generator,Udio,Udio (mixed),860,80,0.5763154069767442
fixed_fusion,artifactbench__without_Udio,artifactbench,generator,Udio,Udio CDN,860,18,0.5139857881136951
fixed_fusion,artifactbench__without_Udio,artifactbench,generator,Udio,Udio CDN Latest,860,17,0.7052325581395349
fixed_fusion,artifactbench__without_Udio,artifactbench,generator,Yue,Yue,860,100,0.9996744186046512
fixed_fusion,artifactbench__count_control_Udio,artifactbench,family,DiffRhythm,DiffRhythm,860,100,0.9988023255813954
fixed_fusion,artifactbench__count_control_Udio,artifactbench,family,MusicGen,MusicGen,860,90,0.9995219638242894
fixed_fusion,artifactbench__count_control_Udio,artifactbench,family,Riffusion,Riffusion,860,130,0.9533542039355993
fixed_fusion,artifactbench__count_control_Udio,artifactbench,family,StableAudio,StableAudio,860,100,0.9986220930232558
fixed_fusion,artifactbench__count_control_Udio,artifactbench,family,Suno,Suno,860,479,0.9831468174976938
fixed_fusion,artifactbench__count_control_Udio,artifactbench,family,Udio,Udio,860,405,0.9392319839219064
fixed_fusion,artifactbench__count_control_Udio,artifactbench,family,Yue,Yue,860,100,0.9992093023255815
fixed_fusion,artifactbench__count_control_Udio,artifactbench,generator,DiffRhythm,DiffRhythm,860,100,0.9988023255813954
fixed_fusion,artifactbench__count_control_Udio,artifactbench,generator,MusicGen,MusicGen Large,860,30,0.9999612403100775
fixed_fusion,artifactbench__count_control_Udio,artifactbench,generator,MusicGen,MusicGen Medium,860,30,1.0
fixed_fusion,artifactbench__count_control_Udio,artifactbench,generator,MusicGen,MusicGen Small,860,30,0.9986046511627906
fixed_fusion,artifactbench__count_control_Udio,artifactbench,generator,Riffusion,Riffusion,860,100,0.9769651162790698
fixed_fusion,artifactbench__count_control_Udio,artifactbench,generator,Riffusion,Riffusion (AIME),860,30,0.8746511627906977
fixed_fusion,artifactbench__count_control_Udio,artifactbench,generator,StableAudio,Stable Audio v1,860,50,0.9992325581395348
fixed_fusion,artifactbench__count_control_Udio,artifactbench,generator,StableAudio,Stable Audio v2,860,50,0.9980116279069766
fixed_fusion,artifactbench__count_control_Udio,artifactbench,generator,Suno,Google Chirp v2 XXL,860,80,1.0
fixed_fusion,artifactbench__count_control_Udio,artifactbench,generator,Suno,Google Chirp v3,860,80,1.0
fixed_fusion,artifactbench__count_control_Udio,artifactbench,generator,Suno,Google Chirp v3.5,860,80,0.9999854651162791
fixed_fusion,artifactbench__count_control_Udio,artifactbench,generator,Suno,Suno (mixed),860,80,0.9809302325581395
fixed_fusion,artifactbench__count_control_Udio,artifactbench,generator,Suno,Suno v3,860,30,0.9997286821705427
fixed_fusion,artifactbench__count_control_Udio,artifactbench,generator,Suno,Suno v3.5,860,29,0.999879711307137
fixed_fusion,artifactbench__count_control_Udio,artifactbench,generator,Suno,Suno v4,860,100,0.934656976744186
fixed_fusion,artifactbench__count_control_Udio,artifactbench,generator,Udio,Udio,860,100,0.9416453488372092
fixed_fusion,artifactbench__count_control_Udio,artifactbench,generator,Udio,Udio (AIME),860,30,0.958217054263566
fixed_fusion,artifactbench__count_control_Udio,artifactbench,generator,Udio,Udio (SONICS 120s),860,80,0.9993749999999999
fixed_fusion,artifactbench__count_control_Udio,artifactbench,generator,Udio,Udio (SONICS 30s),860,80,0.9920276162790698
fixed_fusion,artifactbench__count_control_Udio,artifactbench,generator,Udio,Udio (mixed),860,80,0.8511337209302325
fixed_fusion,artifactbench__count_control_Udio,artifactbench,generator,Udio,Udio CDN,860,18,0.8021317829457364
fixed_fusion,artifactbench__count_control_Udio,artifactbench,generator,Udio,Udio CDN Latest,860,17,0.9198016415868673
fixed_fusion,artifactbench__count_control_Udio,artifactbench,generator,Yue,Yue,860,100,0.9992093023255815
fixed_fusion,artifactbench__without_MusicGen,artifactbench,family,DiffRhythm,DiffRhythm,860,100,0.9997267441860466
fixed_fusion,artifactbench__without_MusicGen,artifactbench,family,MusicGen,MusicGen,860,90,0.9949095607235143
fixed_fusion,artifactbench__without_MusicGen,artifactbench,family,Riffusion,Riffusion,860,130,0.9433318425760286
fixed_fusion,artifactbench__without_MusicGen,artifactbench,family,StableAudio,StableAudio,860,100,0.9975290697674419
fixed_fusion,artifactbench__without_MusicGen,artifactbench,family,Suno,Suno,860,479,0.9866266932077487
fixed_fusion,artifactbench__without_MusicGen,artifactbench,family,Udio,Udio,860,405,0.9516106804478897
fixed_fusion,artifactbench__without_MusicGen,artifactbench,family,Yue,Yue,860,100,0.9990581395348836
fixed_fusion,artifactbench__without_MusicGen,artifactbench,generator,DiffRhythm,DiffRhythm,860,100,0.9997267441860466
fixed_fusion,artifactbench__without_MusicGen,artifactbench,generator,MusicGen,MusicGen Large,860,30,0.9970930232558141
fixed_fusion,artifactbench__without_MusicGen,artifactbench,generator,MusicGen,MusicGen Medium,860,30,0.9994961240310077
fixed_fusion,artifactbench__without_MusicGen,artifactbench,generator,MusicGen,MusicGen Small,860,30,0.988139534883721
fixed_fusion,artifactbench__without_MusicGen,artifactbench,generator,Riffusion,Riffusion,860,100,0.9790232558139536
fixed_fusion,artifactbench__without_MusicGen,artifactbench,generator,Riffusion,Riffusion (AIME),860,30,0.8243604651162791
fixed_fusion,artifactbench__without_MusicGen,artifactbench,generator,StableAudio,Stable Audio v1,860,50,0.9986860465116278
fixed_fusion,artifactbench__without_MusicGen,artifactbench,generator,StableAudio,Stable Audio v2,860,50,0.9963720930232559
fixed_fusion,artifactbench__without_MusicGen,artifactbench,generator,Suno,Google Chirp v2 XXL,860,80,1.0
fixed_fusion,artifactbench__without_MusicGen,artifactbench,generator,Suno,Google Chirp v3,860,80,1.0
fixed_fusion,artifactbench__without_MusicGen,artifactbench,generator,Suno,Google Chirp v3.5,860,80,1.0
fixed_fusion,artifactbench__without_MusicGen,artifactbench,generator,Suno,Suno (mixed),860,80,0.983328488372093
fixed_fusion,artifactbench__without_MusicGen,artifactbench,generator,Suno,Suno v3,860,30,0.9989341085271318
fixed_fusion,artifactbench__without_MusicGen,artifactbench,generator,Suno,Suno v3.5,860,29,0.9994787489975941
fixed_fusion,artifactbench__without_MusicGen,artifactbench,generator,Suno,Suno v4,860,100,0.9497500000000001
fixed_fusion,artifactbench__without_MusicGen,artifactbench,generator,Udio,Udio,860,100,0.9463720930232558
fixed_fusion,artifactbench__without_MusicGen,artifactbench,generator,Udio,Udio (AIME),860,30,0.9564922480620156
fixed_fusion,artifactbench__without_MusicGen,artifactbench,generator,Udio,Udio (SONICS 120s),860,80,0.9999854651162791
fixed_fusion,artifactbench__without_MusicGen,artifactbench,generator,Udio,Udio (SONICS 30s),860,80,0.9971075581395349
fixed_fusion,artifactbench__without_MusicGen,artifactbench,generator,Udio,Udio (mixed),860,80,0.8815915697674419
fixed_fusion,artifactbench__without_MusicGen,artifactbench,generator,Udio,Udio CDN,860,18,0.8708010335917313
fixed_fusion,artifactbench__without_MusicGen,artifactbench,generator,Udio,Udio CDN Latest,860,17,0.9471272229822162
fixed_fusion,artifactbench__without_MusicGen,artifactbench,generator,Yue,Yue,860,100,0.9990581395348836
fixed_fusion,artifactbench__count_control_MusicGen,artifactbench,family,DiffRhythm,DiffRhythm,860,100,0.9994011627906976
fixed_fusion,artifactbench__count_control_MusicGen,artifactbench,family,MusicGen,MusicGen,860,90,0.9993798449612402
fixed_fusion,artifactbench__count_control_MusicGen,artifactbench,family,Riffusion,Riffusion,860,130,0.9512254025044724
fixed_fusion,artifactbench__count_control_MusicGen,artifactbench,family,StableAudio,StableAudio,860,100,0.9984302325581396
fixed_fusion,artifactbench__count_control_MusicGen,artifactbench,family,Suno,Suno,860,479,0.9868439578579405
fixed_fusion,artifactbench__count_control_MusicGen,artifactbench,family,Udio,Udio,860,405,0.9560063163939134
fixed_fusion,artifactbench__count_control_MusicGen,artifactbench,family,Yue,Yue,860,100,0.9989883720930233
fixed_fusion,artifactbench__count_control_MusicGen,artifactbench,generator,DiffRhythm,DiffRhythm,860,100,0.9994011627906976
fixed_fusion,artifactbench__count_control_MusicGen,artifactbench,generator,MusicGen,MusicGen Large,860,30,0.9998837209302326
fixed_fusion,artifactbench__count_control_MusicGen,artifactbench,generator,MusicGen,MusicGen Medium,860,30,1.0
fixed_fusion,artifactbench__count_control_MusicGen,artifactbench,generator,MusicGen,MusicGen Small,860,30,0.9982558139534883
fixed_fusion,artifactbench__count_control_MusicGen,artifactbench,generator,Riffusion,Riffusion,860,100,0.9813081395348837
fixed_fusion,artifactbench__count_control_MusicGen,artifactbench,generator,Riffusion,Riffusion (AIME),860,30,0.8509496124031009
fixed_fusion,artifactbench__count_control_MusicGen,artifactbench,generator,StableAudio,Stable Audio v1,860,50,0.9992093023255815
fixed_fusion,artifactbench__count_control_MusicGen,artifactbench,generator,StableAudio,Stable Audio v2,860,50,0.9976511627906977
fixed_fusion,artifactbench__count_control_MusicGen,artifactbench,generator,Suno,Google Chirp v2 XXL,860,80,1.0
fixed_fusion,artifactbench__count_control_MusicGen,artifactbench,generator,Suno,Google Chirp v3,860,80,1.0
fixed_fusion,artifactbench__count_control_MusicGen,artifactbench,generator,Suno,Google Chirp v3.5,860,80,1.0
fixed_fusion,artifactbench__count_control_MusicGen,artifactbench,generator,Suno,Suno (mixed),860,80,0.9824781976744187
fixed_fusion,artifactbench__count_control_MusicGen,artifactbench,generator,Suno,Suno v3,860,30,0.9996511627906977
fixed_fusion,artifactbench__count_control_MusicGen,artifactbench,generator,Suno,Suno v3.5,860,29,1.0
fixed_fusion,artifactbench__count_control_MusicGen,artifactbench,generator,Suno,Suno v4,860,100,0.9511046511627906
fixed_fusion,artifactbench__count_control_MusicGen,artifactbench,generator,Udio,Udio,860,100,0.9536918604651163
fixed_fusion,artifactbench__count_control_MusicGen,artifactbench,generator,Udio,Udio (AIME),860,30,0.9612209302325582
fixed_fusion,artifactbench__count_control_MusicGen,artifactbench,generator,Udio,Udio (SONICS 120s),860,80,0.9999418604651162
fixed_fusion,artifactbench__count_control_MusicGen,artifactbench,generator,Udio,Udio (SONICS 30s),860,80,0.9961627906976744
fixed_fusion,artifactbench__count_control_MusicGen,artifactbench,generator,Udio,Udio (mixed),860,80,0.8934883720930233
fixed_fusion,artifactbench__count_control_MusicGen,artifactbench,generator,Udio,Udio CDN,860,18,0.889405684754522
fixed_fusion,artifactbench__count_control_MusicGen,artifactbench,generator,Udio,Udio CDN Latest,860,17,0.9294117647058824
fixed_fusion,artifactbench__count_control_MusicGen,artifactbench,generator,Yue,Yue,860,100,0.9989883720930233
fixed_fusion,echoes__without_Suno,echoes,family,AceStep,AceStep,59,57,0.9964317573595005
fixed_fusion,echoes__without_Suno,echoes,family,AudioLDM,AudioLDM,59,115,0.999852616064849
fixed_fusion,echoes__without_Suno,echoes,family,Brev,Brev,59,68,0.9148803589232303
fixed_fusion,echoes__without_Suno,echoes,family,DiffRhythm,DiffRhythm,59,120,0.9980932203389831
fixed_fusion,echoes__without_Suno,echoes,family,Mubert,Mubert,59,32,0.4819915254237288
fixed_fusion,echoes__without_Suno,echoes,family,Producer,Producer,59,68,0.980309072781655
fixed_fusion,echoes__without_Suno,echoes,family,SongGen,SongGen,59,111,0.9934341120781799
fixed_fusion,echoes__without_Suno,echoes,family,StableAudio,StableAudio,59,35,0.8651331719128329
fixed_fusion,echoes__without_Suno,echoes,family,Suno,Suno,59,68,0.894690927218345
fixed_fusion,echoes__without_Suno,echoes,family,Udio,Udio,59,68,0.8774925224327019
fixed_fusion,echoes__without_Suno,echoes,generator,AceStep,acestep,59,57,0.9964317573595005
fixed_fusion,echoes__without_Suno,echoes,generator,AudioLDM,audioldm,59,115,0.999852616064849
fixed_fusion,echoes__without_Suno,echoes,generator,Brev,brev,59,68,0.9148803589232303
fixed_fusion,echoes__without_Suno,echoes,generator,DiffRhythm,diffrhythm,59,120,0.9980932203389831
fixed_fusion,echoes__without_Suno,echoes,generator,Mubert,mubert,59,32,0.4819915254237288
fixed_fusion,echoes__without_Suno,echoes,generator,Producer,producer,59,68,0.980309072781655
fixed_fusion,echoes__without_Suno,echoes,generator,SongGen,songgen,59,111,0.9934341120781799
fixed_fusion,echoes__without_Suno,echoes,generator,StableAudio,stableaudio,59,35,0.8651331719128329
fixed_fusion,echoes__without_Suno,echoes,generator,Suno,suno,59,68,0.894690927218345
fixed_fusion,echoes__without_Suno,echoes,generator,Udio,udio,59,68,0.8774925224327019
fixed_fusion,echoes__count_control_Suno,echoes,family,AceStep,AceStep,59,57,0.9991079393398751
fixed_fusion,echoes__count_control_Suno,echoes,family,AudioLDM,AudioLDM,59,115,1.0
fixed_fusion,echoes__count_control_Suno,echoes,family,Brev,Brev,59,68,0.9510219341974078
fixed_fusion,echoes__count_control_Suno,echoes,family,DiffRhythm,DiffRhythm,59,120,0.9990112994350283
fixed_fusion,echoes__count_control_Suno,echoes,family,Mubert,Mubert,59,32,0.5047669491525424
fixed_fusion,echoes__count_control_Suno,echoes,family,Producer,Producer,59,68,0.9867896311066799
fixed_fusion,echoes__count_control_Suno,echoes,family,SongGen,SongGen,59,111,0.9963353183692167
fixed_fusion,echoes__count_control_Suno,echoes,family,StableAudio,StableAudio,59,35,0.8430992736077482
fixed_fusion,echoes__count_control_Suno,echoes,family,Suno,Suno,59,68,0.9346959122632104
fixed_fusion,echoes__count_control_Suno,echoes,family,Udio,Udio,59,68,0.843344965104686
fixed_fusion,echoes__count_control_Suno,echoes,generator,AceStep,acestep,59,57,0.9991079393398751
fixed_fusion,echoes__count_control_Suno,echoes,generator,AudioLDM,audioldm,59,115,1.0
fixed_fusion,echoes__count_control_Suno,echoes,generator,Brev,brev,59,68,0.9510219341974078
fixed_fusion,echoes__count_control_Suno,echoes,generator,DiffRhythm,diffrhythm,59,120,0.9990112994350283
fixed_fusion,echoes__count_control_Suno,echoes,generator,Mubert,mubert,59,32,0.5047669491525424
fixed_fusion,echoes__count_control_Suno,echoes,generator,Producer,producer,59,68,0.9867896311066799
fixed_fusion,echoes__count_control_Suno,echoes,generator,SongGen,songgen,59,111,0.9963353183692167
fixed_fusion,echoes__count_control_Suno,echoes,generator,StableAudio,stableaudio,59,35,0.8430992736077482
fixed_fusion,echoes__count_control_Suno,echoes,generator,Suno,suno,59,68,0.9346959122632104
fixed_fusion,echoes__count_control_Suno,echoes,generator,Udio,udio,59,68,0.843344965104686
fixed_fusion,echoes__without_Udio,echoes,family,AceStep,AceStep,59,57,1.0
fixed_fusion,echoes__without_Udio,echoes,family,AudioLDM,AudioLDM,59,115,1.0
fixed_fusion,echoes__without_Udio,echoes,family,Brev,Brev,59,68,0.9835493519441675
fixed_fusion,echoes__without_Udio,echoes,family,DiffRhythm,DiffRhythm,59,120,1.0
fixed_fusion,echoes__without_Udio,echoes,family,Mubert,Mubert,59,32,0.5905720338983051
fixed_fusion,echoes__without_Udio,echoes,family,Producer,Producer,59,68,0.993270189431705
fixed_fusion,echoes__without_Udio,echoes,family,SongGen,SongGen,59,111,0.9972514887769125
fixed_fusion,echoes__without_Udio,echoes,family,StableAudio,StableAudio,59,35,0.9041162227602906
fixed_fusion,echoes__without_Udio,echoes,family,Suno,Suno,59,68,0.9675972083748754
fixed_fusion,echoes__without_Udio,echoes,family,Udio,Udio,59,68,0.6389581256231306
fixed_fusion,echoes__without_Udio,echoes,generator,AceStep,acestep,59,57,1.0
fixed_fusion,echoes__without_Udio,echoes,generator,AudioLDM,audioldm,59,115,1.0
fixed_fusion,echoes__without_Udio,echoes,generator,Brev,brev,59,68,0.9835493519441675
fixed_fusion,echoes__without_Udio,echoes,generator,DiffRhythm,diffrhythm,59,120,1.0
fixed_fusion,echoes__without_Udio,echoes,generator,Mubert,mubert,59,32,0.5905720338983051
fixed_fusion,echoes__without_Udio,echoes,generator,Producer,producer,59,68,0.993270189431705
fixed_fusion,echoes__without_Udio,echoes,generator,SongGen,songgen,59,111,0.9972514887769125
fixed_fusion,echoes__without_Udio,echoes,generator,StableAudio,stableaudio,59,35,0.9041162227602906
fixed_fusion,echoes__without_Udio,echoes,generator,Suno,suno,59,68,0.9675972083748754
fixed_fusion,echoes__without_Udio,echoes,generator,Udio,udio,59,68,0.6389581256231306
fixed_fusion,echoes__count_control_Udio,echoes,family,AceStep,AceStep,59,57,0.9991079393398752
fixed_fusion,echoes__count_control_Udio,echoes,family,AudioLDM,AudioLDM,59,115,1.0
fixed_fusion,echoes__count_control_Udio,echoes,family,Brev,Brev,59,68,0.9589980059820539
fixed_fusion,echoes__count_control_Udio,echoes,family,DiffRhythm,DiffRhythm,59,120,0.9992937853107344
fixed_fusion,echoes__count_control_Udio,echoes,family,Mubert,Mubert,59,32,0.5479343220338984
fixed_fusion,echoes__count_control_Udio,echoes,family,Producer,Producer,59,68,0.9879112662013958
fixed_fusion,echoes__count_control_Udio,echoes,family,SongGen,SongGen,59,111,0.9979386165826843
fixed_fusion,echoes__count_control_Udio,echoes,family,StableAudio,StableAudio,59,35,0.8939467312348668
fixed_fusion,echoes__count_control_Udio,echoes,family,Suno,Suno,59,68,0.9436689930209373
fixed_fusion,echoes__count_control_Udio,echoes,family,Udio,Udio,59,68,0.8646560319042871
fixed_fusion,echoes__count_control_Udio,echoes,generator,AceStep,acestep,59,57,0.9991079393398752
fixed_fusion,echoes__count_control_Udio,echoes,generator,AudioLDM,audioldm,59,115,1.0
fixed_fusion,echoes__count_control_Udio,echoes,generator,Brev,brev,59,68,0.9589980059820539
fixed_fusion,echoes__count_control_Udio,echoes,generator,DiffRhythm,diffrhythm,59,120,0.9992937853107344
fixed_fusion,echoes__count_control_Udio,echoes,generator,Mubert,mubert,59,32,0.5479343220338984
fixed_fusion,echoes__count_control_Udio,echoes,generator,Producer,producer,59,68,0.9879112662013958
fixed_fusion,echoes__count_control_Udio,echoes,generator,SongGen,songgen,59,111,0.9979386165826843
fixed_fusion,echoes__count_control_Udio,echoes,generator,StableAudio,stableaudio,59,35,0.8939467312348668
fixed_fusion,echoes__count_control_Udio,echoes,generator,Suno,suno,59,68,0.9436689930209373
fixed_fusion,echoes__count_control_Udio,echoes,generator,Udio,udio,59,68,0.8646560319042871
fixed_fusion,fakemusiccaps__without_MusicGen,fakemusiccaps,family,AudioLDM,AudioLDM,1102,1104,0.9805779675951499
fixed_fusion,fakemusiccaps__without_MusicGen,fakemusiccaps,family,MusicGen,MusicGen,1102,1104,0.986604148583603
fixed_fusion,fakemusiccaps__without_MusicGen,fakemusiccaps,family,MusicLDM,MusicLDM,1102,1104,0.9592354316262921
fixed_fusion,fakemusiccaps__without_MusicGen,fakemusiccaps,family,Mustango,Mustango,1102,1104,0.9899515702674978
fixed_fusion,fakemusiccaps__without_MusicGen,fakemusiccaps,family,StableAudio,StableAudio,1102,1104,0.9801004103211552
fixed_fusion,fakemusiccaps__without_MusicGen,fakemusiccaps,generator,AudioLDM,audioldm2,1102,1104,0.9805779675951499
fixed_fusion,fakemusiccaps__without_MusicGen,fakemusiccaps,generator,MusicGen,MusicGen_medium,1102,1104,0.986604148583603
fixed_fusion,fakemusiccaps__without_MusicGen,fakemusiccaps,generator,MusicLDM,musicldm,1102,1104,0.9592354316262921
fixed_fusion,fakemusiccaps__without_MusicGen,fakemusiccaps,generator,Mustango,mustango,1102,1104,0.9899515702674978
fixed_fusion,fakemusiccaps__without_MusicGen,fakemusiccaps,generator,StableAudio,stable_audio_open,1102,1104,0.9801004103211552
fixed_fusion,fakemusiccaps__count_control_MusicGen,fakemusiccaps,family,AudioLDM,AudioLDM,1102,1104,0.9792628356874195
fixed_fusion,fakemusiccaps__count_control_MusicGen,fakemusiccaps,family,MusicGen,MusicGen,1102,1104,0.9926858116994135
fixed_fusion,fakemusiccaps__count_control_MusicGen,fakemusiccaps,family,MusicLDM,MusicLDM,1102,1104,0.9632465839448696
fixed_fusion,fakemusiccaps__count_control_MusicGen,fakemusiccaps,family,Mustango,Mustango,1102,1104,0.9889245344433046
fixed_fusion,fakemusiccaps__count_control_MusicGen,fakemusiccaps,family,StableAudio,StableAudio,1102,1104,0.9790873477734817
fixed_fusion,fakemusiccaps__count_control_MusicGen,fakemusiccaps,generator,AudioLDM,audioldm2,1102,1104,0.9792628356874195
fixed_fusion,fakemusiccaps__count_control_MusicGen,fakemusiccaps,generator,MusicGen,MusicGen_medium,1102,1104,0.9926858116994135
fixed_fusion,fakemusiccaps__count_control_MusicGen,fakemusiccaps,generator,MusicLDM,musicldm,1102,1104,0.9632465839448696
fixed_fusion,fakemusiccaps__count_control_MusicGen,fakemusiccaps,generator,Mustango,mustango,1102,1104,0.9889245344433046
fixed_fusion,fakemusiccaps__count_control_MusicGen,fakemusiccaps,generator,StableAudio,stable_audio_open,1102,1104,0.9790873477734817
fixed_fusion,artifactbench__without_StableAudio,artifactbench,family,DiffRhythm,DiffRhythm,860,100,0.9946395348837209
fixed_fusion,artifactbench__without_StableAudio,artifactbench,family,MusicGen,MusicGen,860,90,0.9976744186046512
fixed_fusion,artifactbench__without_StableAudio,artifactbench,family,Riffusion,Riffusion,860,130,0.9099150268336316
fixed_fusion,artifactbench__without_StableAudio,artifactbench,family,StableAudio,StableAudio,860,100,0.9938372093023256
fixed_fusion,artifactbench__without_StableAudio,artifactbench,family,Suno,Suno,860,479,0.9863948633296111
fixed_fusion,artifactbench__without_StableAudio,artifactbench,family,Udio,Udio,860,405,0.9532830892908413
fixed_fusion,artifactbench__without_StableAudio,artifactbench,family,Yue,Yue,860,100,0.9994651162790698
fixed_fusion,artifactbench__without_StableAudio,artifactbench,generator,DiffRhythm,DiffRhythm,860,100,0.9946395348837209
fixed_fusion,artifactbench__without_StableAudio,artifactbench,generator,MusicGen,MusicGen Large,860,30,1.0
fixed_fusion,artifactbench__without_StableAudio,artifactbench,generator,MusicGen,MusicGen Medium,860,30,1.0
fixed_fusion,artifactbench__without_StableAudio,artifactbench,generator,MusicGen,MusicGen Small,860,30,0.9930232558139536
fixed_fusion,artifactbench__without_StableAudio,artifactbench,generator,Riffusion,Riffusion,860,100,0.9494418604651164
fixed_fusion,artifactbench__without_StableAudio,artifactbench,generator,Riffusion,Riffusion (AIME),860,30,0.7781589147286823
fixed_fusion,artifactbench__without_StableAudio,artifactbench,generator,StableAudio,Stable Audio v1,860,50,0.993732558139535
fixed_fusion,artifactbench__without_StableAudio,artifactbench,generator,StableAudio,Stable Audio v2,860,50,0.9939418604651162
fixed_fusion,artifactbench__without_StableAudio,artifactbench,generator,Suno,Google Chirp v2 XXL,860,80,1.0
fixed_fusion,artifactbench__without_StableAudio,artifactbench,generator,Suno,Google Chirp v3,860,80,1.0
fixed_fusion,artifactbench__without_StableAudio,artifactbench,generator,Suno,Google Chirp v3.5,860,80,0.9999854651162791
fixed_fusion,artifactbench__without_StableAudio,artifactbench,generator,Suno,Suno (mixed),860,80,0.9847165697674419
fixed_fusion,artifactbench__without_StableAudio,artifactbench,generator,Suno,Suno v3,860,30,0.9989147286821705
fixed_fusion,artifactbench__without_StableAudio,artifactbench,generator,Suno,Suno v3.5,860,29,0.9999799518845228
fixed_fusion,artifactbench__without_StableAudio,artifactbench,generator,Suno,Suno v4,860,100,0.9474011627906976
fixed_fusion,artifactbench__without_StableAudio,artifactbench,generator,Udio,Udio,860,100,0.9544593023255814
fixed_fusion,artifactbench__without_StableAudio,artifactbench,generator,Udio,Udio (AIME),860,30,0.9663372093023256
fixed_fusion,artifactbench__without_StableAudio,artifactbench,generator,Udio,Udio (SONICS 120s),860,80,0.9999418604651162
fixed_fusion,artifactbench__without_StableAudio,artifactbench,generator,Udio,Udio (SONICS 30s),860,80,0.9909520348837209
fixed_fusion,artifactbench__without_StableAudio,artifactbench,generator,Udio,Udio (mixed),860,80,0.8869258720930232
fixed_fusion,artifactbench__without_StableAudio,artifactbench,generator,Udio,Udio CDN,860,18,0.8587532299741601
fixed_fusion,artifactbench__without_StableAudio,artifactbench,generator,Udio,Udio CDN Latest,860,17,0.9388508891928864
fixed_fusion,artifactbench__without_StableAudio,artifactbench,generator,Yue,Yue,860,100,0.9994651162790698
fixed_fusion,artifactbench__count_control_StableAudio,artifactbench,family,DiffRhythm,DiffRhythm,860,100,0.9990755813953488
fixed_fusion,artifactbench__count_control_StableAudio,artifactbench,family,MusicGen,MusicGen,860,90,0.9993152454780362
fixed_fusion,artifactbench__count_control_StableAudio,artifactbench,family,Riffusion,Riffusion,860,130,0.9366055456171736
fixed_fusion,artifactbench__count_control_StableAudio,artifactbench,family,StableAudio,StableAudio,860,100,0.9982267441860465
fixed_fusion,artifactbench__count_control_StableAudio,artifactbench,family,Suno,Suno,860,479,0.9876802446958295
fixed_fusion,artifactbench__count_control_StableAudio,artifactbench,family,Udio,Udio,860,405,0.9536922193511341
fixed_fusion,artifactbench__count_control_StableAudio,artifactbench,family,Yue,Yue,860,100,0.9992267441860465
fixed_fusion,artifactbench__count_control_StableAudio,artifactbench,generator,DiffRhythm,DiffRhythm,860,100,0.9990755813953488
fixed_fusion,artifactbench__count_control_StableAudio,artifactbench,generator,MusicGen,MusicGen Large,860,30,0.999922480620155
fixed_fusion,artifactbench__count_control_StableAudio,artifactbench,generator,MusicGen,MusicGen Medium,860,30,1.0
fixed_fusion,artifactbench__count_control_StableAudio,artifactbench,generator,MusicGen,MusicGen Small,860,30,0.9980232558139535
fixed_fusion,artifactbench__count_control_StableAudio,artifactbench,generator,Riffusion,Riffusion,860,100,0.9809418604651163
fixed_fusion,artifactbench__count_control_StableAudio,artifactbench,generator,Riffusion,Riffusion (AIME),860,30,0.7888178294573643
fixed_fusion,artifactbench__count_control_StableAudio,artifactbench,generator,StableAudio,Stable Audio v1,860,50,0.9988139534883721
fixed_fusion,artifactbench__count_control_StableAudio,artifactbench,generator,StableAudio,Stable Audio v2,860,50,0.9976395348837209
fixed_fusion,artifactbench__count_control_StableAudio,artifactbench,generator,Suno,Google Chirp v2 XXL,860,80,1.0
fixed_fusion,artifactbench__count_control_StableAudio,artifactbench,generator,Suno,Google Chirp v3,860,80,1.0
fixed_fusion,artifactbench__count_control_StableAudio,artifactbench,generator,Suno,Google Chirp v3.5,860,80,1.0
fixed_fusion,artifactbench__count_control_StableAudio,artifactbench,generator,Suno,Suno (mixed),860,80,0.9855305232558139
fixed_fusion,artifactbench__count_control_StableAudio,artifactbench,generator,Suno,Suno v3,860,30,0.9994961240310077
fixed_fusion,artifactbench__count_control_StableAudio,artifactbench,generator,Suno,Suno v3.5,860,29,0.9998797113071372
fixed_fusion,artifactbench__count_control_StableAudio,artifactbench,generator,Suno,Suno v4,860,100,0.9527500000000001
fixed_fusion,artifactbench__count_control_StableAudio,artifactbench,generator,Udio,Udio,860,100,0.9533546511627907
fixed_fusion,artifactbench__count_control_StableAudio,artifactbench,generator,Udio,Udio (AIME),860,30,0.9623062015503875
fixed_fusion,artifactbench__count_control_StableAudio,artifactbench,generator,Udio,Udio (SONICS 120s),860,80,0.9999418604651162
fixed_fusion,artifactbench__count_control_StableAudio,artifactbench,generator,Udio,Udio (SONICS 30s),860,80,0.9964098837209302
fixed_fusion,artifactbench__count_control_StableAudio,artifactbench,generator,Udio,Udio (mixed),860,80,0.8819404069767443
fixed_fusion,artifactbench__count_control_StableAudio,artifactbench,generator,Udio,Udio CDN,860,18,0.8879198966408269
fixed_fusion,artifactbench__count_control_StableAudio,artifactbench,generator,Udio,Udio CDN Latest,860,17,0.9291039671682626
fixed_fusion,artifactbench__count_control_StableAudio,artifactbench,generator,Yue,Yue,860,100,0.9992267441860465
fixed_fusion,artifactbench__without_DiffRhythm,artifactbench,family,DiffRhythm,DiffRhythm,860,100,0.9988837209302326
fixed_fusion,artifactbench__without_DiffRhythm,artifactbench,family,MusicGen,MusicGen,860,90,0.999328165374677
fixed_fusion,artifactbench__without_DiffRhythm,artifactbench,family,Riffusion,Riffusion,860,130,0.9430590339892666
fixed_fusion,artifactbench__without_DiffRhythm,artifactbench,family,StableAudio,StableAudio,860,100,0.99825
fixed_fusion,artifactbench__without_DiffRhythm,artifactbench,family,Suno,Suno,860,479,0.9864664757003447
fixed_fusion,artifactbench__without_DiffRhythm,artifactbench,family,Udio,Udio,860,405,0.9507493540051679
fixed_fusion,artifactbench__without_DiffRhythm,artifactbench,family,Yue,Yue,860,100,0.9992383720930232
fixed_fusion,artifactbench__without_DiffRhythm,artifactbench,generator,DiffRhythm,DiffRhythm,860,100,0.9988837209302326
fixed_fusion,artifactbench__without_DiffRhythm,artifactbench,generator,MusicGen,MusicGen Large,860,30,1.0
fixed_fusion,artifactbench__without_DiffRhythm,artifactbench,generator,MusicGen,MusicGen Medium,860,30,1.0
fixed_fusion,artifactbench__without_DiffRhythm,artifactbench,generator,MusicGen,MusicGen Small,860,30,0.997984496124031
fixed_fusion,artifactbench__without_DiffRhythm,artifactbench,generator,Riffusion,Riffusion,860,100,0.9799709302325582
fixed_fusion,artifactbench__without_DiffRhythm,artifactbench,generator,Riffusion,Riffusion (AIME),860,30,0.8200193798449613
fixed_fusion,artifactbench__without_DiffRhythm,artifactbench,generator,StableAudio,Stable Audio v1,860,50,0.9988720930232559
fixed_fusion,artifactbench__without_DiffRhythm,artifactbench,generator,StableAudio,Stable Audio v2,860,50,0.9976279069767443
fixed_fusion,artifactbench__without_DiffRhythm,artifactbench,generator,Suno,Google Chirp v2 XXL,860,80,1.0
fixed_fusion,artifactbench__without_DiffRhythm,artifactbench,generator,Suno,Google Chirp v3,860,80,1.0
fixed_fusion,artifactbench__without_DiffRhythm,artifactbench,generator,Suno,Google Chirp v3.5,860,80,1.0
fixed_fusion,artifactbench__without_DiffRhythm,artifactbench,generator,Suno,Suno (mixed),860,80,0.9846293604651162
fixed_fusion,artifactbench__without_DiffRhythm,artifactbench,generator,Suno,Suno v3,860,30,0.9994961240310077
fixed_fusion,artifactbench__without_DiffRhythm,artifactbench,generator,Suno,Suno v3.5,860,29,0.9997995188452284
fixed_fusion,artifactbench__without_DiffRhythm,artifactbench,generator,Suno,Suno v4,860,100,0.9476802325581396
fixed_fusion,artifactbench__without_DiffRhythm,artifactbench,generator,Udio,Udio,860,100,0.9472790697674418
fixed_fusion,artifactbench__without_DiffRhythm,artifactbench,generator,Udio,Udio (AIME),860,30,0.9623062015503876
fixed_fusion,artifactbench__without_DiffRhythm,artifactbench,generator,Udio,Udio (SONICS 120s),860,80,0.9999273255813953
fixed_fusion,artifactbench__without_DiffRhythm,artifactbench,generator,Udio,Udio (SONICS 30s),860,80,0.9961845930232558
fixed_fusion,artifactbench__without_DiffRhythm,artifactbench,generator,Udio,Udio (mixed),860,80,0.8780886627906976
fixed_fusion,artifactbench__without_DiffRhythm,artifactbench,generator,Udio,Udio CDN,860,18,0.8729974160206718
fixed_fusion,artifactbench__without_DiffRhythm,artifactbench,generator,Udio,Udio CDN Latest,860,17,0.9297879616963064
fixed_fusion,artifactbench__without_DiffRhythm,artifactbench,generator,Yue,Yue,860,100,0.9992383720930232
fixed_fusion,artifactbench__count_control_DiffRhythm,artifactbench,family,DiffRhythm,DiffRhythm,860,100,0.9993139534883722
fixed_fusion,artifactbench__count_control_DiffRhythm,artifactbench,family,MusicGen,MusicGen,860,90,0.9993992248062015
fixed_fusion,artifactbench__count_control_DiffRhythm,artifactbench,family,Riffusion,Riffusion,860,130,0.9405769230769231
fixed_fusion,artifactbench__count_control_DiffRhythm,artifactbench,family,StableAudio,StableAudio,860,100,0.9988662790697674
fixed_fusion,artifactbench__count_control_DiffRhythm,artifactbench,family,Suno,Suno,860,479,0.9864300626304803
fixed_fusion,artifactbench__count_control_DiffRhythm,artifactbench,family,Udio,Udio,860,405,0.9488415159345392
fixed_fusion,artifactbench__count_control_DiffRhythm,artifactbench,family,Yue,Yue,860,100,0.9993081395348837
fixed_fusion,artifactbench__count_control_DiffRhythm,artifactbench,generator,DiffRhythm,DiffRhythm,860,100,0.9993139534883722
fixed_fusion,artifactbench__count_control_DiffRhythm,artifactbench,generator,MusicGen,MusicGen Large,860,30,0.9998837209302326
fixed_fusion,artifactbench__count_control_DiffRhythm,artifactbench,generator,MusicGen,MusicGen Medium,860,30,1.0
fixed_fusion,artifactbench__count_control_DiffRhythm,artifactbench,generator,MusicGen,MusicGen Small,860,30,0.998313953488372
fixed_fusion,artifactbench__count_control_DiffRhythm,artifactbench,generator,Riffusion,Riffusion,860,100,0.9829302325581396
fixed_fusion,artifactbench__count_control_DiffRhythm,artifactbench,generator,Riffusion,Riffusion (AIME),860,30,0.7993992248062015
fixed_fusion,artifactbench__count_control_DiffRhythm,artifactbench,generator,StableAudio,Stable Audio v1,860,50,0.9993372093023255
fixed_fusion,artifactbench__count_control_DiffRhythm,artifactbench,generator,StableAudio,Stable Audio v2,860,50,0.9983953488372094
fixed_fusion,artifactbench__count_control_DiffRhythm,artifactbench,generator,Suno,Google Chirp v2 XXL,860,80,0.9999999999999999
fixed_fusion,artifactbench__count_control_DiffRhythm,artifactbench,generator,Suno,Google Chirp v3,860,80,1.0
fixed_fusion,artifactbench__count_control_DiffRhythm,artifactbench,generator,Suno,Google Chirp v3.5,860,80,1.0
fixed_fusion,artifactbench__count_control_DiffRhythm,artifactbench,generator,Suno,Suno (mixed),860,80,0.9863880813953488
fixed_fusion,artifactbench__count_control_DiffRhythm,artifactbench,generator,Suno,Suno v3,860,30,0.9997674418604651
fixed_fusion,artifactbench__count_control_DiffRhythm,artifactbench,generator,Suno,Suno v3.5,860,29,0.9999198075380915
fixed_fusion,artifactbench__count_control_DiffRhythm,artifactbench,generator,Suno,Suno v4,860,100,0.9459825581395349
fixed_fusion,artifactbench__count_control_DiffRhythm,artifactbench,generator,Udio,Udio,860,100,0.9450755813953489
fixed_fusion,artifactbench__count_control_DiffRhythm,artifactbench,generator,Udio,Udio (AIME),860,30,0.9615310077519379
fixed_fusion,artifactbench__count_control_DiffRhythm,artifactbench,generator,Udio,Udio (SONICS 120s),860,80,0.9999127906976744
fixed_fusion,artifactbench__count_control_DiffRhythm,artifactbench,generator,Udio,Udio (SONICS 30s),860,80,0.9961627906976744
fixed_fusion,artifactbench__count_control_DiffRhythm,artifactbench,generator,Udio,Udio (mixed),860,80,0.8735392441860466
fixed_fusion,artifactbench__count_control_DiffRhythm,artifactbench,generator,Udio,Udio CDN,860,18,0.8593992248062015
fixed_fusion,artifactbench__count_control_DiffRhythm,artifactbench,generator,Udio,Udio CDN Latest,860,17,0.9346443228454172
fixed_fusion,artifactbench__count_control_DiffRhythm,artifactbench,generator,Yue,Yue,860,100,0.9993081395348837
fixed_fusion,echoes__without_StableAudio,echoes,family,AceStep,AceStep,59,57,0.9818614332441273
fixed_fusion,echoes__without_StableAudio,echoes,family,AudioLDM,AudioLDM,59,115,1.0
fixed_fusion,echoes__without_StableAudio,echoes,family,Brev,Brev,59,68,0.9715852442671984
fixed_fusion,echoes__without_StableAudio,echoes,family,DiffRhythm,DiffRhythm,59,120,0.9971751412429378
fixed_fusion,echoes__without_StableAudio,echoes,family,Mubert,Mubert,59,32,0.4854343220338983
fixed_fusion,echoes__without_StableAudio,echoes,family,Producer,Producer,59,68,0.9759471585244266
fixed_fusion,echoes__without_StableAudio,echoes,family,SongGen,SongGen,59,111,0.9989311345243549
fixed_fusion,echoes__without_StableAudio,echoes,family,StableAudio,StableAudio,59,35,0.8382566585956417
fixed_fusion,echoes__without_StableAudio,echoes,family,Suno,Suno,59,68,0.964606181455633
fixed_fusion,echoes__without_StableAudio,echoes,family,Udio,Udio,59,68,0.8852193419740777
fixed_fusion,echoes__without_StableAudio,echoes,generator,AceStep,acestep,59,57,0.9818614332441273
fixed_fusion,echoes__without_StableAudio,echoes,generator,AudioLDM,audioldm,59,115,1.0
fixed_fusion,echoes__without_StableAudio,echoes,generator,Brev,brev,59,68,0.9715852442671984
fixed_fusion,echoes__without_StableAudio,echoes,generator,DiffRhythm,diffrhythm,59,120,0.9971751412429378
fixed_fusion,echoes__without_StableAudio,echoes,generator,Mubert,mubert,59,32,0.4854343220338983
fixed_fusion,echoes__without_StableAudio,echoes,generator,Producer,producer,59,68,0.9759471585244266
fixed_fusion,echoes__without_StableAudio,echoes,generator,SongGen,songgen,59,111,0.9989311345243549
fixed_fusion,echoes__without_StableAudio,echoes,generator,StableAudio,stableaudio,59,35,0.8382566585956417
fixed_fusion,echoes__without_StableAudio,echoes,generator,Suno,suno,59,68,0.964606181455633
fixed_fusion,echoes__without_StableAudio,echoes,generator,Udio,udio,59,68,0.8852193419740777
fixed_fusion,echoes__count_control_StableAudio,echoes,family,AceStep,AceStep,59,57,0.9991079393398751
fixed_fusion,echoes__count_control_StableAudio,echoes,family,AudioLDM,AudioLDM,59,115,1.0
fixed_fusion,echoes__count_control_StableAudio,echoes,family,Brev,Brev,59,68,0.9679710867397806
fixed_fusion,echoes__count_control_StableAudio,echoes,family,DiffRhythm,DiffRhythm,59,120,0.9994350282485875
fixed_fusion,echoes__count_control_StableAudio,echoes,family,Mubert,Mubert,59,32,0.5222457627118644
fixed_fusion,echoes__count_control_StableAudio,echoes,family,Producer,Producer,59,68,0.9902791625124626
fixed_fusion,echoes__count_control_StableAudio,echoes,family,SongGen,SongGen,59,111,0.9993892197282028
fixed_fusion,echoes__count_control_StableAudio,echoes,family,StableAudio,StableAudio,59,35,0.888135593220339
fixed_fusion,echoes__count_control_StableAudio,echoes,family,Suno,Suno,59,68,0.9538883349950149
fixed_fusion,echoes__count_control_StableAudio,echoes,family,Udio,Udio,59,68,0.8601694915254237
fixed_fusion,echoes__count_control_StableAudio,echoes,generator,AceStep,acestep,59,57,0.9991079393398751
fixed_fusion,echoes__count_control_StableAudio,echoes,generator,AudioLDM,audioldm,59,115,1.0
fixed_fusion,echoes__count_control_StableAudio,echoes,generator,Brev,brev,59,68,0.9679710867397806
fixed_fusion,echoes__count_control_StableAudio,echoes,generator,DiffRhythm,diffrhythm,59,120,0.9994350282485875
fixed_fusion,echoes__count_control_StableAudio,echoes,generator,Mubert,mubert,59,32,0.5222457627118644
fixed_fusion,echoes__count_control_StableAudio,echoes,generator,Producer,producer,59,68,0.9902791625124626
fixed_fusion,echoes__count_control_StableAudio,echoes,generator,SongGen,songgen,59,111,0.9993892197282028
fixed_fusion,echoes__count_control_StableAudio,echoes,generator,StableAudio,stableaudio,59,35,0.888135593220339
fixed_fusion,echoes__count_control_StableAudio,echoes,generator,Suno,suno,59,68,0.9538883349950149
fixed_fusion,echoes__count_control_StableAudio,echoes,generator,Udio,udio,59,68,0.8601694915254237
fixed_fusion,echoes__without_AudioLDM,echoes,family,AceStep,AceStep,59,57,0.9994052928932501
fixed_fusion,echoes__without_AudioLDM,echoes,family,AudioLDM,AudioLDM,59,115,0.9995578481945468
fixed_fusion,echoes__without_AudioLDM,echoes,family,Brev,Brev,59,68,0.9556331006979063
fixed_fusion,echoes__without_AudioLDM,echoes,family,DiffRhythm,DiffRhythm,59,120,0.9994350282485877
fixed_fusion,echoes__without_AudioLDM,echoes,family,Mubert,Mubert,59,32,0.4713983050847458
fixed_fusion,echoes__without_AudioLDM,echoes,family,Producer,Producer,59,68,0.9855433698903291
fixed_fusion,echoes__without_AudioLDM,echoes,family,SongGen,SongGen,59,111,0.9972514887769125
fixed_fusion,echoes__without_AudioLDM,echoes,family,StableAudio,StableAudio,59,35,0.8506053268765134
fixed_fusion,echoes__without_AudioLDM,echoes,family,Suno,Suno,59,68,0.940677966101695
fixed_fusion,echoes__without_AudioLDM,echoes,family,Udio,Udio,59,68,0.8342472582253241
fixed_fusion,echoes__without_AudioLDM,echoes,generator,AceStep,acestep,59,57,0.9994052928932501
fixed_fusion,echoes__without_AudioLDM,echoes,generator,AudioLDM,audioldm,59,115,0.9995578481945468
fixed_fusion,echoes__without_AudioLDM,echoes,generator,Brev,brev,59,68,0.9556331006979063
fixed_fusion,echoes__without_AudioLDM,echoes,generator,DiffRhythm,diffrhythm,59,120,0.9994350282485877
fixed_fusion,echoes__without_AudioLDM,echoes,generator,Mubert,mubert,59,32,0.4713983050847458
fixed_fusion,echoes__without_AudioLDM,echoes,generator,Producer,producer,59,68,0.9855433698903291
fixed_fusion,echoes__without_AudioLDM,echoes,generator,SongGen,songgen,59,111,0.9972514887769125
fixed_fusion,echoes__without_AudioLDM,echoes,generator,StableAudio,stableaudio,59,35,0.8506053268765134
fixed_fusion,echoes__without_AudioLDM,echoes,generator,Suno,suno,59,68,0.940677966101695
fixed_fusion,echoes__without_AudioLDM,echoes,generator,Udio,udio,59,68,0.8342472582253241
fixed_fusion,echoes__count_control_AudioLDM,echoes,family,AceStep,AceStep,59,57,0.9994052928932501
fixed_fusion,echoes__count_control_AudioLDM,echoes,family,AudioLDM,AudioLDM,59,115,1.0
fixed_fusion,echoes__count_control_AudioLDM,echoes,family,Brev,Brev,59,68,0.9648554336989033
fixed_fusion,echoes__count_control_AudioLDM,echoes,family,DiffRhythm,DiffRhythm,59,120,0.9988700564971751
fixed_fusion,echoes__count_control_AudioLDM,echoes,family,Mubert,Mubert,59,32,0.5002648305084746
fixed_fusion,echoes__count_control_AudioLDM,echoes,family,Producer,Producer,59,68,0.9885343968095712
fixed_fusion,echoes__count_control_AudioLDM,echoes,family,SongGen,SongGen,59,111,0.9958772331653688
fixed_fusion,echoes__count_control_AudioLDM,echoes,family,StableAudio,StableAudio,59,35,0.8556900726392251
fixed_fusion,echoes__count_control_AudioLDM,echoes,family,Suno,Suno,59,68,0.9431704885343968
fixed_fusion,echoes__count_control_AudioLDM,echoes,family,Udio,Udio,59,68,0.8680209371884346
fixed_fusion,echoes__count_control_AudioLDM,echoes,generator,AceStep,acestep,59,57,0.9994052928932501
fixed_fusion,echoes__count_control_AudioLDM,echoes,generator,AudioLDM,audioldm,59,115,1.0
fixed_fusion,echoes__count_control_AudioLDM,echoes,generator,Brev,brev,59,68,0.9648554336989033
fixed_fusion,echoes__count_control_AudioLDM,echoes,generator,DiffRhythm,diffrhythm,59,120,0.9988700564971751
fixed_fusion,echoes__count_control_AudioLDM,echoes,generator,Mubert,mubert,59,32,0.5002648305084746
fixed_fusion,echoes__count_control_AudioLDM,echoes,generator,Producer,producer,59,68,0.9885343968095712
fixed_fusion,echoes__count_control_AudioLDM,echoes,generator,SongGen,songgen,59,111,0.9958772331653688
fixed_fusion,echoes__count_control_AudioLDM,echoes,generator,StableAudio,stableaudio,59,35,0.8556900726392251
fixed_fusion,echoes__count_control_AudioLDM,echoes,generator,Suno,suno,59,68,0.9431704885343968
fixed_fusion,echoes__count_control_AudioLDM,echoes,generator,Udio,udio,59,68,0.8680209371884346
fixed_fusion,echoes__without_DiffRhythm,echoes,family,AceStep,AceStep,59,57,0.9982158786797503
fixed_fusion,echoes__without_DiffRhythm,echoes,family,AudioLDM,AudioLDM,59,115,1.0
fixed_fusion,echoes__without_DiffRhythm,echoes,family,Brev,Brev,59,68,0.9545114656031904
fixed_fusion,echoes__without_DiffRhythm,echoes,family,DiffRhythm,DiffRhythm,59,120,0.9990112994350283
fixed_fusion,echoes__without_DiffRhythm,echoes,family,Mubert,Mubert,59,32,0.5291313559322034
fixed_fusion,echoes__without_DiffRhythm,echoes,family,Producer,Producer,59,68,0.9884097706879362
fixed_fusion,echoes__without_DiffRhythm,echoes,family,SongGen,SongGen,59,111,0.998014964116659
fixed_fusion,echoes__without_DiffRhythm,echoes,family,StableAudio,StableAudio,59,35,0.8791767554479419
fixed_fusion,echoes__without_DiffRhythm,echoes,family,Suno,Suno,59,68,0.9401794616151545
fixed_fusion,echoes__without_DiffRhythm,echoes,family,Udio,Udio,59,68,0.8506979062811564
fixed_fusion,echoes__without_DiffRhythm,echoes,generator,AceStep,acestep,59,57,0.9982158786797503
fixed_fusion,echoes__without_DiffRhythm,echoes,generator,AudioLDM,audioldm,59,115,1.0
fixed_fusion,echoes__without_DiffRhythm,echoes,generator,Brev,brev,59,68,0.9545114656031904
fixed_fusion,echoes__without_DiffRhythm,echoes,generator,DiffRhythm,diffrhythm,59,120,0.9990112994350283
fixed_fusion,echoes__without_DiffRhythm,echoes,generator,Mubert,mubert,59,32,0.5291313559322034
fixed_fusion,echoes__without_DiffRhythm,echoes,generator,Producer,producer,59,68,0.9884097706879362
fixed_fusion,echoes__without_DiffRhythm,echoes,generator,SongGen,songgen,59,111,0.998014964116659
fixed_fusion,echoes__without_DiffRhythm,echoes,generator,StableAudio,stableaudio,59,35,0.8791767554479419
fixed_fusion,echoes__without_DiffRhythm,echoes,generator,Suno,suno,59,68,0.9401794616151545
fixed_fusion,echoes__without_DiffRhythm,echoes,generator,Udio,udio,59,68,0.8506979062811564
fixed_fusion,echoes__count_control_DiffRhythm,echoes,family,AceStep,AceStep,59,57,0.9994052928932501
fixed_fusion,echoes__count_control_DiffRhythm,echoes,family,AudioLDM,AudioLDM,59,115,1.0
fixed_fusion,echoes__count_control_DiffRhythm,echoes,family,Brev,Brev,59,68,0.9619890329012961
fixed_fusion,echoes__count_control_DiffRhythm,echoes,family,DiffRhythm,DiffRhythm,59,120,0.9992937853107345
fixed_fusion,echoes__count_control_DiffRhythm,echoes,family,Mubert,Mubert,59,32,0.4981461864406779
fixed_fusion,echoes__count_control_DiffRhythm,echoes,family,Producer,Producer,59,68,0.9880358923230309
fixed_fusion,echoes__count_control_DiffRhythm,echoes,family,SongGen,SongGen,59,111,0.9983203542525576
fixed_fusion,echoes__count_control_DiffRhythm,echoes,family,StableAudio,StableAudio,59,35,0.863680387409201
fixed_fusion,echoes__count_control_DiffRhythm,echoes,family,Suno,Suno,59,68,0.9474077766699901
fixed_fusion,echoes__count_control_DiffRhythm,echoes,family,Udio,Udio,59,68,0.8509471585244267
fixed_fusion,echoes__count_control_DiffRhythm,echoes,generator,AceStep,acestep,59,57,0.9994052928932501
fixed_fusion,echoes__count_control_DiffRhythm,echoes,generator,AudioLDM,audioldm,59,115,1.0
fixed_fusion,echoes__count_control_DiffRhythm,echoes,generator,Brev,brev,59,68,0.9619890329012961
fixed_fusion,echoes__count_control_DiffRhythm,echoes,generator,DiffRhythm,diffrhythm,59,120,0.9992937853107345
fixed_fusion,echoes__count_control_DiffRhythm,echoes,generator,Mubert,mubert,59,32,0.4981461864406779
fixed_fusion,echoes__count_control_DiffRhythm,echoes,generator,Producer,producer,59,68,0.9880358923230309
fixed_fusion,echoes__count_control_DiffRhythm,echoes,generator,SongGen,songgen,59,111,0.9983203542525576
fixed_fusion,echoes__count_control_DiffRhythm,echoes,generator,StableAudio,stableaudio,59,35,0.863680387409201
fixed_fusion,echoes__count_control_DiffRhythm,echoes,generator,Suno,suno,59,68,0.9474077766699901
fixed_fusion,echoes__count_control_DiffRhythm,echoes,generator,Udio,udio,59,68,0.8509471585244267
fixed_fusion,fakemusiccaps__without_StableAudio,fakemusiccaps,family,AudioLDM,AudioLDM,1102,1104,0.9805294721060522
fixed_fusion,fakemusiccaps__without_StableAudio,fakemusiccaps,family,MusicGen,MusicGen,1102,1104,0.9937296976511745
fixed_fusion,fakemusiccaps__without_StableAudio,fakemusiccaps,family,MusicLDM,MusicLDM,1102,1104,0.9632864488808227
fixed_fusion,fakemusiccaps__without_StableAudio,fakemusiccaps,family,Mustango,Mustango,1102,1104,0.990051438096741
fixed_fusion,fakemusiccaps__without_StableAudio,fakemusiccaps,family,StableAudio,StableAudio,1102,1104,0.971864807727715
fixed_fusion,fakemusiccaps__without_StableAudio,fakemusiccaps,generator,AudioLDM,audioldm2,1102,1104,0.9805294721060522
fixed_fusion,fakemusiccaps__without_StableAudio,fakemusiccaps,generator,MusicGen,MusicGen_medium,1102,1104,0.9937296976511745
fixed_fusion,fakemusiccaps__without_StableAudio,fakemusiccaps,generator,MusicLDM,musicldm,1102,1104,0.9632864488808227
fixed_fusion,fakemusiccaps__without_StableAudio,fakemusiccaps,generator,Mustango,mustango,1102,1104,0.990051438096741
fixed_fusion,fakemusiccaps__without_StableAudio,fakemusiccaps,generator,StableAudio,stable_audio_open,1102,1104,0.971864807727715
fixed_fusion,fakemusiccaps__count_control_StableAudio,fakemusiccaps,family,AudioLDM,AudioLDM,1102,1104,0.981711446908125
fixed_fusion,fakemusiccaps__count_control_StableAudio,fakemusiccaps,family,MusicGen,MusicGen,1102,1104,0.9939150490544202
fixed_fusion,fakemusiccaps__count_control_StableAudio,fakemusiccaps,family,MusicLDM,MusicLDM,1102,1104,0.9681791505563008
fixed_fusion,fakemusiccaps__count_control_StableAudio,fakemusiccaps,family,Mustango,Mustango,1102,1104,0.9901496620110997
fixed_fusion,fakemusiccaps__count_control_StableAudio,fakemusiccaps,family,StableAudio,StableAudio,1102,1104,0.9805561857229279
fixed_fusion,fakemusiccaps__count_control_StableAudio,fakemusiccaps,generator,AudioLDM,audioldm2,1102,1104,0.981711446908125
fixed_fusion,fakemusiccaps__count_control_StableAudio,fakemusiccaps,generator,MusicGen,MusicGen_medium,1102,1104,0.9939150490544202
fixed_fusion,fakemusiccaps__count_control_StableAudio,fakemusiccaps,generator,MusicLDM,musicldm,1102,1104,0.9681791505563008
fixed_fusion,fakemusiccaps__count_control_StableAudio,fakemusiccaps,generator,Mustango,mustango,1102,1104,0.9901496620110997
fixed_fusion,fakemusiccaps__count_control_StableAudio,fakemusiccaps,generator,StableAudio,stable_audio_open,1102,1104,0.9805561857229279
fixed_fusion,fakemusiccaps__without_AudioLDM,fakemusiccaps,family,AudioLDM,AudioLDM,1102,1104,0.972256470448986
fixed_fusion,fakemusiccaps__without_AudioLDM,fakemusiccaps,family,MusicGen,MusicGen,1102,1104,0.9938386070122833
fixed_fusion,fakemusiccaps__without_AudioLDM,fakemusiccaps,family,MusicLDM,MusicLDM,1102,1104,0.963612355006707
fixed_fusion,fakemusiccaps__without_AudioLDM,fakemusiccaps,family,Mustango,Mustango,1102,1104,0.9891382433783108
fixed_fusion,fakemusiccaps__without_AudioLDM,fakemusiccaps,family,StableAudio,StableAudio,1102,1104,0.9793959927930771
fixed_fusion,fakemusiccaps__without_AudioLDM,fakemusiccaps,generator,AudioLDM,audioldm2,1102,1104,0.972256470448986
fixed_fusion,fakemusiccaps__without_AudioLDM,fakemusiccaps,generator,MusicGen,MusicGen_medium,1102,1104,0.9938386070122833
fixed_fusion,fakemusiccaps__without_AudioLDM,fakemusiccaps,generator,MusicLDM,musicldm,1102,1104,0.963612355006707
fixed_fusion,fakemusiccaps__without_AudioLDM,fakemusiccaps,generator,Mustango,mustango,1102,1104,0.9891382433783108
fixed_fusion,fakemusiccaps__without_AudioLDM,fakemusiccaps,generator,StableAudio,stable_audio_open,1102,1104,0.9793959927930771
fixed_fusion,fakemusiccaps__count_control_AudioLDM,fakemusiccaps,family,AudioLDM,AudioLDM,1102,1104,0.9803116533838344
fixed_fusion,fakemusiccaps__count_control_AudioLDM,fakemusiccaps,family,MusicGen,MusicGen,1102,1104,0.9941373885425708
fixed_fusion,fakemusiccaps__count_control_AudioLDM,fakemusiccaps,family,MusicLDM,MusicLDM,1102,1104,0.9666864758410268
fixed_fusion,fakemusiccaps__count_control_AudioLDM,fakemusiccaps,family,Mustango,Mustango,1102,1104,0.9896334727373155
fixed_fusion,fakemusiccaps__count_control_AudioLDM,fakemusiccaps,family,StableAudio,StableAudio,1102,1104,0.9798558779820614
fixed_fusion,fakemusiccaps__count_control_AudioLDM,fakemusiccaps,generator,AudioLDM,audioldm2,1102,1104,0.9803116533838344
fixed_fusion,fakemusiccaps__count_control_AudioLDM,fakemusiccaps,generator,MusicGen,MusicGen_medium,1102,1104,0.9941373885425708
fixed_fusion,fakemusiccaps__count_control_AudioLDM,fakemusiccaps,generator,MusicLDM,musicldm,1102,1104,0.9666864758410268
fixed_fusion,fakemusiccaps__count_control_AudioLDM,fakemusiccaps,generator,Mustango,mustango,1102,1104,0.9896334727373155
fixed_fusion,fakemusiccaps__count_control_AudioLDM,fakemusiccaps,generator,StableAudio,stable_audio_open,1102,1104,0.9798558779820614
fixed_fusion,artifactbench__fmc_fit_only,artifactbench,family,DiffRhythm,DiffRhythm,860,100,0.9993023255813953
fixed_fusion,artifactbench__fmc_fit_only,artifactbench,family,MusicGen,MusicGen,860,90,0.9999741602067184
fixed_fusion,artifactbench__fmc_fit_only,artifactbench,family,Riffusion,Riffusion,860,130,0.9354025044722719
fixed_fusion,artifactbench__fmc_fit_only,artifactbench,family,StableAudio,StableAudio,860,100,0.9990697674418605
fixed_fusion,artifactbench__fmc_fit_only,artifactbench,family,Suno,Suno,860,479,0.9774797300577754
fixed_fusion,artifactbench__fmc_fit_only,artifactbench,family,Udio,Udio,860,405,0.5944415733563021
fixed_fusion,artifactbench__fmc_fit_only,artifactbench,family,Yue,Yue,860,100,0.9982093023255814
fixed_fusion,artifactbench__fmc_fit_only,artifactbench,generator,DiffRhythm,DiffRhythm,860,100,0.9993023255813953
fixed_fusion,artifactbench__fmc_fit_only,artifactbench,generator,MusicGen,MusicGen Large,860,30,0.999922480620155
fixed_fusion,artifactbench__fmc_fit_only,artifactbench,generator,MusicGen,MusicGen Medium,860,30,1.0
fixed_fusion,artifactbench__fmc_fit_only,artifactbench,generator,MusicGen,MusicGen Small,860,30,1.0
fixed_fusion,artifactbench__fmc_fit_only,artifactbench,generator,Riffusion,Riffusion,860,100,0.9753197674418606
fixed_fusion,artifactbench__fmc_fit_only,artifactbench,generator,Riffusion,Riffusion (AIME),860,30,0.8023449612403102
fixed_fusion,artifactbench__fmc_fit_only,artifactbench,generator,StableAudio,Stable Audio v1,860,50,0.9986162790697674
fixed_fusion,artifactbench__fmc_fit_only,artifactbench,generator,StableAudio,Stable Audio v2,860,50,0.9995232558139535
fixed_fusion,artifactbench__fmc_fit_only,artifactbench,generator,Suno,Google Chirp v2 XXL,860,80,0.998873546511628
fixed_fusion,artifactbench__fmc_fit_only,artifactbench,generator,Suno,Google Chirp v3,860,80,0.9977252906976743
fixed_fusion,artifactbench__fmc_fit_only,artifactbench,generator,Suno,Google Chirp v3.5,860,80,0.9963953488372094
fixed_fusion,artifactbench__fmc_fit_only,artifactbench,generator,Suno,Suno (mixed),860,80,0.9736918604651164
fixed_fusion,artifactbench__fmc_fit_only,artifactbench,generator,Suno,Suno v3,860,30,1.0
fixed_fusion,artifactbench__fmc_fit_only,artifactbench,generator,Suno,Suno v3.5,860,29,1.0
fixed_fusion,artifactbench__fmc_fit_only,artifactbench,generator,Suno,Suno v4,860,100,0.9187790697674418
fixed_fusion,artifactbench__fmc_fit_only,artifactbench,generator,Udio,Udio,860,100,0.6111279069767441
fixed_fusion,artifactbench__fmc_fit_only,artifactbench,generator,Udio,Udio (AIME),860,30,0.6534108527131783
fixed_fusion,artifactbench__fmc_fit_only,artifactbench,generator,Udio,Udio (SONICS 120s),860,80,0.6164171511627907
fixed_fusion,artifactbench__fmc_fit_only,artifactbench,generator,Udio,Udio (SONICS 30s),860,80,0.6017151162790697
fixed_fusion,artifactbench__fmc_fit_only,artifactbench,generator,Udio,Udio (mixed),860,80,0.534578488372093
fixed_fusion,artifactbench__fmc_fit_only,artifactbench,generator,Udio,Udio CDN,860,18,0.46285529715762275
fixed_fusion,artifactbench__fmc_fit_only,artifactbench,generator,Udio,Udio CDN Latest,860,17,0.6756155950752394
fixed_fusion,artifactbench__fmc_fit_only,artifactbench,generator,Yue,Yue,860,100,0.9982093023255814
two_member,artifactbench__base,artifactbench,family,DiffRhythm,DiffRhythm,860,100,0.9992209302325581
two_member,artifactbench__base,artifactbench,family,MusicGen,MusicGen,860,90,0.9985400516795866
two_member,artifactbench__base,artifactbench,family,Riffusion,Riffusion,860,130,0.935
two_member,artifactbench__base,artifactbench,family,StableAudio,StableAudio,860,100,0.998156976744186
two_member,artifactbench__base,artifactbench,family,Suno,Suno,860,479,0.9845074525416323
two_member,artifactbench__base,artifactbench,family,Udio,Udio,860,405,0.9697430376112547
two_member,artifactbench__base,artifactbench,family,Yue,Yue,860,100,0.9996976744186047
two_member,artifactbench__base,artifactbench,generator,DiffRhythm,DiffRhythm,860,100,0.9992209302325581
two_member,artifactbench__base,artifactbench,generator,MusicGen,MusicGen Large,860,30,1.0
two_member,artifactbench__base,artifactbench,generator,MusicGen,MusicGen Medium,860,30,1.0
two_member,artifactbench__base,artifactbench,generator,MusicGen,MusicGen Small,860,30,0.9956201550387598
two_member,artifactbench__base,artifactbench,generator,Riffusion,Riffusion,860,100,0.9723313953488373
two_member,artifactbench__base,artifactbench,generator,Riffusion,Riffusion (AIME),860,30,0.810562015503876
two_member,artifactbench__base,artifactbench,generator,StableAudio,Stable Audio v1,860,50,0.9985116279069768
two_member,artifactbench__base,artifactbench,generator,StableAudio,Stable Audio v2,860,50,0.9978023255813953
two_member,artifactbench__base,artifactbench,generator,Suno,Google Chirp v2 XXL,860,80,1.0
two_member,artifactbench__base,artifactbench,generator,Suno,Google Chirp v3,860,80,1.0
two_member,artifactbench__base,artifactbench,generator,Suno,Google Chirp v3.5,860,80,0.9999127906976744
two_member,artifactbench__base,artifactbench,generator,Suno,Suno (mixed),860,80,0.974077034883721
two_member,artifactbench__base,artifactbench,generator,Suno,Suno v3,860,30,1.0
two_member,artifactbench__base,artifactbench,generator,Suno,Suno v3.5,860,29,1.0
two_member,artifactbench__base,artifactbench,generator,Suno,Suno v4,860,100,0.9465988372093023
two_member,artifactbench__base,artifactbench,generator,Udio,Udio,860,100,0.9829011627906976
two_member,artifactbench__base,artifactbench,generator,Udio,Udio (AIME),860,30,0.9731589147286821
two_member,artifactbench__base,artifactbench,generator,Udio,Udio (SONICS 120s),860,80,0.999702034883721
two_member,artifactbench__base,artifactbench,generator,Udio,Udio (SONICS 30s),860,80,0.9848401162790698
two_member,artifactbench__base,artifactbench,generator,Udio,Udio (mixed),860,80,0.9346002906976745
two_member,artifactbench__base,artifactbench,generator,Udio,Udio CDN,860,18,0.8799418604651164
two_member,artifactbench__base,artifactbench,generator,Udio,Udio CDN Latest,860,17,0.9347469220246238
two_member,artifactbench__base,artifactbench,generator,Yue,Yue,860,100,0.9996976744186047
two_member,echoes__base,echoes,family,AceStep,AceStep,59,57,0.9994052928932501
two_member,echoes__base,echoes,family,AudioLDM,AudioLDM,59,115,0.9997789240972734
two_member,echoes__base,echoes,family,Brev,Brev,59,68,0.9492771684945164
two_member,echoes__base,echoes,family,DiffRhythm,DiffRhythm,59,120,0.9987288135593221
two_member,echoes__base,echoes,family,Mubert,Mubert,59,32,0.4679555084745763
two_member,echoes__base,echoes,family,Producer,Producer,59,68,0.9760717846460618
two_member,echoes__base,echoes,family,SongGen,SongGen,59,111,0.9867155290884104
two_member,echoes__base,echoes,family,StableAudio,StableAudio,59,35,0.7958837772397094
two_member,echoes__base,echoes,family,Suno,Suno,59,68,0.9217347956131605
two_member,echoes__base,echoes,family,Udio,Udio,59,68,0.9176221335992024
two_member,echoes__base,echoes,generator,AceStep,acestep,59,57,0.9994052928932501
two_member,echoes__base,echoes,generator,AudioLDM,audioldm,59,115,0.9997789240972734
two_member,echoes__base,echoes,generator,Brev,brev,59,68,0.9492771684945164
two_member,echoes__base,echoes,generator,DiffRhythm,diffrhythm,59,120,0.9987288135593221
two_member,echoes__base,echoes,generator,Mubert,mubert,59,32,0.4679555084745763
two_member,echoes__base,echoes,generator,Producer,producer,59,68,0.9760717846460618
two_member,echoes__base,echoes,generator,SongGen,songgen,59,111,0.9867155290884104
two_member,echoes__base,echoes,generator,StableAudio,stableaudio,59,35,0.7958837772397094
two_member,echoes__base,echoes,generator,Suno,suno,59,68,0.9217347956131605
two_member,echoes__base,echoes,generator,Udio,udio,59,68,0.9176221335992024
two_member,fakemusiccaps__base,fakemusiccaps,family,AudioLDM,AudioLDM,1102,1104,0.9814480095478576
two_member,fakemusiccaps__base,fakemusiccaps,family,MusicGen,MusicGen,1102,1104,0.9891230371656277
two_member,fakemusiccaps__base,fakemusiccaps,family,MusicLDM,MusicLDM,1102,1104,0.9530054051921408
two_member,fakemusiccaps__base,fakemusiccaps,family,Mustango,Mustango,1102,1104,0.9867685400720692
two_member,fakemusiccaps__base,fakemusiccaps,family,StableAudio,StableAudio,1102,1104,0.9704748776927326
two_member,fakemusiccaps__base,fakemusiccaps,generator,AudioLDM,audioldm2,1102,1104,0.9814480095478576
two_member,fakemusiccaps__base,fakemusiccaps,generator,MusicGen,MusicGen_medium,1102,1104,0.9891230371656277
two_member,fakemusiccaps__base,fakemusiccaps,generator,MusicLDM,musicldm,1102,1104,0.9530054051921408
two_member,fakemusiccaps__base,fakemusiccaps,generator,Mustango,mustango,1102,1104,0.9867685400720692
two_member,fakemusiccaps__base,fakemusiccaps,generator,StableAudio,stable_audio_open,1102,1104,0.9704748776927326
two_member,artifactbench__without_Suno,artifactbench,family,DiffRhythm,DiffRhythm,860,100,0.9998255813953488
two_member,artifactbench__without_Suno,artifactbench,family,MusicGen,MusicGen,860,90,0.9991860465116278
two_member,artifactbench__without_Suno,artifactbench,family,Riffusion,Riffusion,860,130,0.9355322003577817
two_member,artifactbench__without_Suno,artifactbench,family,StableAudio,StableAudio,860,100,0.9979941860465116
two_member,artifactbench__without_Suno,artifactbench,family,Suno,Suno,860,479,0.9604274894402098
two_member,artifactbench__without_Suno,artifactbench,family,Udio,Udio,860,405,0.9767929945449325
two_member,artifactbench__without_Suno,artifactbench,family,Yue,Yue,860,100,0.9938313953488372
two_member,artifactbench__without_Suno,artifactbench,generator,DiffRhythm,DiffRhythm,860,100,0.9998255813953488
two_member,artifactbench__without_Suno,artifactbench,generator,MusicGen,MusicGen Large,860,30,0.999922480620155
two_member,artifactbench__without_Suno,artifactbench,generator,MusicGen,MusicGen Medium,860,30,1.0
two_member,artifactbench__without_Suno,artifactbench,generator,MusicGen,MusicGen Small,860,30,0.9976356589147286
two_member,artifactbench__without_Suno,artifactbench,generator,Riffusion,Riffusion,860,100,0.9588662790697674
two_member,artifactbench__without_Suno,artifactbench,generator,Riffusion,Riffusion (AIME),860,30,0.8577519379844962
two_member,artifactbench__without_Suno,artifactbench,generator,StableAudio,Stable Audio v1,860,50,0.9975813953488373
two_member,artifactbench__without_Suno,artifactbench,generator,StableAudio,Stable Audio v2,860,50,0.998406976744186
two_member,artifactbench__without_Suno,artifactbench,generator,Suno,Google Chirp v2 XXL,860,80,0.9996584302325582
two_member,artifactbench__without_Suno,artifactbench,generator,Suno,Google Chirp v3,860,80,0.9989244186046512
two_member,artifactbench__without_Suno,artifactbench,generator,Suno,Google Chirp v3.5,860,80,0.9934229651162791
two_member,artifactbench__without_Suno,artifactbench,generator,Suno,Suno (mixed),860,80,0.9195058139534884
two_member,artifactbench__without_Suno,artifactbench,generator,Suno,Suno v3,860,30,0.9998255813953487
two_member,artifactbench__without_Suno,artifactbench,generator,Suno,Suno v3.5,860,29,0.99943865276664
two_member,artifactbench__without_Suno,artifactbench,generator,Suno,Suno v4,860,100,0.881453488372093
two_member,artifactbench__without_Suno,artifactbench,generator,Udio,Udio,860,100,0.9889825581395348
two_member,artifactbench__without_Suno,artifactbench,generator,Udio,Udio (AIME),860,30,0.9845736434108527
two_member,artifactbench__without_Suno,artifactbench,generator,Udio,Udio (SONICS 120s),860,80,0.9995857558139535
two_member,artifactbench__without_Suno,artifactbench,generator,Udio,Udio (SONICS 30s),860,80,0.9839462209302325
two_member,artifactbench__without_Suno,artifactbench,generator,Udio,Udio (mixed),860,80,0.9550000000000001
two_member,artifactbench__without_Suno,artifactbench,generator,Udio,Udio CDN,860,18,0.88171834625323
two_member,artifactbench__without_Suno,artifactbench,generator,Udio,Udio CDN Latest,860,17,0.9536593707250343
two_member,artifactbench__without_Suno,artifactbench,generator,Yue,Yue,860,100,0.9938313953488372
two_member,artifactbench__count_control_Suno,artifactbench,family,DiffRhythm,DiffRhythm,860,100,0.9999418604651162
two_member,artifactbench__count_control_Suno,artifactbench,family,MusicGen,MusicGen,860,90,0.9987403100775194
two_member,artifactbench__count_control_Suno,artifactbench,family,Riffusion,Riffusion,860,130,0.9218604651162791
two_member,artifactbench__count_control_Suno,artifactbench,family,StableAudio,StableAudio,860,100,0.9979244186046512
two_member,artifactbench__count_control_Suno,artifactbench,family,Suno,Suno,860,479,0.9818323056755838
two_member,artifactbench__count_control_Suno,artifactbench,family,Udio,Udio,860,405,0.9616810221073787
two_member,artifactbench__count_control_Suno,artifactbench,family,Yue,Yue,860,100,0.9990348837209302
two_member,artifactbench__count_control_Suno,artifactbench,generator,DiffRhythm,DiffRhythm,860,100,0.9999418604651162
two_member,artifactbench__count_control_Suno,artifactbench,generator,MusicGen,MusicGen Large,860,30,0.9999612403100775
two_member,artifactbench__count_control_Suno,artifactbench,generator,MusicGen,MusicGen Medium,860,30,1.0
two_member,artifactbench__count_control_Suno,artifactbench,generator,MusicGen,MusicGen Small,860,30,0.9962596899224806
two_member,artifactbench__count_control_Suno,artifactbench,generator,Riffusion,Riffusion,860,100,0.9750523255813953
two_member,artifactbench__count_control_Suno,artifactbench,generator,Riffusion,Riffusion (AIME),860,30,0.7445542635658915
two_member,artifactbench__count_control_Suno,artifactbench,generator,StableAudio,Stable Audio v1,860,50,0.9985697674418604
two_member,artifactbench__count_control_Suno,artifactbench,generator,StableAudio,Stable Audio v2,860,50,0.9972790697674419
two_member,artifactbench__count_control_Suno,artifactbench,generator,Suno,Google Chirp v2 XXL,860,80,0.9999854651162791
two_member,artifactbench__count_control_Suno,artifactbench,generator,Suno,Google Chirp v3,860,80,0.9998982558139535
two_member,artifactbench__count_control_Suno,artifactbench,generator,Suno,Google Chirp v3.5,860,80,0.9997529069767441
two_member,artifactbench__count_control_Suno,artifactbench,generator,Suno,Suno (mixed),860,80,0.9690770348837209
two_member,artifactbench__count_control_Suno,artifactbench,generator,Suno,Suno v3,860,30,0.9998837209302326
two_member,artifactbench__count_control_Suno,artifactbench,generator,Suno,Suno v3.5,860,29,0.9998396150761828
two_member,artifactbench__count_control_Suno,artifactbench,generator,Suno,Suno v4,860,100,0.9380872093023256
two_member,artifactbench__count_control_Suno,artifactbench,generator,Udio,Udio,860,100,0.9800639534883722
two_member,artifactbench__count_control_Suno,artifactbench,generator,Udio,Udio (AIME),860,30,0.9666666666666667
two_member,artifactbench__count_control_Suno,artifactbench,generator,Udio,Udio (SONICS 120s),860,80,0.9988081395348838
two_member,artifactbench__count_control_Suno,artifactbench,generator,Udio,Udio (SONICS 30s),860,80,0.9729433139534884
two_member,artifactbench__count_control_Suno,artifactbench,generator,Udio,Udio (mixed),860,80,0.9250872093023257
two_member,artifactbench__count_control_Suno,artifactbench,generator,Udio,Udio CDN,860,18,0.8606589147286823
two_member,artifactbench__count_control_Suno,artifactbench,generator,Udio,Udio CDN Latest,860,17,0.8962038303693569
two_member,artifactbench__count_control_Suno,artifactbench,generator,Yue,Yue,860,100,0.9990348837209302
two_member,artifactbench__without_Udio,artifactbench,family,DiffRhythm,DiffRhythm,860,100,0.9995755813953489
two_member,artifactbench__without_Udio,artifactbench,family,MusicGen,MusicGen,860,90,0.9965956072351421
two_member,artifactbench__without_Udio,artifactbench,family,Riffusion,Riffusion,860,130,0.9379472271914132
two_member,artifactbench__without_Udio,artifactbench,family,StableAudio,StableAudio,860,100,0.9967558139534884
two_member,artifactbench__without_Udio,artifactbench,family,Suno,Suno,860,479,0.9812666893236879
two_member,artifactbench__without_Udio,artifactbench,family,Udio,Udio,860,405,0.6060623026126902
two_member,artifactbench__without_Udio,artifactbench,family,Yue,Yue,860,100,0.9993488372093023
two_member,artifactbench__without_Udio,artifactbench,generator,DiffRhythm,DiffRhythm,860,100,0.9995755813953489
two_member,artifactbench__without_Udio,artifactbench,generator,MusicGen,MusicGen Large,860,30,0.999922480620155
two_member,artifactbench__without_Udio,artifactbench,generator,MusicGen,MusicGen Medium,860,30,1.0
two_member,artifactbench__without_Udio,artifactbench,generator,MusicGen,MusicGen Small,860,30,0.9898643410852713
two_member,artifactbench__without_Udio,artifactbench,generator,Riffusion,Riffusion,860,100,0.9779593023255815
two_member,artifactbench__without_Udio,artifactbench,generator,Riffusion,Riffusion (AIME),860,30,0.8045736434108528
two_member,artifactbench__without_Udio,artifactbench,generator,StableAudio,Stable Audio v1,860,50,0.9955348837209302
two_member,artifactbench__without_Udio,artifactbench,generator,StableAudio,Stable Audio v2,860,50,0.9979767441860465
two_member,artifactbench__without_Udio,artifactbench,generator,Suno,Google Chirp v2 XXL,860,80,0.9999709302325581
two_member,artifactbench__without_Udio,artifactbench,generator,Suno,Google Chirp v3,860,80,1.0
two_member,artifactbench__without_Udio,artifactbench,generator,Suno,Google Chirp v3.5,860,80,0.9997093023255814
two_member,artifactbench__without_Udio,artifactbench,generator,Suno,Suno (mixed),860,80,0.9695058139534883
two_member,artifactbench__without_Udio,artifactbench,generator,Suno,Suno v3,860,30,1.0
two_member,artifactbench__without_Udio,artifactbench,generator,Suno,Suno v3.5,860,29,1.0
two_member,artifactbench__without_Udio,artifactbench,generator,Suno,Suno v4,860,100,0.9349186046511628
two_member,artifactbench__without_Udio,artifactbench,generator,Udio,Udio,860,100,0.629156976744186
two_member,artifactbench__without_Udio,artifactbench,generator,Udio,Udio (AIME),860,30,0.6081589147286822
two_member,artifactbench__without_Udio,artifactbench,generator,Udio,Udio (SONICS 120s),860,80,0.6481322674418605
two_member,artifactbench__without_Udio,artifactbench,generator,Udio,Udio (SONICS 30s),860,80,0.5998982558139535
two_member,artifactbench__without_Udio,artifactbench,generator,Udio,Udio (mixed),860,80,0.5741351744186046
two_member,artifactbench__without_Udio,artifactbench,generator,Udio,Udio CDN,860,18,0.5064922480620154
two_member,artifactbench__without_Udio,artifactbench,generator,Udio,Udio CDN Latest,860,17,0.5532147742818058
two_member,artifactbench__without_Udio,artifactbench,generator,Yue,Yue,860,100,0.9993488372093023
two_member,artifactbench__count_control_Udio,artifactbench,family,DiffRhythm,DiffRhythm,860,100,0.9980348837209303
two_member,artifactbench__count_control_Udio,artifactbench,family,MusicGen,MusicGen,860,90,0.9988501291989664
two_member,artifactbench__count_control_Udio,artifactbench,family,Riffusion,Riffusion,860,130,0.9446690518783543
two_member,artifactbench__count_control_Udio,artifactbench,family,StableAudio,StableAudio,860,100,0.9966511627906978
two_member,artifactbench__count_control_Udio,artifactbench,family,Suno,Suno,860,479,0.9769031897849202
two_member,artifactbench__count_control_Udio,artifactbench,family,Udio,Udio,860,405,0.9559675567039908
two_member,artifactbench__count_control_Udio,artifactbench,family,Yue,Yue,860,100,0.9993372093023255
two_member,artifactbench__count_control_Udio,artifactbench,generator,DiffRhythm,DiffRhythm,860,100,0.9980348837209303
two_member,artifactbench__count_control_Udio,artifactbench,generator,MusicGen,MusicGen Large,860,30,1.0
two_member,artifactbench__count_control_Udio,artifactbench,generator,MusicGen,MusicGen Medium,860,30,1.0
two_member,artifactbench__count_control_Udio,artifactbench,generator,MusicGen,MusicGen Small,860,30,0.9965503875968992
two_member,artifactbench__count_control_Udio,artifactbench,generator,Riffusion,Riffusion,860,100,0.9631279069767442
two_member,artifactbench__count_control_Udio,artifactbench,generator,Riffusion,Riffusion (AIME),860,30,0.883139534883721
two_member,artifactbench__count_control_Udio,artifactbench,generator,StableAudio,Stable Audio v1,860,50,0.9948139534883721
two_member,artifactbench__count_control_Udio,artifactbench,generator,StableAudio,Stable Audio v2,860,50,0.9984883720930232
two_member,artifactbench__count_control_Udio,artifactbench,generator,Suno,Google Chirp v2 XXL,860,80,1.0
two_member,artifactbench__count_control_Udio,artifactbench,generator,Suno,Google Chirp v3,860,80,0.9998546511627907
two_member,artifactbench__count_control_Udio,artifactbench,generator,Suno,Google Chirp v3.5,860,80,0.9997311046511628
two_member,artifactbench__count_control_Udio,artifactbench,generator,Suno,Suno (mixed),860,80,0.9571366279069768
two_member,artifactbench__count_control_Udio,artifactbench,generator,Suno,Suno v3,860,30,1.0
two_member,artifactbench__count_control_Udio,artifactbench,generator,Suno,Suno v3.5,860,29,1.0
two_member,artifactbench__count_control_Udio,artifactbench,generator,Suno,Suno v4,860,100,0.9239883720930232
two_member,artifactbench__count_control_Udio,artifactbench,generator,Udio,Udio,860,100,0.9795988372093024
two_member,artifactbench__count_control_Udio,artifactbench,generator,Udio,Udio (AIME),860,30,0.9759689922480621
two_member,artifactbench__count_control_Udio,artifactbench,generator,Udio,Udio (SONICS 120s),860,80,0.9968677325581394
two_member,artifactbench__count_control_Udio,artifactbench,generator,Udio,Udio (SONICS 30s),860,80,0.9704869186046512
two_member,artifactbench__count_control_Udio,artifactbench,generator,Udio,Udio (mixed),860,80,0.9024563953488373
two_member,artifactbench__count_control_Udio,artifactbench,generator,Udio,Udio CDN,860,18,0.8445736434108527
two_member,artifactbench__count_control_Udio,artifactbench,generator,Udio,Udio CDN Latest,860,17,0.8906292749658002
two_member,artifactbench__count_control_Udio,artifactbench,generator,Yue,Yue,860,100,0.9993372093023255
two_member,artifactbench__without_MusicGen,artifactbench,family,DiffRhythm,DiffRhythm,860,100,0.9999709302325581
two_member,artifactbench__without_MusicGen,artifactbench,family,MusicGen,MusicGen,860,90,0.9959431524547804
two_member,artifactbench__without_MusicGen,artifactbench,family,Riffusion,Riffusion,860,130,0.9349552772808588
two_member,artifactbench__without_MusicGen,artifactbench,family,StableAudio,StableAudio,860,100,0.9921046511627908
two_member,artifactbench__without_MusicGen,artifactbench,family,Suno,Suno,860,479,0.9848509491673544
two_member,artifactbench__without_MusicGen,artifactbench,family,Udio,Udio,860,405,0.9758340511053689
two_member,artifactbench__without_MusicGen,artifactbench,family,Yue,Yue,860,100,0.9994244186046511
two_member,artifactbench__without_MusicGen,artifactbench,generator,DiffRhythm,DiffRhythm,860,100,0.9999709302325581
two_member,artifactbench__without_MusicGen,artifactbench,generator,MusicGen,MusicGen Large,860,30,0.9998643410852712
two_member,artifactbench__without_MusicGen,artifactbench,generator,MusicGen,MusicGen Medium,860,30,0.9999612403100776
two_member,artifactbench__without_MusicGen,artifactbench,generator,MusicGen,MusicGen Small,860,30,0.9880038759689922
two_member,artifactbench__without_MusicGen,artifactbench,generator,Riffusion,Riffusion,860,100,0.9713895348837209
two_member,artifactbench__without_MusicGen,artifactbench,generator,Riffusion,Riffusion (AIME),860,30,0.8135077519379845
two_member,artifactbench__without_MusicGen,artifactbench,generator,StableAudio,Stable Audio v1,860,50,0.989546511627907
two_member,artifactbench__without_MusicGen,artifactbench,generator,StableAudio,Stable Audio v2,860,50,0.9946627906976745
two_member,artifactbench__without_MusicGen,artifactbench,generator,Suno,Google Chirp v2 XXL,860,80,1.0
two_member,artifactbench__without_MusicGen,artifactbench,generator,Suno,Google Chirp v3,860,80,1.0
two_member,artifactbench__without_MusicGen,artifactbench,generator,Suno,Google Chirp v3.5,860,80,1.0
two_member,artifactbench__without_MusicGen,artifactbench,generator,Suno,Suno (mixed),860,80,0.9720712209302326
two_member,artifactbench__without_MusicGen,artifactbench,generator,Suno,Suno v3,860,30,1.0
two_member,artifactbench__without_MusicGen,artifactbench,generator,Suno,Suno v3.5,860,29,1.0
two_member,artifactbench__without_MusicGen,artifactbench,generator,Suno,Suno v4,860,100,0.9497790697674418
two_member,artifactbench__without_MusicGen,artifactbench,generator,Udio,Udio,860,100,0.9846744186046511
two_member,artifactbench__without_MusicGen,artifactbench,generator,Udio,Udio (AIME),860,30,0.9783720930232558
two_member,artifactbench__without_MusicGen,artifactbench,generator,Udio,Udio (SONICS 120s),860,80,0.9998546511627907
two_member,artifactbench__without_MusicGen,artifactbench,generator,Udio,Udio (SONICS 30s),860,80,0.988764534883721
two_member,artifactbench__without_MusicGen,artifactbench,generator,Udio,Udio (mixed),860,80,0.9397383720930232
two_member,artifactbench__without_MusicGen,artifactbench,generator,Udio,Udio CDN,860,18,0.9468992248062016
two_member,artifactbench__without_MusicGen,artifactbench,generator,Udio,Udio CDN Latest,860,17,0.9459644322845417
two_member,artifactbench__without_MusicGen,artifactbench,generator,Yue,Yue,860,100,0.9994244186046511
two_member,artifactbench__count_control_MusicGen,artifactbench,family,DiffRhythm,DiffRhythm,860,100,0.9998139534883721
two_member,artifactbench__count_control_MusicGen,artifactbench,family,MusicGen,MusicGen,860,90,0.9988824289405686
two_member,artifactbench__count_control_MusicGen,artifactbench,family,Riffusion,Riffusion,860,130,0.9465116279069767
two_member,artifactbench__count_control_MusicGen,artifactbench,family,StableAudio,StableAudio,860,100,0.9966744186046512
two_member,artifactbench__count_control_MusicGen,artifactbench,family,Suno,Suno,860,479,0.9840037384085061
two_member,artifactbench__count_control_MusicGen,artifactbench,family,Udio,Udio,860,405,0.9767614125753661
two_member,artifactbench__count_control_MusicGen,artifactbench,family,Yue,Yue,860,100,0.999389534883721
two_member,artifactbench__count_control_MusicGen,artifactbench,generator,DiffRhythm,DiffRhythm,860,100,0.9998139534883721
two_member,artifactbench__count_control_MusicGen,artifactbench,generator,MusicGen,MusicGen Large,860,30,1.0
two_member,artifactbench__count_control_MusicGen,artifactbench,generator,MusicGen,MusicGen Medium,860,30,1.0
two_member,artifactbench__count_control_MusicGen,artifactbench,generator,MusicGen,MusicGen Small,860,30,0.9966472868217053
two_member,artifactbench__count_control_MusicGen,artifactbench,generator,Riffusion,Riffusion,860,100,0.974546511627907
two_member,artifactbench__count_control_MusicGen,artifactbench,generator,Riffusion,Riffusion (AIME),860,30,0.853062015503876
two_member,artifactbench__count_control_MusicGen,artifactbench,generator,StableAudio,Stable Audio v1,860,50,0.9958372093023256
two_member,artifactbench__count_control_MusicGen,artifactbench,generator,StableAudio,Stable Audio v2,860,50,0.9975116279069767
two_member,artifactbench__count_control_MusicGen,artifactbench,generator,Suno,Google Chirp v2 XXL,860,80,1.0
two_member,artifactbench__count_control_MusicGen,artifactbench,generator,Suno,Google Chirp v3,860,80,1.0
two_member,artifactbench__count_control_MusicGen,artifactbench,generator,Suno,Google Chirp v3.5,860,80,0.9999854651162791
two_member,artifactbench__count_control_MusicGen,artifactbench,generator,Suno,Suno (mixed),860,80,0.9684375
two_member,artifactbench__count_control_MusicGen,artifactbench,generator,Suno,Suno v3,860,30,0.999922480620155
two_member,artifactbench__count_control_MusicGen,artifactbench,generator,Suno,Suno v3.5,860,29,0.9999198075380913
two_member,artifactbench__count_control_MusicGen,artifactbench,generator,Suno,Suno v4,860,100,0.9486860465116279
two_member,artifactbench__count_control_MusicGen,artifactbench,generator,Udio,Udio,860,100,0.9863197674418603
two_member,artifactbench__count_control_MusicGen,artifactbench,generator,Udio,Udio (AIME),860,30,0.9848062015503876
two_member,artifactbench__count_control_MusicGen,artifactbench,generator,Udio,Udio (SONICS 120s),860,80,0.9995130813953488
two_member,artifactbench__count_control_MusicGen,artifactbench,generator,Udio,Udio (SONICS 30s),860,80,0.9845203488372092
two_member,artifactbench__count_control_MusicGen,artifactbench,generator,Udio,Udio (mixed),860,80,0.9469113372093023
two_member,artifactbench__count_control_MusicGen,artifactbench,generator,Udio,Udio CDN,860,18,0.9399870801033592
two_member,artifactbench__count_control_MusicGen,artifactbench,generator,Udio,Udio CDN Latest,860,17,0.9421682626538987
two_member,artifactbench__count_control_MusicGen,artifactbench,generator,Yue,Yue,860,100,0.999389534883721
two_member,echoes__without_Suno,echoes,family,AceStep,AceStep,59,57,0.9971751412429378
two_member,echoes__without_Suno,echoes,family,AudioLDM,AudioLDM,59,115,0.999852616064849
two_member,echoes__without_Suno,echoes,family,Brev,Brev,59,68,0.8743768693918246
two_member,echoes__without_Suno,echoes,family,DiffRhythm,DiffRhythm,59,120,0.9975988700564972
two_member,echoes__without_Suno,echoes,family,Mubert,Mubert,59,32,0.4231991525423729
two_member,echoes__without_Suno,echoes,family,Producer,Producer,59,68,0.9719591226321037
two_member,echoes__without_Suno,echoes,family,SongGen,SongGen,59,111,0.972514887769125
two_member,echoes__without_Suno,echoes,family,StableAudio,StableAudio,59,35,0.7808716707021792
two_member,echoes__without_Suno,echoes,family,Suno,Suno,59,68,0.821036889332004
two_member,echoes__without_Suno,echoes,family,Udio,Udio,59,68,0.9151296111665005
two_member,echoes__without_Suno,echoes,generator,AceStep,acestep,59,57,0.9971751412429378
two_member,echoes__without_Suno,echoes,generator,AudioLDM,audioldm,59,115,0.999852616064849
two_member,echoes__without_Suno,echoes,generator,Brev,brev,59,68,0.8743768693918246
two_member,echoes__without_Suno,echoes,generator,DiffRhythm,diffrhythm,59,120,0.9975988700564972
two_member,echoes__without_Suno,echoes,generator,Mubert,mubert,59,32,0.4231991525423729
two_member,echoes__without_Suno,echoes,generator,Producer,producer,59,68,0.9719591226321037
two_member,echoes__without_Suno,echoes,generator,SongGen,songgen,59,111,0.972514887769125
two_member,echoes__without_Suno,echoes,generator,StableAudio,stableaudio,59,35,0.7808716707021792
two_member,echoes__without_Suno,echoes,generator,Suno,suno,59,68,0.821036889332004
two_member,echoes__without_Suno,echoes,generator,Udio,udio,59,68,0.9151296111665005
two_member,echoes__count_control_Suno,echoes,family,AceStep,AceStep,59,57,0.99940529289325
two_member,echoes__count_control_Suno,echoes,family,AudioLDM,AudioLDM,59,115,1.0
two_member,echoes__count_control_Suno,echoes,family,Brev,Brev,59,68,0.946036889332004
two_member,echoes__count_control_Suno,echoes,family,DiffRhythm,DiffRhythm,59,120,0.998093220338983
two_member,echoes__count_control_Suno,echoes,family,Mubert,Mubert,59,32,0.45418432203389836
two_member,echoes__count_control_Suno,echoes,family,Producer,Producer,59,68,0.9831754735792622
two_member,echoes__count_control_Suno,echoes,family,SongGen,SongGen,59,111,0.9847304932050694
two_member,echoes__count_control_Suno,echoes,family,StableAudio,StableAudio,59,35,0.742130750605327
two_member,echoes__count_control_Suno,echoes,family,Suno,Suno,59,68,0.9121385842472582
two_member,echoes__count_control_Suno,echoes,family,Udio,Udio,59,68,0.8940677966101694
two_member,echoes__count_control_Suno,echoes,generator,AceStep,acestep,59,57,0.99940529289325
two_member,echoes__count_control_Suno,echoes,generator,AudioLDM,audioldm,59,115,1.0
two_member,echoes__count_control_Suno,echoes,generator,Brev,brev,59,68,0.946036889332004
two_member,echoes__count_control_Suno,echoes,generator,DiffRhythm,diffrhythm,59,120,0.998093220338983
two_member,echoes__count_control_Suno,echoes,generator,Mubert,mubert,59,32,0.45418432203389836
two_member,echoes__count_control_Suno,echoes,generator,Producer,producer,59,68,0.9831754735792622
two_member,echoes__count_control_Suno,echoes,generator,SongGen,songgen,59,111,0.9847304932050694
two_member,echoes__count_control_Suno,echoes,generator,StableAudio,stableaudio,59,35,0.742130750605327
two_member,echoes__count_control_Suno,echoes,generator,Suno,suno,59,68,0.9121385842472582
two_member,echoes__count_control_Suno,echoes,generator,Udio,udio,59,68,0.8940677966101694
two_member,echoes__without_Udio,echoes,family,AceStep,AceStep,59,57,1.0
two_member,echoes__without_Udio,echoes,family,AudioLDM,AudioLDM,59,115,1.0
two_member,echoes__without_Udio,echoes,family,Brev,Brev,59,68,0.9594965104685943
two_member,echoes__without_Udio,echoes,family,DiffRhythm,DiffRhythm,59,120,0.9995762711864408
two_member,echoes__without_Udio,echoes,family,Mubert,Mubert,59,32,0.5540254237288136
two_member,echoes__without_Udio,echoes,family,Producer,Producer,59,68,0.992023928215354
two_member,echoes__without_Udio,echoes,family,SongGen,SongGen,59,111,0.9937395022140785
two_member,echoes__without_Udio,echoes,family,StableAudio,StableAudio,59,35,0.8331719128329298
two_member,echoes__without_Udio,echoes,family,Suno,Suno,59,68,0.9399302093718842
two_member,echoes__without_Udio,echoes,family,Udio,Udio,59,68,0.5734047856430707
two_member,echoes__without_Udio,echoes,generator,AceStep,acestep,59,57,1.0
two_member,echoes__without_Udio,echoes,generator,AudioLDM,audioldm,59,115,1.0
two_member,echoes__without_Udio,echoes,generator,Brev,brev,59,68,0.9594965104685943
two_member,echoes__without_Udio,echoes,generator,DiffRhythm,diffrhythm,59,120,0.9995762711864408
two_member,echoes__without_Udio,echoes,generator,Mubert,mubert,59,32,0.5540254237288136
two_member,echoes__without_Udio,echoes,generator,Producer,producer,59,68,0.992023928215354
two_member,echoes__without_Udio,echoes,generator,SongGen,songgen,59,111,0.9937395022140785
two_member,echoes__without_Udio,echoes,generator,StableAudio,stableaudio,59,35,0.8331719128329298
two_member,echoes__without_Udio,echoes,generator,Suno,suno,59,68,0.9399302093718842
two_member,echoes__without_Udio,echoes,generator,Udio,udio,59,68,0.5734047856430707
two_member,echoes__count_control_Udio,echoes,family,AceStep,AceStep,59,57,0.999702646446625
two_member,echoes__count_control_Udio,echoes,family,AudioLDM,AudioLDM,59,115,1.0
two_member,echoes__count_control_Udio,echoes,family,Brev,Brev,59,68,0.9429212362911267
two_member,echoes__count_control_Udio,echoes,family,DiffRhythm,DiffRhythm,59,120,0.9992937853107344
two_member,echoes__count_control_Udio,echoes,family,Mubert,Mubert,59,32,0.5113877118644068
two_member,echoes__count_control_Udio,echoes,family,Producer,Producer,59,68,0.9806829511465603
two_member,echoes__count_control_Udio,echoes,family,SongGen,SongGen,59,111,0.9890823026416247
two_member,echoes__count_control_Udio,echoes,family,StableAudio,StableAudio,59,35,0.8169491525423729
two_member,echoes__count_control_Udio,echoes,family,Suno,Suno,59,68,0.9082751744765704
two_member,echoes__count_control_Udio,echoes,family,Udio,Udio,59,68,0.8983050847457628
two_member,echoes__count_control_Udio,echoes,generator,AceStep,acestep,59,57,0.999702646446625
two_member,echoes__count_control_Udio,echoes,generator,AudioLDM,audioldm,59,115,1.0
two_member,echoes__count_control_Udio,echoes,generator,Brev,brev,59,68,0.9429212362911267
two_member,echoes__count_control_Udio,echoes,generator,DiffRhythm,diffrhythm,59,120,0.9992937853107344
two_member,echoes__count_control_Udio,echoes,generator,Mubert,mubert,59,32,0.5113877118644068
two_member,echoes__count_control_Udio,echoes,generator,Producer,producer,59,68,0.9806829511465603
two_member,echoes__count_control_Udio,echoes,generator,SongGen,songgen,59,111,0.9890823026416247
two_member,echoes__count_control_Udio,echoes,generator,StableAudio,stableaudio,59,35,0.8169491525423729
two_member,echoes__count_control_Udio,echoes,generator,Suno,suno,59,68,0.9082751744765704
two_member,echoes__count_control_Udio,echoes,generator,Udio,udio,59,68,0.8983050847457628
two_member,fakemusiccaps__without_MusicGen,fakemusiccaps,family,AudioLDM,AudioLDM,1102,1104,0.9777676950998184
two_member,fakemusiccaps__without_MusicGen,fakemusiccaps,family,MusicGen,MusicGen,1102,1104,0.9824734014571662
two_member,fakemusiccaps__without_MusicGen,fakemusiccaps,family,MusicLDM,MusicLDM,1102,1104,0.944304574686341
two_member,fakemusiccaps__without_MusicGen,fakemusiccaps,family,Mustango,Mustango,1102,1104,0.983703049790894
two_member,fakemusiccaps__without_MusicGen,fakemusiccaps,family,StableAudio,StableAudio,1102,1104,0.9655402561876956
two_member,fakemusiccaps__without_MusicGen,fakemusiccaps,generator,AudioLDM,audioldm2,1102,1104,0.9777676950998184
two_member,fakemusiccaps__without_MusicGen,fakemusiccaps,generator,MusicGen,MusicGen_medium,1102,1104,0.9824734014571662
two_member,fakemusiccaps__without_MusicGen,fakemusiccaps,generator,MusicLDM,musicldm,1102,1104,0.944304574686341
two_member,fakemusiccaps__without_MusicGen,fakemusiccaps,generator,Mustango,mustango,1102,1104,0.983703049790894
two_member,fakemusiccaps__without_MusicGen,fakemusiccaps,generator,StableAudio,stable_audio_open,1102,1104,0.9655402561876956
two_member,fakemusiccaps__count_control_MusicGen,fakemusiccaps,family,AudioLDM,AudioLDM,1102,1104,0.9768988860832742
two_member,fakemusiccaps__count_control_MusicGen,fakemusiccaps,family,MusicGen,MusicGen,1102,1104,0.9851743536126674
two_member,fakemusiccaps__count_control_MusicGen,fakemusiccaps,family,MusicLDM,MusicLDM,1102,1104,0.9523285232383808
two_member,fakemusiccaps__count_control_MusicGen,fakemusiccaps,family,Mustango,Mustango,1102,1104,0.9826443686051711
two_member,fakemusiccaps__count_control_MusicGen,fakemusiccaps,family,StableAudio,StableAudio,1102,1104,0.9648226873405402
two_member,fakemusiccaps__count_control_MusicGen,fakemusiccaps,generator,AudioLDM,audioldm2,1102,1104,0.9768988860832742
two_member,fakemusiccaps__count_control_MusicGen,fakemusiccaps,generator,MusicGen,MusicGen_medium,1102,1104,0.9851743536126674
two_member,fakemusiccaps__count_control_MusicGen,fakemusiccaps,generator,MusicLDM,musicldm,1102,1104,0.9523285232383808
two_member,fakemusiccaps__count_control_MusicGen,fakemusiccaps,generator,Mustango,mustango,1102,1104,0.9826443686051711
two_member,fakemusiccaps__count_control_MusicGen,fakemusiccaps,generator,StableAudio,stable_audio_open,1102,1104,0.9648226873405402
two_member,artifactbench__without_StableAudio,artifactbench,family,DiffRhythm,DiffRhythm,860,100,0.9965639534883721
two_member,artifactbench__without_StableAudio,artifactbench,family,MusicGen,MusicGen,860,90,0.9967377260981912
two_member,artifactbench__without_StableAudio,artifactbench,family,Riffusion,Riffusion,860,130,0.8900939177101967
two_member,artifactbench__without_StableAudio,artifactbench,family,StableAudio,StableAudio,860,100,0.981313953488372
two_member,artifactbench__without_StableAudio,artifactbench,family,Suno,Suno,860,479,0.9819767441860465
two_member,artifactbench__without_StableAudio,artifactbench,family,Udio,Udio,860,405,0.9688515647430376
two_member,artifactbench__without_StableAudio,artifactbench,family,Yue,Yue,860,100,0.9996162790697675
two_member,artifactbench__without_StableAudio,artifactbench,generator,DiffRhythm,DiffRhythm,860,100,0.9965639534883721
two_member,artifactbench__without_StableAudio,artifactbench,generator,MusicGen,MusicGen Large,860,30,1.0
two_member,artifactbench__without_StableAudio,artifactbench,generator,MusicGen,MusicGen Medium,860,30,1.0
two_member,artifactbench__without_StableAudio,artifactbench,generator,MusicGen,MusicGen Small,860,30,0.9902131782945737
two_member,artifactbench__without_StableAudio,artifactbench,generator,Riffusion,Riffusion,860,100,0.9332151162790696
two_member,artifactbench__without_StableAudio,artifactbench,generator,Riffusion,Riffusion (AIME),860,30,0.7463565891472869
two_member,artifactbench__without_StableAudio,artifactbench,generator,StableAudio,Stable Audio v1,860,50,0.9814883720930232
two_member,artifactbench__without_StableAudio,artifactbench,generator,StableAudio,Stable Audio v2,860,50,0.981139534883721
two_member,artifactbench__without_StableAudio,artifactbench,generator,Suno,Google Chirp v2 XXL,860,80,1.0
two_member,artifactbench__without_StableAudio,artifactbench,generator,Suno,Google Chirp v3,860,80,0.9999709302325581
two_member,artifactbench__without_StableAudio,artifactbench,generator,Suno,Google Chirp v3.5,860,80,0.9998982558139534
two_member,artifactbench__without_StableAudio,artifactbench,generator,Suno,Suno (mixed),860,80,0.9701380813953489
two_member,artifactbench__without_StableAudio,artifactbench,generator,Suno,Suno v3,860,30,0.9999612403100775
two_member,artifactbench__without_StableAudio,artifactbench,generator,Suno,Suno v3.5,860,29,0.9999198075380914
two_member,artifactbench__without_StableAudio,artifactbench,generator,Suno,Suno v4,860,100,0.9376976744186047
two_member,artifactbench__without_StableAudio,artifactbench,generator,Udio,Udio,860,100,0.9842093023255813
two_member,artifactbench__without_StableAudio,artifactbench,generator,Udio,Udio (AIME),860,30,0.9749031007751938
two_member,artifactbench__without_StableAudio,artifactbench,generator,Udio,Udio (SONICS 120s),860,80,0.9996729651162791
two_member,artifactbench__without_StableAudio,artifactbench,generator,Udio,Udio (SONICS 30s),860,80,0.9749927325581396
two_member,artifactbench__without_StableAudio,artifactbench,generator,Udio,Udio (mixed),860,80,0.9300944767441861
two_member,artifactbench__without_StableAudio,artifactbench,generator,Udio,Udio CDN,860,18,0.9085917312661498
two_member,artifactbench__without_StableAudio,artifactbench,generator,Udio,Udio CDN Latest,860,17,0.9400820793433652
two_member,artifactbench__without_StableAudio,artifactbench,generator,Yue,Yue,860,100,0.9996162790697675
two_member,artifactbench__count_control_StableAudio,artifactbench,family,DiffRhythm,DiffRhythm,860,100,0.9997151162790697
two_member,artifactbench__count_control_StableAudio,artifactbench,family,MusicGen,MusicGen,860,90,0.9985917312661499
two_member,artifactbench__count_control_StableAudio,artifactbench,family,Riffusion,Riffusion,860,130,0.9301296958855099
two_member,artifactbench__count_control_StableAudio,artifactbench,family,StableAudio,StableAudio,860,100,0.9960930232558141
two_member,artifactbench__count_control_StableAudio,artifactbench,family,Suno,Suno,860,479,0.9850779239695101
two_member,artifactbench__count_control_StableAudio,artifactbench,family,Udio,Udio,860,405,0.9738673557278209
two_member,artifactbench__count_control_StableAudio,artifactbench,family,Yue,Yue,860,100,0.9991511627906976
two_member,artifactbench__count_control_StableAudio,artifactbench,generator,DiffRhythm,DiffRhythm,860,100,0.9997151162790697
two_member,artifactbench__count_control_StableAudio,artifactbench,generator,MusicGen,MusicGen Large,860,30,1.0
two_member,artifactbench__count_control_StableAudio,artifactbench,generator,MusicGen,MusicGen Medium,860,30,1.0
two_member,artifactbench__count_control_StableAudio,artifactbench,generator,MusicGen,MusicGen Small,860,30,0.9957751937984496
two_member,artifactbench__count_control_StableAudio,artifactbench,generator,Riffusion,Riffusion,860,100,0.9769476744186046
two_member,artifactbench__count_control_StableAudio,artifactbench,generator,Riffusion,Riffusion (AIME),860,30,0.7740697674418604
two_member,artifactbench__count_control_StableAudio,artifactbench,generator,StableAudio,Stable Audio v1,860,50,0.9951279069767442
two_member,artifactbench__count_control_StableAudio,artifactbench,generator,StableAudio,Stable Audio v2,860,50,0.9970581395348836
two_member,artifactbench__count_control_StableAudio,artifactbench,generator,Suno,Google Chirp v2 XXL,860,80,1.0
two_member,artifactbench__count_control_StableAudio,artifactbench,generator,Suno,Google Chirp v3,860,80,1.0
two_member,artifactbench__count_control_StableAudio,artifactbench,generator,Suno,Google Chirp v3.5,860,80,0.9999418604651162
two_member,artifactbench__count_control_StableAudio,artifactbench,generator,Suno,Suno (mixed),860,80,0.9733357558139535
two_member,artifactbench__count_control_StableAudio,artifactbench,generator,Suno,Suno v3,860,30,0.9998449612403101
two_member,artifactbench__count_control_StableAudio,artifactbench,generator,Suno,Suno v3.5,860,29,0.9997594226142742
two_member,artifactbench__count_control_StableAudio,artifactbench,generator,Suno,Suno v4,860,100,0.9500174418604652
two_member,artifactbench__count_control_StableAudio,artifactbench,generator,Udio,Udio,860,100,0.9848779069767442
two_member,artifactbench__count_control_StableAudio,artifactbench,generator,Udio,Udio (AIME),860,30,0.9798255813953488
two_member,artifactbench__count_control_StableAudio,artifactbench,generator,Udio,Udio (SONICS 120s),860,80,0.9993677325581396
two_member,artifactbench__count_control_StableAudio,artifactbench,generator,Udio,Udio (SONICS 30s),860,80,0.9864316860465115
two_member,artifactbench__count_control_StableAudio,artifactbench,generator,Udio,Udio (mixed),860,80,0.9398473837209302
two_member,artifactbench__count_control_StableAudio,artifactbench,generator,Udio,Udio CDN,860,18,0.9271640826873384
two_member,artifactbench__count_control_StableAudio,artifactbench,generator,Udio,Udio CDN Latest,860,17,0.9290013679890561
two_member,artifactbench__count_control_StableAudio,artifactbench,generator,Yue,Yue,860,100,0.9991511627906976
two_member,artifactbench__without_DiffRhythm,artifactbench,family,DiffRhythm,DiffRhythm,860,100,0.9996686046511628
two_member,artifactbench__without_DiffRhythm,artifactbench,family,MusicGen,MusicGen,860,90,0.9984883720930232
two_member,artifactbench__without_DiffRhythm,artifactbench,family,Riffusion,Riffusion,860,130,0.9389132379248659
two_member,artifactbench__without_DiffRhythm,artifactbench,family,StableAudio,StableAudio,860,100,0.9953023255813953
two_member,artifactbench__without_DiffRhythm,artifactbench,family,Suno,Suno,860,479,0.98437636549012
two_member,artifactbench__without_DiffRhythm,artifactbench,family,Udio,Udio,860,405,0.9761599196095321
two_member,artifactbench__without_DiffRhythm,artifactbench,family,Yue,Yue,860,100,0.9991860465116279
two_member,artifactbench__without_DiffRhythm,artifactbench,generator,DiffRhythm,DiffRhythm,860,100,0.9996686046511628
two_member,artifactbench__without_DiffRhythm,artifactbench,generator,MusicGen,MusicGen Large,860,30,0.999922480620155
two_member,artifactbench__without_DiffRhythm,artifactbench,generator,MusicGen,MusicGen Medium,860,30,1.0
two_member,artifactbench__without_DiffRhythm,artifactbench,generator,MusicGen,MusicGen Small,860,30,0.9955426356589148
two_member,artifactbench__without_DiffRhythm,artifactbench,generator,Riffusion,Riffusion,860,100,0.9736627906976745
two_member,artifactbench__without_DiffRhythm,artifactbench,generator,Riffusion,Riffusion (AIME),860,30,0.8230813953488372
two_member,artifactbench__without_DiffRhythm,artifactbench,generator,StableAudio,Stable Audio v1,860,50,0.9948488372093023
two_member,artifactbench__without_DiffRhythm,artifactbench,generator,StableAudio,Stable Audio v2,860,50,0.9957558139534883
two_member,artifactbench__without_DiffRhythm,artifactbench,generator,Suno,Google Chirp v2 XXL,860,80,1.0
two_member,artifactbench__without_DiffRhythm,artifactbench,generator,Suno,Google Chirp v3,860,80,1.0
two_member,artifactbench__without_DiffRhythm,artifactbench,generator,Suno,Google Chirp v3.5,860,80,1.0
two_member,artifactbench__without_DiffRhythm,artifactbench,generator,Suno,Suno (mixed),860,80,0.9744549418604652
two_member,artifactbench__without_DiffRhythm,artifactbench,generator,Suno,Suno v3,860,30,0.9998837209302326
two_member,artifactbench__without_DiffRhythm,artifactbench,generator,Suno,Suno v3.5,860,29,0.9997995188452286
two_member,artifactbench__without_DiffRhythm,artifactbench,generator,Suno,Suno v4,860,100,0.9456918604651163
two_member,artifactbench__without_DiffRhythm,artifactbench,generator,Udio,Udio,860,100,0.9866627906976745
two_member,artifactbench__without_DiffRhythm,artifactbench,generator,Udio,Udio (AIME),860,30,0.9856782945736434
two_member,artifactbench__without_DiffRhythm,artifactbench,generator,Udio,Udio (SONICS 120s),860,80,0.9993968023255815
two_member,artifactbench__without_DiffRhythm,artifactbench,generator,Udio,Udio (SONICS 30s),860,80,0.9854796511627908
two_member,artifactbench__without_DiffRhythm,artifactbench,generator,Udio,Udio (mixed),860,80,0.9407703488372093
two_member,artifactbench__without_DiffRhythm,artifactbench,generator,Udio,Udio CDN,860,18,0.9359496124031008
two_member,artifactbench__without_DiffRhythm,artifactbench,generator,Udio,Udio CDN Latest,860,17,0.9534883720930232
two_member,artifactbench__without_DiffRhythm,artifactbench,generator,Yue,Yue,860,100,0.9991860465116279
two_member,artifactbench__count_control_DiffRhythm,artifactbench,family,DiffRhythm,DiffRhythm,860,100,0.9998197674418604
two_member,artifactbench__count_control_DiffRhythm,artifactbench,family,MusicGen,MusicGen,860,90,0.998688630490956
two_member,artifactbench__count_control_DiffRhythm,artifactbench,family,Riffusion,Riffusion,860,130,0.9236404293381038
two_member,artifactbench__count_control_DiffRhythm,artifactbench,family,StableAudio,StableAudio,860,100,0.9966511627906977
two_member,artifactbench__count_control_DiffRhythm,artifactbench,family,Suno,Suno,860,479,0.984008593484488
two_member,artifactbench__count_control_DiffRhythm,artifactbench,family,Udio,Udio,860,405,0.9735472293999425
two_member,artifactbench__count_control_DiffRhythm,artifactbench,family,Yue,Yue,860,100,0.9993662790697675
two_member,artifactbench__count_control_DiffRhythm,artifactbench,generator,DiffRhythm,DiffRhythm,860,100,0.9998197674418604
two_member,artifactbench__count_control_DiffRhythm,artifactbench,generator,MusicGen,MusicGen Large,860,30,1.0
two_member,artifactbench__count_control_DiffRhythm,artifactbench,generator,MusicGen,MusicGen Medium,860,30,1.0
two_member,artifactbench__count_control_DiffRhythm,artifactbench,generator,MusicGen,MusicGen Small,860,30,0.9960658914728682
two_member,artifactbench__count_control_DiffRhythm,artifactbench,generator,Riffusion,Riffusion,860,100,0.9779069767441859
two_member,artifactbench__count_control_DiffRhythm,artifactbench,generator,Riffusion,Riffusion (AIME),860,30,0.742751937984496
two_member,artifactbench__count_control_DiffRhythm,artifactbench,generator,StableAudio,Stable Audio v1,860,50,0.9970348837209302
two_member,artifactbench__count_control_DiffRhythm,artifactbench,generator,StableAudio,Stable Audio v2,860,50,0.9962674418604651
two_member,artifactbench__count_control_DiffRhythm,artifactbench,generator,Suno,Google Chirp v2 XXL,860,80,1.0
two_member,artifactbench__count_control_DiffRhythm,artifactbench,generator,Suno,Google Chirp v3,860,80,1.0
two_member,artifactbench__count_control_DiffRhythm,artifactbench,generator,Suno,Google Chirp v3.5,860,80,1.0
two_member,artifactbench__count_control_DiffRhythm,artifactbench,generator,Suno,Suno (mixed),860,80,0.9738735465116279
two_member,artifactbench__count_control_DiffRhythm,artifactbench,generator,Suno,Suno v3,860,30,0.9999418604651162
two_member,artifactbench__count_control_DiffRhythm,artifactbench,generator,Suno,Suno v3.5,860,29,0.9999398556535685
two_member,artifactbench__count_control_DiffRhythm,artifactbench,generator,Suno,Suno v4,860,100,0.9443372093023256
two_member,artifactbench__count_control_DiffRhythm,artifactbench,generator,Udio,Udio,860,100,0.9840406976744186
two_member,artifactbench__count_control_DiffRhythm,artifactbench,generator,Udio,Udio (AIME),860,30,0.9770542635658914
two_member,artifactbench__count_control_DiffRhythm,artifactbench,generator,Udio,Udio (SONICS 120s),860,80,0.9995203488372093
two_member,artifactbench__count_control_DiffRhythm,artifactbench,generator,Udio,Udio (SONICS 30s),860,80,0.9831104651162791
two_member,artifactbench__count_control_DiffRhythm,artifactbench,generator,Udio,Udio (mixed),860,80,0.938779069767442
two_member,artifactbench__count_control_DiffRhythm,artifactbench,generator,Udio,Udio CDN,860,18,0.9230297157622739
two_member,artifactbench__count_control_DiffRhythm,artifactbench,generator,Udio,Udio CDN Latest,860,17,0.9555061559507524
two_member,artifactbench__count_control_DiffRhythm,artifactbench,generator,Yue,Yue,860,100,0.9993662790697675
two_member,echoes__without_StableAudio,echoes,family,AceStep,AceStep,59,57,0.9774011299435028
two_member,echoes__without_StableAudio,echoes,family,AudioLDM,AudioLDM,59,115,1.0
two_member,echoes__without_StableAudio,echoes,family,Brev,Brev,59,68,0.9588733798604187
two_member,echoes__without_StableAudio,echoes,family,DiffRhythm,DiffRhythm,59,120,0.9955508474576271
two_member,echoes__without_StableAudio,echoes,family,Mubert,Mubert,59,32,0.44570974576271183
two_member,echoes__without_StableAudio,echoes,family,Producer,Producer,59,68,0.9512711864406779
two_member,echoes__without_StableAudio,echoes,family,SongGen,SongGen,59,111,0.9948083676897237
two_member,echoes__without_StableAudio,echoes,family,StableAudio,StableAudio,59,35,0.7648910411622276
two_member,echoes__without_StableAudio,echoes,family,Suno,Suno,59,68,0.9356929212362912
two_member,echoes__without_StableAudio,echoes,family,Udio,Udio,59,68,0.9179960119641077
two_member,echoes__without_StableAudio,echoes,generator,AceStep,acestep,59,57,0.9774011299435028
two_member,echoes__without_StableAudio,echoes,generator,AudioLDM,audioldm,59,115,1.0
two_member,echoes__without_StableAudio,echoes,generator,Brev,brev,59,68,0.9588733798604187
two_member,echoes__without_StableAudio,echoes,generator,DiffRhythm,diffrhythm,59,120,0.9955508474576271
two_member,echoes__without_StableAudio,echoes,generator,Mubert,mubert,59,32,0.44570974576271183
two_member,echoes__without_StableAudio,echoes,generator,Producer,producer,59,68,0.9512711864406779
two_member,echoes__without_StableAudio,echoes,generator,SongGen,songgen,59,111,0.9948083676897237
two_member,echoes__without_StableAudio,echoes,generator,StableAudio,stableaudio,59,35,0.7648910411622276
two_member,echoes__without_StableAudio,echoes,generator,Suno,suno,59,68,0.9356929212362912
two_member,echoes__without_StableAudio,echoes,generator,Udio,udio,59,68,0.9179960119641077
two_member,echoes__count_control_StableAudio,echoes,family,AceStep,AceStep,59,57,0.9995539696699376
two_member,echoes__count_control_StableAudio,echoes,family,AudioLDM,AudioLDM,59,115,0.9999263080324245
two_member,echoes__count_control_StableAudio,echoes,family,Brev,Brev,59,68,0.9575024925224327
two_member,echoes__count_control_StableAudio,echoes,family,DiffRhythm,DiffRhythm,59,120,0.9980225988700566
two_member,echoes__count_control_StableAudio,echoes,family,Mubert,Mubert,59,32,0.5013241525423728
two_member,echoes__count_control_StableAudio,echoes,family,Producer,Producer,59,68,0.9856679960119642
two_member,echoes__count_control_StableAudio,echoes,family,SongGen,SongGen,59,111,0.9932814170102305
two_member,echoes__count_control_StableAudio,echoes,family,StableAudio,StableAudio,59,35,0.814769975786925
two_member,echoes__count_control_StableAudio,echoes,family,Suno,Suno,59,68,0.9228564307078764
two_member,echoes__count_control_StableAudio,echoes,family,Udio,Udio,59,68,0.9005483549351945
two_member,echoes__count_control_StableAudio,echoes,generator,AceStep,acestep,59,57,0.9995539696699376
two_member,echoes__count_control_StableAudio,echoes,generator,AudioLDM,audioldm,59,115,0.9999263080324245
two_member,echoes__count_control_StableAudio,echoes,generator,Brev,brev,59,68,0.9575024925224327
two_member,echoes__count_control_StableAudio,echoes,generator,DiffRhythm,diffrhythm,59,120,0.9980225988700566
two_member,echoes__count_control_StableAudio,echoes,generator,Mubert,mubert,59,32,0.5013241525423728
two_member,echoes__count_control_StableAudio,echoes,generator,Producer,producer,59,68,0.9856679960119642
two_member,echoes__count_control_StableAudio,echoes,generator,SongGen,songgen,59,111,0.9932814170102305
two_member,echoes__count_control_StableAudio,echoes,generator,StableAudio,stableaudio,59,35,0.814769975786925
two_member,echoes__count_control_StableAudio,echoes,generator,Suno,suno,59,68,0.9228564307078764
two_member,echoes__count_control_StableAudio,echoes,generator,Udio,udio,59,68,0.9005483549351945
two_member,echoes__without_AudioLDM,echoes,family,AceStep,AceStep,59,57,1.0
two_member,echoes__without_AudioLDM,echoes,family,AudioLDM,AudioLDM,59,115,0.9963154016212233
two_member,echoes__without_AudioLDM,echoes,family,Brev,Brev,59,68,0.9395563310069791
two_member,echoes__without_AudioLDM,echoes,family,DiffRhythm,DiffRhythm,59,120,0.9994350282485875
two_member,echoes__without_AudioLDM,echoes,family,Mubert,Mubert,59,32,0.399364406779661
two_member,echoes__without_AudioLDM,echoes,family,Producer,Producer,59,68,0.9786889332003988
two_member,echoes__without_AudioLDM,echoes,family,SongGen,SongGen,59,111,0.9847304932050696
two_member,echoes__without_AudioLDM,echoes,family,StableAudio,StableAudio,59,35,0.7719128329297821
two_member,echoes__without_AudioLDM,echoes,family,Suno,Suno,59,68,0.9009222333000997
two_member,echoes__without_AudioLDM,echoes,family,Udio,Udio,59,68,0.8899551345962113
two_member,echoes__without_AudioLDM,echoes,generator,AceStep,acestep,59,57,1.0
two_member,echoes__without_AudioLDM,echoes,generator,AudioLDM,audioldm,59,115,0.9963154016212233
two_member,echoes__without_AudioLDM,echoes,generator,Brev,brev,59,68,0.9395563310069791
two_member,echoes__without_AudioLDM,echoes,generator,DiffRhythm,diffrhythm,59,120,0.9994350282485875
two_member,echoes__without_AudioLDM,echoes,generator,Mubert,mubert,59,32,0.399364406779661
two_member,echoes__without_AudioLDM,echoes,generator,Producer,producer,59,68,0.9786889332003988
two_member,echoes__without_AudioLDM,echoes,generator,SongGen,songgen,59,111,0.9847304932050696
two_member,echoes__without_AudioLDM,echoes,generator,StableAudio,stableaudio,59,35,0.7719128329297821
two_member,echoes__without_AudioLDM,echoes,generator,Suno,suno,59,68,0.9009222333000997
two_member,echoes__without_AudioLDM,echoes,generator,Udio,udio,59,68,0.8899551345962113
two_member,echoes__count_control_AudioLDM,echoes,family,AceStep,AceStep,59,57,0.9994052928932501
two_member,echoes__count_control_AudioLDM,echoes,family,AudioLDM,AudioLDM,59,115,1.0
two_member,echoes__count_control_AudioLDM,echoes,family,Brev,Brev,59,68,0.9516450648055833
two_member,echoes__count_control_AudioLDM,echoes,family,DiffRhythm,DiffRhythm,59,120,0.9983050847457627
two_member,echoes__count_control_AudioLDM,echoes,family,Mubert,Mubert,59,32,0.44623940677966095
two_member,echoes__count_control_AudioLDM,echoes,family,Producer,Producer,59,68,0.9819292123629113
two_member,echoes__count_control_AudioLDM,echoes,family,SongGen,SongGen,59,111,0.9802259887005649
two_member,echoes__count_control_AudioLDM,echoes,family,StableAudio,StableAudio,59,35,0.7682808716707021
two_member,echoes__count_control_AudioLDM,echoes,family,Suno,Suno,59,68,0.9082751744765702
two_member,echoes__count_control_AudioLDM,echoes,family,Udio,Udio,59,68,0.8950648055832502
two_member,echoes__count_control_AudioLDM,echoes,generator,AceStep,acestep,59,57,0.9994052928932501
two_member,echoes__count_control_AudioLDM,echoes,generator,AudioLDM,audioldm,59,115,1.0
two_member,echoes__count_control_AudioLDM,echoes,generator,Brev,brev,59,68,0.9516450648055833
two_member,echoes__count_control_AudioLDM,echoes,generator,DiffRhythm,diffrhythm,59,120,0.9983050847457627
two_member,echoes__count_control_AudioLDM,echoes,generator,Mubert,mubert,59,32,0.44623940677966095
two_member,echoes__count_control_AudioLDM,echoes,generator,Producer,producer,59,68,0.9819292123629113
two_member,echoes__count_control_AudioLDM,echoes,generator,SongGen,songgen,59,111,0.9802259887005649
two_member,echoes__count_control_AudioLDM,echoes,generator,StableAudio,stableaudio,59,35,0.7682808716707021
two_member,echoes__count_control_AudioLDM,echoes,generator,Suno,suno,59,68,0.9082751744765702
two_member,echoes__count_control_AudioLDM,echoes,generator,Udio,udio,59,68,0.8950648055832502
two_member,echoes__without_DiffRhythm,echoes,family,AceStep,AceStep,59,57,0.9998513232233126
two_member,echoes__without_DiffRhythm,echoes,family,AudioLDM,AudioLDM,59,115,1.0
two_member,echoes__without_DiffRhythm,echoes,family,Brev,Brev,59,68,0.9399302093718843
two_member,echoes__without_DiffRhythm,echoes,family,DiffRhythm,DiffRhythm,59,120,0.9994350282485877
two_member,echoes__without_DiffRhythm,echoes,family,Mubert,Mubert,59,32,0.4883474576271186
two_member,echoes__without_DiffRhythm,echoes,family,Producer,Producer,59,68,0.9865403788634098
two_member,echoes__without_DiffRhythm,echoes,family,SongGen,SongGen,59,111,0.989922125515346
two_member,echoes__without_DiffRhythm,echoes,family,StableAudio,StableAudio,59,35,0.8188861985472154
two_member,echoes__without_DiffRhythm,echoes,family,Suno,Suno,59,68,0.9001744765702892
two_member,echoes__without_DiffRhythm,echoes,family,Udio,Udio,59,68,0.8929461615154536
two_member,echoes__without_DiffRhythm,echoes,generator,AceStep,acestep,59,57,0.9998513232233126
two_member,echoes__without_DiffRhythm,echoes,generator,AudioLDM,audioldm,59,115,1.0
two_member,echoes__without_DiffRhythm,echoes,generator,Brev,brev,59,68,0.9399302093718843
two_member,echoes__without_DiffRhythm,echoes,generator,DiffRhythm,diffrhythm,59,120,0.9994350282485877
two_member,echoes__without_DiffRhythm,echoes,generator,Mubert,mubert,59,32,0.4883474576271186
two_member,echoes__without_DiffRhythm,echoes,generator,Producer,producer,59,68,0.9865403788634098
two_member,echoes__without_DiffRhythm,echoes,generator,SongGen,songgen,59,111,0.989922125515346
two_member,echoes__without_DiffRhythm,echoes,generator,StableAudio,stableaudio,59,35,0.8188861985472154
two_member,echoes__without_DiffRhythm,echoes,generator,Suno,suno,59,68,0.9001744765702892
two_member,echoes__without_DiffRhythm,echoes,generator,Udio,udio,59,68,0.8929461615154536
two_member,echoes__count_control_DiffRhythm,echoes,family,AceStep,AceStep,59,57,0.9998513232233126
two_member,echoes__count_control_DiffRhythm,echoes,family,AudioLDM,AudioLDM,59,115,1.0
two_member,echoes__count_control_DiffRhythm,echoes,family,Brev,Brev,59,68,0.9460368893320039
two_member,echoes__count_control_DiffRhythm,echoes,family,DiffRhythm,DiffRhythm,59,120,0.9991525423728814
two_member,echoes__count_control_DiffRhythm,echoes,family,Mubert,Mubert,59,32,0.44306144067796605
two_member,echoes__count_control_DiffRhythm,echoes,family,Producer,Producer,59,68,0.9850448654037887
two_member,echoes__count_control_DiffRhythm,echoes,family,SongGen,SongGen,59,111,0.9903802107191937
two_member,echoes__count_control_DiffRhythm,echoes,family,StableAudio,StableAudio,59,35,0.7932203389830509
two_member,echoes__count_control_DiffRhythm,echoes,family,Suno,Suno,59,68,0.918369890329013
two_member,echoes__count_control_DiffRhythm,echoes,family,Udio,Udio,59,68,0.9054087736789631
two_member,echoes__count_control_DiffRhythm,echoes,generator,AceStep,acestep,59,57,0.9998513232233126
two_member,echoes__count_control_DiffRhythm,echoes,generator,AudioLDM,audioldm,59,115,1.0
two_member,echoes__count_control_DiffRhythm,echoes,generator,Brev,brev,59,68,0.9460368893320039
two_member,echoes__count_control_DiffRhythm,echoes,generator,DiffRhythm,diffrhythm,59,120,0.9991525423728814
two_member,echoes__count_control_DiffRhythm,echoes,generator,Mubert,mubert,59,32,0.44306144067796605
two_member,echoes__count_control_DiffRhythm,echoes,generator,Producer,producer,59,68,0.9850448654037887
two_member,echoes__count_control_DiffRhythm,echoes,generator,SongGen,songgen,59,111,0.9903802107191937
two_member,echoes__count_control_DiffRhythm,echoes,generator,StableAudio,stableaudio,59,35,0.7932203389830509
two_member,echoes__count_control_DiffRhythm,echoes,generator,Suno,suno,59,68,0.918369890329013
two_member,echoes__count_control_DiffRhythm,echoes,generator,Udio,udio,59,68,0.9054087736789631
two_member,fakemusiccaps__without_StableAudio,fakemusiccaps,family,AudioLDM,AudioLDM,1102,1104,0.9775741241221495
two_member,fakemusiccaps__without_StableAudio,fakemusiccaps,family,MusicGen,MusicGen,1102,1104,0.9868236112207054
two_member,fakemusiccaps__without_StableAudio,fakemusiccaps,family,MusicLDM,MusicLDM,1102,1104,0.9505267925247902
two_member,fakemusiccaps__without_StableAudio,fakemusiccaps,family,Mustango,Mustango,1102,1104,0.9834741346432048
two_member,fakemusiccaps__without_StableAudio,fakemusiccaps,family,StableAudio,StableAudio,1102,1104,0.9573198598069386
two_member,fakemusiccaps__without_StableAudio,fakemusiccaps,generator,AudioLDM,audioldm2,1102,1104,0.9775741241221495
two_member,fakemusiccaps__without_StableAudio,fakemusiccaps,generator,MusicGen,MusicGen_medium,1102,1104,0.9868236112207054
two_member,fakemusiccaps__without_StableAudio,fakemusiccaps,generator,MusicLDM,musicldm,1102,1104,0.9505267925247902
two_member,fakemusiccaps__without_StableAudio,fakemusiccaps,generator,Mustango,mustango,1102,1104,0.9834741346432048
two_member,fakemusiccaps__without_StableAudio,fakemusiccaps,generator,StableAudio,stable_audio_open,1102,1104,0.9573198598069386
two_member,fakemusiccaps__count_control_StableAudio,fakemusiccaps,family,AudioLDM,AudioLDM,1102,1104,0.9762400871932455
two_member,fakemusiccaps__count_control_StableAudio,fakemusiccaps,family,MusicGen,MusicGen,1102,1104,0.9861171387990215
two_member,fakemusiccaps__count_control_StableAudio,fakemusiccaps,family,MusicLDM,MusicLDM,1102,1104,0.9532084286803966
two_member,fakemusiccaps__count_control_StableAudio,fakemusiccaps,family,Mustango,Mustango,1102,1104,0.9830204141350378
two_member,fakemusiccaps__count_control_StableAudio,fakemusiccaps,family,StableAudio,StableAudio,1102,1104,0.9631874030090217
two_member,fakemusiccaps__count_control_StableAudio,fakemusiccaps,generator,AudioLDM,audioldm2,1102,1104,0.9762400871932455
two_member,fakemusiccaps__count_control_StableAudio,fakemusiccaps,generator,MusicGen,MusicGen_medium,1102,1104,0.9861171387990215
two_member,fakemusiccaps__count_control_StableAudio,fakemusiccaps,generator,MusicLDM,musicldm,1102,1104,0.9532084286803966
two_member,fakemusiccaps__count_control_StableAudio,fakemusiccaps,generator,Mustango,mustango,1102,1104,0.9830204141350378
two_member,fakemusiccaps__count_control_StableAudio,fakemusiccaps,generator,StableAudio,stable_audio_open,1102,1104,0.9631874030090217
two_member,fakemusiccaps__without_AudioLDM,fakemusiccaps,family,AudioLDM,AudioLDM,1102,1104,0.9576169974223414
two_member,fakemusiccaps__without_AudioLDM,fakemusiccaps,family,MusicGen,MusicGen,1102,1104,0.9854575179515506
two_member,fakemusiccaps__without_AudioLDM,fakemusiccaps,family,MusicLDM,MusicLDM,1102,1104,0.9527000480023147
two_member,fakemusiccaps__without_AudioLDM,fakemusiccaps,family,Mustango,Mustango,1102,1104,0.9791826948367921
two_member,fakemusiccaps__without_AudioLDM,fakemusiccaps,family,StableAudio,StableAudio,1102,1104,0.9626938175649018
two_member,fakemusiccaps__without_AudioLDM,fakemusiccaps,generator,AudioLDM,audioldm2,1102,1104,0.9576169974223414
two_member,fakemusiccaps__without_AudioLDM,fakemusiccaps,generator,MusicGen,MusicGen_medium,1102,1104,0.9854575179515506
two_member,fakemusiccaps__without_AudioLDM,fakemusiccaps,generator,MusicLDM,musicldm,1102,1104,0.9527000480023147
two_member,fakemusiccaps__without_AudioLDM,fakemusiccaps,generator,Mustango,mustango,1102,1104,0.9791826948367921
two_member,fakemusiccaps__without_AudioLDM,fakemusiccaps,generator,StableAudio,stable_audio_open,1102,1104,0.9626938175649018
two_member,fakemusiccaps__count_control_AudioLDM,fakemusiccaps,family,AudioLDM,AudioLDM,1102,1104,0.9775646716115627
two_member,fakemusiccaps__count_control_AudioLDM,fakemusiccaps,family,MusicGen,MusicGen,1102,1104,0.9878140699387148
two_member,fakemusiccaps__count_control_AudioLDM,fakemusiccaps,family,MusicLDM,MusicLDM,1102,1104,0.9589214438833216
two_member,fakemusiccaps__count_control_AudioLDM,fakemusiccaps,family,Mustango,Mustango,1102,1104,0.9846548765091139
two_member,fakemusiccaps__count_control_AudioLDM,fakemusiccaps,family,StableAudio,StableAudio,1102,1104,0.9649792702333043
two_member,fakemusiccaps__count_control_AudioLDM,fakemusiccaps,generator,AudioLDM,audioldm2,1102,1104,0.9775646716115627
two_member,fakemusiccaps__count_control_AudioLDM,fakemusiccaps,generator,MusicGen,MusicGen_medium,1102,1104,0.9878140699387148
two_member,fakemusiccaps__count_control_AudioLDM,fakemusiccaps,generator,MusicLDM,musicldm,1102,1104,0.9589214438833216
two_member,fakemusiccaps__count_control_AudioLDM,fakemusiccaps,generator,Mustango,mustango,1102,1104,0.9846548765091139
two_member,fakemusiccaps__count_control_AudioLDM,fakemusiccaps,generator,StableAudio,stable_audio_open,1102,1104,0.9649792702333043
two_member,artifactbench__fmc_fit_only,artifactbench,family,DiffRhythm,DiffRhythm,860,100,0.999843023255814
two_member,artifactbench__fmc_fit_only,artifactbench,family,MusicGen,MusicGen,860,90,0.9996640826873385
two_member,artifactbench__fmc_fit_only,artifactbench,family,Riffusion,Riffusion,860,130,0.9060062611806798
two_member,artifactbench__fmc_fit_only,artifactbench,family,StableAudio,StableAudio,860,100,0.9966744186046512
two_member,artifactbench__fmc_fit_only,artifactbench,family,Suno,Suno,860,479,0.9664672039617419
two_member,artifactbench__fmc_fit_only,artifactbench,family,Udio,Udio,860,405,0.5280031581969566
two_member,artifactbench__fmc_fit_only,artifactbench,family,Yue,Yue,860,100,0.9902093023255814
two_member,artifactbench__fmc_fit_only,artifactbench,generator,DiffRhythm,DiffRhythm,860,100,0.999843023255814
two_member,artifactbench__fmc_fit_only,artifactbench,generator,MusicGen,MusicGen Large,860,30,0.9991472868217054
two_member,artifactbench__fmc_fit_only,artifactbench,generator,MusicGen,MusicGen Medium,860,30,1.0
two_member,artifactbench__fmc_fit_only,artifactbench,generator,MusicGen,MusicGen Small,860,30,0.9998449612403102
two_member,artifactbench__fmc_fit_only,artifactbench,generator,Riffusion,Riffusion,860,100,0.9649825581395348
two_member,artifactbench__fmc_fit_only,artifactbench,generator,Riffusion,Riffusion (AIME),860,30,0.7094186046511628
two_member,artifactbench__fmc_fit_only,artifactbench,generator,StableAudio,Stable Audio v1,860,50,0.9952558139534884
two_member,artifactbench__fmc_fit_only,artifactbench,generator,StableAudio,Stable Audio v2,860,50,0.998093023255814
two_member,artifactbench__fmc_fit_only,artifactbench,generator,Suno,Google Chirp v2 XXL,860,80,0.9962936046511628
two_member,artifactbench__fmc_fit_only,artifactbench,generator,Suno,Google Chirp v3,860,80,0.9946220930232559
two_member,artifactbench__fmc_fit_only,artifactbench,generator,Suno,Google Chirp v3.5,860,80,0.9867732558139535
two_member,artifactbench__fmc_fit_only,artifactbench,generator,Suno,Suno (mixed),860,80,0.9459375000000001
two_member,artifactbench__fmc_fit_only,artifactbench,generator,Suno,Suno v3,860,30,0.9998449612403102
two_member,artifactbench__fmc_fit_only,artifactbench,generator,Suno,Suno v3.5,860,29,0.9994987971130714
two_member,artifactbench__fmc_fit_only,artifactbench,generator,Suno,Suno v4,860,100,0.9006686046511627
two_member,artifactbench__fmc_fit_only,artifactbench,generator,Udio,Udio,860,100,0.5628139534883722
two_member,artifactbench__fmc_fit_only,artifactbench,generator,Udio,Udio (AIME),860,30,0.6094961240310077
two_member,artifactbench__fmc_fit_only,artifactbench,generator,Udio,Udio (SONICS 120s),860,80,0.5506322674418604
two_member,artifactbench__fmc_fit_only,artifactbench,generator,Udio,Udio (SONICS 30s),860,80,0.49412063953488367
two_member,artifactbench__fmc_fit_only,artifactbench,generator,Udio,Udio (mixed),860,80,0.48654069767441865
two_member,artifactbench__fmc_fit_only,artifactbench,generator,Udio,Udio CDN,860,18,0.4526485788113695
two_member,artifactbench__fmc_fit_only,artifactbench,generator,Udio,Udio CDN Latest,860,17,0.5072845417236662
two_member,artifactbench__fmc_fit_only,artifactbench,generator,Yue,Yue,860,100,0.9902093023255814
learned_fusion,artifactbench__base,artifactbench,family,DiffRhythm,DiffRhythm,860,100,0.999906976744186
learned_fusion,artifactbench__base,artifactbench,family,MusicGen,MusicGen,860,90,1.0
learned_fusion,artifactbench__base,artifactbench,family,Riffusion,Riffusion,860,130,0.9612611806797853
learned_fusion,artifactbench__base,artifactbench,family,StableAudio,StableAudio,860,100,0.9998604651162791
learned_fusion,artifactbench__base,artifactbench,family,Suno,Suno,860,479,0.9911783269408166
learned_fusion,artifactbench__base,artifactbench,family,Udio,Udio,860,405,0.9820499569336779
learned_fusion,artifactbench__base,artifactbench,family,Yue,Yue,860,100,0.9997325581395349
learned_fusion,artifactbench__base,artifactbench,generator,DiffRhythm,DiffRhythm,860,100,0.999906976744186
learned_fusion,artifactbench__base,artifactbench,generator,MusicGen,MusicGen Large,860,30,1.0
learned_fusion,artifactbench__base,artifactbench,generator,MusicGen,MusicGen Medium,860,30,1.0
learned_fusion,artifactbench__base,artifactbench,generator,MusicGen,MusicGen Small,860,30,1.0
learned_fusion,artifactbench__base,artifactbench,generator,Riffusion,Riffusion,860,100,0.9794534883720931
learned_fusion,artifactbench__base,artifactbench,generator,Riffusion,Riffusion (AIME),860,30,0.9006201550387597
learned_fusion,artifactbench__base,artifactbench,generator,StableAudio,Stable Audio v1,860,50,0.9998604651162791
learned_fusion,artifactbench__base,artifactbench,generator,StableAudio,Stable Audio v2,860,50,0.9998604651162791
learned_fusion,artifactbench__base,artifactbench,generator,Suno,Google Chirp v2 XXL,860,80,1.0
learned_fusion,artifactbench__base,artifactbench,generator,Suno,Google Chirp v3,860,80,1.0
learned_fusion,artifactbench__base,artifactbench,generator,Suno,Google Chirp v3.5,860,80,1.0
learned_fusion,artifactbench__base,artifactbench,generator,Suno,Suno (mixed),860,80,0.985218023255814
learned_fusion,artifactbench__base,artifactbench,generator,Suno,Suno v3,860,30,1.0
learned_fusion,artifactbench__base,artifactbench,generator,Suno,Suno v3.5,860,29,1.0
learned_fusion,artifactbench__base,artifactbench,generator,Suno,Suno v4,860,100,0.9695697674418604
learned_fusion,artifactbench__base,artifactbench,generator,Udio,Udio,860,100,0.9956627906976744
learned_fusion,artifactbench__base,artifactbench,generator,Udio,Udio (AIME),860,30,0.9791472868217055
learned_fusion,artifactbench__base,artifactbench,generator,Udio,Udio (SONICS 120s),860,80,1.0
learned_fusion,artifactbench__base,artifactbench,generator,Udio,Udio (SONICS 30s),860,80,0.9998110465116279
learned_fusion,artifactbench__base,artifactbench,generator,Udio,Udio (mixed),860,80,0.9535319767441861
learned_fusion,artifactbench__base,artifactbench,generator,Udio,Udio CDN,860,18,0.9223514211886304
learned_fusion,artifactbench__base,artifactbench,generator,Udio,Udio CDN Latest,860,17,0.9364569083447333
learned_fusion,artifactbench__base,artifactbench,generator,Yue,Yue,860,100,0.9997325581395349
learned_fusion,echoes__base,echoes,family,AceStep,AceStep,59,57,1.0
learned_fusion,echoes__base,echoes,family,AudioLDM,AudioLDM,59,115,1.0
learned_fusion,echoes__base,echoes,family,Brev,Brev,59,68,0.9872881355932204
learned_fusion,echoes__base,echoes,family,DiffRhythm,DiffRhythm,59,120,1.0
learned_fusion,echoes__base,echoes,family,Mubert,Mubert,59,32,0.6890889830508474
learned_fusion,echoes__base,echoes,family,Producer,Producer,59,68,0.9995014955134596
learned_fusion,echoes__base,echoes,family,SongGen,SongGen,59,111,1.0
learned_fusion,echoes__base,echoes,family,StableAudio,StableAudio,59,35,0.9661016949152543
learned_fusion,echoes__base,echoes,family,Suno,Suno,59,68,0.9773180458624127
learned_fusion,echoes__base,echoes,family,Udio,Udio,59,68,0.9636091724825524
learned_fusion,echoes__base,echoes,generator,AceStep,acestep,59,57,1.0
learned_fusion,echoes__base,echoes,generator,AudioLDM,audioldm,59,115,1.0
learned_fusion,echoes__base,echoes,generator,Brev,brev,59,68,0.9872881355932204
learned_fusion,echoes__base,echoes,generator,DiffRhythm,diffrhythm,59,120,1.0
learned_fusion,echoes__base,echoes,generator,Mubert,mubert,59,32,0.6890889830508474
learned_fusion,echoes__base,echoes,generator,Producer,producer,59,68,0.9995014955134596
learned_fusion,echoes__base,echoes,generator,SongGen,songgen,59,111,1.0
learned_fusion,echoes__base,echoes,generator,StableAudio,stableaudio,59,35,0.9661016949152543
learned_fusion,echoes__base,echoes,generator,Suno,suno,59,68,0.9773180458624127
learned_fusion,echoes__base,echoes,generator,Udio,udio,59,68,0.9636091724825524
learned_fusion,fakemusiccaps__base,fakemusiccaps,family,AudioLDM,AudioLDM,1102,1104,0.9980429193298088
learned_fusion,fakemusiccaps__base,fakemusiccaps,family,MusicGen,MusicGen,1102,1104,0.9990325560903759
learned_fusion,fakemusiccaps__base,fakemusiccaps,family,MusicLDM,MusicLDM,1102,1104,0.9850724308898182
learned_fusion,fakemusiccaps__base,fakemusiccaps,family,Mustango,Mustango,1102,1104,0.999263526131671
learned_fusion,fakemusiccaps__base,fakemusiccaps,family,StableAudio,StableAudio,1102,1104,0.9912938267708252
learned_fusion,fakemusiccaps__base,fakemusiccaps,generator,AudioLDM,audioldm2,1102,1104,0.9980429193298088
learned_fusion,fakemusiccaps__base,fakemusiccaps,generator,MusicGen,MusicGen_medium,1102,1104,0.9990325560903759
learned_fusion,fakemusiccaps__base,fakemusiccaps,generator,MusicLDM,musicldm,1102,1104,0.9850724308898182
learned_fusion,fakemusiccaps__base,fakemusiccaps,generator,Mustango,mustango,1102,1104,0.999263526131671
learned_fusion,fakemusiccaps__base,fakemusiccaps,generator,StableAudio,stable_audio_open,1102,1104,0.9912938267708252
learned_fusion,artifactbench__without_Suno,artifactbench,family,DiffRhythm,DiffRhythm,860,100,0.9998488372093024
learned_fusion,artifactbench__without_Suno,artifactbench,family,MusicGen,MusicGen,860,90,1.0
learned_fusion,artifactbench__without_Suno,artifactbench,family,Riffusion,Riffusion,860,130,0.9485599284436493
learned_fusion,artifactbench__without_Suno,artifactbench,family,StableAudio,StableAudio,860,100,0.9998139534883721
learned_fusion,artifactbench__without_Suno,artifactbench,family,Suno,Suno,860,479,0.9638345390105356
learned_fusion,artifactbench__without_Suno,artifactbench,family,Udio,Udio,860,405,0.98862761986793
learned_fusion,artifactbench__without_Suno,artifactbench,family,Yue,Yue,860,100,0.9922093023255814
learned_fusion,artifactbench__without_Suno,artifactbench,generator,DiffRhythm,DiffRhythm,860,100,0.9998488372093024
learned_fusion,artifactbench__without_Suno,artifactbench,generator,MusicGen,MusicGen Large,860,30,1.0
learned_fusion,artifactbench__without_Suno,artifactbench,generator,MusicGen,MusicGen Medium,860,30,1.0
learned_fusion,artifactbench__without_Suno,artifactbench,generator,MusicGen,MusicGen Small,860,30,1.0
learned_fusion,artifactbench__without_Suno,artifactbench,generator,Riffusion,Riffusion,860,100,0.9572790697674418
learned_fusion,artifactbench__without_Suno,artifactbench,generator,Riffusion,Riffusion (AIME),860,30,0.9194961240310078
learned_fusion,artifactbench__without_Suno,artifactbench,generator,StableAudio,Stable Audio v1,860,50,0.9998837209302325
learned_fusion,artifactbench__without_Suno,artifactbench,generator,StableAudio,Stable Audio v2,860,50,0.9997441860465117
learned_fusion,artifactbench__without_Suno,artifactbench,generator,Suno,Google Chirp v2 XXL,860,80,1.0
learned_fusion,artifactbench__without_Suno,artifactbench,generator,Suno,Google Chirp v3,860,80,1.0
learned_fusion,artifactbench__without_Suno,artifactbench,generator,Suno,Google Chirp v3.5,860,80,0.9999563953488372
learned_fusion,artifactbench__without_Suno,artifactbench,generator,Suno,Suno (mixed),860,80,0.9029941860465117
learned_fusion,artifactbench__without_Suno,artifactbench,generator,Suno,Suno v3,860,30,0.9996899224806202
learned_fusion,artifactbench__without_Suno,artifactbench,generator,Suno,Suno v3.5,860,29,0.999318364073777
learned_fusion,artifactbench__without_Suno,artifactbench,generator,Suno,Suno v4,860,100,0.9046976744186047
learned_fusion,artifactbench__without_Suno,artifactbench,generator,Udio,Udio,860,100,0.9978372093023256
learned_fusion,artifactbench__without_Suno,artifactbench,generator,Udio,Udio (AIME),860,30,0.9915891472868217
learned_fusion,artifactbench__without_Suno,artifactbench,generator,Udio,Udio (SONICS 120s),860,80,1.0
learned_fusion,artifactbench__without_Suno,artifactbench,generator,Udio,Udio (SONICS 30s),860,80,0.9997674418604652
learned_fusion,artifactbench__without_Suno,artifactbench,generator,Udio,Udio (mixed),860,80,0.9739098837209303
learned_fusion,artifactbench__without_Suno,artifactbench,generator,Udio,Udio CDN,860,18,0.9334625322997415
learned_fusion,artifactbench__without_Suno,artifactbench,generator,Udio,Udio CDN Latest,860,17,0.9509575923392614
learned_fusion,artifactbench__without_Suno,artifactbench,generator,Yue,Yue,860,100,0.9922093023255814
learned_fusion,artifactbench__count_control_Suno,artifactbench,family,DiffRhythm,DiffRhythm,860,100,0.9997790697674418
learned_fusion,artifactbench__count_control_Suno,artifactbench,family,MusicGen,MusicGen,860,90,1.0
learned_fusion,artifactbench__count_control_Suno,artifactbench,family,Riffusion,Riffusion,860,130,0.9501252236135957
learned_fusion,artifactbench__count_control_Suno,artifactbench,family,StableAudio,StableAudio,860,100,0.9994651162790698
learned_fusion,artifactbench__count_control_Suno,artifactbench,family,Suno,Suno,860,479,0.9906564062727582
learned_fusion,artifactbench__count_control_Suno,artifactbench,family,Udio,Udio,860,405,0.9758685041630778
learned_fusion,artifactbench__count_control_Suno,artifactbench,family,Yue,Yue,860,100,0.9996395348837209
learned_fusion,artifactbench__count_control_Suno,artifactbench,generator,DiffRhythm,DiffRhythm,860,100,0.9997790697674418
learned_fusion,artifactbench__count_control_Suno,artifactbench,generator,MusicGen,MusicGen Large,860,30,1.0
learned_fusion,artifactbench__count_control_Suno,artifactbench,generator,MusicGen,MusicGen Medium,860,30,1.0
learned_fusion,artifactbench__count_control_Suno,artifactbench,generator,MusicGen,MusicGen Small,860,30,1.0
learned_fusion,artifactbench__count_control_Suno,artifactbench,generator,Riffusion,Riffusion,860,100,0.9810232558139536
learned_fusion,artifactbench__count_control_Suno,artifactbench,generator,Riffusion,Riffusion (AIME),860,30,0.8471317829457364
learned_fusion,artifactbench__count_control_Suno,artifactbench,generator,StableAudio,Stable Audio v1,860,50,0.9995116279069768
learned_fusion,artifactbench__count_control_Suno,artifactbench,generator,StableAudio,Stable Audio v2,860,50,0.9994186046511627
learned_fusion,artifactbench__count_control_Suno,artifactbench,generator,Suno,Google Chirp v2 XXL,860,80,1.0
learned_fusion,artifactbench__count_control_Suno,artifactbench,generator,Suno,Google Chirp v3,860,80,1.0
learned_fusion,artifactbench__count_control_Suno,artifactbench,generator,Suno,Google Chirp v3.5,860,80,1.0
learned_fusion,artifactbench__count_control_Suno,artifactbench,generator,Suno,Suno (mixed),860,80,0.9842296511627907
learned_fusion,artifactbench__count_control_Suno,artifactbench,generator,Suno,Suno v3,860,30,1.0
learned_fusion,artifactbench__count_control_Suno,artifactbench,generator,Suno,Suno v3.5,860,29,0.9999599037690456
learned_fusion,artifactbench__count_control_Suno,artifactbench,generator,Suno,Suno v4,860,100,0.9678720930232558
learned_fusion,artifactbench__count_control_Suno,artifactbench,generator,Udio,Udio,860,100,0.992093023255814
learned_fusion,artifactbench__count_control_Suno,artifactbench,generator,Udio,Udio (AIME),860,30,0.9580232558139535
learned_fusion,artifactbench__count_control_Suno,artifactbench,generator,Udio,Udio (SONICS 120s),860,80,1.0
learned_fusion,artifactbench__count_control_Suno,artifactbench,generator,Udio,Udio (SONICS 30s),860,80,0.9992441860465117
learned_fusion,artifactbench__count_control_Suno,artifactbench,generator,Udio,Udio (mixed),860,80,0.9470494186046512
learned_fusion,artifactbench__count_control_Suno,artifactbench,generator,Udio,Udio CDN,860,18,0.9080749354005168
learned_fusion,artifactbench__count_control_Suno,artifactbench,generator,Udio,Udio CDN Latest,860,17,0.8957592339261287
learned_fusion,artifactbench__count_control_Suno,artifactbench,generator,Yue,Yue,860,100,0.9996395348837209
learned_fusion,artifactbench__without_Udio,artifactbench,family,DiffRhythm,DiffRhythm,860,100,0.9993720930232558
learned_fusion,artifactbench__without_Udio,artifactbench,family,MusicGen,MusicGen,860,90,0.9999741602067183
learned_fusion,artifactbench__without_Udio,artifactbench,family,Riffusion,Riffusion,860,130,0.9525939177101969
learned_fusion,artifactbench__without_Udio,artifactbench,family,StableAudio,StableAudio,860,100,0.9996279069767441
learned_fusion,artifactbench__without_Udio,artifactbench,family,Suno,Suno,860,479,0.9885541583725787
learned_fusion,artifactbench__without_Udio,artifactbench,family,Udio,Udio,860,405,0.7497588285960379
learned_fusion,artifactbench__without_Udio,artifactbench,family,Yue,Yue,860,100,0.9996162790697674
learned_fusion,artifactbench__without_Udio,artifactbench,generator,DiffRhythm,DiffRhythm,860,100,0.9993720930232558
learned_fusion,artifactbench__without_Udio,artifactbench,generator,MusicGen,MusicGen Large,860,30,1.0
learned_fusion,artifactbench__without_Udio,artifactbench,generator,MusicGen,MusicGen Medium,860,30,0.999922480620155
learned_fusion,artifactbench__without_Udio,artifactbench,generator,MusicGen,MusicGen Small,860,30,1.0
learned_fusion,artifactbench__without_Udio,artifactbench,generator,Riffusion,Riffusion,860,100,0.9818255813953488
learned_fusion,artifactbench__without_Udio,artifactbench,generator,Riffusion,Riffusion (AIME),860,30,0.8551550387596899
learned_fusion,artifactbench__without_Udio,artifactbench,generator,StableAudio,Stable Audio v1,860,50,0.9994418604651162
learned_fusion,artifactbench__without_Udio,artifactbench,generator,StableAudio,Stable Audio v2,860,50,0.9998139534883721
learned_fusion,artifactbench__without_Udio,artifactbench,generator,Suno,Google Chirp v2 XXL,860,80,0.9999854651162791
learned_fusion,artifactbench__without_Udio,artifactbench,generator,Suno,Google Chirp v3,860,80,1.0
learned_fusion,artifactbench__without_Udio,artifactbench,generator,Suno,Google Chirp v3.5,860,80,0.9999563953488372
learned_fusion,artifactbench__without_Udio,artifactbench,generator,Suno,Suno (mixed),860,80,0.9871075581395349
learned_fusion,artifactbench__without_Udio,artifactbench,generator,Suno,Suno v3,860,30,1.0
learned_fusion,artifactbench__without_Udio,artifactbench,generator,Suno,Suno v3.5,860,29,0.9999198075380914
learned_fusion,artifactbench__without_Udio,artifactbench,generator,Suno,Suno v4,860,100,0.9555581395348837
learned_fusion,artifactbench__without_Udio,artifactbench,generator,Udio,Udio,860,100,0.7278255813953488
learned_fusion,artifactbench__without_Udio,artifactbench,generator,Udio,Udio (AIME),860,30,0.7433333333333334
learned_fusion,artifactbench__without_Udio,artifactbench,generator,Udio,Udio (SONICS 120s),860,80,0.942093023255814
learned_fusion,artifactbench__without_Udio,artifactbench,generator,Udio,Udio (SONICS 30s),860,80,0.9463662790697676
learned_fusion,artifactbench__without_Udio,artifactbench,generator,Udio,Udio (mixed),860,80,0.5106976744186046
learned_fusion,artifactbench__without_Udio,artifactbench,generator,Udio,Udio CDN,860,18,0.4520671834625323
learned_fusion,artifactbench__without_Udio,artifactbench,generator,Udio,Udio CDN Latest,860,17,0.5
learned_fusion,artifactbench__without_Udio,artifactbench,generator,Yue,Yue,860,100,0.9996162790697674
learned_fusion,artifactbench__count_control_Udio,artifactbench,family,DiffRhythm,DiffRhythm,860,100,0.9991744186046512
learned_fusion,artifactbench__count_control_Udio,artifactbench,family,MusicGen,MusicGen,860,90,1.0
learned_fusion,artifactbench__count_control_Udio,artifactbench,family,Riffusion,Riffusion,860,130,0.963819320214669
learned_fusion,artifactbench__count_control_Udio,artifactbench,family,StableAudio,StableAudio,860,100,0.9995697674418605
learned_fusion,artifactbench__count_control_Udio,artifactbench,family,Suno,Suno,860,479,0.9840268000194202
learned_fusion,artifactbench__count_control_Udio,artifactbench,family,Udio,Udio,860,405,0.9723944875107665
learned_fusion,artifactbench__count_control_Udio,artifactbench,family,Yue,Yue,860,100,0.9992674418604651
learned_fusion,artifactbench__count_control_Udio,artifactbench,generator,DiffRhythm,DiffRhythm,860,100,0.9991744186046512
learned_fusion,artifactbench__count_control_Udio,artifactbench,generator,MusicGen,MusicGen Large,860,30,1.0
learned_fusion,artifactbench__count_control_Udio,artifactbench,generator,MusicGen,MusicGen Medium,860,30,1.0
learned_fusion,artifactbench__count_control_Udio,artifactbench,generator,MusicGen,MusicGen Small,860,30,1.0
learned_fusion,artifactbench__count_control_Udio,artifactbench,generator,Riffusion,Riffusion,860,100,0.972093023255814
learned_fusion,artifactbench__count_control_Udio,artifactbench,generator,Riffusion,Riffusion (AIME),860,30,0.9362403100775194
learned_fusion,artifactbench__count_control_Udio,artifactbench,generator,StableAudio,Stable Audio v1,860,50,0.9993255813953489
learned_fusion,artifactbench__count_control_Udio,artifactbench,generator,StableAudio,Stable Audio v2,860,50,0.9998139534883721
learned_fusion,artifactbench__count_control_Udio,artifactbench,generator,Suno,Google Chirp v2 XXL,860,80,1.0
learned_fusion,artifactbench__count_control_Udio,artifactbench,generator,Suno,Google Chirp v3,860,80,1.0
learned_fusion,artifactbench__count_control_Udio,artifactbench,generator,Suno,Google Chirp v3.5,860,80,1.0
learned_fusion,artifactbench__count_control_Udio,artifactbench,generator,Suno,Suno (mixed),860,80,0.9736773255813953
learned_fusion,artifactbench__count_control_Udio,artifactbench,generator,Suno,Suno v3,860,30,1.0
learned_fusion,artifactbench__count_control_Udio,artifactbench,generator,Suno,Suno v3.5,860,29,0.9999599037690456
learned_fusion,artifactbench__count_control_Udio,artifactbench,generator,Suno,Suno v4,860,100,0.9445581395348838
learned_fusion,artifactbench__count_control_Udio,artifactbench,generator,Udio,Udio,860,100,0.9908488372093023
learned_fusion,artifactbench__count_control_Udio,artifactbench,generator,Udio,Udio (AIME),860,30,0.9885271317829458
learned_fusion,artifactbench__count_control_Udio,artifactbench,generator,Udio,Udio (SONICS 120s),860,80,0.9998837209302325
learned_fusion,artifactbench__count_control_Udio,artifactbench,generator,Udio,Udio (SONICS 30s),860,80,0.9990261627906977
learned_fusion,artifactbench__count_control_Udio,artifactbench,generator,Udio,Udio (mixed),860,80,0.9227616279069768
learned_fusion,artifactbench__count_control_Udio,artifactbench,generator,Udio,Udio CDN,860,18,0.8863049095607235
learned_fusion,artifactbench__count_control_Udio,artifactbench,generator,Udio,Udio CDN Latest,860,17,0.9054035567715457
learned_fusion,artifactbench__count_control_Udio,artifactbench,generator,Yue,Yue,860,100,0.9992674418604651
learned_fusion,artifactbench__without_MusicGen,artifactbench,family,DiffRhythm,DiffRhythm,860,100,0.9998953488372093
learned_fusion,artifactbench__without_MusicGen,artifactbench,family,MusicGen,MusicGen,860,90,0.9995736434108528
learned_fusion,artifactbench__without_MusicGen,artifactbench,family,Riffusion,Riffusion,860,130,0.9688640429338102
learned_fusion,artifactbench__without_MusicGen,artifactbench,family,StableAudio,StableAudio,860,100,0.9994651162790698
learned_fusion,artifactbench__without_MusicGen,artifactbench,family,Suno,Suno,860,479,0.992256153808807
learned_fusion,artifactbench__without_MusicGen,artifactbench,family,Udio,Udio,860,405,0.9887826586276198
learned_fusion,artifactbench__without_MusicGen,artifactbench,family,Yue,Yue,860,100,0.9996627906976745
learned_fusion,artifactbench__without_MusicGen,artifactbench,generator,DiffRhythm,DiffRhythm,860,100,0.9998953488372093
learned_fusion,artifactbench__without_MusicGen,artifactbench,generator,MusicGen,MusicGen Large,860,30,0.9993798449612403
learned_fusion,artifactbench__without_MusicGen,artifactbench,generator,MusicGen,MusicGen Medium,860,30,0.9996899224806202
learned_fusion,artifactbench__without_MusicGen,artifactbench,generator,MusicGen,MusicGen Small,860,30,0.9996511627906977
learned_fusion,artifactbench__without_MusicGen,artifactbench,generator,Riffusion,Riffusion,860,100,0.9778488372093024
learned_fusion,artifactbench__without_MusicGen,artifactbench,generator,Riffusion,Riffusion (AIME),860,30,0.9389147286821704
learned_fusion,artifactbench__without_MusicGen,artifactbench,generator,StableAudio,Stable Audio v1,860,50,0.9994186046511628
learned_fusion,artifactbench__without_MusicGen,artifactbench,generator,StableAudio,Stable Audio v2,860,50,0.9995116279069767
learned_fusion,artifactbench__without_MusicGen,artifactbench,generator,Suno,Google Chirp v2 XXL,860,80,1.0
learned_fusion,artifactbench__without_MusicGen,artifactbench,generator,Suno,Google Chirp v3,860,80,1.0
learned_fusion,artifactbench__without_MusicGen,artifactbench,generator,Suno,Google Chirp v3.5,860,80,1.0
learned_fusion,artifactbench__without_MusicGen,artifactbench,generator,Suno,Suno (mixed),860,80,0.9889389534883721
learned_fusion,artifactbench__without_MusicGen,artifactbench,generator,Suno,Suno v3,860,30,1.0
learned_fusion,artifactbench__without_MusicGen,artifactbench,generator,Suno,Suno v3.5,860,29,1.0
learned_fusion,artifactbench__without_MusicGen,artifactbench,generator,Suno,Suno v4,860,100,0.9717558139534883
learned_fusion,artifactbench__without_MusicGen,artifactbench,generator,Udio,Udio,860,100,0.9972441860465115
learned_fusion,artifactbench__without_MusicGen,artifactbench,generator,Udio,Udio (AIME),860,30,0.9887209302325581
learned_fusion,artifactbench__without_MusicGen,artifactbench,generator,Udio,Udio (SONICS 120s),860,80,1.0
learned_fusion,artifactbench__without_MusicGen,artifactbench,generator,Udio,Udio (SONICS 30s),860,80,0.9998837209302326
learned_fusion,artifactbench__without_MusicGen,artifactbench,generator,Udio,Udio (mixed),860,80,0.9659302325581395
learned_fusion,artifactbench__without_MusicGen,artifactbench,generator,Udio,Udio CDN,860,18,0.9833333333333334
learned_fusion,artifactbench__without_MusicGen,artifactbench,generator,Udio,Udio CDN Latest,860,17,0.9474008207934337
learned_fusion,artifactbench__without_MusicGen,artifactbench,generator,Yue,Yue,860,100,0.9996627906976745
learned_fusion,artifactbench__count_control_MusicGen,artifactbench,family,DiffRhythm,DiffRhythm,860,100,0.9999418604651162
learned_fusion,artifactbench__count_control_MusicGen,artifactbench,family,MusicGen,MusicGen,860,90,1.0
learned_fusion,artifactbench__count_control_MusicGen,artifactbench,family,Riffusion,Riffusion,860,130,0.9777817531305903
learned_fusion,artifactbench__count_control_MusicGen,artifactbench,family,StableAudio,StableAudio,860,100,0.9999186046511628
learned_fusion,artifactbench__count_control_MusicGen,artifactbench,family,Suno,Suno,860,479,0.9912924212263922
learned_fusion,artifactbench__count_control_MusicGen,artifactbench,family,Udio,Udio,860,405,0.9815963250071778
learned_fusion,artifactbench__count_control_MusicGen,artifactbench,family,Yue,Yue,860,100,0.9998372093023256
learned_fusion,artifactbench__count_control_MusicGen,artifactbench,generator,DiffRhythm,DiffRhythm,860,100,0.9999418604651162
learned_fusion,artifactbench__count_control_MusicGen,artifactbench,generator,MusicGen,MusicGen Large,860,30,1.0
learned_fusion,artifactbench__count_control_MusicGen,artifactbench,generator,MusicGen,MusicGen Medium,860,30,1.0
learned_fusion,artifactbench__count_control_MusicGen,artifactbench,generator,MusicGen,MusicGen Small,860,30,1.0
learned_fusion,artifactbench__count_control_MusicGen,artifactbench,generator,Riffusion,Riffusion,860,100,0.9851627906976744
learned_fusion,artifactbench__count_control_MusicGen,artifactbench,generator,Riffusion,Riffusion (AIME),860,30,0.9531782945736433
learned_fusion,artifactbench__count_control_MusicGen,artifactbench,generator,StableAudio,Stable Audio v1,860,50,0.999953488372093
learned_fusion,artifactbench__count_control_MusicGen,artifactbench,generator,StableAudio,Stable Audio v2,860,50,0.9998837209302326
learned_fusion,artifactbench__count_control_MusicGen,artifactbench,generator,Suno,Google Chirp v2 XXL,860,80,1.0
learned_fusion,artifactbench__count_control_MusicGen,artifactbench,generator,Suno,Google Chirp v3,860,80,1.0
learned_fusion,artifactbench__count_control_MusicGen,artifactbench,generator,Suno,Google Chirp v3.5,860,80,1.0
learned_fusion,artifactbench__count_control_MusicGen,artifactbench,generator,Suno,Suno (mixed),860,80,0.9860319767441861
learned_fusion,artifactbench__count_control_MusicGen,artifactbench,generator,Suno,Suno v3,860,30,1.0
learned_fusion,artifactbench__count_control_MusicGen,artifactbench,generator,Suno,Suno v3.5,860,29,1.0
learned_fusion,artifactbench__count_control_MusicGen,artifactbench,generator,Suno,Suno v4,860,100,0.9694651162790697
learned_fusion,artifactbench__count_control_MusicGen,artifactbench,generator,Udio,Udio,860,100,0.9927790697674418
learned_fusion,artifactbench__count_control_MusicGen,artifactbench,generator,Udio,Udio (AIME),860,30,0.9805813953488374
learned_fusion,artifactbench__count_control_MusicGen,artifactbench,generator,Udio,Udio (SONICS 120s),860,80,1.0
learned_fusion,artifactbench__count_control_MusicGen,artifactbench,generator,Udio,Udio (SONICS 30s),860,80,0.9998982558139535
learned_fusion,artifactbench__count_control_MusicGen,artifactbench,generator,Udio,Udio (mixed),860,80,0.948953488372093
learned_fusion,artifactbench__count_control_MusicGen,artifactbench,generator,Udio,Udio CDN,860,18,0.9562015503875969
learned_fusion,artifactbench__count_control_MusicGen,artifactbench,generator,Udio,Udio CDN Latest,860,17,0.9253761969904241
learned_fusion,artifactbench__count_control_MusicGen,artifactbench,generator,Yue,Yue,860,100,0.9998372093023256
learned_fusion,echoes__without_Suno,echoes,family,AceStep,AceStep,59,57,1.0
learned_fusion,echoes__without_Suno,echoes,family,AudioLDM,AudioLDM,59,115,1.0
learned_fusion,echoes__without_Suno,echoes,family,Brev,Brev,59,68,0.9232303090727817
learned_fusion,echoes__without_Suno,echoes,family,DiffRhythm,DiffRhythm,59,120,1.0
learned_fusion,echoes__without_Suno,echoes,family,Mubert,Mubert,59,32,0.586864406779661
learned_fusion,echoes__without_Suno,echoes,family,Producer,Producer,59,68,0.9972582253240279
learned_fusion,echoes__without_Suno,echoes,family,SongGen,SongGen,59,111,1.0
learned_fusion,echoes__without_Suno,echoes,family,StableAudio,StableAudio,59,35,0.8832929782082325
learned_fusion,echoes__without_Suno,echoes,family,Suno,Suno,59,68,0.8943170488534397
learned_fusion,echoes__without_Suno,echoes,family,Udio,Udio,59,68,0.9813060817547358
learned_fusion,echoes__without_Suno,echoes,generator,AceStep,acestep,59,57,1.0
learned_fusion,echoes__without_Suno,echoes,generator,AudioLDM,audioldm,59,115,1.0
learned_fusion,echoes__without_Suno,echoes,generator,Brev,brev,59,68,0.9232303090727817
learned_fusion,echoes__without_Suno,echoes,generator,DiffRhythm,diffrhythm,59,120,1.0
learned_fusion,echoes__without_Suno,echoes,generator,Mubert,mubert,59,32,0.586864406779661
learned_fusion,echoes__without_Suno,echoes,generator,Producer,producer,59,68,0.9972582253240279
learned_fusion,echoes__without_Suno,echoes,generator,SongGen,songgen,59,111,1.0
learned_fusion,echoes__without_Suno,echoes,generator,StableAudio,stableaudio,59,35,0.8832929782082325
learned_fusion,echoes__without_Suno,echoes,generator,Suno,suno,59,68,0.8943170488534397
learned_fusion,echoes__without_Suno,echoes,generator,Udio,udio,59,68,0.9813060817547358
learned_fusion,echoes__count_control_Suno,echoes,family,AceStep,AceStep,59,57,1.0
learned_fusion,echoes__count_control_Suno,echoes,family,AudioLDM,AudioLDM,59,115,1.0
learned_fusion,echoes__count_control_Suno,echoes,family,Brev,Brev,59,68,0.9880358923230309
learned_fusion,echoes__count_control_Suno,echoes,family,DiffRhythm,DiffRhythm,59,120,0.9997175141242938
learned_fusion,echoes__count_control_Suno,echoes,family,Mubert,Mubert,59,32,0.5328389830508475
learned_fusion,echoes__count_control_Suno,echoes,family,Producer,Producer,59,68,0.9992522432701895
learned_fusion,echoes__count_control_Suno,echoes,family,SongGen,SongGen,59,111,1.0
learned_fusion,echoes__count_control_Suno,echoes,family,StableAudio,StableAudio,59,35,0.8595641646489104
learned_fusion,echoes__count_control_Suno,echoes,family,Suno,Suno,59,68,0.9750747756729811
learned_fusion,echoes__count_control_Suno,echoes,family,Udio,Udio,59,68,0.9743270189431705
learned_fusion,echoes__count_control_Suno,echoes,generator,AceStep,acestep,59,57,1.0
learned_fusion,echoes__count_control_Suno,echoes,generator,AudioLDM,audioldm,59,115,1.0
learned_fusion,echoes__count_control_Suno,echoes,generator,Brev,brev,59,68,0.9880358923230309
learned_fusion,echoes__count_control_Suno,echoes,generator,DiffRhythm,diffrhythm,59,120,0.9997175141242938
learned_fusion,echoes__count_control_Suno,echoes,generator,Mubert,mubert,59,32,0.5328389830508475
learned_fusion,echoes__count_control_Suno,echoes,generator,Producer,producer,59,68,0.9992522432701895
learned_fusion,echoes__count_control_Suno,echoes,generator,SongGen,songgen,59,111,1.0
learned_fusion,echoes__count_control_Suno,echoes,generator,StableAudio,stableaudio,59,35,0.8595641646489104
learned_fusion,echoes__count_control_Suno,echoes,generator,Suno,suno,59,68,0.9750747756729811
learned_fusion,echoes__count_control_Suno,echoes,generator,Udio,udio,59,68,0.9743270189431705
learned_fusion,echoes__without_Udio,echoes,family,AceStep,AceStep,59,57,1.0
learned_fusion,echoes__without_Udio,echoes,family,AudioLDM,AudioLDM,59,115,1.0
learned_fusion,echoes__without_Udio,echoes,family,Brev,Brev,59,68,0.9965104685942174
learned_fusion,echoes__without_Udio,echoes,family,DiffRhythm,DiffRhythm,59,120,1.0
learned_fusion,echoes__without_Udio,echoes,family,Mubert,Mubert,59,32,0.6297669491525424
learned_fusion,echoes__without_Udio,echoes,family,Producer,Producer,59,68,1.0
learned_fusion,echoes__without_Udio,echoes,family,SongGen,SongGen,59,111,1.0
learned_fusion,echoes__without_Udio,echoes,family,StableAudio,StableAudio,59,35,0.927360774818402
learned_fusion,echoes__without_Udio,echoes,family,Suno,Suno,59,68,0.9890329012961117
learned_fusion,echoes__without_Udio,echoes,family,Udio,Udio,59,68,0.5588235294117647
learned_fusion,echoes__without_Udio,echoes,generator,AceStep,acestep,59,57,1.0
learned_fusion,echoes__without_Udio,echoes,generator,AudioLDM,audioldm,59,115,1.0
learned_fusion,echoes__without_Udio,echoes,generator,Brev,brev,59,68,0.9965104685942174
learned_fusion,echoes__without_Udio,echoes,generator,DiffRhythm,diffrhythm,59,120,1.0
learned_fusion,echoes__without_Udio,echoes,generator,Mubert,mubert,59,32,0.6297669491525424
learned_fusion,echoes__without_Udio,echoes,generator,Producer,producer,59,68,1.0
learned_fusion,echoes__without_Udio,echoes,generator,SongGen,songgen,59,111,1.0
learned_fusion,echoes__without_Udio,echoes,generator,StableAudio,stableaudio,59,35,0.927360774818402
learned_fusion,echoes__without_Udio,echoes,generator,Suno,suno,59,68,0.9890329012961117
learned_fusion,echoes__without_Udio,echoes,generator,Udio,udio,59,68,0.5588235294117647
learned_fusion,echoes__count_control_Udio,echoes,family,AceStep,AceStep,59,57,1.0
learned_fusion,echoes__count_control_Udio,echoes,family,AudioLDM,AudioLDM,59,115,1.0
learned_fusion,echoes__count_control_Udio,echoes,family,Brev,Brev,59,68,0.9675972083748754
learned_fusion,echoes__count_control_Udio,echoes,family,DiffRhythm,DiffRhythm,59,120,1.0
learned_fusion,echoes__count_control_Udio,echoes,family,Mubert,Mubert,59,32,0.6069915254237288
learned_fusion,echoes__count_control_Udio,echoes,family,Producer,Producer,59,68,0.9970089730807578
learned_fusion,echoes__count_control_Udio,echoes,family,SongGen,SongGen,59,111,1.0
learned_fusion,echoes__count_control_Udio,echoes,family,StableAudio,StableAudio,59,35,0.9050847457627118
learned_fusion,echoes__count_control_Udio,echoes,family,Suno,Suno,59,68,0.9414257228315055
learned_fusion,echoes__count_control_Udio,echoes,family,Udio,Udio,59,68,0.923728813559322
learned_fusion,echoes__count_control_Udio,echoes,generator,AceStep,acestep,59,57,1.0
learned_fusion,echoes__count_control_Udio,echoes,generator,AudioLDM,audioldm,59,115,1.0
learned_fusion,echoes__count_control_Udio,echoes,generator,Brev,brev,59,68,0.9675972083748754
learned_fusion,echoes__count_control_Udio,echoes,generator,DiffRhythm,diffrhythm,59,120,1.0
learned_fusion,echoes__count_control_Udio,echoes,generator,Mubert,mubert,59,32,0.6069915254237288
learned_fusion,echoes__count_control_Udio,echoes,generator,Producer,producer,59,68,0.9970089730807578
learned_fusion,echoes__count_control_Udio,echoes,generator,SongGen,songgen,59,111,1.0
learned_fusion,echoes__count_control_Udio,echoes,generator,StableAudio,stableaudio,59,35,0.9050847457627118
learned_fusion,echoes__count_control_Udio,echoes,generator,Suno,suno,59,68,0.9414257228315055
learned_fusion,echoes__count_control_Udio,echoes,generator,Udio,udio,59,68,0.923728813559322
learned_fusion,fakemusiccaps__without_MusicGen,fakemusiccaps,family,AudioLDM,AudioLDM,1102,1104,0.9945019266682449
learned_fusion,fakemusiccaps__without_MusicGen,fakemusiccaps,family,MusicGen,MusicGen,1102,1104,0.9944238407112234
learned_fusion,fakemusiccaps__without_MusicGen,fakemusiccaps,family,MusicLDM,MusicLDM,1102,1104,0.9773008232725742
learned_fusion,fakemusiccaps__without_MusicGen,fakemusiccaps,family,Mustango,Mustango,1102,1104,0.9964228412109735
learned_fusion,fakemusiccaps__without_MusicGen,fakemusiccaps,family,StableAudio,StableAudio,1102,1104,0.9863431770956627
learned_fusion,fakemusiccaps__without_MusicGen,fakemusiccaps,generator,AudioLDM,audioldm2,1102,1104,0.9945019266682449
learned_fusion,fakemusiccaps__without_MusicGen,fakemusiccaps,generator,MusicGen,MusicGen_medium,1102,1104,0.9944238407112234
learned_fusion,fakemusiccaps__without_MusicGen,fakemusiccaps,generator,MusicLDM,musicldm,1102,1104,0.9773008232725742
learned_fusion,fakemusiccaps__without_MusicGen,fakemusiccaps,generator,Mustango,mustango,1102,1104,0.9964228412109735
learned_fusion,fakemusiccaps__without_MusicGen,fakemusiccaps,generator,StableAudio,stable_audio_open,1102,1104,0.9863431770956627
learned_fusion,fakemusiccaps__count_control_MusicGen,fakemusiccaps,family,AudioLDM,AudioLDM,1102,1104,0.998412800178858
learned_fusion,fakemusiccaps__count_control_MusicGen,fakemusiccaps,family,MusicGen,MusicGen,1102,1104,0.9992791433230753
learned_fusion,fakemusiccaps__count_control_MusicGen,fakemusiccaps,family,MusicLDM,MusicLDM,1102,1104,0.9859215129277467
learned_fusion,fakemusiccaps__count_control_MusicGen,fakemusiccaps,family,Mustango,Mustango,1102,1104,0.9995446355769483
learned_fusion,fakemusiccaps__count_control_MusicGen,fakemusiccaps,family,StableAudio,StableAudio,1102,1104,0.9911401207291092
learned_fusion,fakemusiccaps__count_control_MusicGen,fakemusiccaps,generator,AudioLDM,audioldm2,1102,1104,0.998412800178858
learned_fusion,fakemusiccaps__count_control_MusicGen,fakemusiccaps,generator,MusicGen,MusicGen_medium,1102,1104,0.9992791433230753
learned_fusion,fakemusiccaps__count_control_MusicGen,fakemusiccaps,generator,MusicLDM,musicldm,1102,1104,0.9859215129277467
learned_fusion,fakemusiccaps__count_control_MusicGen,fakemusiccaps,generator,Mustango,mustango,1102,1104,0.9995446355769483
learned_fusion,fakemusiccaps__count_control_MusicGen,fakemusiccaps,generator,StableAudio,stable_audio_open,1102,1104,0.9911401207291092
learned_fusion,artifactbench__without_StableAudio,artifactbench,family,DiffRhythm,DiffRhythm,860,100,0.9994302325581396
learned_fusion,artifactbench__without_StableAudio,artifactbench,family,MusicGen,MusicGen,860,90,1.0
learned_fusion,artifactbench__without_StableAudio,artifactbench,family,Riffusion,Riffusion,860,130,0.9424686940966011
learned_fusion,artifactbench__without_StableAudio,artifactbench,family,StableAudio,StableAudio,860,100,0.997860465116279
learned_fusion,artifactbench__without_StableAudio,artifactbench,family,Suno,Suno,860,479,0.9873549546050394
learned_fusion,artifactbench__without_StableAudio,artifactbench,family,Udio,Udio,860,405,0.9738357737582545
learned_fusion,artifactbench__without_StableAudio,artifactbench,family,Yue,Yue,860,100,0.9997558139534883
learned_fusion,artifactbench__without_StableAudio,artifactbench,generator,DiffRhythm,DiffRhythm,860,100,0.9994302325581396
learned_fusion,artifactbench__without_StableAudio,artifactbench,generator,MusicGen,MusicGen Large,860,30,1.0
learned_fusion,artifactbench__without_StableAudio,artifactbench,generator,MusicGen,MusicGen Medium,860,30,1.0
learned_fusion,artifactbench__without_StableAudio,artifactbench,generator,MusicGen,MusicGen Small,860,30,1.0
learned_fusion,artifactbench__without_StableAudio,artifactbench,generator,Riffusion,Riffusion,860,100,0.9538372093023256
learned_fusion,artifactbench__without_StableAudio,artifactbench,generator,Riffusion,Riffusion (AIME),860,30,0.9045736434108528
learned_fusion,artifactbench__without_StableAudio,artifactbench,generator,StableAudio,Stable Audio v1,860,50,0.9981627906976744
learned_fusion,artifactbench__without_StableAudio,artifactbench,generator,StableAudio,Stable Audio v2,860,50,0.9975581395348837
learned_fusion,artifactbench__without_StableAudio,artifactbench,generator,Suno,Google Chirp v2 XXL,860,80,1.0
learned_fusion,artifactbench__without_StableAudio,artifactbench,generator,Suno,Google Chirp v3,860,80,1.0
learned_fusion,artifactbench__without_StableAudio,artifactbench,generator,Suno,Google Chirp v3.5,860,80,1.0
learned_fusion,artifactbench__without_StableAudio,artifactbench,generator,Suno,Suno (mixed),860,80,0.9765116279069768
learned_fusion,artifactbench__without_StableAudio,artifactbench,generator,Suno,Suno v3,860,30,1.0
learned_fusion,artifactbench__without_StableAudio,artifactbench,generator,Suno,Suno v3.5,860,29,1.0
learned_fusion,artifactbench__without_StableAudio,artifactbench,generator,Suno,Suno v4,860,100,0.958220930232558
learned_fusion,artifactbench__without_StableAudio,artifactbench,generator,Udio,Udio,860,100,0.9910581395348836
learned_fusion,artifactbench__without_StableAudio,artifactbench,generator,Udio,Udio (AIME),860,30,0.9589922480620156
learned_fusion,artifactbench__without_StableAudio,artifactbench,generator,Udio,Udio (SONICS 120s),860,80,1.0
learned_fusion,artifactbench__without_StableAudio,artifactbench,generator,Udio,Udio (SONICS 30s),860,80,0.9998401162790698
learned_fusion,artifactbench__without_StableAudio,artifactbench,generator,Udio,Udio (mixed),860,80,0.9288081395348837
learned_fusion,artifactbench__without_StableAudio,artifactbench,generator,Udio,Udio CDN,860,18,0.930297157622739
learned_fusion,artifactbench__without_StableAudio,artifactbench,generator,Udio,Udio CDN Latest,860,17,0.9112175102599179
learned_fusion,artifactbench__without_StableAudio,artifactbench,generator,Yue,Yue,860,100,0.9997558139534883
learned_fusion,artifactbench__count_control_StableAudio,artifactbench,family,DiffRhythm,DiffRhythm,860,100,0.9998488372093023
learned_fusion,artifactbench__count_control_StableAudio,artifactbench,family,MusicGen,MusicGen,860,90,1.0
learned_fusion,artifactbench__count_control_StableAudio,artifactbench,family,Riffusion,Riffusion,860,130,0.964901610017889
learned_fusion,artifactbench__count_control_StableAudio,artifactbench,family,StableAudio,StableAudio,860,100,0.9998023255813954
learned_fusion,artifactbench__count_control_StableAudio,artifactbench,family,Suno,Suno,860,479,0.9928290527746759
learned_fusion,artifactbench__count_control_StableAudio,artifactbench,family,Udio,Udio,860,405,0.9824519092736147
learned_fusion,artifactbench__count_control_StableAudio,artifactbench,family,Yue,Yue,860,100,0.9998837209302325
learned_fusion,artifactbench__count_control_StableAudio,artifactbench,generator,DiffRhythm,DiffRhythm,860,100,0.9998488372093023
learned_fusion,artifactbench__count_control_StableAudio,artifactbench,generator,MusicGen,MusicGen Large,860,30,1.0
learned_fusion,artifactbench__count_control_StableAudio,artifactbench,generator,MusicGen,MusicGen Medium,860,30,1.0
learned_fusion,artifactbench__count_control_StableAudio,artifactbench,generator,MusicGen,MusicGen Small,860,30,1.0
learned_fusion,artifactbench__count_control_StableAudio,artifactbench,generator,Riffusion,Riffusion,860,100,0.9830930232558139
learned_fusion,artifactbench__count_control_StableAudio,artifactbench,generator,Riffusion,Riffusion (AIME),860,30,0.9042635658914729
learned_fusion,artifactbench__count_control_StableAudio,artifactbench,generator,StableAudio,Stable Audio v1,860,50,0.9998372093023256
learned_fusion,artifactbench__count_control_StableAudio,artifactbench,generator,StableAudio,Stable Audio v2,860,50,0.9997674418604652
learned_fusion,artifactbench__count_control_StableAudio,artifactbench,generator,Suno,Google Chirp v2 XXL,860,80,1.0
learned_fusion,artifactbench__count_control_StableAudio,artifactbench,generator,Suno,Google Chirp v3,860,80,1.0
learned_fusion,artifactbench__count_control_StableAudio,artifactbench,generator,Suno,Google Chirp v3.5,860,80,1.0
learned_fusion,artifactbench__count_control_StableAudio,artifactbench,generator,Suno,Suno (mixed),860,80,0.9887354651162791
learned_fusion,artifactbench__count_control_StableAudio,artifactbench,generator,Suno,Suno v3,860,30,1.0
learned_fusion,artifactbench__count_control_StableAudio,artifactbench,generator,Suno,Suno v3.5,860,29,1.0
learned_fusion,artifactbench__count_control_StableAudio,artifactbench,generator,Suno,Suno v4,860,100,0.9746627906976744
learned_fusion,artifactbench__count_control_StableAudio,artifactbench,generator,Udio,Udio,860,100,0.9947558139534884
learned_fusion,artifactbench__count_control_StableAudio,artifactbench,generator,Udio,Udio (AIME),860,30,0.9812015503875969
learned_fusion,artifactbench__count_control_StableAudio,artifactbench,generator,Udio,Udio (SONICS 120s),860,80,1.0
learned_fusion,artifactbench__count_control_StableAudio,artifactbench,generator,Udio,Udio (SONICS 30s),860,80,0.9997238372093024
learned_fusion,artifactbench__count_control_StableAudio,artifactbench,generator,Udio,Udio (mixed),860,80,0.9475436046511628
learned_fusion,artifactbench__count_control_StableAudio,artifactbench,generator,Udio,Udio CDN,860,18,0.9629198966408269
learned_fusion,artifactbench__count_control_StableAudio,artifactbench,generator,Udio,Udio CDN Latest,860,17,0.9333789329685362
learned_fusion,artifactbench__count_control_StableAudio,artifactbench,generator,Yue,Yue,860,100,0.9998837209302325
learned_fusion,artifactbench__without_DiffRhythm,artifactbench,family,DiffRhythm,DiffRhythm,860,100,0.9997790697674419
learned_fusion,artifactbench__without_DiffRhythm,artifactbench,family,MusicGen,MusicGen,860,90,1.0
learned_fusion,artifactbench__without_DiffRhythm,artifactbench,family,Riffusion,Riffusion,860,130,0.9534347048300538
learned_fusion,artifactbench__without_DiffRhythm,artifactbench,family,StableAudio,StableAudio,860,100,0.9994883720930232
learned_fusion,artifactbench__without_DiffRhythm,artifactbench,family,Suno,Suno,860,479,0.9919988347817643
learned_fusion,artifactbench__without_DiffRhythm,artifactbench,family,Udio,Udio,860,405,0.9823428079242033
learned_fusion,artifactbench__without_DiffRhythm,artifactbench,family,Yue,Yue,860,100,0.9999186046511627
learned_fusion,artifactbench__without_DiffRhythm,artifactbench,generator,DiffRhythm,DiffRhythm,860,100,0.9997790697674419
learned_fusion,artifactbench__without_DiffRhythm,artifactbench,generator,MusicGen,MusicGen Large,860,30,1.0
learned_fusion,artifactbench__without_DiffRhythm,artifactbench,generator,MusicGen,MusicGen Medium,860,30,1.0
learned_fusion,artifactbench__without_DiffRhythm,artifactbench,generator,MusicGen,MusicGen Small,860,30,1.0
learned_fusion,artifactbench__without_DiffRhythm,artifactbench,generator,Riffusion,Riffusion,860,100,0.9731279069767442
learned_fusion,artifactbench__without_DiffRhythm,artifactbench,generator,Riffusion,Riffusion (AIME),860,30,0.8877906976744186
learned_fusion,artifactbench__without_DiffRhythm,artifactbench,generator,StableAudio,Stable Audio v1,860,50,0.9995581395348837
learned_fusion,artifactbench__without_DiffRhythm,artifactbench,generator,StableAudio,Stable Audio v2,860,50,0.9994186046511627
learned_fusion,artifactbench__without_DiffRhythm,artifactbench,generator,Suno,Google Chirp v2 XXL,860,80,1.0
learned_fusion,artifactbench__without_DiffRhythm,artifactbench,generator,Suno,Google Chirp v3,860,80,1.0
learned_fusion,artifactbench__without_DiffRhythm,artifactbench,generator,Suno,Google Chirp v3.5,860,80,1.0
learned_fusion,artifactbench__without_DiffRhythm,artifactbench,generator,Suno,Suno (mixed),860,80,0.9891279069767442
learned_fusion,artifactbench__without_DiffRhythm,artifactbench,generator,Suno,Suno v3,860,30,1.0
learned_fusion,artifactbench__without_DiffRhythm,artifactbench,generator,Suno,Suno v3.5,860,29,1.0
learned_fusion,artifactbench__without_DiffRhythm,artifactbench,generator,Suno,Suno v4,860,100,0.9703720930232559
learned_fusion,artifactbench__without_DiffRhythm,artifactbench,generator,Udio,Udio,860,100,0.9961046511627907
learned_fusion,artifactbench__without_DiffRhythm,artifactbench,generator,Udio,Udio (AIME),860,30,0.9819767441860465
learned_fusion,artifactbench__without_DiffRhythm,artifactbench,generator,Udio,Udio (SONICS 120s),860,80,1.0
learned_fusion,artifactbench__without_DiffRhythm,artifactbench,generator,Udio,Udio (SONICS 30s),860,80,0.9999709302325581
learned_fusion,artifactbench__without_DiffRhythm,artifactbench,generator,Udio,Udio (mixed),860,80,0.948343023255814
learned_fusion,artifactbench__without_DiffRhythm,artifactbench,generator,Udio,Udio CDN,860,18,0.9517441860465117
learned_fusion,artifactbench__without_DiffRhythm,artifactbench,generator,Udio,Udio CDN Latest,860,17,0.9283857729138166
learned_fusion,artifactbench__without_DiffRhythm,artifactbench,generator,Yue,Yue,860,100,0.9999186046511627
learned_fusion,artifactbench__count_control_DiffRhythm,artifactbench,family,DiffRhythm,DiffRhythm,860,100,0.9999767441860465
learned_fusion,artifactbench__count_control_DiffRhythm,artifactbench,family,MusicGen,MusicGen,860,90,1.0
learned_fusion,artifactbench__count_control_DiffRhythm,artifactbench,family,Riffusion,Riffusion,860,130,0.9525223613595707
learned_fusion,artifactbench__count_control_DiffRhythm,artifactbench,family,StableAudio,StableAudio,860,100,0.9998953488372092
learned_fusion,artifactbench__count_control_DiffRhythm,artifactbench,family,Suno,Suno,860,479,0.9928387629266398
learned_fusion,artifactbench__count_control_DiffRhythm,artifactbench,family,Udio,Udio,860,405,0.9822739018087855
learned_fusion,artifactbench__count_control_DiffRhythm,artifactbench,family,Yue,Yue,860,100,0.9999651162790697
learned_fusion,artifactbench__count_control_DiffRhythm,artifactbench,generator,DiffRhythm,DiffRhythm,860,100,0.9999767441860465
learned_fusion,artifactbench__count_control_DiffRhythm,artifactbench,generator,MusicGen,MusicGen Large,860,30,1.0
learned_fusion,artifactbench__count_control_DiffRhythm,artifactbench,generator,MusicGen,MusicGen Medium,860,30,1.0
learned_fusion,artifactbench__count_control_DiffRhythm,artifactbench,generator,MusicGen,MusicGen Small,860,30,1.0
learned_fusion,artifactbench__count_control_DiffRhythm,artifactbench,generator,Riffusion,Riffusion,860,100,0.9907674418604651
learned_fusion,artifactbench__count_control_DiffRhythm,artifactbench,generator,Riffusion,Riffusion (AIME),860,30,0.8250387596899225
learned_fusion,artifactbench__count_control_DiffRhythm,artifactbench,generator,StableAudio,Stable Audio v1,860,50,0.9998837209302325
learned_fusion,artifactbench__count_control_DiffRhythm,artifactbench,generator,StableAudio,Stable Audio v2,860,50,0.999906976744186
learned_fusion,artifactbench__count_control_DiffRhythm,artifactbench,generator,Suno,Google Chirp v2 XXL,860,80,1.0
learned_fusion,artifactbench__count_control_DiffRhythm,artifactbench,generator,Suno,Google Chirp v3,860,80,1.0
learned_fusion,artifactbench__count_control_DiffRhythm,artifactbench,generator,Suno,Google Chirp v3.5,860,80,1.0
learned_fusion,artifactbench__count_control_DiffRhythm,artifactbench,generator,Suno,Suno (mixed),860,80,0.9926598837209302
learned_fusion,artifactbench__count_control_DiffRhythm,artifactbench,generator,Suno,Suno v3,860,30,1.0
learned_fusion,artifactbench__count_control_DiffRhythm,artifactbench,generator,Suno,Suno v3.5,860,29,1.0
learned_fusion,artifactbench__count_control_DiffRhythm,artifactbench,generator,Suno,Suno v4,860,100,0.9715697674418603
learned_fusion,artifactbench__count_control_DiffRhythm,artifactbench,generator,Udio,Udio,860,100,0.9968953488372093
learned_fusion,artifactbench__count_control_DiffRhythm,artifactbench,generator,Udio,Udio (AIME),860,30,0.9760852713178295
learned_fusion,artifactbench__count_control_DiffRhythm,artifactbench,generator,Udio,Udio (SONICS 120s),860,80,1.0
learned_fusion,artifactbench__count_control_DiffRhythm,artifactbench,generator,Udio,Udio (SONICS 30s),860,80,0.9999563953488372
learned_fusion,artifactbench__count_control_DiffRhythm,artifactbench,generator,Udio,Udio (mixed),860,80,0.946046511627907
learned_fusion,artifactbench__count_control_DiffRhythm,artifactbench,generator,Udio,Udio CDN,860,18,0.9565891472868217
learned_fusion,artifactbench__count_control_DiffRhythm,artifactbench,generator,Udio,Udio CDN Latest,860,17,0.9382352941176471
learned_fusion,artifactbench__count_control_DiffRhythm,artifactbench,generator,Yue,Yue,860,100,0.9999651162790697
learned_fusion,echoes__without_StableAudio,echoes,family,AceStep,AceStep,59,57,1.0
learned_fusion,echoes__without_StableAudio,echoes,family,AudioLDM,AudioLDM,59,115,1.0
learned_fusion,echoes__without_StableAudio,echoes,family,Brev,Brev,59,68,0.9897806580259223
learned_fusion,echoes__without_StableAudio,echoes,family,DiffRhythm,DiffRhythm,59,120,0.9994350282485875
learned_fusion,echoes__without_StableAudio,echoes,family,Mubert,Mubert,59,32,0.5794491525423728
learned_fusion,echoes__without_StableAudio,echoes,family,Producer,Producer,59,68,0.9945164506480559
learned_fusion,echoes__without_StableAudio,echoes,family,SongGen,SongGen,59,111,1.0
learned_fusion,echoes__without_StableAudio,echoes,family,StableAudio,StableAudio,59,35,0.8736077481840193
learned_fusion,echoes__without_StableAudio,echoes,family,Suno,Suno,59,68,0.9720837487537387
learned_fusion,echoes__without_StableAudio,echoes,family,Udio,Udio,59,68,0.980309072781655
learned_fusion,echoes__without_StableAudio,echoes,generator,AceStep,acestep,59,57,1.0
learned_fusion,echoes__without_StableAudio,echoes,generator,AudioLDM,audioldm,59,115,1.0
learned_fusion,echoes__without_StableAudio,echoes,generator,Brev,brev,59,68,0.9897806580259223
learned_fusion,echoes__without_StableAudio,echoes,generator,DiffRhythm,diffrhythm,59,120,0.9994350282485875
learned_fusion,echoes__without_StableAudio,echoes,generator,Mubert,mubert,59,32,0.5794491525423728
learned_fusion,echoes__without_StableAudio,echoes,generator,Producer,producer,59,68,0.9945164506480559
learned_fusion,echoes__without_StableAudio,echoes,generator,SongGen,songgen,59,111,1.0
learned_fusion,echoes__without_StableAudio,echoes,generator,StableAudio,stableaudio,59,35,0.8736077481840193
learned_fusion,echoes__without_StableAudio,echoes,generator,Suno,suno,59,68,0.9720837487537387
learned_fusion,echoes__without_StableAudio,echoes,generator,Udio,udio,59,68,0.980309072781655
learned_fusion,echoes__count_control_StableAudio,echoes,family,AceStep,AceStep,59,57,1.0
learned_fusion,echoes__count_control_StableAudio,echoes,family,AudioLDM,AudioLDM,59,115,1.0
learned_fusion,echoes__count_control_StableAudio,echoes,family,Brev,Brev,59,68,0.9927716849451645
learned_fusion,echoes__count_control_StableAudio,echoes,family,DiffRhythm,DiffRhythm,59,120,1.0
learned_fusion,echoes__count_control_StableAudio,echoes,family,Mubert,Mubert,59,32,0.6191737288135593
learned_fusion,echoes__count_control_StableAudio,echoes,family,Producer,Producer,59,68,1.0
learned_fusion,echoes__count_control_StableAudio,echoes,family,SongGen,SongGen,59,111,1.0
learned_fusion,echoes__count_control_StableAudio,echoes,family,StableAudio,StableAudio,59,35,0.9699757869249395
learned_fusion,echoes__count_control_StableAudio,echoes,family,Suno,Suno,59,68,0.9962612163509472
learned_fusion,echoes__count_control_StableAudio,echoes,family,Udio,Udio,59,68,0.9785643070787637
learned_fusion,echoes__count_control_StableAudio,echoes,generator,AceStep,acestep,59,57,1.0
learned_fusion,echoes__count_control_StableAudio,echoes,generator,AudioLDM,audioldm,59,115,1.0
learned_fusion,echoes__count_control_StableAudio,echoes,generator,Brev,brev,59,68,0.9927716849451645
learned_fusion,echoes__count_control_StableAudio,echoes,generator,DiffRhythm,diffrhythm,59,120,1.0
learned_fusion,echoes__count_control_StableAudio,echoes,generator,Mubert,mubert,59,32,0.6191737288135593
learned_fusion,echoes__count_control_StableAudio,echoes,generator,Producer,producer,59,68,1.0
learned_fusion,echoes__count_control_StableAudio,echoes,generator,SongGen,songgen,59,111,1.0
learned_fusion,echoes__count_control_StableAudio,echoes,generator,StableAudio,stableaudio,59,35,0.9699757869249395
learned_fusion,echoes__count_control_StableAudio,echoes,generator,Suno,suno,59,68,0.9962612163509472
learned_fusion,echoes__count_control_StableAudio,echoes,generator,Udio,udio,59,68,0.9785643070787637
learned_fusion,echoes__without_AudioLDM,echoes,family,AceStep,AceStep,59,57,1.0
learned_fusion,echoes__without_AudioLDM,echoes,family,AudioLDM,AudioLDM,59,115,1.0
learned_fusion,echoes__without_AudioLDM,echoes,family,Brev,Brev,59,68,0.9897806580259223
learned_fusion,echoes__without_AudioLDM,echoes,family,DiffRhythm,DiffRhythm,59,120,1.0
learned_fusion,echoes__without_AudioLDM,echoes,family,Mubert,Mubert,59,32,0.5360169491525424
learned_fusion,echoes__without_AudioLDM,echoes,family,Producer,Producer,59,68,0.9995014955134597
learned_fusion,echoes__without_AudioLDM,echoes,family,SongGen,SongGen,59,111,1.0
learned_fusion,echoes__without_AudioLDM,echoes,family,StableAudio,StableAudio,59,35,0.9167070217917674
learned_fusion,echoes__without_AudioLDM,echoes,family,Suno,Suno,59,68,0.9790628115653042
learned_fusion,echoes__without_AudioLDM,echoes,family,Udio,Udio,59,68,0.9685942173479561
learned_fusion,echoes__without_AudioLDM,echoes,generator,AceStep,acestep,59,57,1.0
learned_fusion,echoes__without_AudioLDM,echoes,generator,AudioLDM,audioldm,59,115,1.0
learned_fusion,echoes__without_AudioLDM,echoes,generator,Brev,brev,59,68,0.9897806580259223
learned_fusion,echoes__without_AudioLDM,echoes,generator,DiffRhythm,diffrhythm,59,120,1.0
learned_fusion,echoes__without_AudioLDM,echoes,generator,Mubert,mubert,59,32,0.5360169491525424
learned_fusion,echoes__without_AudioLDM,echoes,generator,Producer,producer,59,68,0.9995014955134597
learned_fusion,echoes__without_AudioLDM,echoes,generator,SongGen,songgen,59,111,1.0
learned_fusion,echoes__without_AudioLDM,echoes,generator,StableAudio,stableaudio,59,35,0.9167070217917674
learned_fusion,echoes__without_AudioLDM,echoes,generator,Suno,suno,59,68,0.9790628115653042
learned_fusion,echoes__without_AudioLDM,echoes,generator,Udio,udio,59,68,0.9685942173479561
learned_fusion,echoes__count_control_AudioLDM,echoes,family,AceStep,AceStep,59,57,1.0
learned_fusion,echoes__count_control_AudioLDM,echoes,family,AudioLDM,AudioLDM,59,115,1.0
learned_fusion,echoes__count_control_AudioLDM,echoes,family,Brev,Brev,59,68,0.9940179461615155
learned_fusion,echoes__count_control_AudioLDM,echoes,family,DiffRhythm,DiffRhythm,59,120,1.0
learned_fusion,echoes__count_control_AudioLDM,echoes,family,Mubert,Mubert,59,32,0.6488347457627118
learned_fusion,echoes__count_control_AudioLDM,echoes,family,Producer,Producer,59,68,1.0
learned_fusion,echoes__count_control_AudioLDM,echoes,family,SongGen,SongGen,59,111,1.0
learned_fusion,echoes__count_control_AudioLDM,echoes,family,StableAudio,StableAudio,59,35,0.9515738498789346
learned_fusion,echoes__count_control_AudioLDM,echoes,family,Suno,Suno,59,68,0.9852941176470589
learned_fusion,echoes__count_control_AudioLDM,echoes,family,Udio,Udio,59,68,0.9837986041874377
learned_fusion,echoes__count_control_AudioLDM,echoes,generator,AceStep,acestep,59,57,1.0
learned_fusion,echoes__count_control_AudioLDM,echoes,generator,AudioLDM,audioldm,59,115,1.0
learned_fusion,echoes__count_control_AudioLDM,echoes,generator,Brev,brev,59,68,0.9940179461615155
learned_fusion,echoes__count_control_AudioLDM,echoes,generator,DiffRhythm,diffrhythm,59,120,1.0
learned_fusion,echoes__count_control_AudioLDM,echoes,generator,Mubert,mubert,59,32,0.6488347457627118
learned_fusion,echoes__count_control_AudioLDM,echoes,generator,Producer,producer,59,68,1.0
learned_fusion,echoes__count_control_AudioLDM,echoes,generator,SongGen,songgen,59,111,1.0
learned_fusion,echoes__count_control_AudioLDM,echoes,generator,StableAudio,stableaudio,59,35,0.9515738498789346
learned_fusion,echoes__count_control_AudioLDM,echoes,generator,Suno,suno,59,68,0.9852941176470589
learned_fusion,echoes__count_control_AudioLDM,echoes,generator,Udio,udio,59,68,0.9837986041874377
learned_fusion,echoes__without_DiffRhythm,echoes,family,AceStep,AceStep,59,57,1.0
learned_fusion,echoes__without_DiffRhythm,echoes,family,AudioLDM,AudioLDM,59,115,1.0
learned_fusion,echoes__without_DiffRhythm,echoes,family,Brev,Brev,59,68,0.9788135593220338
learned_fusion,echoes__without_DiffRhythm,echoes,family,DiffRhythm,DiffRhythm,59,120,1.0
learned_fusion,echoes__without_DiffRhythm,echoes,family,Mubert,Mubert,59,32,0.6551906779661018
learned_fusion,echoes__without_DiffRhythm,echoes,family,Producer,Producer,59,68,0.9982552342971086
learned_fusion,echoes__without_DiffRhythm,echoes,family,SongGen,SongGen,59,111,1.0
learned_fusion,echoes__without_DiffRhythm,echoes,family,StableAudio,StableAudio,59,35,0.9191283292978208
learned_fusion,echoes__without_DiffRhythm,echoes,family,Suno,Suno,59,68,0.9601196410767697
learned_fusion,echoes__without_DiffRhythm,echoes,family,Udio,Udio,59,68,0.9469092721834496
learned_fusion,echoes__without_DiffRhythm,echoes,generator,AceStep,acestep,59,57,1.0
learned_fusion,echoes__without_DiffRhythm,echoes,generator,AudioLDM,audioldm,59,115,1.0
learned_fusion,echoes__without_DiffRhythm,echoes,generator,Brev,brev,59,68,0.9788135593220338
learned_fusion,echoes__without_DiffRhythm,echoes,generator,DiffRhythm,diffrhythm,59,120,1.0
learned_fusion,echoes__without_DiffRhythm,echoes,generator,Mubert,mubert,59,32,0.6551906779661018
learned_fusion,echoes__without_DiffRhythm,echoes,generator,Producer,producer,59,68,0.9982552342971086
learned_fusion,echoes__without_DiffRhythm,echoes,generator,SongGen,songgen,59,111,1.0
learned_fusion,echoes__without_DiffRhythm,echoes,generator,StableAudio,stableaudio,59,35,0.9191283292978208
learned_fusion,echoes__without_DiffRhythm,echoes,generator,Suno,suno,59,68,0.9601196410767697
learned_fusion,echoes__without_DiffRhythm,echoes,generator,Udio,udio,59,68,0.9469092721834496
learned_fusion,echoes__count_control_DiffRhythm,echoes,family,AceStep,AceStep,59,57,1.0
learned_fusion,echoes__count_control_DiffRhythm,echoes,family,AudioLDM,AudioLDM,59,115,1.0
learned_fusion,echoes__count_control_DiffRhythm,echoes,family,Brev,Brev,59,68,0.9922731804586242
learned_fusion,echoes__count_control_DiffRhythm,echoes,family,DiffRhythm,DiffRhythm,59,120,1.0
learned_fusion,echoes__count_control_DiffRhythm,echoes,family,Mubert,Mubert,59,32,0.5905720338983051
learned_fusion,echoes__count_control_DiffRhythm,echoes,family,Producer,Producer,59,68,0.9995014955134596
learned_fusion,echoes__count_control_DiffRhythm,echoes,family,SongGen,SongGen,59,111,1.0
learned_fusion,echoes__count_control_DiffRhythm,echoes,family,StableAudio,StableAudio,59,35,0.9171912832929783
learned_fusion,echoes__count_control_DiffRhythm,echoes,family,Suno,Suno,59,68,0.9842971086739781
learned_fusion,echoes__count_control_DiffRhythm,echoes,family,Udio,Udio,59,68,0.9750747756729811
learned_fusion,echoes__count_control_DiffRhythm,echoes,generator,AceStep,acestep,59,57,1.0
learned_fusion,echoes__count_control_DiffRhythm,echoes,generator,AudioLDM,audioldm,59,115,1.0
learned_fusion,echoes__count_control_DiffRhythm,echoes,generator,Brev,brev,59,68,0.9922731804586242
learned_fusion,echoes__count_control_DiffRhythm,echoes,generator,DiffRhythm,diffrhythm,59,120,1.0
learned_fusion,echoes__count_control_DiffRhythm,echoes,generator,Mubert,mubert,59,32,0.5905720338983051
learned_fusion,echoes__count_control_DiffRhythm,echoes,generator,Producer,producer,59,68,0.9995014955134596
learned_fusion,echoes__count_control_DiffRhythm,echoes,generator,SongGen,songgen,59,111,1.0
learned_fusion,echoes__count_control_DiffRhythm,echoes,generator,StableAudio,stableaudio,59,35,0.9171912832929783
learned_fusion,echoes__count_control_DiffRhythm,echoes,generator,Suno,suno,59,68,0.9842971086739781
learned_fusion,echoes__count_control_DiffRhythm,echoes,generator,Udio,udio,59,68,0.9750747756729811
learned_fusion,fakemusiccaps__without_StableAudio,fakemusiccaps,family,AudioLDM,AudioLDM,1102,1104,0.9975801572897762
learned_fusion,fakemusiccaps__without_StableAudio,fakemusiccaps,family,MusicGen,MusicGen,1102,1104,0.9989676214524317
learned_fusion,fakemusiccaps__without_StableAudio,fakemusiccaps,family,MusicLDM,MusicLDM,1102,1104,0.9818380283542439
learned_fusion,fakemusiccaps__without_StableAudio,fakemusiccaps,family,Mustango,Mustango,1102,1104,0.9988040519214076
learned_fusion,fakemusiccaps__without_StableAudio,fakemusiccaps,family,StableAudio,StableAudio,1102,1104,0.9857793142902233
learned_fusion,fakemusiccaps__without_StableAudio,fakemusiccaps,generator,AudioLDM,audioldm2,1102,1104,0.9975801572897762
learned_fusion,fakemusiccaps__without_StableAudio,fakemusiccaps,generator,MusicGen,MusicGen_medium,1102,1104,0.9989676214524317
learned_fusion,fakemusiccaps__without_StableAudio,fakemusiccaps,generator,MusicLDM,musicldm,1102,1104,0.9818380283542439
learned_fusion,fakemusiccaps__without_StableAudio,fakemusiccaps,generator,Mustango,mustango,1102,1104,0.9988040519214076
learned_fusion,fakemusiccaps__without_StableAudio,fakemusiccaps,generator,StableAudio,stable_audio_open,1102,1104,0.9857793142902233
learned_fusion,fakemusiccaps__count_control_StableAudio,fakemusiccaps,family,AudioLDM,AudioLDM,1102,1104,0.9965551763591888
learned_fusion,fakemusiccaps__count_control_StableAudio,fakemusiccaps,family,MusicGen,MusicGen,1102,1104,0.9988969331123911
learned_fusion,fakemusiccaps__count_control_StableAudio,fakemusiccaps,family,MusicLDM,MusicLDM,1102,1104,0.9863234501170468
learned_fusion,fakemusiccaps__count_control_StableAudio,fakemusiccaps,family,Mustango,Mustango,1102,1104,0.99792702333044
learned_fusion,fakemusiccaps__count_control_StableAudio,fakemusiccaps,family,StableAudio,StableAudio,1102,1104,0.9890589244851259
learned_fusion,fakemusiccaps__count_control_StableAudio,fakemusiccaps,generator,AudioLDM,audioldm2,1102,1104,0.9965551763591888
learned_fusion,fakemusiccaps__count_control_StableAudio,fakemusiccaps,generator,MusicGen,MusicGen_medium,1102,1104,0.9988969331123911
learned_fusion,fakemusiccaps__count_control_StableAudio,fakemusiccaps,generator,MusicLDM,musicldm,1102,1104,0.9863234501170468
learned_fusion,fakemusiccaps__count_control_StableAudio,fakemusiccaps,generator,Mustango,mustango,1102,1104,0.99792702333044
learned_fusion,fakemusiccaps__count_control_StableAudio,fakemusiccaps,generator,StableAudio,stable_audio_open,1102,1104,0.9890589244851259
learned_fusion,fakemusiccaps__without_AudioLDM,fakemusiccaps,family,AudioLDM,AudioLDM,1102,1104,0.9850921578684342
learned_fusion,fakemusiccaps__without_AudioLDM,fakemusiccaps,family,MusicGen,MusicGen,1102,1104,0.9986191114968831
learned_fusion,fakemusiccaps__without_AudioLDM,fakemusiccaps,family,MusicLDM,MusicLDM,1102,1104,0.9837334622162602
learned_fusion,fakemusiccaps__without_AudioLDM,fakemusiccaps,family,Mustango,Mustango,1102,1104,0.9924256621689156
learned_fusion,fakemusiccaps__without_AudioLDM,fakemusiccaps,family,StableAudio,StableAudio,1102,1104,0.9874593953023489
learned_fusion,fakemusiccaps__without_AudioLDM,fakemusiccaps,generator,AudioLDM,audioldm2,1102,1104,0.9850921578684342
learned_fusion,fakemusiccaps__without_AudioLDM,fakemusiccaps,generator,MusicGen,MusicGen_medium,1102,1104,0.9986191114968831
learned_fusion,fakemusiccaps__without_AudioLDM,fakemusiccaps,generator,MusicLDM,musicldm,1102,1104,0.9837334622162602
learned_fusion,fakemusiccaps__without_AudioLDM,fakemusiccaps,generator,Mustango,mustango,1102,1104,0.9924256621689156
learned_fusion,fakemusiccaps__without_AudioLDM,fakemusiccaps,generator,StableAudio,stable_audio_open,1102,1104,0.9874593953023489
learned_fusion,fakemusiccaps__count_control_AudioLDM,fakemusiccaps,family,AudioLDM,AudioLDM,1102,1104,0.997966477287672
learned_fusion,fakemusiccaps__count_control_AudioLDM,fakemusiccaps,family,MusicGen,MusicGen,1102,1104,0.9993095557484415
learned_fusion,fakemusiccaps__count_control_AudioLDM,fakemusiccaps,family,MusicLDM,MusicLDM,1102,1104,0.99002636839475
learned_fusion,fakemusiccaps__count_control_AudioLDM,fakemusiccaps,family,Mustango,Mustango,1102,1104,0.9991377666429943
learned_fusion,fakemusiccaps__count_control_AudioLDM,fakemusiccaps,family,StableAudio,StableAudio,1102,1104,0.9917870012362241
learned_fusion,fakemusiccaps__count_control_AudioLDM,fakemusiccaps,generator,AudioLDM,audioldm2,1102,1104,0.997966477287672
learned_fusion,fakemusiccaps__count_control_AudioLDM,fakemusiccaps,generator,MusicGen,MusicGen_medium,1102,1104,0.9993095557484415
learned_fusion,fakemusiccaps__count_control_AudioLDM,fakemusiccaps,generator,MusicLDM,musicldm,1102,1104,0.99002636839475
learned_fusion,fakemusiccaps__count_control_AudioLDM,fakemusiccaps,generator,Mustango,mustango,1102,1104,0.9991377666429943
learned_fusion,fakemusiccaps__count_control_AudioLDM,fakemusiccaps,generator,StableAudio,stable_audio_open,1102,1104,0.9917870012362241
learned_fusion,artifactbench__fmc_fit_only,artifactbench,family,DiffRhythm,DiffRhythm,860,100,0.9994883720930232
learned_fusion,artifactbench__fmc_fit_only,artifactbench,family,MusicGen,MusicGen,860,90,1.0
learned_fusion,artifactbench__fmc_fit_only,artifactbench,family,Riffusion,Riffusion,860,130,0.8438908765652952
learned_fusion,artifactbench__fmc_fit_only,artifactbench,family,StableAudio,StableAudio,860,100,0.9998837209302326
learned_fusion,artifactbench__fmc_fit_only,artifactbench,family,Suno,Suno,860,479,0.9624921105015294
learned_fusion,artifactbench__fmc_fit_only,artifactbench,family,Udio,Udio,860,405,0.6443152454780361
learned_fusion,artifactbench__fmc_fit_only,artifactbench,family,Yue,Yue,860,100,0.9878488372093023
learned_fusion,artifactbench__fmc_fit_only,artifactbench,generator,DiffRhythm,DiffRhythm,860,100,0.9994883720930232
learned_fusion,artifactbench__fmc_fit_only,artifactbench,generator,MusicGen,MusicGen Large,860,30,1.0
learned_fusion,artifactbench__fmc_fit_only,artifactbench,generator,MusicGen,MusicGen Medium,860,30,1.0
learned_fusion,artifactbench__fmc_fit_only,artifactbench,generator,MusicGen,MusicGen Small,860,30,1.0
learned_fusion,artifactbench__fmc_fit_only,artifactbench,generator,Riffusion,Riffusion,860,100,0.8713953488372093
learned_fusion,artifactbench__fmc_fit_only,artifactbench,generator,Riffusion,Riffusion (AIME),860,30,0.7522093023255815
learned_fusion,artifactbench__fmc_fit_only,artifactbench,generator,StableAudio,Stable Audio v1,860,50,0.9998837209302326
learned_fusion,artifactbench__fmc_fit_only,artifactbench,generator,StableAudio,Stable Audio v2,860,50,0.9998837209302326
learned_fusion,artifactbench__fmc_fit_only,artifactbench,generator,Suno,Google Chirp v2 XXL,860,80,0.9998110465116279
learned_fusion,artifactbench__fmc_fit_only,artifactbench,generator,Suno,Google Chirp v3,860,80,0.9989680232558139
learned_fusion,artifactbench__fmc_fit_only,artifactbench,generator,Suno,Google Chirp v3.5,860,80,0.9978633720930232
learned_fusion,artifactbench__fmc_fit_only,artifactbench,generator,Suno,Suno (mixed),860,80,0.8923255813953488
learned_fusion,artifactbench__fmc_fit_only,artifactbench,generator,Suno,Suno v3,860,30,0.9998062015503876
learned_fusion,artifactbench__fmc_fit_only,artifactbench,generator,Suno,Suno v3.5,860,29,0.9986768243785084
learned_fusion,artifactbench__fmc_fit_only,artifactbench,generator,Suno,Suno v4,860,100,0.9096046511627908
learned_fusion,artifactbench__fmc_fit_only,artifactbench,generator,Udio,Udio,860,100,0.6744302325581395
learned_fusion,artifactbench__fmc_fit_only,artifactbench,generator,Udio,Udio (AIME),860,30,0.752829457364341
learned_fusion,artifactbench__fmc_fit_only,artifactbench,generator,Udio,Udio (SONICS 120s),860,80,0.7617151162790698
learned_fusion,artifactbench__fmc_fit_only,artifactbench,generator,Udio,Udio (SONICS 30s),860,80,0.8180668604651162
learned_fusion,artifactbench__fmc_fit_only,artifactbench,generator,Udio,Udio (mixed),860,80,0.39338662790697676
learned_fusion,artifactbench__fmc_fit_only,artifactbench,generator,Udio,Udio CDN,860,18,0.3554909560723515
learned_fusion,artifactbench__fmc_fit_only,artifactbench,generator,Udio,Udio CDN Latest,860,17,0.39220246238030093
learned_fusion,artifactbench__fmc_fit_only,artifactbench,generator,Yue,Yue,860,100,0.9878488372093023
clam,artifactbench__base,artifactbench,family,DiffRhythm,DiffRhythm,860,100,0.938906976744186
clam,artifactbench__base,artifactbench,family,MusicGen,MusicGen,860,90,0.9873514211886305
clam,artifactbench__base,artifactbench,family,Riffusion,Riffusion,860,130,0.898443649373882
clam,artifactbench__base,artifactbench,family,StableAudio,StableAudio,860,100,0.9474651162790697
clam,artifactbench__base,artifactbench,family,Suno,Suno,860,479,0.9267029179006652
clam,artifactbench__base,artifactbench,family,Udio,Udio,860,405,0.927065747918461
clam,artifactbench__base,artifactbench,family,Yue,Yue,860,100,0.9061976744186047
clam,artifactbench__base,artifactbench,generator,DiffRhythm,DiffRhythm,860,100,0.938906976744186
clam,artifactbench__base,artifactbench,generator,MusicGen,MusicGen Large,860,30,0.9843410852713179
clam,artifactbench__base,artifactbench,generator,MusicGen,MusicGen Medium,860,30,0.9889534883720931
clam,artifactbench__base,artifactbench,generator,MusicGen,MusicGen Small,860,30,0.9887596899224805
clam,artifactbench__base,artifactbench,generator,Riffusion,Riffusion,860,100,0.8819883720930233
clam,artifactbench__base,artifactbench,generator,Riffusion,Riffusion (AIME),860,30,0.9532945736434109
clam,artifactbench__base,artifactbench,generator,StableAudio,Stable Audio v1,860,50,0.9419767441860465
clam,artifactbench__base,artifactbench,generator,StableAudio,Stable Audio v2,860,50,0.9529534883720929
clam,artifactbench__base,artifactbench,generator,Suno,Google Chirp v2 XXL,860,80,0.9975436046511628
clam,artifactbench__base,artifactbench,generator,Suno,Google Chirp v3,860,80,0.9981976744186046
clam,artifactbench__base,artifactbench,generator,Suno,Google Chirp v3.5,860,80,0.995
clam,artifactbench__base,artifactbench,generator,Suno,Suno (mixed),860,80,0.842703488372093
clam,artifactbench__base,artifactbench,generator,Suno,Suno v3,860,30,0.9670930232558139
clam,artifactbench__base,artifactbench,generator,Suno,Suno v3.5,860,29,0.9231355252606255
clam,artifactbench__base,artifactbench,generator,Suno,Suno v4,860,100,0.814313953488372
clam,artifactbench__base,artifactbench,generator,Udio,Udio,860,100,0.8853488372093024
clam,artifactbench__base,artifactbench,generator,Udio,Udio (AIME),860,30,0.8972868217054264
clam,artifactbench__base,artifactbench,generator,Udio,Udio (SONICS 120s),860,80,0.9934302325581396
clam,artifactbench__base,artifactbench,generator,Udio,Udio (SONICS 30s),860,80,0.9820058139534883
clam,artifactbench__base,artifactbench,generator,Udio,Udio (mixed),860,80,0.9042005813953489
clam,artifactbench__base,artifactbench,generator,Udio,Udio CDN,860,18,0.8637596899224806
clam,artifactbench__base,artifactbench,generator,Udio,Udio CDN Latest,860,17,0.828796169630643
clam,artifactbench__base,artifactbench,generator,Yue,Yue,860,100,0.9061976744186047
clam,echoes__base,echoes,family,AceStep,AceStep,59,57,0.9860243829913767
clam,echoes__base,echoes,family,AudioLDM,AudioLDM,59,115,0.9924834193072956
clam,echoes__base,echoes,family,Brev,Brev,59,68,0.7295613160518445
clam,echoes__base,echoes,family,DiffRhythm,DiffRhythm,59,120,0.9207627118644068
clam,echoes__base,echoes,family,Mubert,Mubert,59,32,0.6859110169491525
clam,echoes__base,echoes,family,Producer,Producer,59,68,0.9125124626121636
clam,echoes__base,echoes,family,SongGen,SongGen,59,111,0.98244006718583
clam,echoes__base,echoes,family,StableAudio,StableAudio,59,35,0.7956416464891041
clam,echoes__base,echoes,family,Suno,Suno,59,68,0.7559820538384845
clam,echoes__base,echoes,family,Udio,Udio,59,68,0.9027916251246261
clam,echoes__base,echoes,generator,AceStep,acestep,59,57,0.9860243829913767
clam,echoes__base,echoes,generator,AudioLDM,audioldm,59,115,0.9924834193072956
clam,echoes__base,echoes,generator,Brev,brev,59,68,0.7295613160518445
clam,echoes__base,echoes,generator,DiffRhythm,diffrhythm,59,120,0.9207627118644068
clam,echoes__base,echoes,generator,Mubert,mubert,59,32,0.6859110169491525
clam,echoes__base,echoes,generator,Producer,producer,59,68,0.9125124626121636
clam,echoes__base,echoes,generator,SongGen,songgen,59,111,0.98244006718583
clam,echoes__base,echoes,generator,StableAudio,stableaudio,59,35,0.7956416464891041
clam,echoes__base,echoes,generator,Suno,suno,59,68,0.7559820538384845
clam,echoes__base,echoes,generator,Udio,udio,59,68,0.9027916251246261
clam,fakemusiccaps__base,fakemusiccaps,family,AudioLDM,AudioLDM,1102,1104,0.6503614968831373
clam,fakemusiccaps__base,fakemusiccaps,family,MusicGen,MusicGen,1102,1104,0.868213097398669
clam,fakemusiccaps__base,fakemusiccaps,family,MusicLDM,MusicLDM,1102,1104,0.891153107656698
clam,fakemusiccaps__base,fakemusiccaps,family,Mustango,Mustango,1102,1104,0.7902011165469897
clam,fakemusiccaps__base,fakemusiccaps,family,StableAudio,StableAudio,1102,1104,0.8104903140534996
clam,fakemusiccaps__base,fakemusiccaps,generator,AudioLDM,audioldm2,1102,1104,0.6503614968831373
clam,fakemusiccaps__base,fakemusiccaps,generator,MusicGen,MusicGen_medium,1102,1104,0.868213097398669
clam,fakemusiccaps__base,fakemusiccaps,generator,MusicLDM,musicldm,1102,1104,0.891153107656698
clam,fakemusiccaps__base,fakemusiccaps,generator,Mustango,mustango,1102,1104,0.7902011165469897
clam,fakemusiccaps__base,fakemusiccaps,generator,StableAudio,stable_audio_open,1102,1104,0.8104903140534996
clam,artifactbench__without_Suno,artifactbench,family,DiffRhythm,DiffRhythm,860,100,0.9426279069767443
clam,artifactbench__without_Suno,artifactbench,family,MusicGen,MusicGen,860,90,0.9894573643410853
clam,artifactbench__without_Suno,artifactbench,family,Riffusion,Riffusion,860,130,0.8333720930232558
clam,artifactbench__without_Suno,artifactbench,family,StableAudio,StableAudio,860,100,0.9529302325581396
clam,artifactbench__without_Suno,artifactbench,family,Suno,Suno,860,479,0.8461936204301597
clam,artifactbench__without_Suno,artifactbench,family,Udio,Udio,860,405,0.9309991386735572
clam,artifactbench__without_Suno,artifactbench,family,Yue,Yue,860,100,0.8956279069767441
clam,artifactbench__without_Suno,artifactbench,generator,DiffRhythm,DiffRhythm,860,100,0.9426279069767443
clam,artifactbench__without_Suno,artifactbench,generator,MusicGen,MusicGen Large,860,30,0.9890697674418605
clam,artifactbench__without_Suno,artifactbench,generator,MusicGen,MusicGen Medium,860,30,0.9858914728682171
clam,artifactbench__without_Suno,artifactbench,generator,MusicGen,MusicGen Small,860,30,0.9934108527131783
clam,artifactbench__without_Suno,artifactbench,generator,Riffusion,Riffusion,860,100,0.7996860465116279
clam,artifactbench__without_Suno,artifactbench,generator,Riffusion,Riffusion (AIME),860,30,0.9456589147286822
clam,artifactbench__without_Suno,artifactbench,generator,StableAudio,Stable Audio v1,860,50,0.9470232558139535
clam,artifactbench__without_Suno,artifactbench,generator,StableAudio,Stable Audio v2,860,50,0.9588372093023256
clam,artifactbench__without_Suno,artifactbench,generator,Suno,Google Chirp v2 XXL,860,80,0.9881686046511629
clam,artifactbench__without_Suno,artifactbench,generator,Suno,Google Chirp v3,860,80,0.9953343023255814
clam,artifactbench__without_Suno,artifactbench,generator,Suno,Google Chirp v3.5,860,80,0.9829796511627907
clam,artifactbench__without_Suno,artifactbench,generator,Suno,Suno (mixed),860,80,0.6276308139534885
clam,artifactbench__without_Suno,artifactbench,generator,Suno,Suno v3,860,30,0.9662015503875969
clam,artifactbench__without_Suno,artifactbench,generator,Suno,Suno v3.5,860,29,0.9295108259823577
clam,artifactbench__without_Suno,artifactbench,generator,Suno,Suno v4,860,100,0.6185581395348838
clam,artifactbench__without_Suno,artifactbench,generator,Udio,Udio,860,100,0.8899651162790696
clam,artifactbench__without_Suno,artifactbench,generator,Udio,Udio (AIME),860,30,0.9182170542635659
clam,artifactbench__without_Suno,artifactbench,generator,Udio,Udio (SONICS 120s),860,80,0.9917441860465116
clam,artifactbench__without_Suno,artifactbench,generator,Udio,Udio (SONICS 30s),860,80,0.9820058139534883
clam,artifactbench__without_Suno,artifactbench,generator,Udio,Udio (mixed),860,80,0.9189825581395348
clam,artifactbench__without_Suno,artifactbench,generator,Udio,Udio CDN,860,18,0.8650516795865633
clam,artifactbench__without_Suno,artifactbench,generator,Udio,Udio CDN Latest,860,17,0.7954172366621067
clam,artifactbench__without_Suno,artifactbench,generator,Yue,Yue,860,100,0.8956279069767441
clam,artifactbench__count_control_Suno,artifactbench,family,DiffRhythm,DiffRhythm,860,100,0.9213372093023255
clam,artifactbench__count_control_Suno,artifactbench,family,MusicGen,MusicGen,860,90,0.9900129198966409
clam,artifactbench__count_control_Suno,artifactbench,family,Riffusion,Riffusion,860,130,0.866824686940966
clam,artifactbench__count_control_Suno,artifactbench,family,StableAudio,StableAudio,860,100,0.9508953488372093
clam,artifactbench__count_control_Suno,artifactbench,family,Suno,Suno,860,479,0.9111156964606495
clam,artifactbench__count_control_Suno,artifactbench,family,Udio,Udio,860,405,0.9151823140970428
clam,artifactbench__count_control_Suno,artifactbench,family,Yue,Yue,860,100,0.893906976744186
clam,artifactbench__count_control_Suno,artifactbench,generator,DiffRhythm,DiffRhythm,860,100,0.9213372093023255
clam,artifactbench__count_control_Suno,artifactbench,generator,MusicGen,MusicGen Large,860,30,0.9890697674418605
clam,artifactbench__count_control_Suno,artifactbench,generator,MusicGen,MusicGen Medium,860,30,0.9897286821705427
clam,artifactbench__count_control_Suno,artifactbench,generator,MusicGen,MusicGen Small,860,30,0.9912403100775193
clam,artifactbench__count_control_Suno,artifactbench,generator,Riffusion,Riffusion,860,100,0.8520232558139534
clam,artifactbench__count_control_Suno,artifactbench,generator,Riffusion,Riffusion (AIME),860,30,0.9161627906976744
clam,artifactbench__count_control_Suno,artifactbench,generator,StableAudio,Stable Audio v1,860,50,0.9340930232558139
clam,artifactbench__count_control_Suno,artifactbench,generator,StableAudio,Stable Audio v2,860,50,0.9676976744186047
clam,artifactbench__count_control_Suno,artifactbench,generator,Suno,Google Chirp v2 XXL,860,80,0.9931831395348838
clam,artifactbench__count_control_Suno,artifactbench,generator,Suno,Google Chirp v3,860,80,0.9965843023255814
clam,artifactbench__count_control_Suno,artifactbench,generator,Suno,Google Chirp v3.5,860,80,0.9923837209302325
clam,artifactbench__count_control_Suno,artifactbench,generator,Suno,Suno (mixed),860,80,0.7926453488372093
clam,artifactbench__count_control_Suno,artifactbench,generator,Suno,Suno v3,860,30,0.9534883720930233
clam,artifactbench__count_control_Suno,artifactbench,generator,Suno,Suno v3.5,860,29,0.9548516439454692
clam,artifactbench__count_control_Suno,artifactbench,generator,Suno,Suno v4,860,100,0.7814534883720929
clam,artifactbench__count_control_Suno,artifactbench,generator,Udio,Udio,860,100,0.8656744186046511
clam,artifactbench__count_control_Suno,artifactbench,generator,Udio,Udio (AIME),860,30,0.8853100775193798
clam,artifactbench__count_control_Suno,artifactbench,generator,Udio,Udio (SONICS 120s),860,80,0.9879941860465116
clam,artifactbench__count_control_Suno,artifactbench,generator,Udio,Udio (SONICS 30s),860,80,0.9739534883720931
clam,artifactbench__count_control_Suno,artifactbench,generator,Udio,Udio (mixed),860,80,0.8965261627906977
clam,artifactbench__count_control_Suno,artifactbench,generator,Udio,Udio CDN,860,18,0.8759043927648579
clam,artifactbench__count_control_Suno,artifactbench,generator,Udio,Udio CDN Latest,860,17,0.7692886456908345
clam,artifactbench__count_control_Suno,artifactbench,generator,Yue,Yue,860,100,0.893906976744186
clam,artifactbench__without_Udio,artifactbench,family,DiffRhythm,DiffRhythm,860,100,0.9175581395348837
clam,artifactbench__without_Udio,artifactbench,family,MusicGen,MusicGen,860,90,0.9859819121447029
clam,artifactbench__without_Udio,artifactbench,family,Riffusion,Riffusion,860,130,0.8365295169946333
clam,artifactbench__without_Udio,artifactbench,family,StableAudio,StableAudio,860,100,0.9389883720930232
clam,artifactbench__without_Udio,artifactbench,family,Suno,Suno,860,479,0.9170898674564258
clam,artifactbench__without_Udio,artifactbench,family,Udio,Udio,860,405,0.8502698822853861
clam,artifactbench__without_Udio,artifactbench,family,Yue,Yue,860,100,0.8907093023255814
clam,artifactbench__without_Udio,artifactbench,generator,DiffRhythm,DiffRhythm,860,100,0.9175581395348837
clam,artifactbench__without_Udio,artifactbench,generator,MusicGen,MusicGen Large,860,30,0.9841860465116279
clam,artifactbench__without_Udio,artifactbench,generator,MusicGen,MusicGen Medium,860,30,0.9822093023255815
clam,artifactbench__without_Udio,artifactbench,generator,MusicGen,MusicGen Small,860,30,0.9915503875968993
clam,artifactbench__without_Udio,artifactbench,generator,Riffusion,Riffusion,860,100,0.8391627906976743
clam,artifactbench__without_Udio,artifactbench,generator,Riffusion,Riffusion (AIME),860,30,0.8277519379844962
clam,artifactbench__without_Udio,artifactbench,generator,StableAudio,Stable Audio v1,860,50,0.9354186046511628
clam,artifactbench__without_Udio,artifactbench,generator,StableAudio,Stable Audio v2,860,50,0.9425581395348837
clam,artifactbench__without_Udio,artifactbench,generator,Suno,Google Chirp v2 XXL,860,80,0.9981831395348838
clam,artifactbench__without_Udio,artifactbench,generator,Suno,Google Chirp v3,860,80,0.9983720930232558
clam,artifactbench__without_Udio,artifactbench,generator,Suno,Google Chirp v3.5,860,80,0.9954505813953488
clam,artifactbench__without_Udio,artifactbench,generator,Suno,Suno (mixed),860,80,0.7988372093023257
clam,artifactbench__without_Udio,artifactbench,generator,Suno,Suno v3,860,30,0.9644961240310077
clam,artifactbench__without_Udio,artifactbench,generator,Suno,Suno v3.5,860,29,0.9377305533279872
clam,artifactbench__without_Udio,artifactbench,generator,Suno,Suno v4,860,100,0.7988953488372093
clam,artifactbench__without_Udio,artifactbench,generator,Udio,Udio,860,100,0.7939069767441861
clam,artifactbench__without_Udio,artifactbench,generator,Udio,Udio (AIME),860,30,0.8798837209302326
clam,artifactbench__without_Udio,artifactbench,generator,Udio,Udio (SONICS 120s),860,80,0.9579360465116279
clam,artifactbench__without_Udio,artifactbench,generator,Udio,Udio (SONICS 30s),860,80,0.9451598837209302
clam,artifactbench__without_Udio,artifactbench,generator,Udio,Udio (mixed),860,80,0.7839244186046512
clam,artifactbench__without_Udio,artifactbench,generator,Udio,Udio CDN,860,18,0.7001291989664084
clam,artifactbench__without_Udio,artifactbench,generator,Udio,Udio CDN Latest,860,17,0.6475376196990423
clam,artifactbench__without_Udio,artifactbench,generator,Yue,Yue,860,100,0.8907093023255814
clam,artifactbench__count_control_Udio,artifactbench,family,DiffRhythm,DiffRhythm,860,100,0.9165232558139536
clam,artifactbench__count_control_Udio,artifactbench,family,MusicGen,MusicGen,860,90,0.985904392764858
clam,artifactbench__count_control_Udio,artifactbench,family,Riffusion,Riffusion,860,130,0.8550536672629696
clam,artifactbench__count_control_Udio,artifactbench,family,StableAudio,StableAudio,860,100,0.9447674418604651
clam,artifactbench__count_control_Udio,artifactbench,family,Suno,Suno,860,479,0.9100767102005147
clam,artifactbench__count_control_Udio,artifactbench,family,Udio,Udio,860,405,0.91869939707149
clam,artifactbench__count_control_Udio,artifactbench,family,Yue,Yue,860,100,0.8835465116279071
clam,artifactbench__count_control_Udio,artifactbench,generator,DiffRhythm,DiffRhythm,860,100,0.9165232558139536
clam,artifactbench__count_control_Udio,artifactbench,generator,MusicGen,MusicGen Large,860,30,0.9877906976744186
clam,artifactbench__count_control_Udio,artifactbench,generator,MusicGen,MusicGen Medium,860,30,0.9793798449612403
clam,artifactbench__count_control_Udio,artifactbench,generator,MusicGen,MusicGen Small,860,30,0.9905426356589146
clam,artifactbench__count_control_Udio,artifactbench,generator,Riffusion,Riffusion,860,100,0.8295
clam,artifactbench__count_control_Udio,artifactbench,generator,Riffusion,Riffusion (AIME),860,30,0.9402325581395349
clam,artifactbench__count_control_Udio,artifactbench,generator,StableAudio,Stable Audio v1,860,50,0.9355813953488372
clam,artifactbench__count_control_Udio,artifactbench,generator,StableAudio,Stable Audio v2,860,50,0.953953488372093
clam,artifactbench__count_control_Udio,artifactbench,generator,Suno,Google Chirp v2 XXL,860,80,0.9924709302325582
clam,artifactbench__count_control_Udio,artifactbench,generator,Suno,Google Chirp v3,860,80,0.9971947674418604
clam,artifactbench__count_control_Udio,artifactbench,generator,Suno,Google Chirp v3.5,860,80,0.9932994186046512
clam,artifactbench__count_control_Udio,artifactbench,generator,Suno,Suno (mixed),860,80,0.8027470930232559
clam,artifactbench__count_control_Udio,artifactbench,generator,Suno,Suno v3,860,30,0.962984496124031
clam,artifactbench__count_control_Udio,artifactbench,generator,Suno,Suno v3.5,860,29,0.9400962309542903
clam,artifactbench__count_control_Udio,artifactbench,generator,Suno,Suno v4,860,100,0.7691744186046511
clam,artifactbench__count_control_Udio,artifactbench,generator,Udio,Udio,860,100,0.8697790697674419
clam,artifactbench__count_control_Udio,artifactbench,generator,Udio,Udio (AIME),860,30,0.8843410852713179
clam,artifactbench__count_control_Udio,artifactbench,generator,Udio,Udio (SONICS 120s),860,80,0.9903343023255814
clam,artifactbench__count_control_Udio,artifactbench,generator,Udio,Udio (SONICS 30s),860,80,0.9744040697674419
clam,artifactbench__count_control_Udio,artifactbench,generator,Udio,Udio (mixed),860,80,0.9054651162790698
clam,artifactbench__count_control_Udio,artifactbench,generator,Udio,Udio CDN,860,18,0.8554263565891472
clam,artifactbench__count_control_Udio,artifactbench,generator,Udio,Udio CDN Latest,860,17,0.7971272229822162
clam,artifactbench__count_control_Udio,artifactbench,generator,Yue,Yue,860,100,0.8835465116279071
clam,artifactbench__without_MusicGen,artifactbench,family,DiffRhythm,DiffRhythm,860,100,0.9047325581395349
clam,artifactbench__without_MusicGen,artifactbench,family,MusicGen,MusicGen,860,90,0.9631266149870802
clam,artifactbench__without_MusicGen,artifactbench,family,Riffusion,Riffusion,860,130,0.8394454382826476
clam,artifactbench__without_MusicGen,artifactbench,family,StableAudio,StableAudio,860,100,0.9326279069767442
clam,artifactbench__without_MusicGen,artifactbench,family,Suno,Suno,860,479,0.8863985046365975
clam,artifactbench__without_MusicGen,artifactbench,family,Udio,Udio,860,405,0.9190956072351422
clam,artifactbench__without_MusicGen,artifactbench,family,Yue,Yue,860,100,0.8446976744186048
clam,artifactbench__without_MusicGen,artifactbench,generator,DiffRhythm,DiffRhythm,860,100,0.9047325581395349
clam,artifactbench__without_MusicGen,artifactbench,generator,MusicGen,MusicGen Large,860,30,0.9536821705426356
clam,artifactbench__without_MusicGen,artifactbench,generator,MusicGen,MusicGen Medium,860,30,0.9589922480620156
clam,artifactbench__without_MusicGen,artifactbench,generator,MusicGen,MusicGen Small,860,30,0.9767054263565891
clam,artifactbench__without_MusicGen,artifactbench,generator,Riffusion,Riffusion,860,100,0.8030116279069768
clam,artifactbench__without_MusicGen,artifactbench,generator,Riffusion,Riffusion (AIME),860,30,0.9608914728682171
clam,artifactbench__without_MusicGen,artifactbench,generator,StableAudio,Stable Audio v1,860,50,0.920093023255814
clam,artifactbench__without_MusicGen,artifactbench,generator,StableAudio,Stable Audio v2,860,50,0.9451627906976744
clam,artifactbench__without_MusicGen,artifactbench,generator,Suno,Google Chirp v2 XXL,860,80,0.9951453488372093
clam,artifactbench__without_MusicGen,artifactbench,generator,Suno,Google Chirp v3,860,80,0.9976598837209303
clam,artifactbench__without_MusicGen,artifactbench,generator,Suno,Google Chirp v3.5,860,80,0.9947093023255814
clam,artifactbench__without_MusicGen,artifactbench,generator,Suno,Suno (mixed),860,80,0.747921511627907
clam,artifactbench__without_MusicGen,artifactbench,generator,Suno,Suno v3,860,30,0.9383720930232557
clam,artifactbench__without_MusicGen,artifactbench,generator,Suno,Suno v3.5,860,29,0.9069767441860465
clam,artifactbench__without_MusicGen,artifactbench,generator,Suno,Suno v4,860,100,0.7129651162790698
clam,artifactbench__without_MusicGen,artifactbench,generator,Udio,Udio,860,100,0.8732790697674419
clam,artifactbench__without_MusicGen,artifactbench,generator,Udio,Udio (AIME),860,30,0.8481395348837208
clam,artifactbench__without_MusicGen,artifactbench,generator,Udio,Udio (SONICS 120s),860,80,0.9954505813953488
clam,artifactbench__without_MusicGen,artifactbench,generator,Udio,Udio (SONICS 30s),860,80,0.9876453488372093
clam,artifactbench__without_MusicGen,artifactbench,generator,Udio,Udio (mixed),860,80,0.8980959302325583
clam,artifactbench__without_MusicGen,artifactbench,generator,Udio,Udio CDN,860,18,0.8503875968992248
clam,artifactbench__without_MusicGen,artifactbench,generator,Udio,Udio CDN Latest,860,17,0.8034883720930233
clam,artifactbench__without_MusicGen,artifactbench,generator,Yue,Yue,860,100,0.8446976744186048
clam,artifactbench__count_control_MusicGen,artifactbench,family,DiffRhythm,DiffRhythm,860,100,0.9127093023255815
clam,artifactbench__count_control_MusicGen,artifactbench,family,MusicGen,MusicGen,860,90,0.9849095607235143
clam,artifactbench__count_control_MusicGen,artifactbench,family,Riffusion,Riffusion,860,130,0.8736762075134168
clam,artifactbench__count_control_MusicGen,artifactbench,family,StableAudio,StableAudio,860,100,0.9405813953488372
clam,artifactbench__count_control_MusicGen,artifactbench,family,Suno,Suno,860,479,0.9172088168179833
clam,artifactbench__count_control_MusicGen,artifactbench,family,Udio,Udio,860,405,0.9271174275050245
clam,artifactbench__count_control_MusicGen,artifactbench,family,Yue,Yue,860,100,0.8987790697674418
clam,artifactbench__count_control_MusicGen,artifactbench,generator,DiffRhythm,DiffRhythm,860,100,0.9127093023255815
clam,artifactbench__count_control_MusicGen,artifactbench,generator,MusicGen,MusicGen Large,860,30,0.9801937984496125
clam,artifactbench__count_control_MusicGen,artifactbench,generator,MusicGen,MusicGen Medium,860,30,0.9843410852713178
clam,artifactbench__count_control_MusicGen,artifactbench,generator,MusicGen,MusicGen Small,860,30,0.9901937984496124
clam,artifactbench__count_control_MusicGen,artifactbench,generator,Riffusion,Riffusion,860,100,0.8581860465116279
clam,artifactbench__count_control_MusicGen,artifactbench,generator,Riffusion,Riffusion (AIME),860,30,0.9253100775193799
clam,artifactbench__count_control_MusicGen,artifactbench,generator,StableAudio,Stable Audio v1,860,50,0.931093023255814
clam,artifactbench__count_control_MusicGen,artifactbench,generator,StableAudio,Stable Audio v2,860,50,0.9500697674418606
clam,artifactbench__count_control_MusicGen,artifactbench,generator,Suno,Google Chirp v2 XXL,860,80,0.9959302325581395
clam,artifactbench__count_control_MusicGen,artifactbench,generator,Suno,Google Chirp v3,860,80,0.9979360465116279
clam,artifactbench__count_control_MusicGen,artifactbench,generator,Suno,Google Chirp v3.5,860,80,0.9949709302325582
clam,artifactbench__count_control_MusicGen,artifactbench,generator,Suno,Suno (mixed),860,80,0.8139244186046511
clam,artifactbench__count_control_MusicGen,artifactbench,generator,Suno,Suno v3,860,30,0.9605038759689923
clam,artifactbench__count_control_MusicGen,artifactbench,generator,Suno,Suno v3.5,860,29,0.9232558139534883
clam,artifactbench__count_control_MusicGen,artifactbench,generator,Suno,Suno v4,860,100,0.7953255813953488
clam,artifactbench__count_control_MusicGen,artifactbench,generator,Udio,Udio,860,100,0.8770348837209301
clam,artifactbench__count_control_MusicGen,artifactbench,generator,Udio,Udio (AIME),860,30,0.9054651162790697
clam,artifactbench__count_control_MusicGen,artifactbench,generator,Udio,Udio (SONICS 120s),860,80,0.9950872093023255
clam,artifactbench__count_control_MusicGen,artifactbench,generator,Udio,Udio (SONICS 30s),860,80,0.9839534883720931
clam,artifactbench__count_control_MusicGen,artifactbench,generator,Udio,Udio (mixed),860,80,0.9074563953488373
clam,artifactbench__count_control_MusicGen,artifactbench,generator,Udio,Udio CDN,860,18,0.8620155038759689
clam,artifactbench__count_control_MusicGen,artifactbench,generator,Udio,Udio CDN Latest,860,17,0.8340629274965801
clam,artifactbench__count_control_MusicGen,artifactbench,generator,Yue,Yue,860,100,0.8987790697674418
clam,echoes__without_Suno,echoes,family,AceStep,AceStep,59,57,0.9779958370502528
clam,echoes__without_Suno,echoes,family,AudioLDM,AudioLDM,59,115,0.9882092851879145
clam,echoes__without_Suno,echoes,family,Brev,Brev,59,68,0.6428215353938186
clam,echoes__without_Suno,echoes,family,DiffRhythm,DiffRhythm,59,120,0.9282485875706215
clam,echoes__without_Suno,echoes,family,Mubert,Mubert,59,32,0.7251059322033899
clam,echoes__without_Suno,echoes,family,Producer,Producer,59,68,0.9095214356929212
clam,echoes__without_Suno,echoes,family,SongGen,SongGen,59,111,0.9726675828370743
clam,echoes__without_Suno,echoes,family,StableAudio,StableAudio,59,35,0.7883777239709443
clam,echoes__without_Suno,echoes,family,Suno,Suno,59,68,0.6246261216350949
clam,echoes__without_Suno,echoes,family,Udio,Udio,59,68,0.882851445663011
clam,echoes__without_Suno,echoes,generator,AceStep,acestep,59,57,0.9779958370502528
clam,echoes__without_Suno,echoes,generator,AudioLDM,audioldm,59,115,0.9882092851879145
clam,echoes__without_Suno,echoes,generator,Brev,brev,59,68,0.6428215353938186
clam,echoes__without_Suno,echoes,generator,DiffRhythm,diffrhythm,59,120,0.9282485875706215
clam,echoes__without_Suno,echoes,generator,Mubert,mubert,59,32,0.7251059322033899
clam,echoes__without_Suno,echoes,generator,Producer,producer,59,68,0.9095214356929212
clam,echoes__without_Suno,echoes,generator,SongGen,songgen,59,111,0.9726675828370743
clam,echoes__without_Suno,echoes,generator,StableAudio,stableaudio,59,35,0.7883777239709443
clam,echoes__without_Suno,echoes,generator,Suno,suno,59,68,0.6246261216350949
clam,echoes__without_Suno,echoes,generator,Udio,udio,59,68,0.882851445663011
clam,echoes__count_control_Suno,echoes,family,AceStep,AceStep,59,57,0.9878085043116265
clam,echoes__count_control_Suno,echoes,family,AudioLDM,AudioLDM,59,115,0.9933677229182019
clam,echoes__count_control_Suno,echoes,family,Brev,Brev,59,68,0.7467597208374875
clam,echoes__count_control_Suno,echoes,family,DiffRhythm,DiffRhythm,59,120,0.9317796610169491
clam,echoes__count_control_Suno,echoes,family,Mubert,Mubert,59,32,0.708686440677966
clam,echoes__count_control_Suno,echoes,family,Producer,Producer,59,68,0.9334496510468594
clam,echoes__count_control_Suno,echoes,family,SongGen,SongGen,59,111,0.980455031302489
clam,echoes__count_control_Suno,echoes,family,StableAudio,StableAudio,59,35,0.7980629539951574
clam,echoes__count_control_Suno,echoes,family,Suno,Suno,59,68,0.7572283150548355
clam,echoes__count_control_Suno,echoes,family,Udio,Udio,59,68,0.9020438683948155
clam,echoes__count_control_Suno,echoes,generator,AceStep,acestep,59,57,0.9878085043116265
clam,echoes__count_control_Suno,echoes,generator,AudioLDM,audioldm,59,115,0.9933677229182019
clam,echoes__count_control_Suno,echoes,generator,Brev,brev,59,68,0.7467597208374875
clam,echoes__count_control_Suno,echoes,generator,DiffRhythm,diffrhythm,59,120,0.9317796610169491
clam,echoes__count_control_Suno,echoes,generator,Mubert,mubert,59,32,0.708686440677966
clam,echoes__count_control_Suno,echoes,generator,Producer,producer,59,68,0.9334496510468594
clam,echoes__count_control_Suno,echoes,generator,SongGen,songgen,59,111,0.980455031302489
clam,echoes__count_control_Suno,echoes,generator,StableAudio,stableaudio,59,35,0.7980629539951574
clam,echoes__count_control_Suno,echoes,generator,Suno,suno,59,68,0.7572283150548355
clam,echoes__count_control_Suno,echoes,generator,Udio,udio,59,68,0.9020438683948155
clam,echoes__without_Udio,echoes,family,AceStep,AceStep,59,57,0.983942908117752
clam,echoes__without_Udio,echoes,family,AudioLDM,AudioLDM,59,115,0.9907148120854827
clam,echoes__without_Udio,echoes,family,Brev,Brev,59,68,0.7993519441674976
clam,echoes__without_Udio,echoes,family,DiffRhythm,DiffRhythm,59,120,0.9314971751412431
clam,echoes__without_Udio,echoes,family,Mubert,Mubert,59,32,0.6493644067796609
clam,echoes__without_Udio,echoes,family,Producer,Producer,59,68,0.9110169491525424
clam,echoes__without_Udio,echoes,family,SongGen,SongGen,59,111,0.981981981981982
clam,echoes__without_Udio,echoes,family,StableAudio,StableAudio,59,35,0.7801452784503632
clam,echoes__without_Udio,echoes,family,Suno,Suno,59,68,0.8055832502492523
clam,echoes__without_Udio,echoes,family,Udio,Udio,59,68,0.8065802592223331
clam,echoes__without_Udio,echoes,generator,AceStep,acestep,59,57,0.983942908117752
clam,echoes__without_Udio,echoes,generator,AudioLDM,audioldm,59,115,0.9907148120854827
clam,echoes__without_Udio,echoes,generator,Brev,brev,59,68,0.7993519441674976
clam,echoes__without_Udio,echoes,generator,DiffRhythm,diffrhythm,59,120,0.9314971751412431
clam,echoes__without_Udio,echoes,generator,Mubert,mubert,59,32,0.6493644067796609
clam,echoes__without_Udio,echoes,generator,Producer,producer,59,68,0.9110169491525424
clam,echoes__without_Udio,echoes,generator,SongGen,songgen,59,111,0.981981981981982
clam,echoes__without_Udio,echoes,generator,StableAudio,stableaudio,59,35,0.7801452784503632
clam,echoes__without_Udio,echoes,generator,Suno,suno,59,68,0.8055832502492523
clam,echoes__without_Udio,echoes,generator,Udio,udio,59,68,0.8065802592223331
clam,echoes__count_control_Udio,echoes,family,AceStep,AceStep,59,57,0.9702646446625037
clam,echoes__count_control_Udio,echoes,family,AudioLDM,AudioLDM,59,115,0.9854089904200443
clam,echoes__count_control_Udio,echoes,family,Brev,Brev,59,68,0.7542372881355932
clam,echoes__count_control_Udio,echoes,family,DiffRhythm,DiffRhythm,59,120,0.9189265536723163
clam,echoes__count_control_Udio,echoes,family,Mubert,Mubert,59,32,0.6779661016949152
clam,echoes__count_control_Udio,echoes,family,Producer,Producer,59,68,0.9127617148554337
clam,echoes__count_control_Udio,echoes,family,SongGen,SongGen,59,111,0.9796915559627425
clam,echoes__count_control_Udio,echoes,family,StableAudio,StableAudio,59,35,0.7685230024213074
clam,echoes__count_control_Udio,echoes,family,Suno,Suno,59,68,0.8018444666001994
clam,echoes__count_control_Udio,echoes,family,Udio,Udio,59,68,0.8649052841475573
clam,echoes__count_control_Udio,echoes,generator,AceStep,acestep,59,57,0.9702646446625037
clam,echoes__count_control_Udio,echoes,generator,AudioLDM,audioldm,59,115,0.9854089904200443
clam,echoes__count_control_Udio,echoes,generator,Brev,brev,59,68,0.7542372881355932
clam,echoes__count_control_Udio,echoes,generator,DiffRhythm,diffrhythm,59,120,0.9189265536723163
clam,echoes__count_control_Udio,echoes,generator,Mubert,mubert,59,32,0.6779661016949152
clam,echoes__count_control_Udio,echoes,generator,Producer,producer,59,68,0.9127617148554337
clam,echoes__count_control_Udio,echoes,generator,SongGen,songgen,59,111,0.9796915559627425
clam,echoes__count_control_Udio,echoes,generator,StableAudio,stableaudio,59,35,0.7685230024213074
clam,echoes__count_control_Udio,echoes,generator,Suno,suno,59,68,0.8018444666001994
clam,echoes__count_control_Udio,echoes,generator,Udio,udio,59,68,0.8649052841475573
clam,fakemusiccaps__without_MusicGen,fakemusiccaps,family,AudioLDM,AudioLDM,1102,1104,0.6347697861595518
clam,fakemusiccaps__without_MusicGen,fakemusiccaps,family,MusicGen,MusicGen,1102,1104,0.8282865146374181
clam,fakemusiccaps__without_MusicGen,fakemusiccaps,family,MusicLDM,MusicLDM,1102,1104,0.8760332005050107
clam,fakemusiccaps__without_MusicGen,fakemusiccaps,family,Mustango,Mustango,1102,1104,0.8033787382624478
clam,fakemusiccaps__without_MusicGen,fakemusiccaps,family,StableAudio,StableAudio,1102,1104,0.7750138088850311
clam,fakemusiccaps__without_MusicGen,fakemusiccaps,generator,AudioLDM,audioldm2,1102,1104,0.6347697861595518
clam,fakemusiccaps__without_MusicGen,fakemusiccaps,generator,MusicGen,MusicGen_medium,1102,1104,0.8282865146374181
clam,fakemusiccaps__without_MusicGen,fakemusiccaps,generator,MusicLDM,musicldm,1102,1104,0.8760332005050107
clam,fakemusiccaps__without_MusicGen,fakemusiccaps,generator,Mustango,mustango,1102,1104,0.8033787382624478
clam,fakemusiccaps__without_MusicGen,fakemusiccaps,generator,StableAudio,stable_audio_open,1102,1104,0.7750138088850311
clam,fakemusiccaps__count_control_MusicGen,fakemusiccaps,family,AudioLDM,AudioLDM,1102,1104,0.6486131934032984
clam,fakemusiccaps__count_control_MusicGen,fakemusiccaps,family,MusicGen,MusicGen,1102,1104,0.861346464925432
clam,fakemusiccaps__count_control_MusicGen,fakemusiccaps,family,MusicLDM,MusicLDM,1102,1104,0.8823622728109629
clam,fakemusiccaps__count_control_MusicGen,fakemusiccaps,family,Mustango,Mustango,1102,1104,0.8276010021305138
clam,fakemusiccaps__count_control_MusicGen,fakemusiccaps,family,StableAudio,StableAudio,1102,1104,0.7979497093558483
clam,fakemusiccaps__count_control_MusicGen,fakemusiccaps,generator,AudioLDM,audioldm2,1102,1104,0.6486131934032984
clam,fakemusiccaps__count_control_MusicGen,fakemusiccaps,generator,MusicGen,MusicGen_medium,1102,1104,0.861346464925432
clam,fakemusiccaps__count_control_MusicGen,fakemusiccaps,generator,MusicLDM,musicldm,1102,1104,0.8823622728109629
clam,fakemusiccaps__count_control_MusicGen,fakemusiccaps,generator,Mustango,mustango,1102,1104,0.8276010021305138
clam,fakemusiccaps__count_control_MusicGen,fakemusiccaps,generator,StableAudio,stable_audio_open,1102,1104,0.7979497093558483
clam,artifactbench__without_StableAudio,artifactbench,family,DiffRhythm,DiffRhythm,860,100,0.9206162790697674
clam,artifactbench__without_StableAudio,artifactbench,family,MusicGen,MusicGen,860,90,0.9902842377260982
clam,artifactbench__without_StableAudio,artifactbench,family,Riffusion,Riffusion,860,130,0.8825849731663685
clam,artifactbench__without_StableAudio,artifactbench,family,StableAudio,StableAudio,860,100,0.9111162790697674
clam,artifactbench__without_StableAudio,artifactbench,family,Suno,Suno,860,479,0.9202626596106228
clam,artifactbench__without_StableAudio,artifactbench,family,Udio,Udio,860,405,0.9231926500143554
clam,artifactbench__without_StableAudio,artifactbench,family,Yue,Yue,860,100,0.8855581395348837
clam,artifactbench__without_StableAudio,artifactbench,generator,DiffRhythm,DiffRhythm,860,100,0.9206162790697674
clam,artifactbench__without_StableAudio,artifactbench,generator,MusicGen,MusicGen Large,860,30,0.9889147286821706
clam,artifactbench__without_StableAudio,artifactbench,generator,MusicGen,MusicGen Medium,860,30,0.9894573643410852
clam,artifactbench__without_StableAudio,artifactbench,generator,MusicGen,MusicGen Small,860,30,0.9924806201550388
clam,artifactbench__without_StableAudio,artifactbench,generator,Riffusion,Riffusion,860,100,0.8635465116279071
clam,artifactbench__without_StableAudio,artifactbench,generator,Riffusion,Riffusion (AIME),860,30,0.9460465116279069
clam,artifactbench__without_StableAudio,artifactbench,generator,StableAudio,Stable Audio v1,860,50,0.9086511627906977
clam,artifactbench__without_StableAudio,artifactbench,generator,StableAudio,Stable Audio v2,860,50,0.9135813953488372
clam,artifactbench__without_StableAudio,artifactbench,generator,Suno,Google Chirp v2 XXL,860,80,0.9939680232558139
clam,artifactbench__without_StableAudio,artifactbench,generator,Suno,Google Chirp v3,860,80,0.9983866279069767
clam,artifactbench__without_StableAudio,artifactbench,generator,Suno,Google Chirp v3.5,860,80,0.9896220930232558
clam,artifactbench__without_StableAudio,artifactbench,generator,Suno,Suno (mixed),860,80,0.8358720930232558
clam,artifactbench__without_StableAudio,artifactbench,generator,Suno,Suno v3,860,30,0.9577906976744186
clam,artifactbench__without_StableAudio,artifactbench,generator,Suno,Suno v3.5,860,29,0.9213712910986368
clam,artifactbench__without_StableAudio,artifactbench,generator,Suno,Suno v4,860,100,0.7992441860465116
clam,artifactbench__without_StableAudio,artifactbench,generator,Udio,Udio,860,100,0.8741511627906977
clam,artifactbench__without_StableAudio,artifactbench,generator,Udio,Udio (AIME),860,30,0.9165116279069767
clam,artifactbench__without_StableAudio,artifactbench,generator,Udio,Udio (SONICS 120s),860,80,0.9898110465116279
clam,artifactbench__without_StableAudio,artifactbench,generator,Udio,Udio (SONICS 30s),860,80,0.9828343023255814
clam,artifactbench__without_StableAudio,artifactbench,generator,Udio,Udio (mixed),860,80,0.8998255813953489
clam,artifactbench__without_StableAudio,artifactbench,generator,Udio,Udio CDN,860,18,0.8632428940568475
clam,artifactbench__without_StableAudio,artifactbench,generator,Udio,Udio CDN Latest,860,17,0.802735978112175
clam,artifactbench__without_StableAudio,artifactbench,generator,Yue,Yue,860,100,0.8855581395348837
clam,artifactbench__count_control_StableAudio,artifactbench,family,DiffRhythm,DiffRhythm,860,100,0.9369651162790698
clam,artifactbench__count_control_StableAudio,artifactbench,family,MusicGen,MusicGen,860,90,0.9893023255813953
clam,artifactbench__count_control_StableAudio,artifactbench,family,Riffusion,Riffusion,860,130,0.8933005366726298
clam,artifactbench__count_control_StableAudio,artifactbench,family,StableAudio,StableAudio,860,100,0.947093023255814
clam,artifactbench__count_control_StableAudio,artifactbench,family,Suno,Suno,860,479,0.9279433898140506
clam,artifactbench__count_control_StableAudio,artifactbench,family,Udio,Udio,860,405,0.9294430089003731
clam,artifactbench__count_control_StableAudio,artifactbench,family,Yue,Yue,860,100,0.9046279069767442
clam,artifactbench__count_control_StableAudio,artifactbench,generator,DiffRhythm,DiffRhythm,860,100,0.9369651162790698
clam,artifactbench__count_control_StableAudio,artifactbench,generator,MusicGen,MusicGen Large,860,30,0.9884108527131783
clam,artifactbench__count_control_StableAudio,artifactbench,generator,MusicGen,MusicGen Medium,860,30,0.9854263565891472
clam,artifactbench__count_control_StableAudio,artifactbench,generator,MusicGen,MusicGen Small,860,30,0.9940697674418605
clam,artifactbench__count_control_StableAudio,artifactbench,generator,Riffusion,Riffusion,860,100,0.877453488372093
clam,artifactbench__count_control_StableAudio,artifactbench,generator,Riffusion,Riffusion (AIME),860,30,0.946124031007752
clam,artifactbench__count_control_StableAudio,artifactbench,generator,StableAudio,Stable Audio v1,860,50,0.9415116279069768
clam,artifactbench__count_control_StableAudio,artifactbench,generator,StableAudio,Stable Audio v2,860,50,0.9526744186046511
clam,artifactbench__count_control_StableAudio,artifactbench,generator,Suno,Google Chirp v2 XXL,860,80,0.9974563953488372
clam,artifactbench__count_control_StableAudio,artifactbench,generator,Suno,Google Chirp v3,860,80,0.9982848837209303
clam,artifactbench__count_control_StableAudio,artifactbench,generator,Suno,Google Chirp v3.5,860,80,0.9957994186046512
clam,artifactbench__count_control_StableAudio,artifactbench,generator,Suno,Suno (mixed),860,80,0.8543313953488372
clam,artifactbench__count_control_StableAudio,artifactbench,generator,Suno,Suno v3,860,30,0.9528294573643411
clam,artifactbench__count_control_StableAudio,artifactbench,generator,Suno,Suno v3.5,860,29,0.9446672012830795
clam,artifactbench__count_control_StableAudio,artifactbench,generator,Suno,Suno v4,860,100,0.8083488372093023
clam,artifactbench__count_control_StableAudio,artifactbench,generator,Udio,Udio,860,100,0.8889186046511627
clam,artifactbench__count_control_StableAudio,artifactbench,generator,Udio,Udio (AIME),860,30,0.8920930232558139
clam,artifactbench__count_control_StableAudio,artifactbench,generator,Udio,Udio (SONICS 120s),860,80,0.9941715116279071
clam,artifactbench__count_control_StableAudio,artifactbench,generator,Udio,Udio (SONICS 30s),860,80,0.9831831395348837
clam,artifactbench__count_control_StableAudio,artifactbench,generator,Udio,Udio (mixed),860,80,0.9084738372093023
clam,artifactbench__count_control_StableAudio,artifactbench,generator,Udio,Udio CDN,860,18,0.8708656330749354
clam,artifactbench__count_control_StableAudio,artifactbench,generator,Udio,Udio CDN Latest,860,17,0.8369357045143638
clam,artifactbench__count_control_StableAudio,artifactbench,generator,Yue,Yue,860,100,0.9046279069767442
clam,artifactbench__without_DiffRhythm,artifactbench,family,DiffRhythm,DiffRhythm,860,100,0.88
clam,artifactbench__without_DiffRhythm,artifactbench,family,MusicGen,MusicGen,860,90,0.9882170542635658
clam,artifactbench__without_DiffRhythm,artifactbench,family,Riffusion,Riffusion,860,130,0.8612254025044723
clam,artifactbench__without_DiffRhythm,artifactbench,family,StableAudio,StableAudio,860,100,0.9373720930232559
clam,artifactbench__without_DiffRhythm,artifactbench,family,Suno,Suno,860,479,0.9206049424673496
clam,artifactbench__without_DiffRhythm,artifactbench,family,Udio,Udio,860,405,0.9207809359747345
clam,artifactbench__without_DiffRhythm,artifactbench,family,Yue,Yue,860,100,0.8998488372093023
clam,artifactbench__without_DiffRhythm,artifactbench,generator,DiffRhythm,DiffRhythm,860,100,0.88
clam,artifactbench__without_DiffRhythm,artifactbench,generator,MusicGen,MusicGen Large,860,30,0.9856589147286822
clam,artifactbench__without_DiffRhythm,artifactbench,generator,MusicGen,MusicGen Medium,860,30,0.9852325581395348
clam,artifactbench__without_DiffRhythm,artifactbench,generator,MusicGen,MusicGen Small,860,30,0.9937596899224806
clam,artifactbench__without_DiffRhythm,artifactbench,generator,Riffusion,Riffusion,860,100,0.8385
clam,artifactbench__without_DiffRhythm,artifactbench,generator,Riffusion,Riffusion (AIME),860,30,0.9369767441860465
clam,artifactbench__without_DiffRhythm,artifactbench,generator,StableAudio,Stable Audio v1,860,50,0.9233255813953488
clam,artifactbench__without_DiffRhythm,artifactbench,generator,StableAudio,Stable Audio v2,860,50,0.9514186046511628
clam,artifactbench__without_DiffRhythm,artifactbench,generator,Suno,Google Chirp v2 XXL,860,80,0.9982558139534884
clam,artifactbench__without_DiffRhythm,artifactbench,generator,Suno,Google Chirp v3,860,80,0.999156976744186
clam,artifactbench__without_DiffRhythm,artifactbench,generator,Suno,Google Chirp v3.5,860,80,0.9958866279069767
clam,artifactbench__without_DiffRhythm,artifactbench,generator,Suno,Suno (mixed),860,80,0.842921511627907
clam,artifactbench__without_DiffRhythm,artifactbench,generator,Suno,Suno v3,860,30,0.9565891472868217
clam,artifactbench__without_DiffRhythm,artifactbench,generator,Suno,Suno v3.5,860,29,0.9232157177225341
clam,artifactbench__without_DiffRhythm,artifactbench,generator,Suno,Suno v4,860,100,0.7860116279069768
clam,artifactbench__without_DiffRhythm,artifactbench,generator,Udio,Udio,860,100,0.8710697674418605
clam,artifactbench__without_DiffRhythm,artifactbench,generator,Udio,Udio (AIME),860,30,0.8908527131782946
clam,artifactbench__without_DiffRhythm,artifactbench,generator,Udio,Udio (SONICS 120s),860,80,0.993139534883721
clam,artifactbench__without_DiffRhythm,artifactbench,generator,Udio,Udio (SONICS 30s),860,80,0.9811627906976744
clam,artifactbench__without_DiffRhythm,artifactbench,generator,Udio,Udio (mixed),860,80,0.9022238372093023
clam,artifactbench__without_DiffRhythm,artifactbench,generator,Udio,Udio CDN,860,18,0.8321059431524548
clam,artifactbench__without_DiffRhythm,artifactbench,generator,Udio,Udio CDN Latest,860,17,0.8225718194254446
clam,artifactbench__without_DiffRhythm,artifactbench,generator,Yue,Yue,860,100,0.8998488372093023
clam,artifactbench__count_control_DiffRhythm,artifactbench,family,DiffRhythm,DiffRhythm,860,100,0.9366279069767441
clam,artifactbench__count_control_DiffRhythm,artifactbench,family,MusicGen,MusicGen,860,90,0.9878552971576228
clam,artifactbench__count_control_DiffRhythm,artifactbench,family,Riffusion,Riffusion,860,130,0.8711627906976744
clam,artifactbench__count_control_DiffRhythm,artifactbench,family,StableAudio,StableAudio,860,100,0.9341162790697675
clam,artifactbench__count_control_DiffRhythm,artifactbench,family,Suno,Suno,860,479,0.9257804534640968
clam,artifactbench__count_control_DiffRhythm,artifactbench,family,Udio,Udio,860,405,0.9185816824576514
clam,artifactbench__count_control_DiffRhythm,artifactbench,family,Yue,Yue,860,100,0.9106976744186046
clam,artifactbench__count_control_DiffRhythm,artifactbench,generator,DiffRhythm,DiffRhythm,860,100,0.9366279069767441
clam,artifactbench__count_control_DiffRhythm,artifactbench,generator,MusicGen,MusicGen Large,860,30,0.9812790697674418
clam,artifactbench__count_control_DiffRhythm,artifactbench,generator,MusicGen,MusicGen Medium,860,30,0.9882558139534884
clam,artifactbench__count_control_DiffRhythm,artifactbench,generator,MusicGen,MusicGen Small,860,30,0.994031007751938
clam,artifactbench__count_control_DiffRhythm,artifactbench,generator,Riffusion,Riffusion,860,100,0.8619651162790698
clam,artifactbench__count_control_DiffRhythm,artifactbench,generator,Riffusion,Riffusion (AIME),860,30,0.9018217054263566
clam,artifactbench__count_control_DiffRhythm,artifactbench,generator,StableAudio,Stable Audio v1,860,50,0.914767441860465
clam,artifactbench__count_control_DiffRhythm,artifactbench,generator,StableAudio,Stable Audio v2,860,50,0.9534651162790697
clam,artifactbench__count_control_DiffRhythm,artifactbench,generator,Suno,Google Chirp v2 XXL,860,80,0.9987209302325581
clam,artifactbench__count_control_DiffRhythm,artifactbench,generator,Suno,Google Chirp v3,860,80,0.9987936046511628
clam,artifactbench__count_control_DiffRhythm,artifactbench,generator,Suno,Google Chirp v3.5,860,80,0.9959447674418604
clam,artifactbench__count_control_DiffRhythm,artifactbench,generator,Suno,Suno (mixed),860,80,0.8434302325581394
clam,artifactbench__count_control_DiffRhythm,artifactbench,generator,Suno,Suno v3,860,30,0.9608527131782945
clam,artifactbench__count_control_DiffRhythm,artifactbench,generator,Suno,Suno v3.5,860,29,0.9243785084202085
clam,artifactbench__count_control_DiffRhythm,artifactbench,generator,Suno,Suno v4,860,100,0.8086511627906977
clam,artifactbench__count_control_DiffRhythm,artifactbench,generator,Udio,Udio,860,100,0.8796279069767442
clam,artifactbench__count_control_DiffRhythm,artifactbench,generator,Udio,Udio (AIME),860,30,0.8815891472868217
clam,artifactbench__count_control_DiffRhythm,artifactbench,generator,Udio,Udio (SONICS 120s),860,80,0.9948401162790698
clam,artifactbench__count_control_DiffRhythm,artifactbench,generator,Udio,Udio (SONICS 30s),860,80,0.9784593023255813
clam,artifactbench__count_control_DiffRhythm,artifactbench,generator,Udio,Udio (mixed),860,80,0.8957703488372093
clam,artifactbench__count_control_DiffRhythm,artifactbench,generator,Udio,Udio CDN,860,18,0.7978682170542636
clam,artifactbench__count_control_DiffRhythm,artifactbench,generator,Udio,Udio CDN Latest,860,17,0.8075239398084816
clam,artifactbench__count_control_DiffRhythm,artifactbench,generator,Yue,Yue,860,100,0.9106976744186046
clam,echoes__without_StableAudio,echoes,family,AceStep,AceStep,59,57,0.9967291109128754
clam,echoes__without_StableAudio,echoes,family,AudioLDM,AudioLDM,59,115,0.9997052321296979
clam,echoes__without_StableAudio,echoes,family,Brev,Brev,59,68,0.7248255234297108
clam,echoes__without_StableAudio,echoes,family,DiffRhythm,DiffRhythm,59,120,0.9323446327683615
clam,echoes__without_StableAudio,echoes,family,Mubert,Mubert,59,32,0.75
clam,echoes__without_StableAudio,echoes,family,Producer,Producer,59,68,0.9287138584247259
clam,echoes__without_StableAudio,echoes,family,SongGen,SongGen,59,111,0.9813712017101848
clam,echoes__without_StableAudio,echoes,family,StableAudio,StableAudio,59,35,0.7704600484261501
clam,echoes__without_StableAudio,echoes,family,Suno,Suno,59,68,0.7323030907278166
clam,echoes__without_StableAudio,echoes,family,Udio,Udio,59,68,0.9087736789631106
clam,echoes__without_StableAudio,echoes,generator,AceStep,acestep,59,57,0.9967291109128754
clam,echoes__without_StableAudio,echoes,generator,AudioLDM,audioldm,59,115,0.9997052321296979
clam,echoes__without_StableAudio,echoes,generator,Brev,brev,59,68,0.7248255234297108
clam,echoes__without_StableAudio,echoes,generator,DiffRhythm,diffrhythm,59,120,0.9323446327683615
clam,echoes__without_StableAudio,echoes,generator,Mubert,mubert,59,32,0.75
clam,echoes__without_StableAudio,echoes,generator,Producer,producer,59,68,0.9287138584247259
clam,echoes__without_StableAudio,echoes,generator,SongGen,songgen,59,111,0.9813712017101848
clam,echoes__without_StableAudio,echoes,generator,StableAudio,stableaudio,59,35,0.7704600484261501
clam,echoes__without_StableAudio,echoes,generator,Suno,suno,59,68,0.7323030907278166
clam,echoes__without_StableAudio,echoes,generator,Udio,udio,59,68,0.9087736789631106
clam,echoes__count_control_StableAudio,echoes,family,AceStep,AceStep,59,57,0.9866190900981266
clam,echoes__count_control_StableAudio,echoes,family,AudioLDM,AudioLDM,59,115,0.9936624907885041
clam,echoes__count_control_StableAudio,echoes,family,Brev,Brev,59,68,0.7016450648055832
clam,echoes__count_control_StableAudio,echoes,family,DiffRhythm,DiffRhythm,59,120,0.9254237288135594
clam,echoes__count_control_StableAudio,echoes,family,Mubert,Mubert,59,32,0.6938559322033897
clam,echoes__count_control_StableAudio,echoes,family,Producer,Producer,59,68,0.919740777666999
clam,echoes__count_control_StableAudio,echoes,family,SongGen,SongGen,59,111,0.9851885784089174
clam,echoes__count_control_StableAudio,echoes,family,StableAudio,StableAudio,59,35,0.7651331719128329
clam,echoes__count_control_StableAudio,echoes,family,Suno,Suno,59,68,0.6507976071784646
clam,echoes__count_control_StableAudio,echoes,family,Udio,Udio,59,68,0.8716350947158524
clam,echoes__count_control_StableAudio,echoes,generator,AceStep,acestep,59,57,0.9866190900981266
clam,echoes__count_control_StableAudio,echoes,generator,AudioLDM,audioldm,59,115,0.9936624907885041
clam,echoes__count_control_StableAudio,echoes,generator,Brev,brev,59,68,0.7016450648055832
clam,echoes__count_control_StableAudio,echoes,generator,DiffRhythm,diffrhythm,59,120,0.9254237288135594
clam,echoes__count_control_StableAudio,echoes,generator,Mubert,mubert,59,32,0.6938559322033897
clam,echoes__count_control_StableAudio,echoes,generator,Producer,producer,59,68,0.919740777666999
clam,echoes__count_control_StableAudio,echoes,generator,SongGen,songgen,59,111,0.9851885784089174
clam,echoes__count_control_StableAudio,echoes,generator,StableAudio,stableaudio,59,35,0.7651331719128329
clam,echoes__count_control_StableAudio,echoes,generator,Suno,suno,59,68,0.6507976071784646
clam,echoes__count_control_StableAudio,echoes,generator,Udio,udio,59,68,0.8716350947158524
clam,echoes__without_AudioLDM,echoes,family,AceStep,AceStep,59,57,0.9661016949152542
clam,echoes__without_AudioLDM,echoes,family,AudioLDM,AudioLDM,59,115,0.9886514369933677
clam,echoes__without_AudioLDM,echoes,family,Brev,Brev,59,68,0.7210867397806581
clam,echoes__without_AudioLDM,echoes,family,DiffRhythm,DiffRhythm,59,120,0.9224576271186441
clam,echoes__without_AudioLDM,echoes,family,Mubert,Mubert,59,32,0.638771186440678
clam,echoes__without_AudioLDM,echoes,family,Producer,Producer,59,68,0.9115154536390828
clam,echoes__without_AudioLDM,echoes,family,SongGen,SongGen,59,111,0.983508932661475
clam,echoes__without_AudioLDM,echoes,family,StableAudio,StableAudio,59,35,0.7835351089588377
clam,echoes__without_AudioLDM,echoes,family,Suno,Suno,59,68,0.7452642073778664
clam,echoes__without_AudioLDM,echoes,family,Udio,Udio,59,68,0.8713858424725823
clam,echoes__without_AudioLDM,echoes,generator,AceStep,acestep,59,57,0.9661016949152542
clam,echoes__without_AudioLDM,echoes,generator,AudioLDM,audioldm,59,115,0.9886514369933677
clam,echoes__without_AudioLDM,echoes,generator,Brev,brev,59,68,0.7210867397806581
clam,echoes__without_AudioLDM,echoes,generator,DiffRhythm,diffrhythm,59,120,0.9224576271186441
clam,echoes__without_AudioLDM,echoes,generator,Mubert,mubert,59,32,0.638771186440678
clam,echoes__without_AudioLDM,echoes,generator,Producer,producer,59,68,0.9115154536390828
clam,echoes__without_AudioLDM,echoes,generator,SongGen,songgen,59,111,0.983508932661475
clam,echoes__without_AudioLDM,echoes,generator,StableAudio,stableaudio,59,35,0.7835351089588377
clam,echoes__without_AudioLDM,echoes,generator,Suno,suno,59,68,0.7452642073778664
clam,echoes__without_AudioLDM,echoes,generator,Udio,udio,59,68,0.8713858424725823
clam,echoes__count_control_AudioLDM,echoes,family,AceStep,AceStep,59,57,0.9824561403508772
clam,echoes__count_control_AudioLDM,echoes,family,AudioLDM,AudioLDM,59,115,0.9921886514369933
clam,echoes__count_control_AudioLDM,echoes,family,Brev,Brev,59,68,0.7265702891326021
clam,echoes__count_control_AudioLDM,echoes,family,DiffRhythm,DiffRhythm,59,120,0.9346045197740113
clam,echoes__count_control_AudioLDM,echoes,family,Mubert,Mubert,59,32,0.6445974576271185
clam,echoes__count_control_AudioLDM,echoes,family,Producer,Producer,59,68,0.9142572283150548
clam,echoes__count_control_AudioLDM,echoes,family,SongGen,SongGen,59,111,0.9781646052832493
clam,echoes__count_control_AudioLDM,echoes,family,StableAudio,StableAudio,59,35,0.7438256658595642
clam,echoes__count_control_AudioLDM,echoes,family,Suno,Suno,59,68,0.7377866400797608
clam,echoes__count_control_AudioLDM,echoes,family,Udio,Udio,59,68,0.863160518444666
clam,echoes__count_control_AudioLDM,echoes,generator,AceStep,acestep,59,57,0.9824561403508772
clam,echoes__count_control_AudioLDM,echoes,generator,AudioLDM,audioldm,59,115,0.9921886514369933
clam,echoes__count_control_AudioLDM,echoes,generator,Brev,brev,59,68,0.7265702891326021
clam,echoes__count_control_AudioLDM,echoes,generator,DiffRhythm,diffrhythm,59,120,0.9346045197740113
clam,echoes__count_control_AudioLDM,echoes,generator,Mubert,mubert,59,32,0.6445974576271185
clam,echoes__count_control_AudioLDM,echoes,generator,Producer,producer,59,68,0.9142572283150548
clam,echoes__count_control_AudioLDM,echoes,generator,SongGen,songgen,59,111,0.9781646052832493
clam,echoes__count_control_AudioLDM,echoes,generator,StableAudio,stableaudio,59,35,0.7438256658595642
clam,echoes__count_control_AudioLDM,echoes,generator,Suno,suno,59,68,0.7377866400797608
clam,echoes__count_control_AudioLDM,echoes,generator,Udio,udio,59,68,0.863160518444666
clam,echoes__without_DiffRhythm,echoes,family,AceStep,AceStep,59,57,0.9943502824858756
clam,echoes__without_DiffRhythm,echoes,family,AudioLDM,AudioLDM,59,115,0.9963154016212232
clam,echoes__without_DiffRhythm,echoes,family,Brev,Brev,59,68,0.7557328015952145
clam,echoes__without_DiffRhythm,echoes,family,DiffRhythm,DiffRhythm,59,120,0.9182203389830508
clam,echoes__without_DiffRhythm,echoes,family,Mubert,Mubert,59,32,0.6636652542372882
clam,echoes__without_DiffRhythm,echoes,family,Producer,Producer,59,68,0.9327018943170489
clam,echoes__without_DiffRhythm,echoes,family,SongGen,SongGen,59,111,0.9882424797679036
clam,echoes__without_DiffRhythm,echoes,family,StableAudio,StableAudio,59,35,0.784503631961259
clam,echoes__without_DiffRhythm,echoes,family,Suno,Suno,59,68,0.7602193419740777
clam,echoes__without_DiffRhythm,echoes,family,Udio,Udio,59,68,0.8873379860418744
clam,echoes__without_DiffRhythm,echoes,generator,AceStep,acestep,59,57,0.9943502824858756
clam,echoes__without_DiffRhythm,echoes,generator,AudioLDM,audioldm,59,115,0.9963154016212232
clam,echoes__without_DiffRhythm,echoes,generator,Brev,brev,59,68,0.7557328015952145
clam,echoes__without_DiffRhythm,echoes,generator,DiffRhythm,diffrhythm,59,120,0.9182203389830508
clam,echoes__without_DiffRhythm,echoes,generator,Mubert,mubert,59,32,0.6636652542372882
clam,echoes__without_DiffRhythm,echoes,generator,Producer,producer,59,68,0.9327018943170489
clam,echoes__without_DiffRhythm,echoes,generator,SongGen,songgen,59,111,0.9882424797679036
clam,echoes__without_DiffRhythm,echoes,generator,StableAudio,stableaudio,59,35,0.784503631961259
clam,echoes__without_DiffRhythm,echoes,generator,Suno,suno,59,68,0.7602193419740777
clam,echoes__without_DiffRhythm,echoes,generator,Udio,udio,59,68,0.8873379860418744
clam,echoes__count_control_DiffRhythm,echoes,family,AceStep,AceStep,59,57,0.9931608682723758
clam,echoes__count_control_DiffRhythm,echoes,family,AudioLDM,AudioLDM,59,115,0.9971997052321296
clam,echoes__count_control_DiffRhythm,echoes,family,Brev,Brev,59,68,0.6959122632103689
clam,echoes__count_control_DiffRhythm,echoes,family,DiffRhythm,DiffRhythm,59,120,0.9124293785310735
clam,echoes__count_control_DiffRhythm,echoes,family,Mubert,Mubert,59,32,0.6747881355932205
clam,echoes__count_control_DiffRhythm,echoes,family,Producer,Producer,59,68,0.8998005982053838
clam,echoes__count_control_DiffRhythm,echoes,family,SongGen,SongGen,59,111,0.9732783631088716
clam,echoes__count_control_DiffRhythm,echoes,family,StableAudio,StableAudio,59,35,0.7806295399515739
clam,echoes__count_control_DiffRhythm,echoes,family,Suno,Suno,59,68,0.7126121635094717
clam,echoes__count_control_DiffRhythm,echoes,family,Udio,Udio,59,68,0.8639082751744767
clam,echoes__count_control_DiffRhythm,echoes,generator,AceStep,acestep,59,57,0.9931608682723758
clam,echoes__count_control_DiffRhythm,echoes,generator,AudioLDM,audioldm,59,115,0.9971997052321296
clam,echoes__count_control_DiffRhythm,echoes,generator,Brev,brev,59,68,0.6959122632103689
clam,echoes__count_control_DiffRhythm,echoes,generator,DiffRhythm,diffrhythm,59,120,0.9124293785310735
clam,echoes__count_control_DiffRhythm,echoes,generator,Mubert,mubert,59,32,0.6747881355932205
clam,echoes__count_control_DiffRhythm,echoes,generator,Producer,producer,59,68,0.8998005982053838
clam,echoes__count_control_DiffRhythm,echoes,generator,SongGen,songgen,59,111,0.9732783631088716
clam,echoes__count_control_DiffRhythm,echoes,generator,StableAudio,stableaudio,59,35,0.7806295399515739
clam,echoes__count_control_DiffRhythm,echoes,generator,Suno,suno,59,68,0.7126121635094717
clam,echoes__count_control_DiffRhythm,echoes,generator,Udio,udio,59,68,0.8639082751744767
clam,fakemusiccaps__without_StableAudio,fakemusiccaps,family,AudioLDM,AudioLDM,1102,1104,0.6416150477392882
clam,fakemusiccaps__without_StableAudio,fakemusiccaps,family,MusicGen,MusicGen,1102,1104,0.8664853428548883
clam,fakemusiccaps__without_StableAudio,fakemusiccaps,family,MusicLDM,MusicLDM,1102,1104,0.8599483153160261
clam,fakemusiccaps__without_StableAudio,fakemusiccaps,family,Mustango,Mustango,1102,1104,0.793445382571872
clam,fakemusiccaps__without_StableAudio,fakemusiccaps,family,StableAudio,StableAudio,1102,1104,0.7551544951208606
clam,fakemusiccaps__without_StableAudio,fakemusiccaps,generator,AudioLDM,audioldm2,1102,1104,0.6416150477392882
clam,fakemusiccaps__without_StableAudio,fakemusiccaps,generator,MusicGen,MusicGen_medium,1102,1104,0.8664853428548883
clam,fakemusiccaps__without_StableAudio,fakemusiccaps,generator,MusicLDM,musicldm,1102,1104,0.8599483153160261
clam,fakemusiccaps__without_StableAudio,fakemusiccaps,generator,Mustango,mustango,1102,1104,0.793445382571872
clam,fakemusiccaps__without_StableAudio,fakemusiccaps,generator,StableAudio,stable_audio_open,1102,1104,0.7551544951208606
clam,fakemusiccaps__count_control_StableAudio,fakemusiccaps,family,AudioLDM,AudioLDM,1102,1104,0.6445428601488729
clam,fakemusiccaps__count_control_StableAudio,fakemusiccaps,family,MusicGen,MusicGen,1102,1104,0.8805991740971619
clam,fakemusiccaps__count_control_StableAudio,fakemusiccaps,family,MusicLDM,MusicLDM,1102,1104,0.87925527367895
clam,fakemusiccaps__count_control_StableAudio,fakemusiccaps,family,Mustango,Mustango,1102,1104,0.8105223703937505
clam,fakemusiccaps__count_control_StableAudio,fakemusiccaps,family,StableAudio,StableAudio,1102,1104,0.8223495160314579
clam,fakemusiccaps__count_control_StableAudio,fakemusiccaps,generator,AudioLDM,audioldm2,1102,1104,0.6445428601488729
clam,fakemusiccaps__count_control_StableAudio,fakemusiccaps,generator,MusicGen,MusicGen_medium,1102,1104,0.8805991740971619
clam,fakemusiccaps__count_control_StableAudio,fakemusiccaps,generator,MusicLDM,musicldm,1102,1104,0.87925527367895
clam,fakemusiccaps__count_control_StableAudio,fakemusiccaps,generator,Mustango,mustango,1102,1104,0.8105223703937505
clam,fakemusiccaps__count_control_StableAudio,fakemusiccaps,generator,StableAudio,stable_audio_open,1102,1104,0.8223495160314579
clam,fakemusiccaps__without_AudioLDM,fakemusiccaps,family,AudioLDM,AudioLDM,1102,1104,0.6491869196980455
clam,fakemusiccaps__without_AudioLDM,fakemusiccaps,family,MusicGen,MusicGen,1102,1104,0.8671404429364264
clam,fakemusiccaps__without_AudioLDM,fakemusiccaps,family,MusicLDM,MusicLDM,1102,1104,0.8623599384518267
clam,fakemusiccaps__without_AudioLDM,fakemusiccaps,family,Mustango,Mustango,1102,1104,0.7725767050685184
clam,fakemusiccaps__without_AudioLDM,fakemusiccaps,family,StableAudio,StableAudio,1102,1104,0.7529886372603172
clam,fakemusiccaps__without_AudioLDM,fakemusiccaps,generator,AudioLDM,audioldm2,1102,1104,0.6491869196980455
clam,fakemusiccaps__without_AudioLDM,fakemusiccaps,generator,MusicGen,MusicGen_medium,1102,1104,0.8671404429364264
clam,fakemusiccaps__without_AudioLDM,fakemusiccaps,generator,MusicLDM,musicldm,1102,1104,0.8623599384518267
clam,fakemusiccaps__without_AudioLDM,fakemusiccaps,generator,Mustango,mustango,1102,1104,0.7725767050685184
clam,fakemusiccaps__without_AudioLDM,fakemusiccaps,generator,StableAudio,stable_audio_open,1102,1104,0.7529886372603172
clam,fakemusiccaps__count_control_AudioLDM,fakemusiccaps,family,AudioLDM,AudioLDM,1102,1104,0.6820882321996897
clam,fakemusiccaps__count_control_AudioLDM,fakemusiccaps,family,MusicGen,MusicGen,1102,1104,0.8680248691443753
clam,fakemusiccaps__count_control_AudioLDM,fakemusiccaps,family,MusicLDM,MusicLDM,1102,1104,0.8675982732318052
clam,fakemusiccaps__count_control_AudioLDM,fakemusiccaps,family,Mustango,Mustango,1102,1104,0.8210565769746704
clam,fakemusiccaps__count_control_AudioLDM,fakemusiccaps,family,StableAudio,StableAudio,1102,1104,0.7658078855309187
clam,fakemusiccaps__count_control_AudioLDM,fakemusiccaps,generator,AudioLDM,audioldm2,1102,1104,0.6820882321996897
clam,fakemusiccaps__count_control_AudioLDM,fakemusiccaps,generator,MusicGen,MusicGen_medium,1102,1104,0.8680248691443753
clam,fakemusiccaps__count_control_AudioLDM,fakemusiccaps,generator,MusicLDM,musicldm,1102,1104,0.8675982732318052
clam,fakemusiccaps__count_control_AudioLDM,fakemusiccaps,generator,Mustango,mustango,1102,1104,0.8210565769746704
clam,fakemusiccaps__count_control_AudioLDM,fakemusiccaps,generator,StableAudio,stable_audio_open,1102,1104,0.7658078855309187
clam,artifactbench__fmc_fit_only,artifactbench,family,DiffRhythm,DiffRhythm,860,100,0.8386627906976744
clam,artifactbench__fmc_fit_only,artifactbench,family,MusicGen,MusicGen,860,90,0.9846382428940569
clam,artifactbench__fmc_fit_only,artifactbench,family,Riffusion,Riffusion,860,130,0.6584257602862255
clam,artifactbench__fmc_fit_only,artifactbench,family,StableAudio,StableAudio,860,100,0.9277906976744186
clam,artifactbench__fmc_fit_only,artifactbench,family,Suno,Suno,860,479,0.7597756954896344
clam,artifactbench__fmc_fit_only,artifactbench,family,Udio,Udio,860,405,0.8105110536893482
clam,artifactbench__fmc_fit_only,artifactbench,family,Yue,Yue,860,100,0.7085581395348837
clam,artifactbench__fmc_fit_only,artifactbench,generator,DiffRhythm,DiffRhythm,860,100,0.8386627906976744
clam,artifactbench__fmc_fit_only,artifactbench,generator,MusicGen,MusicGen Large,860,30,0.9827519379844961
clam,artifactbench__fmc_fit_only,artifactbench,generator,MusicGen,MusicGen Medium,860,30,0.9813953488372094
clam,artifactbench__fmc_fit_only,artifactbench,generator,MusicGen,MusicGen Small,860,30,0.9897674418604652
clam,artifactbench__fmc_fit_only,artifactbench,generator,Riffusion,Riffusion,860,100,0.5901395348837208
clam,artifactbench__fmc_fit_only,artifactbench,generator,Riffusion,Riffusion (AIME),860,30,0.886046511627907
clam,artifactbench__fmc_fit_only,artifactbench,generator,StableAudio,Stable Audio v1,860,50,0.9264418604651162
clam,artifactbench__fmc_fit_only,artifactbench,generator,StableAudio,Stable Audio v2,860,50,0.9291395348837208
clam,artifactbench__fmc_fit_only,artifactbench,generator,Suno,Google Chirp v2 XXL,860,80,0.9526017441860465
clam,artifactbench__fmc_fit_only,artifactbench,generator,Suno,Google Chirp v3,860,80,0.9481831395348836
clam,artifactbench__fmc_fit_only,artifactbench,generator,Suno,Google Chirp v3.5,860,80,0.9038953488372092
clam,artifactbench__fmc_fit_only,artifactbench,generator,Suno,Suno (mixed),860,80,0.4746075581395348
clam,artifactbench__fmc_fit_only,artifactbench,generator,Suno,Suno v3,860,30,0.9323255813953488
clam,artifactbench__fmc_fit_only,artifactbench,generator,Suno,Suno v3.5,860,29,0.9020048115477146
clam,artifactbench__fmc_fit_only,artifactbench,generator,Suno,Suno v4,860,100,0.47461627906976744
clam,artifactbench__fmc_fit_only,artifactbench,generator,Udio,Udio,860,100,0.7628372093023256
clam,artifactbench__fmc_fit_only,artifactbench,generator,Udio,Udio (AIME),860,30,0.8882558139534884
clam,artifactbench__fmc_fit_only,artifactbench,generator,Udio,Udio (SONICS 120s),860,80,0.8912499999999999
clam,artifactbench__fmc_fit_only,artifactbench,generator,Udio,Udio (SONICS 30s),860,80,0.9557267441860465
clam,artifactbench__fmc_fit_only,artifactbench,generator,Udio,Udio (mixed),860,80,0.681671511627907
clam,artifactbench__fmc_fit_only,artifactbench,generator,Udio,Udio CDN,860,18,0.7080749354005167
clam,artifactbench__fmc_fit_only,artifactbench,generator,Udio,Udio CDN Latest,860,17,0.6051983584131326
clam,artifactbench__fmc_fit_only,artifactbench,generator,Yue,Yue,860,100,0.7085581395348837
musicdet,artifactbench__base,artifactbench,family,DiffRhythm,DiffRhythm,860,100,0.7227151162790698
musicdet,artifactbench__base,artifactbench,family,MusicGen,MusicGen,860,90,0.6572480620155038
musicdet,artifactbench__base,artifactbench,family,Riffusion,Riffusion,860,130,0.88
musicdet,artifactbench__base,artifactbench,family,StableAudio,StableAudio,860,100,0.6860872093023255
musicdet,artifactbench__base,artifactbench,family,Suno,Suno,860,479,0.7606933048502209
musicdet,artifactbench__base,artifactbench,family,Udio,Udio,860,405,0.7122853861613552
musicdet,artifactbench__base,artifactbench,family,Yue,Yue,860,100,0.4584651162790698
musicdet,artifactbench__base,artifactbench,generator,DiffRhythm,DiffRhythm,860,100,0.7227151162790698
musicdet,artifactbench__base,artifactbench,generator,MusicGen,MusicGen Large,860,30,0.6116279069767442
musicdet,artifactbench__base,artifactbench,generator,MusicGen,MusicGen Medium,860,30,0.7349999999999999
musicdet,artifactbench__base,artifactbench,generator,MusicGen,MusicGen Small,860,30,0.6251162790697674
musicdet,artifactbench__base,artifactbench,generator,Riffusion,Riffusion,860,100,0.8811279069767443
musicdet,artifactbench__base,artifactbench,generator,Riffusion,Riffusion (AIME),860,30,0.8762403100775195
musicdet,artifactbench__base,artifactbench,generator,StableAudio,Stable Audio v1,860,50,0.7017209302325581
musicdet,artifactbench__base,artifactbench,generator,StableAudio,Stable Audio v2,860,50,0.6704534883720931
musicdet,artifactbench__base,artifactbench,generator,Suno,Google Chirp v2 XXL,860,80,0.9426598837209302
musicdet,artifactbench__base,artifactbench,generator,Suno,Google Chirp v3,860,80,0.9159302325581395
musicdet,artifactbench__base,artifactbench,generator,Suno,Google Chirp v3.5,860,80,0.923561046511628
musicdet,artifactbench__base,artifactbench,generator,Suno,Suno (mixed),860,80,0.5607994186046512
musicdet,artifactbench__base,artifactbench,generator,Suno,Suno v3,860,30,0.54984496124031
musicdet,artifactbench__base,artifactbench,generator,Suno,Suno v3.5,860,29,0.5234562951082599
musicdet,artifactbench__base,artifactbench,generator,Suno,Suno v4,860,100,0.6526046511627908
musicdet,artifactbench__base,artifactbench,generator,Udio,Udio,860,100,0.4490232558139535
musicdet,artifactbench__base,artifactbench,generator,Udio,Udio (AIME),860,30,0.5274031007751938
musicdet,artifactbench__base,artifactbench,generator,Udio,Udio (SONICS 120s),860,80,0.9544912790697675
musicdet,artifactbench__base,artifactbench,generator,Udio,Udio (SONICS 30s),860,80,0.917485465116279
musicdet,artifactbench__base,artifactbench,generator,Udio,Udio (mixed),860,80,0.6986046511627908
musicdet,artifactbench__base,artifactbench,generator,Udio,Udio CDN,860,18,0.6214470284237726
musicdet,artifactbench__base,artifactbench,generator,Udio,Udio CDN Latest,860,17,0.6422708618331053
musicdet,artifactbench__base,artifactbench,generator,Yue,Yue,860,100,0.4584651162790698
musicdet,echoes__base,echoes,family,AceStep,AceStep,59,57,0.38834374070770145
musicdet,echoes__base,echoes,family,AudioLDM,AudioLDM,59,115,0.7347089167280767
musicdet,echoes__base,echoes,family,Brev,Brev,59,68,0.584247258225324
musicdet,echoes__base,echoes,family,DiffRhythm,DiffRhythm,59,120,0.6364406779661017
musicdet,echoes__base,echoes,family,Mubert,Mubert,59,32,0.659427966101695
musicdet,echoes__base,echoes,family,Producer,Producer,59,68,0.6373379860418743
musicdet,echoes__base,echoes,family,SongGen,SongGen,59,111,0.8720415330584821
musicdet,echoes__base,echoes,family,StableAudio,StableAudio,59,35,0.5927360774818402
musicdet,echoes__base,echoes,family,Suno,Suno,59,68,0.5917248255234298
musicdet,echoes__base,echoes,family,Udio,Udio,59,68,0.6291126620139581
musicdet,echoes__base,echoes,generator,AceStep,acestep,59,57,0.38834374070770145
musicdet,echoes__base,echoes,generator,AudioLDM,audioldm,59,115,0.7347089167280767
musicdet,echoes__base,echoes,generator,Brev,brev,59,68,0.584247258225324
musicdet,echoes__base,echoes,generator,DiffRhythm,diffrhythm,59,120,0.6364406779661017
musicdet,echoes__base,echoes,generator,Mubert,mubert,59,32,0.659427966101695
musicdet,echoes__base,echoes,generator,Producer,producer,59,68,0.6373379860418743
musicdet,echoes__base,echoes,generator,SongGen,songgen,59,111,0.8720415330584821
musicdet,echoes__base,echoes,generator,StableAudio,stableaudio,59,35,0.5927360774818402
musicdet,echoes__base,echoes,generator,Suno,suno,59,68,0.5917248255234298
musicdet,echoes__base,echoes,generator,Udio,udio,59,68,0.6291126620139581
musicdet,fakemusiccaps__base,fakemusiccaps,family,AudioLDM,AudioLDM,1102,1104,0.5133255740550777
musicdet,fakemusiccaps__base,fakemusiccaps,family,MusicGen,MusicGen,1102,1104,0.5809011612614745
musicdet,fakemusiccaps__base,fakemusiccaps,family,MusicLDM,MusicLDM,1102,1104,0.4504326783976433
musicdet,fakemusiccaps__base,fakemusiccaps,family,Mustango,Mustango,1102,1104,0.46304191654172916
musicdet,fakemusiccaps__base,fakemusiccaps,family,StableAudio,StableAudio,1102,1104,0.6404429364265235
musicdet,fakemusiccaps__base,fakemusiccaps,generator,AudioLDM,audioldm2,1102,1104,0.5133255740550777
musicdet,fakemusiccaps__base,fakemusiccaps,generator,MusicGen,MusicGen_medium,1102,1104,0.5809011612614745
musicdet,fakemusiccaps__base,fakemusiccaps,generator,MusicLDM,musicldm,1102,1104,0.4504326783976433
musicdet,fakemusiccaps__base,fakemusiccaps,generator,Mustango,mustango,1102,1104,0.46304191654172916
musicdet,fakemusiccaps__base,fakemusiccaps,generator,StableAudio,stable_audio_open,1102,1104,0.6404429364265235
musicdet,artifactbench__without_Suno,artifactbench,family,DiffRhythm,DiffRhythm,860,100,0.7227151162790698
musicdet,artifactbench__without_Suno,artifactbench,family,MusicGen,MusicGen,860,90,0.6572480620155038
musicdet,artifactbench__without_Suno,artifactbench,family,Riffusion,Riffusion,860,130,0.88
musicdet,artifactbench__without_Suno,artifactbench,family,StableAudio,StableAudio,860,100,0.6860872093023255
musicdet,artifactbench__without_Suno,artifactbench,family,Suno,Suno,860,479,0.7606933048502209
musicdet,artifactbench__without_Suno,artifactbench,family,Udio,Udio,860,405,0.7122853861613552
musicdet,artifactbench__without_Suno,artifactbench,family,Yue,Yue,860,100,0.4584651162790698
musicdet,artifactbench__without_Suno,artifactbench,generator,DiffRhythm,DiffRhythm,860,100,0.7227151162790698
musicdet,artifactbench__without_Suno,artifactbench,generator,MusicGen,MusicGen Large,860,30,0.6116279069767442
musicdet,artifactbench__without_Suno,artifactbench,generator,MusicGen,MusicGen Medium,860,30,0.7349999999999999
musicdet,artifactbench__without_Suno,artifactbench,generator,MusicGen,MusicGen Small,860,30,0.6251162790697674
musicdet,artifactbench__without_Suno,artifactbench,generator,Riffusion,Riffusion,860,100,0.8811279069767443
musicdet,artifactbench__without_Suno,artifactbench,generator,Riffusion,Riffusion (AIME),860,30,0.8762403100775195
musicdet,artifactbench__without_Suno,artifactbench,generator,StableAudio,Stable Audio v1,860,50,0.7017209302325581
musicdet,artifactbench__without_Suno,artifactbench,generator,StableAudio,Stable Audio v2,860,50,0.6704534883720931
musicdet,artifactbench__without_Suno,artifactbench,generator,Suno,Google Chirp v2 XXL,860,80,0.9426598837209302
musicdet,artifactbench__without_Suno,artifactbench,generator,Suno,Google Chirp v3,860,80,0.9159302325581395
musicdet,artifactbench__without_Suno,artifactbench,generator,Suno,Google Chirp v3.5,860,80,0.923561046511628
musicdet,artifactbench__without_Suno,artifactbench,generator,Suno,Suno (mixed),860,80,0.5607994186046512
musicdet,artifactbench__without_Suno,artifactbench,generator,Suno,Suno v3,860,30,0.54984496124031
musicdet,artifactbench__without_Suno,artifactbench,generator,Suno,Suno v3.5,860,29,0.5234562951082599
musicdet,artifactbench__without_Suno,artifactbench,generator,Suno,Suno v4,860,100,0.6526046511627908
musicdet,artifactbench__without_Suno,artifactbench,generator,Udio,Udio,860,100,0.4490232558139535
musicdet,artifactbench__without_Suno,artifactbench,generator,Udio,Udio (AIME),860,30,0.5274031007751938
musicdet,artifactbench__without_Suno,artifactbench,generator,Udio,Udio (SONICS 120s),860,80,0.9544912790697675
musicdet,artifactbench__without_Suno,artifactbench,generator,Udio,Udio (SONICS 30s),860,80,0.917485465116279
musicdet,artifactbench__without_Suno,artifactbench,generator,Udio,Udio (mixed),860,80,0.6986046511627908
musicdet,artifactbench__without_Suno,artifactbench,generator,Udio,Udio CDN,860,18,0.6214470284237726
musicdet,artifactbench__without_Suno,artifactbench,generator,Udio,Udio CDN Latest,860,17,0.6422708618331053
musicdet,artifactbench__without_Suno,artifactbench,generator,Yue,Yue,860,100,0.4584651162790698
musicdet,artifactbench__count_control_Suno,artifactbench,family,DiffRhythm,DiffRhythm,860,100,0.7227151162790698
musicdet,artifactbench__count_control_Suno,artifactbench,family,MusicGen,MusicGen,860,90,0.6572480620155038
musicdet,artifactbench__count_control_Suno,artifactbench,family,Riffusion,Riffusion,860,130,0.88
musicdet,artifactbench__count_control_Suno,artifactbench,family,StableAudio,StableAudio,860,100,0.6860872093023255
musicdet,artifactbench__count_control_Suno,artifactbench,family,Suno,Suno,860,479,0.7606933048502209
musicdet,artifactbench__count_control_Suno,artifactbench,family,Udio,Udio,860,405,0.7122853861613552
musicdet,artifactbench__count_control_Suno,artifactbench,family,Yue,Yue,860,100,0.4584651162790698
musicdet,artifactbench__count_control_Suno,artifactbench,generator,DiffRhythm,DiffRhythm,860,100,0.7227151162790698
musicdet,artifactbench__count_control_Suno,artifactbench,generator,MusicGen,MusicGen Large,860,30,0.6116279069767442
musicdet,artifactbench__count_control_Suno,artifactbench,generator,MusicGen,MusicGen Medium,860,30,0.7349999999999999
musicdet,artifactbench__count_control_Suno,artifactbench,generator,MusicGen,MusicGen Small,860,30,0.6251162790697674
musicdet,artifactbench__count_control_Suno,artifactbench,generator,Riffusion,Riffusion,860,100,0.8811279069767443
musicdet,artifactbench__count_control_Suno,artifactbench,generator,Riffusion,Riffusion (AIME),860,30,0.8762403100775195
musicdet,artifactbench__count_control_Suno,artifactbench,generator,StableAudio,Stable Audio v1,860,50,0.7017209302325581
musicdet,artifactbench__count_control_Suno,artifactbench,generator,StableAudio,Stable Audio v2,860,50,0.6704534883720931
musicdet,artifactbench__count_control_Suno,artifactbench,generator,Suno,Google Chirp v2 XXL,860,80,0.9426598837209302
musicdet,artifactbench__count_control_Suno,artifactbench,generator,Suno,Google Chirp v3,860,80,0.9159302325581395
musicdet,artifactbench__count_control_Suno,artifactbench,generator,Suno,Google Chirp v3.5,860,80,0.923561046511628
musicdet,artifactbench__count_control_Suno,artifactbench,generator,Suno,Suno (mixed),860,80,0.5607994186046512
musicdet,artifactbench__count_control_Suno,artifactbench,generator,Suno,Suno v3,860,30,0.54984496124031
musicdet,artifactbench__count_control_Suno,artifactbench,generator,Suno,Suno v3.5,860,29,0.5234562951082599
musicdet,artifactbench__count_control_Suno,artifactbench,generator,Suno,Suno v4,860,100,0.6526046511627908
musicdet,artifactbench__count_control_Suno,artifactbench,generator,Udio,Udio,860,100,0.4490232558139535
musicdet,artifactbench__count_control_Suno,artifactbench,generator,Udio,Udio (AIME),860,30,0.5274031007751938
musicdet,artifactbench__count_control_Suno,artifactbench,generator,Udio,Udio (SONICS 120s),860,80,0.9544912790697675
musicdet,artifactbench__count_control_Suno,artifactbench,generator,Udio,Udio (SONICS 30s),860,80,0.917485465116279
musicdet,artifactbench__count_control_Suno,artifactbench,generator,Udio,Udio (mixed),860,80,0.6986046511627908
musicdet,artifactbench__count_control_Suno,artifactbench,generator,Udio,Udio CDN,860,18,0.6214470284237726
musicdet,artifactbench__count_control_Suno,artifactbench,generator,Udio,Udio CDN Latest,860,17,0.6422708618331053
musicdet,artifactbench__count_control_Suno,artifactbench,generator,Yue,Yue,860,100,0.4584651162790698
musicdet,artifactbench__without_Udio,artifactbench,family,DiffRhythm,DiffRhythm,860,100,0.7227151162790698
musicdet,artifactbench__without_Udio,artifactbench,family,MusicGen,MusicGen,860,90,0.6572480620155038
musicdet,artifactbench__without_Udio,artifactbench,family,Riffusion,Riffusion,860,130,0.88
musicdet,artifactbench__without_Udio,artifactbench,family,StableAudio,StableAudio,860,100,0.6860872093023255
musicdet,artifactbench__without_Udio,artifactbench,family,Suno,Suno,860,479,0.7606933048502209
musicdet,artifactbench__without_Udio,artifactbench,family,Udio,Udio,860,405,0.7122853861613552
musicdet,artifactbench__without_Udio,artifactbench,family,Yue,Yue,860,100,0.4584651162790698
musicdet,artifactbench__without_Udio,artifactbench,generator,DiffRhythm,DiffRhythm,860,100,0.7227151162790698
musicdet,artifactbench__without_Udio,artifactbench,generator,MusicGen,MusicGen Large,860,30,0.6116279069767442
musicdet,artifactbench__without_Udio,artifactbench,generator,MusicGen,MusicGen Medium,860,30,0.7349999999999999
musicdet,artifactbench__without_Udio,artifactbench,generator,MusicGen,MusicGen Small,860,30,0.6251162790697674
musicdet,artifactbench__without_Udio,artifactbench,generator,Riffusion,Riffusion,860,100,0.8811279069767443
musicdet,artifactbench__without_Udio,artifactbench,generator,Riffusion,Riffusion (AIME),860,30,0.8762403100775195
musicdet,artifactbench__without_Udio,artifactbench,generator,StableAudio,Stable Audio v1,860,50,0.7017209302325581
musicdet,artifactbench__without_Udio,artifactbench,generator,StableAudio,Stable Audio v2,860,50,0.6704534883720931
musicdet,artifactbench__without_Udio,artifactbench,generator,Suno,Google Chirp v2 XXL,860,80,0.9426598837209302
musicdet,artifactbench__without_Udio,artifactbench,generator,Suno,Google Chirp v3,860,80,0.9159302325581395
musicdet,artifactbench__without_Udio,artifactbench,generator,Suno,Google Chirp v3.5,860,80,0.923561046511628
musicdet,artifactbench__without_Udio,artifactbench,generator,Suno,Suno (mixed),860,80,0.5607994186046512
musicdet,artifactbench__without_Udio,artifactbench,generator,Suno,Suno v3,860,30,0.54984496124031
musicdet,artifactbench__without_Udio,artifactbench,generator,Suno,Suno v3.5,860,29,0.5234562951082599
musicdet,artifactbench__without_Udio,artifactbench,generator,Suno,Suno v4,860,100,0.6526046511627908
musicdet,artifactbench__without_Udio,artifactbench,generator,Udio,Udio,860,100,0.4490232558139535
musicdet,artifactbench__without_Udio,artifactbench,generator,Udio,Udio (AIME),860,30,0.5274031007751938
musicdet,artifactbench__without_Udio,artifactbench,generator,Udio,Udio (SONICS 120s),860,80,0.9544912790697675
musicdet,artifactbench__without_Udio,artifactbench,generator,Udio,Udio (SONICS 30s),860,80,0.917485465116279
musicdet,artifactbench__without_Udio,artifactbench,generator,Udio,Udio (mixed),860,80,0.6986046511627908
musicdet,artifactbench__without_Udio,artifactbench,generator,Udio,Udio CDN,860,18,0.6214470284237726
musicdet,artifactbench__without_Udio,artifactbench,generator,Udio,Udio CDN Latest,860,17,0.6422708618331053
musicdet,artifactbench__without_Udio,artifactbench,generator,Yue,Yue,860,100,0.4584651162790698
musicdet,artifactbench__count_control_Udio,artifactbench,family,DiffRhythm,DiffRhythm,860,100,0.7227151162790698
musicdet,artifactbench__count_control_Udio,artifactbench,family,MusicGen,MusicGen,860,90,0.6572480620155038
musicdet,artifactbench__count_control_Udio,artifactbench,family,Riffusion,Riffusion,860,130,0.88
musicdet,artifactbench__count_control_Udio,artifactbench,family,StableAudio,StableAudio,860,100,0.6860872093023255
musicdet,artifactbench__count_control_Udio,artifactbench,family,Suno,Suno,860,479,0.7606933048502209
musicdet,artifactbench__count_control_Udio,artifactbench,family,Udio,Udio,860,405,0.7122853861613552
musicdet,artifactbench__count_control_Udio,artifactbench,family,Yue,Yue,860,100,0.4584651162790698
musicdet,artifactbench__count_control_Udio,artifactbench,generator,DiffRhythm,DiffRhythm,860,100,0.7227151162790698
musicdet,artifactbench__count_control_Udio,artifactbench,generator,MusicGen,MusicGen Large,860,30,0.6116279069767442
musicdet,artifactbench__count_control_Udio,artifactbench,generator,MusicGen,MusicGen Medium,860,30,0.7349999999999999
musicdet,artifactbench__count_control_Udio,artifactbench,generator,MusicGen,MusicGen Small,860,30,0.6251162790697674
musicdet,artifactbench__count_control_Udio,artifactbench,generator,Riffusion,Riffusion,860,100,0.8811279069767443
musicdet,artifactbench__count_control_Udio,artifactbench,generator,Riffusion,Riffusion (AIME),860,30,0.8762403100775195
musicdet,artifactbench__count_control_Udio,artifactbench,generator,StableAudio,Stable Audio v1,860,50,0.7017209302325581
musicdet,artifactbench__count_control_Udio,artifactbench,generator,StableAudio,Stable Audio v2,860,50,0.6704534883720931
musicdet,artifactbench__count_control_Udio,artifactbench,generator,Suno,Google Chirp v2 XXL,860,80,0.9426598837209302
musicdet,artifactbench__count_control_Udio,artifactbench,generator,Suno,Google Chirp v3,860,80,0.9159302325581395
musicdet,artifactbench__count_control_Udio,artifactbench,generator,Suno,Google Chirp v3.5,860,80,0.923561046511628
musicdet,artifactbench__count_control_Udio,artifactbench,generator,Suno,Suno (mixed),860,80,0.5607994186046512
musicdet,artifactbench__count_control_Udio,artifactbench,generator,Suno,Suno v3,860,30,0.54984496124031
musicdet,artifactbench__count_control_Udio,artifactbench,generator,Suno,Suno v3.5,860,29,0.5234562951082599
musicdet,artifactbench__count_control_Udio,artifactbench,generator,Suno,Suno v4,860,100,0.6526046511627908
musicdet,artifactbench__count_control_Udio,artifactbench,generator,Udio,Udio,860,100,0.4490232558139535
musicdet,artifactbench__count_control_Udio,artifactbench,generator,Udio,Udio (AIME),860,30,0.5274031007751938
musicdet,artifactbench__count_control_Udio,artifactbench,generator,Udio,Udio (SONICS 120s),860,80,0.9544912790697675
musicdet,artifactbench__count_control_Udio,artifactbench,generator,Udio,Udio (SONICS 30s),860,80,0.917485465116279
musicdet,artifactbench__count_control_Udio,artifactbench,generator,Udio,Udio (mixed),860,80,0.6986046511627908
musicdet,artifactbench__count_control_Udio,artifactbench,generator,Udio,Udio CDN,860,18,0.6214470284237726
musicdet,artifactbench__count_control_Udio,artifactbench,generator,Udio,Udio CDN Latest,860,17,0.6422708618331053
musicdet,artifactbench__count_control_Udio,artifactbench,generator,Yue,Yue,860,100,0.4584651162790698
musicdet,artifactbench__without_MusicGen,artifactbench,family,DiffRhythm,DiffRhythm,860,100,0.7227151162790698
musicdet,artifactbench__without_MusicGen,artifactbench,family,MusicGen,MusicGen,860,90,0.6572480620155038
musicdet,artifactbench__without_MusicGen,artifactbench,family,Riffusion,Riffusion,860,130,0.88
musicdet,artifactbench__without_MusicGen,artifactbench,family,StableAudio,StableAudio,860,100,0.6860872093023255
musicdet,artifactbench__without_MusicGen,artifactbench,family,Suno,Suno,860,479,0.7606933048502209
musicdet,artifactbench__without_MusicGen,artifactbench,family,Udio,Udio,860,405,0.7122853861613552
musicdet,artifactbench__without_MusicGen,artifactbench,family,Yue,Yue,860,100,0.4584651162790698
musicdet,artifactbench__without_MusicGen,artifactbench,generator,DiffRhythm,DiffRhythm,860,100,0.7227151162790698
musicdet,artifactbench__without_MusicGen,artifactbench,generator,MusicGen,MusicGen Large,860,30,0.6116279069767442
musicdet,artifactbench__without_MusicGen,artifactbench,generator,MusicGen,MusicGen Medium,860,30,0.7349999999999999
musicdet,artifactbench__without_MusicGen,artifactbench,generator,MusicGen,MusicGen Small,860,30,0.6251162790697674
musicdet,artifactbench__without_MusicGen,artifactbench,generator,Riffusion,Riffusion,860,100,0.8811279069767443
musicdet,artifactbench__without_MusicGen,artifactbench,generator,Riffusion,Riffusion (AIME),860,30,0.8762403100775195
musicdet,artifactbench__without_MusicGen,artifactbench,generator,StableAudio,Stable Audio v1,860,50,0.7017209302325581
musicdet,artifactbench__without_MusicGen,artifactbench,generator,StableAudio,Stable Audio v2,860,50,0.6704534883720931
musicdet,artifactbench__without_MusicGen,artifactbench,generator,Suno,Google Chirp v2 XXL,860,80,0.9426598837209302
musicdet,artifactbench__without_MusicGen,artifactbench,generator,Suno,Google Chirp v3,860,80,0.9159302325581395
musicdet,artifactbench__without_MusicGen,artifactbench,generator,Suno,Google Chirp v3.5,860,80,0.923561046511628
musicdet,artifactbench__without_MusicGen,artifactbench,generator,Suno,Suno (mixed),860,80,0.5607994186046512
musicdet,artifactbench__without_MusicGen,artifactbench,generator,Suno,Suno v3,860,30,0.54984496124031
musicdet,artifactbench__without_MusicGen,artifactbench,generator,Suno,Suno v3.5,860,29,0.5234562951082599
musicdet,artifactbench__without_MusicGen,artifactbench,generator,Suno,Suno v4,860,100,0.6526046511627908
musicdet,artifactbench__without_MusicGen,artifactbench,generator,Udio,Udio,860,100,0.4490232558139535
musicdet,artifactbench__without_MusicGen,artifactbench,generator,Udio,Udio (AIME),860,30,0.5274031007751938
musicdet,artifactbench__without_MusicGen,artifactbench,generator,Udio,Udio (SONICS 120s),860,80,0.9544912790697675
musicdet,artifactbench__without_MusicGen,artifactbench,generator,Udio,Udio (SONICS 30s),860,80,0.917485465116279
musicdet,artifactbench__without_MusicGen,artifactbench,generator,Udio,Udio (mixed),860,80,0.6986046511627908
musicdet,artifactbench__without_MusicGen,artifactbench,generator,Udio,Udio CDN,860,18,0.6214470284237726
musicdet,artifactbench__without_MusicGen,artifactbench,generator,Udio,Udio CDN Latest,860,17,0.6422708618331053
musicdet,artifactbench__without_MusicGen,artifactbench,generator,Yue,Yue,860,100,0.4584651162790698
musicdet,artifactbench__count_control_MusicGen,artifactbench,family,DiffRhythm,DiffRhythm,860,100,0.7227151162790698
musicdet,artifactbench__count_control_MusicGen,artifactbench,family,MusicGen,MusicGen,860,90,0.6572480620155038
musicdet,artifactbench__count_control_MusicGen,artifactbench,family,Riffusion,Riffusion,860,130,0.88
musicdet,artifactbench__count_control_MusicGen,artifactbench,family,StableAudio,StableAudio,860,100,0.6860872093023255
musicdet,artifactbench__count_control_MusicGen,artifactbench,family,Suno,Suno,860,479,0.7606933048502209
musicdet,artifactbench__count_control_MusicGen,artifactbench,family,Udio,Udio,860,405,0.7122853861613552
musicdet,artifactbench__count_control_MusicGen,artifactbench,family,Yue,Yue,860,100,0.4584651162790698
musicdet,artifactbench__count_control_MusicGen,artifactbench,generator,DiffRhythm,DiffRhythm,860,100,0.7227151162790698
musicdet,artifactbench__count_control_MusicGen,artifactbench,generator,MusicGen,MusicGen Large,860,30,0.6116279069767442
musicdet,artifactbench__count_control_MusicGen,artifactbench,generator,MusicGen,MusicGen Medium,860,30,0.7349999999999999
musicdet,artifactbench__count_control_MusicGen,artifactbench,generator,MusicGen,MusicGen Small,860,30,0.6251162790697674
musicdet,artifactbench__count_control_MusicGen,artifactbench,generator,Riffusion,Riffusion,860,100,0.8811279069767443
musicdet,artifactbench__count_control_MusicGen,artifactbench,generator,Riffusion,Riffusion (AIME),860,30,0.8762403100775195
musicdet,artifactbench__count_control_MusicGen,artifactbench,generator,StableAudio,Stable Audio v1,860,50,0.7017209302325581
musicdet,artifactbench__count_control_MusicGen,artifactbench,generator,StableAudio,Stable Audio v2,860,50,0.6704534883720931
musicdet,artifactbench__count_control_MusicGen,artifactbench,generator,Suno,Google Chirp v2 XXL,860,80,0.9426598837209302
musicdet,artifactbench__count_control_MusicGen,artifactbench,generator,Suno,Google Chirp v3,860,80,0.9159302325581395
musicdet,artifactbench__count_control_MusicGen,artifactbench,generator,Suno,Google Chirp v3.5,860,80,0.923561046511628
musicdet,artifactbench__count_control_MusicGen,artifactbench,generator,Suno,Suno (mixed),860,80,0.5607994186046512
musicdet,artifactbench__count_control_MusicGen,artifactbench,generator,Suno,Suno v3,860,30,0.54984496124031
musicdet,artifactbench__count_control_MusicGen,artifactbench,generator,Suno,Suno v3.5,860,29,0.5234562951082599
musicdet,artifactbench__count_control_MusicGen,artifactbench,generator,Suno,Suno v4,860,100,0.6526046511627908
musicdet,artifactbench__count_control_MusicGen,artifactbench,generator,Udio,Udio,860,100,0.4490232558139535
musicdet,artifactbench__count_control_MusicGen,artifactbench,generator,Udio,Udio (AIME),860,30,0.5274031007751938
musicdet,artifactbench__count_control_MusicGen,artifactbench,generator,Udio,Udio (SONICS 120s),860,80,0.9544912790697675
musicdet,artifactbench__count_control_MusicGen,artifactbench,generator,Udio,Udio (SONICS 30s),860,80,0.917485465116279
musicdet,artifactbench__count_control_MusicGen,artifactbench,generator,Udio,Udio (mixed),860,80,0.6986046511627908
musicdet,artifactbench__count_control_MusicGen,artifactbench,generator,Udio,Udio CDN,860,18,0.6214470284237726
musicdet,artifactbench__count_control_MusicGen,artifactbench,generator,Udio,Udio CDN Latest,860,17,0.6422708618331053
musicdet,artifactbench__count_control_MusicGen,artifactbench,generator,Yue,Yue,860,100,0.4584651162790698
musicdet,echoes__without_Suno,echoes,family,AceStep,AceStep,59,57,0.38834374070770145
musicdet,echoes__without_Suno,echoes,family,AudioLDM,AudioLDM,59,115,0.7347089167280767
musicdet,echoes__without_Suno,echoes,family,Brev,Brev,59,68,0.584247258225324
musicdet,echoes__without_Suno,echoes,family,DiffRhythm,DiffRhythm,59,120,0.6364406779661017
musicdet,echoes__without_Suno,echoes,family,Mubert,Mubert,59,32,0.659427966101695
musicdet,echoes__without_Suno,echoes,family,Producer,Producer,59,68,0.6373379860418743
musicdet,echoes__without_Suno,echoes,family,SongGen,SongGen,59,111,0.8720415330584821
musicdet,echoes__without_Suno,echoes,family,StableAudio,StableAudio,59,35,0.5927360774818402
musicdet,echoes__without_Suno,echoes,family,Suno,Suno,59,68,0.5917248255234298
musicdet,echoes__without_Suno,echoes,family,Udio,Udio,59,68,0.6291126620139581
musicdet,echoes__without_Suno,echoes,generator,AceStep,acestep,59,57,0.38834374070770145
musicdet,echoes__without_Suno,echoes,generator,AudioLDM,audioldm,59,115,0.7347089167280767
musicdet,echoes__without_Suno,echoes,generator,Brev,brev,59,68,0.584247258225324
musicdet,echoes__without_Suno,echoes,generator,DiffRhythm,diffrhythm,59,120,0.6364406779661017
musicdet,echoes__without_Suno,echoes,generator,Mubert,mubert,59,32,0.659427966101695
musicdet,echoes__without_Suno,echoes,generator,Producer,producer,59,68,0.6373379860418743
musicdet,echoes__without_Suno,echoes,generator,SongGen,songgen,59,111,0.8720415330584821
musicdet,echoes__without_Suno,echoes,generator,StableAudio,stableaudio,59,35,0.5927360774818402
musicdet,echoes__without_Suno,echoes,generator,Suno,suno,59,68,0.5917248255234298
musicdet,echoes__without_Suno,echoes,generator,Udio,udio,59,68,0.6291126620139581
musicdet,echoes__count_control_Suno,echoes,family,AceStep,AceStep,59,57,0.38834374070770145
musicdet,echoes__count_control_Suno,echoes,family,AudioLDM,AudioLDM,59,115,0.7347089167280767
musicdet,echoes__count_control_Suno,echoes,family,Brev,Brev,59,68,0.584247258225324
musicdet,echoes__count_control_Suno,echoes,family,DiffRhythm,DiffRhythm,59,120,0.6364406779661017
musicdet,echoes__count_control_Suno,echoes,family,Mubert,Mubert,59,32,0.659427966101695
musicdet,echoes__count_control_Suno,echoes,family,Producer,Producer,59,68,0.6373379860418743
musicdet,echoes__count_control_Suno,echoes,family,SongGen,SongGen,59,111,0.8720415330584821
musicdet,echoes__count_control_Suno,echoes,family,StableAudio,StableAudio,59,35,0.5927360774818402
musicdet,echoes__count_control_Suno,echoes,family,Suno,Suno,59,68,0.5917248255234298
musicdet,echoes__count_control_Suno,echoes,family,Udio,Udio,59,68,0.6291126620139581
musicdet,echoes__count_control_Suno,echoes,generator,AceStep,acestep,59,57,0.38834374070770145
musicdet,echoes__count_control_Suno,echoes,generator,AudioLDM,audioldm,59,115,0.7347089167280767
musicdet,echoes__count_control_Suno,echoes,generator,Brev,brev,59,68,0.584247258225324
musicdet,echoes__count_control_Suno,echoes,generator,DiffRhythm,diffrhythm,59,120,0.6364406779661017
musicdet,echoes__count_control_Suno,echoes,generator,Mubert,mubert,59,32,0.659427966101695
musicdet,echoes__count_control_Suno,echoes,generator,Producer,producer,59,68,0.6373379860418743
musicdet,echoes__count_control_Suno,echoes,generator,SongGen,songgen,59,111,0.8720415330584821
musicdet,echoes__count_control_Suno,echoes,generator,StableAudio,stableaudio,59,35,0.5927360774818402
musicdet,echoes__count_control_Suno,echoes,generator,Suno,suno,59,68,0.5917248255234298
musicdet,echoes__count_control_Suno,echoes,generator,Udio,udio,59,68,0.6291126620139581
musicdet,echoes__without_Udio,echoes,family,AceStep,AceStep,59,57,0.38834374070770145
musicdet,echoes__without_Udio,echoes,family,AudioLDM,AudioLDM,59,115,0.7347089167280767
musicdet,echoes__without_Udio,echoes,family,Brev,Brev,59,68,0.584247258225324
musicdet,echoes__without_Udio,echoes,family,DiffRhythm,DiffRhythm,59,120,0.6364406779661017
musicdet,echoes__without_Udio,echoes,family,Mubert,Mubert,59,32,0.659427966101695
musicdet,echoes__without_Udio,echoes,family,Producer,Producer,59,68,0.6373379860418743
musicdet,echoes__without_Udio,echoes,family,SongGen,SongGen,59,111,0.8720415330584821
musicdet,echoes__without_Udio,echoes,family,StableAudio,StableAudio,59,35,0.5927360774818402
musicdet,echoes__without_Udio,echoes,family,Suno,Suno,59,68,0.5917248255234298
musicdet,echoes__without_Udio,echoes,family,Udio,Udio,59,68,0.6291126620139581
musicdet,echoes__without_Udio,echoes,generator,AceStep,acestep,59,57,0.38834374070770145
musicdet,echoes__without_Udio,echoes,generator,AudioLDM,audioldm,59,115,0.7347089167280767
musicdet,echoes__without_Udio,echoes,generator,Brev,brev,59,68,0.584247258225324
musicdet,echoes__without_Udio,echoes,generator,DiffRhythm,diffrhythm,59,120,0.6364406779661017
musicdet,echoes__without_Udio,echoes,generator,Mubert,mubert,59,32,0.659427966101695
musicdet,echoes__without_Udio,echoes,generator,Producer,producer,59,68,0.6373379860418743
musicdet,echoes__without_Udio,echoes,generator,SongGen,songgen,59,111,0.8720415330584821
musicdet,echoes__without_Udio,echoes,generator,StableAudio,stableaudio,59,35,0.5927360774818402
musicdet,echoes__without_Udio,echoes,generator,Suno,suno,59,68,0.5917248255234298
musicdet,echoes__without_Udio,echoes,generator,Udio,udio,59,68,0.6291126620139581
musicdet,echoes__count_control_Udio,echoes,family,AceStep,AceStep,59,57,0.38834374070770145
musicdet,echoes__count_control_Udio,echoes,family,AudioLDM,AudioLDM,59,115,0.7347089167280767
musicdet,echoes__count_control_Udio,echoes,family,Brev,Brev,59,68,0.584247258225324
musicdet,echoes__count_control_Udio,echoes,family,DiffRhythm,DiffRhythm,59,120,0.6364406779661017
musicdet,echoes__count_control_Udio,echoes,family,Mubert,Mubert,59,32,0.659427966101695
musicdet,echoes__count_control_Udio,echoes,family,Producer,Producer,59,68,0.6373379860418743
musicdet,echoes__count_control_Udio,echoes,family,SongGen,SongGen,59,111,0.8720415330584821
musicdet,echoes__count_control_Udio,echoes,family,StableAudio,StableAudio,59,35,0.5927360774818402
musicdet,echoes__count_control_Udio,echoes,family,Suno,Suno,59,68,0.5917248255234298
musicdet,echoes__count_control_Udio,echoes,family,Udio,Udio,59,68,0.6291126620139581
musicdet,echoes__count_control_Udio,echoes,generator,AceStep,acestep,59,57,0.38834374070770145
musicdet,echoes__count_control_Udio,echoes,generator,AudioLDM,audioldm,59,115,0.7347089167280767
musicdet,echoes__count_control_Udio,echoes,generator,Brev,brev,59,68,0.584247258225324
musicdet,echoes__count_control_Udio,echoes,generator,DiffRhythm,diffrhythm,59,120,0.6364406779661017
musicdet,echoes__count_control_Udio,echoes,generator,Mubert,mubert,59,32,0.659427966101695
musicdet,echoes__count_control_Udio,echoes,generator,Producer,producer,59,68,0.6373379860418743
musicdet,echoes__count_control_Udio,echoes,generator,SongGen,songgen,59,111,0.8720415330584821
musicdet,echoes__count_control_Udio,echoes,generator,StableAudio,stableaudio,59,35,0.5927360774818402
musicdet,echoes__count_control_Udio,echoes,generator,Suno,suno,59,68,0.5917248255234298
musicdet,echoes__count_control_Udio,echoes,generator,Udio,udio,59,68,0.6291126620139581
musicdet,fakemusiccaps__without_MusicGen,fakemusiccaps,family,AudioLDM,AudioLDM,1102,1104,0.5133255740550777
musicdet,fakemusiccaps__without_MusicGen,fakemusiccaps,family,MusicGen,MusicGen,1102,1104,0.5809011612614745
musicdet,fakemusiccaps__without_MusicGen,fakemusiccaps,family,MusicLDM,MusicLDM,1102,1104,0.4504326783976433
musicdet,fakemusiccaps__without_MusicGen,fakemusiccaps,family,Mustango,Mustango,1102,1104,0.46304191654172916
musicdet,fakemusiccaps__without_MusicGen,fakemusiccaps,family,StableAudio,StableAudio,1102,1104,0.6404429364265235
musicdet,fakemusiccaps__without_MusicGen,fakemusiccaps,generator,AudioLDM,audioldm2,1102,1104,0.5133255740550777
musicdet,fakemusiccaps__without_MusicGen,fakemusiccaps,generator,MusicGen,MusicGen_medium,1102,1104,0.5809011612614745
musicdet,fakemusiccaps__without_MusicGen,fakemusiccaps,generator,MusicLDM,musicldm,1102,1104,0.4504326783976433
musicdet,fakemusiccaps__without_MusicGen,fakemusiccaps,generator,Mustango,mustango,1102,1104,0.46304191654172916
musicdet,fakemusiccaps__without_MusicGen,fakemusiccaps,generator,StableAudio,stable_audio_open,1102,1104,0.6404429364265235
musicdet,fakemusiccaps__count_control_MusicGen,fakemusiccaps,family,AudioLDM,AudioLDM,1102,1104,0.5133255740550777
musicdet,fakemusiccaps__count_control_MusicGen,fakemusiccaps,family,MusicGen,MusicGen,1102,1104,0.5809011612614745
musicdet,fakemusiccaps__count_control_MusicGen,fakemusiccaps,family,MusicLDM,MusicLDM,1102,1104,0.4504326783976433
musicdet,fakemusiccaps__count_control_MusicGen,fakemusiccaps,family,Mustango,Mustango,1102,1104,0.46304191654172916
musicdet,fakemusiccaps__count_control_MusicGen,fakemusiccaps,family,StableAudio,StableAudio,1102,1104,0.6404429364265235
musicdet,fakemusiccaps__count_control_MusicGen,fakemusiccaps,generator,AudioLDM,audioldm2,1102,1104,0.5133255740550777
musicdet,fakemusiccaps__count_control_MusicGen,fakemusiccaps,generator,MusicGen,MusicGen_medium,1102,1104,0.5809011612614745
musicdet,fakemusiccaps__count_control_MusicGen,fakemusiccaps,generator,MusicLDM,musicldm,1102,1104,0.4504326783976433
musicdet,fakemusiccaps__count_control_MusicGen,fakemusiccaps,generator,Mustango,mustango,1102,1104,0.46304191654172916
musicdet,fakemusiccaps__count_control_MusicGen,fakemusiccaps,generator,StableAudio,stable_audio_open,1102,1104,0.6404429364265235
musicdet,artifactbench__fmc_fit_only,artifactbench,family,DiffRhythm,DiffRhythm,860,100,0.7074941860465115
musicdet,artifactbench__fmc_fit_only,artifactbench,family,MusicGen,MusicGen,860,90,0.6092764857881137
musicdet,artifactbench__fmc_fit_only,artifactbench,family,Riffusion,Riffusion,860,130,0.8260957066189625
musicdet,artifactbench__fmc_fit_only,artifactbench,family,StableAudio,StableAudio,860,100,0.620017441860465
musicdet,artifactbench__fmc_fit_only,artifactbench,family,Suno,Suno,860,479,0.7004236053794242
musicdet,artifactbench__fmc_fit_only,artifactbench,family,Udio,Udio,860,405,0.6762647143267299
musicdet,artifactbench__fmc_fit_only,artifactbench,family,Yue,Yue,860,100,0.4019767441860465
musicdet,artifactbench__fmc_fit_only,artifactbench,generator,DiffRhythm,DiffRhythm,860,100,0.7074941860465115
musicdet,artifactbench__fmc_fit_only,artifactbench,generator,MusicGen,MusicGen Large,860,30,0.5778682170542636
musicdet,artifactbench__fmc_fit_only,artifactbench,generator,MusicGen,MusicGen Medium,860,30,0.6889922480620155
musicdet,artifactbench__fmc_fit_only,artifactbench,generator,MusicGen,MusicGen Small,860,30,0.560968992248062
musicdet,artifactbench__fmc_fit_only,artifactbench,generator,Riffusion,Riffusion,860,100,0.8272616279069767
musicdet,artifactbench__fmc_fit_only,artifactbench,generator,Riffusion,Riffusion (AIME),860,30,0.8222093023255814
musicdet,artifactbench__fmc_fit_only,artifactbench,generator,StableAudio,Stable Audio v1,860,50,0.6535465116279071
musicdet,artifactbench__fmc_fit_only,artifactbench,generator,StableAudio,Stable Audio v2,860,50,0.5864883720930233
musicdet,artifactbench__fmc_fit_only,artifactbench,generator,Suno,Google Chirp v2 XXL,860,80,0.8750654069767442
musicdet,artifactbench__fmc_fit_only,artifactbench,generator,Suno,Google Chirp v3,860,80,0.8069186046511628
musicdet,artifactbench__fmc_fit_only,artifactbench,generator,Suno,Google Chirp v3.5,860,80,0.8154505813953488
musicdet,artifactbench__fmc_fit_only,artifactbench,generator,Suno,Suno (mixed),860,80,0.5325218023255813
musicdet,artifactbench__fmc_fit_only,artifactbench,generator,Suno,Suno v3,860,30,0.49720930232558136
musicdet,artifactbench__fmc_fit_only,artifactbench,generator,Suno,Suno v3.5,860,29,0.41427425821972735
musicdet,artifactbench__fmc_fit_only,artifactbench,generator,Suno,Suno v4,860,100,0.6617616279069767
musicdet,artifactbench__fmc_fit_only,artifactbench,generator,Udio,Udio,860,100,0.4602674418604651
musicdet,artifactbench__fmc_fit_only,artifactbench,generator,Udio,Udio (AIME),860,30,0.5139922480620155
musicdet,artifactbench__fmc_fit_only,artifactbench,generator,Udio,Udio (SONICS 120s),860,80,0.901061046511628
musicdet,artifactbench__fmc_fit_only,artifactbench,generator,Udio,Udio (SONICS 30s),860,80,0.826875
musicdet,artifactbench__fmc_fit_only,artifactbench,generator,Udio,Udio (mixed),860,80,0.6776889534883721
musicdet,artifactbench__fmc_fit_only,artifactbench,generator,Udio,Udio CDN,860,18,0.5530361757105944
musicdet,artifactbench__fmc_fit_only,artifactbench,generator,Udio,Udio CDN Latest,860,17,0.5903556771545828
musicdet,artifactbench__fmc_fit_only,artifactbench,generator,Yue,Yue,860,100,0.4019767441860465
sofia_vag,artifactbench__base,artifactbench,family,DiffRhythm,DiffRhythm,860,100,0.982720930232558
sofia_vag,artifactbench__base,artifactbench,family,MusicGen,MusicGen,860,90,0.9993152454780362
sofia_vag,artifactbench__base,artifactbench,family,Riffusion,Riffusion,860,130,0.9150626118067978
sofia_vag,artifactbench__base,artifactbench,family,StableAudio,StableAudio,860,100,0.9847325581395349
sofia_vag,artifactbench__base,artifactbench,family,Suno,Suno,860,479,0.9368281788609993
sofia_vag,artifactbench__base,artifactbench,family,Udio,Udio,860,405,0.8768073499856446
sofia_vag,artifactbench__base,artifactbench,family,Yue,Yue,860,100,0.8861744186046511
sofia_vag,artifactbench__base,artifactbench,generator,DiffRhythm,DiffRhythm,860,100,0.982720930232558
sofia_vag,artifactbench__base,artifactbench,generator,MusicGen,MusicGen Large,860,30,0.9992635658914729
sofia_vag,artifactbench__base,artifactbench,generator,MusicGen,MusicGen Medium,860,30,0.9987596899224807
sofia_vag,artifactbench__base,artifactbench,generator,MusicGen,MusicGen Small,860,30,0.999922480620155
sofia_vag,artifactbench__base,artifactbench,generator,Riffusion,Riffusion,860,100,0.9112441860465116
sofia_vag,artifactbench__base,artifactbench,generator,Riffusion,Riffusion (AIME),860,30,0.9277906976744187
sofia_vag,artifactbench__base,artifactbench,generator,StableAudio,Stable Audio v1,860,50,0.9892790697674418
sofia_vag,artifactbench__base,artifactbench,generator,StableAudio,Stable Audio v2,860,50,0.9801860465116279
sofia_vag,artifactbench__base,artifactbench,generator,Suno,Google Chirp v2 XXL,860,80,1.0
sofia_vag,artifactbench__base,artifactbench,generator,Suno,Google Chirp v3,860,80,1.0
sofia_vag,artifactbench__base,artifactbench,generator,Suno,Google Chirp v3.5,860,80,1.0
sofia_vag,artifactbench__base,artifactbench,generator,Suno,Suno (mixed),860,80,0.8722674418604651
sofia_vag,artifactbench__base,artifactbench,generator,Suno,Suno v3,860,30,0.9712015503875968
sofia_vag,artifactbench__base,artifactbench,generator,Suno,Suno v3.5,860,29,0.9463111467522054
sofia_vag,artifactbench__base,artifactbench,generator,Suno,Suno v4,860,100,0.8238023255813954
sofia_vag,artifactbench__base,artifactbench,generator,Udio,Udio,860,100,0.771046511627907
sofia_vag,artifactbench__base,artifactbench,generator,Udio,Udio (AIME),860,30,0.8033720930232559
sofia_vag,artifactbench__base,artifactbench,generator,Udio,Udio (SONICS 120s),860,80,0.9999127906976744
sofia_vag,artifactbench__base,artifactbench,generator,Udio,Udio (SONICS 30s),860,80,0.9998401162790698
sofia_vag,artifactbench__base,artifactbench,generator,Udio,Udio (mixed),860,80,0.8228343023255813
sofia_vag,artifactbench__base,artifactbench,generator,Udio,Udio CDN,860,18,0.8071705426356589
sofia_vag,artifactbench__base,artifactbench,generator,Udio,Udio CDN Latest,860,17,0.7979480164158687
sofia_vag,artifactbench__base,artifactbench,generator,Yue,Yue,860,100,0.8861744186046511
sofia_vag,echoes__base,echoes,family,AceStep,AceStep,59,57,0.9964317573595004
sofia_vag,echoes__base,echoes,family,AudioLDM,AudioLDM,59,115,1.0
sofia_vag,echoes__base,echoes,family,Brev,Brev,59,68,0.8890827517447657
sofia_vag,echoes__base,echoes,family,DiffRhythm,DiffRhythm,59,120,0.9836158192090396
sofia_vag,echoes__base,echoes,family,Mubert,Mubert,59,32,0.7807203389830508
sofia_vag,echoes__base,echoes,family,Producer,Producer,59,68,0.9436689930209372
sofia_vag,echoes__base,echoes,family,SongGen,SongGen,59,111,1.0
sofia_vag,echoes__base,echoes,family,StableAudio,StableAudio,59,35,0.8779661016949153
sofia_vag,echoes__base,echoes,family,Suno,Suno,59,68,0.8666500498504487
sofia_vag,echoes__base,echoes,family,Udio,Udio,59,68,0.859172482552343
sofia_vag,echoes__base,echoes,generator,AceStep,acestep,59,57,0.9964317573595004
sofia_vag,echoes__base,echoes,generator,AudioLDM,audioldm,59,115,1.0
sofia_vag,echoes__base,echoes,generator,Brev,brev,59,68,0.8890827517447657
sofia_vag,echoes__base,echoes,generator,DiffRhythm,diffrhythm,59,120,0.9836158192090396
sofia_vag,echoes__base,echoes,generator,Mubert,mubert,59,32,0.7807203389830508
sofia_vag,echoes__base,echoes,generator,Producer,producer,59,68,0.9436689930209372
sofia_vag,echoes__base,echoes,generator,SongGen,songgen,59,111,1.0
sofia_vag,echoes__base,echoes,generator,StableAudio,stableaudio,59,35,0.8779661016949153
sofia_vag,echoes__base,echoes,generator,Suno,suno,59,68,0.8666500498504487
sofia_vag,echoes__base,echoes,generator,Udio,udio,59,68,0.859172482552343
sofia_vag,fakemusiccaps__base,fakemusiccaps,family,AudioLDM,AudioLDM,1102,1104,0.9279989939240906
sofia_vag,fakemusiccaps__base,fakemusiccaps,family,MusicGen,MusicGen,1102,1104,0.9624620255661642
sofia_vag,fakemusiccaps__base,fakemusiccaps,family,MusicLDM,MusicLDM,1102,1104,0.9378263171046057
sofia_vag,fakemusiccaps__base,fakemusiccaps,family,Mustango,Mustango,1102,1104,0.9615989702517163
sofia_vag,fakemusiccaps__base,fakemusiccaps,family,StableAudio,StableAudio,1102,1104,0.9213477143007442
sofia_vag,fakemusiccaps__base,fakemusiccaps,generator,AudioLDM,audioldm2,1102,1104,0.9279989939240906
sofia_vag,fakemusiccaps__base,fakemusiccaps,generator,MusicGen,MusicGen_medium,1102,1104,0.9624620255661642
sofia_vag,fakemusiccaps__base,fakemusiccaps,generator,MusicLDM,musicldm,1102,1104,0.9378263171046057
sofia_vag,fakemusiccaps__base,fakemusiccaps,generator,Mustango,mustango,1102,1104,0.9615989702517163
sofia_vag,fakemusiccaps__base,fakemusiccaps,generator,StableAudio,stable_audio_open,1102,1104,0.9213477143007442
sofia_vag,artifactbench__without_Suno,artifactbench,family,DiffRhythm,DiffRhythm,860,100,0.9767325581395349
sofia_vag,artifactbench__without_Suno,artifactbench,family,MusicGen,MusicGen,860,90,0.9988759689922481
sofia_vag,artifactbench__without_Suno,artifactbench,family,Riffusion,Riffusion,860,130,0.867871198568873
sofia_vag,artifactbench__without_Suno,artifactbench,family,StableAudio,StableAudio,860,100,0.9936511627906977
sofia_vag,artifactbench__without_Suno,artifactbench,family,Suno,Suno,860,479,0.8987182599407683
sofia_vag,artifactbench__without_Suno,artifactbench,family,Udio,Udio,860,405,0.8805770887166235
sofia_vag,artifactbench__without_Suno,artifactbench,family,Yue,Yue,860,100,0.846953488372093
sofia_vag,artifactbench__without_Suno,artifactbench,generator,DiffRhythm,DiffRhythm,860,100,0.9767325581395349
sofia_vag,artifactbench__without_Suno,artifactbench,generator,MusicGen,MusicGen Large,860,30,0.9988759689922481
sofia_vag,artifactbench__without_Suno,artifactbench,generator,MusicGen,MusicGen Medium,860,30,0.9983720930232558
sofia_vag,artifactbench__without_Suno,artifactbench,generator,MusicGen,MusicGen Small,860,30,0.9993798449612403
sofia_vag,artifactbench__without_Suno,artifactbench,generator,Riffusion,Riffusion,860,100,0.8372790697674418
sofia_vag,artifactbench__without_Suno,artifactbench,generator,Riffusion,Riffusion (AIME),860,30,0.96984496124031
sofia_vag,artifactbench__without_Suno,artifactbench,generator,StableAudio,Stable Audio v1,860,50,0.9972093023255814
sofia_vag,artifactbench__without_Suno,artifactbench,generator,StableAudio,Stable Audio v2,860,50,0.9900930232558138
sofia_vag,artifactbench__without_Suno,artifactbench,generator,Suno,Google Chirp v2 XXL,860,80,1.0
sofia_vag,artifactbench__without_Suno,artifactbench,generator,Suno,Google Chirp v3,860,80,1.0
sofia_vag,artifactbench__without_Suno,artifactbench,generator,Suno,Google Chirp v3.5,860,80,1.0
sofia_vag,artifactbench__without_Suno,artifactbench,generator,Suno,Suno (mixed),860,80,0.739781976744186
sofia_vag,artifactbench__without_Suno,artifactbench,generator,Suno,Suno v3,860,30,0.9919767441860464
sofia_vag,artifactbench__without_Suno,artifactbench,generator,Suno,Suno v3.5,860,29,0.9787489975942262
sofia_vag,artifactbench__without_Suno,artifactbench,generator,Suno,Suno v4,860,100,0.7316046511627907
sofia_vag,artifactbench__without_Suno,artifactbench,generator,Udio,Udio,860,100,0.7546860465116277
sofia_vag,artifactbench__without_Suno,artifactbench,generator,Udio,Udio (AIME),860,30,0.883139534883721
sofia_vag,artifactbench__without_Suno,artifactbench,generator,Udio,Udio (SONICS 120s),860,80,1.0
sofia_vag,artifactbench__without_Suno,artifactbench,generator,Udio,Udio (SONICS 30s),860,80,0.9996220930232559
sofia_vag,artifactbench__without_Suno,artifactbench,generator,Udio,Udio (mixed),860,80,0.8325145348837208
sofia_vag,artifactbench__without_Suno,artifactbench,generator,Udio,Udio CDN,860,18,0.8226744186046512
sofia_vag,artifactbench__without_Suno,artifactbench,generator,Udio,Udio CDN Latest,860,17,0.7818741450068399
sofia_vag,artifactbench__without_Suno,artifactbench,generator,Yue,Yue,860,100,0.846953488372093
sofia_vag,artifactbench__count_control_Suno,artifactbench,family,DiffRhythm,DiffRhythm,860,100,0.9655116279069768
sofia_vag,artifactbench__count_control_Suno,artifactbench,family,MusicGen,MusicGen,860,90,0.9994573643410852
sofia_vag,artifactbench__count_control_Suno,artifactbench,family,Riffusion,Riffusion,860,130,0.9272093023255813
sofia_vag,artifactbench__count_control_Suno,artifactbench,family,StableAudio,StableAudio,860,100,0.995453488372093
sofia_vag,artifactbench__count_control_Suno,artifactbench,family,Suno,Suno,860,479,0.9450259746565033
sofia_vag,artifactbench__count_control_Suno,artifactbench,family,Udio,Udio,860,405,0.8642032730404823
sofia_vag,artifactbench__count_control_Suno,artifactbench,family,Yue,Yue,860,100,0.9006279069767441
sofia_vag,artifactbench__count_control_Suno,artifactbench,generator,DiffRhythm,DiffRhythm,860,100,0.9655116279069768
sofia_vag,artifactbench__count_control_Suno,artifactbench,generator,MusicGen,MusicGen Large,860,30,0.9993023255813953
sofia_vag,artifactbench__count_control_Suno,artifactbench,generator,MusicGen,MusicGen Medium,860,30,0.9993798449612403
sofia_vag,artifactbench__count_control_Suno,artifactbench,generator,MusicGen,MusicGen Small,860,30,0.9996899224806202
sofia_vag,artifactbench__count_control_Suno,artifactbench,generator,Riffusion,Riffusion,860,100,0.9164069767441859
sofia_vag,artifactbench__count_control_Suno,artifactbench,generator,Riffusion,Riffusion (AIME),860,30,0.963217054263566
sofia_vag,artifactbench__count_control_Suno,artifactbench,generator,StableAudio,Stable Audio v1,860,50,0.9979302325581395
sofia_vag,artifactbench__count_control_Suno,artifactbench,generator,StableAudio,Stable Audio v2,860,50,0.9929767441860465
sofia_vag,artifactbench__count_control_Suno,artifactbench,generator,Suno,Google Chirp v2 XXL,860,80,1.0
sofia_vag,artifactbench__count_control_Suno,artifactbench,generator,Suno,Google Chirp v3,860,80,1.0
sofia_vag,artifactbench__count_control_Suno,artifactbench,generator,Suno,Google Chirp v3.5,860,80,1.0
sofia_vag,artifactbench__count_control_Suno,artifactbench,generator,Suno,Suno (mixed),860,80,0.871468023255814
sofia_vag,artifactbench__count_control_Suno,artifactbench,generator,Suno,Suno v3,860,30,0.9918604651162791
sofia_vag,artifactbench__count_control_Suno,artifactbench,generator,Suno,Suno v3.5,860,29,0.9798716920609463
sofia_vag,artifactbench__count_control_Suno,artifactbench,generator,Suno,Suno v4,860,100,0.8477790697674419
sofia_vag,artifactbench__count_control_Suno,artifactbench,generator,Udio,Udio,860,100,0.7390232558139535
sofia_vag,artifactbench__count_control_Suno,artifactbench,generator,Udio,Udio (AIME),860,30,0.8352713178294574
sofia_vag,artifactbench__count_control_Suno,artifactbench,generator,Udio,Udio (SONICS 120s),860,80,0.9999563953488373
sofia_vag,artifactbench__count_control_Suno,artifactbench,generator,Udio,Udio (SONICS 30s),860,80,0.9981104651162791
sofia_vag,artifactbench__count_control_Suno,artifactbench,generator,Udio,Udio (mixed),860,80,0.7950872093023256
sofia_vag,artifactbench__count_control_Suno,artifactbench,generator,Udio,Udio CDN,860,18,0.7891472868217054
sofia_vag,artifactbench__count_control_Suno,artifactbench,generator,Udio,Udio CDN Latest,860,17,0.7873461012311902
sofia_vag,artifactbench__count_control_Suno,artifactbench,generator,Yue,Yue,860,100,0.9006279069767441
sofia_vag,artifactbench__without_Udio,artifactbench,family,DiffRhythm,DiffRhythm,860,100,0.976046511627907
sofia_vag,artifactbench__without_Udio,artifactbench,family,MusicGen,MusicGen,860,90,0.9985142118863048
sofia_vag,artifactbench__without_Udio,artifactbench,family,Riffusion,Riffusion,860,130,0.949490161001789
sofia_vag,artifactbench__without_Udio,artifactbench,family,StableAudio,StableAudio,860,100,0.9953372093023256
sofia_vag,artifactbench__without_Udio,artifactbench,family,Suno,Suno,860,479,0.9572510559790262
sofia_vag,artifactbench__without_Udio,artifactbench,family,Udio,Udio,860,405,0.8348578811369509
sofia_vag,artifactbench__without_Udio,artifactbench,family,Yue,Yue,860,100,0.9300348837209302
sofia_vag,artifactbench__without_Udio,artifactbench,generator,DiffRhythm,DiffRhythm,860,100,0.976046511627907
sofia_vag,artifactbench__without_Udio,artifactbench,generator,MusicGen,MusicGen Large,860,30,0.9987596899224807
sofia_vag,artifactbench__without_Udio,artifactbench,generator,MusicGen,MusicGen Medium,860,30,0.9976744186046511
sofia_vag,artifactbench__without_Udio,artifactbench,generator,MusicGen,MusicGen Small,860,30,0.9991085271317829
sofia_vag,artifactbench__without_Udio,artifactbench,generator,Riffusion,Riffusion,860,100,0.9428139534883722
sofia_vag,artifactbench__without_Udio,artifactbench,generator,Riffusion,Riffusion (AIME),860,30,0.9717441860465116
sofia_vag,artifactbench__without_Udio,artifactbench,generator,StableAudio,Stable Audio v1,860,50,0.9967441860465116
sofia_vag,artifactbench__without_Udio,artifactbench,generator,StableAudio,Stable Audio v2,860,50,0.9939302325581396
sofia_vag,artifactbench__without_Udio,artifactbench,generator,Suno,Google Chirp v2 XXL,860,80,1.0
sofia_vag,artifactbench__without_Udio,artifactbench,generator,Suno,Google Chirp v3,860,80,1.0
sofia_vag,artifactbench__without_Udio,artifactbench,generator,Suno,Google Chirp v3.5,860,80,1.0
sofia_vag,artifactbench__without_Udio,artifactbench,generator,Suno,Suno (mixed),860,80,0.9148255813953489
sofia_vag,artifactbench__without_Udio,artifactbench,generator,Suno,Suno v3,860,30,0.9877519379844961
sofia_vag,artifactbench__without_Udio,artifactbench,generator,Suno,Suno v3.5,860,29,0.979831595829992
sofia_vag,artifactbench__without_Udio,artifactbench,generator,Suno,Suno v4,860,100,0.8728953488372093
sofia_vag,artifactbench__without_Udio,artifactbench,generator,Udio,Udio,860,100,0.7152093023255814
sofia_vag,artifactbench__without_Udio,artifactbench,generator,Udio,Udio (AIME),860,30,0.8456976744186047
sofia_vag,artifactbench__without_Udio,artifactbench,generator,Udio,Udio (SONICS 120s),860,80,0.9968023255813954
sofia_vag,artifactbench__without_Udio,artifactbench,generator,Udio,Udio (SONICS 30s),860,80,0.9936482558139534
sofia_vag,artifactbench__without_Udio,artifactbench,generator,Udio,Udio (mixed),860,80,0.7058575581395349
sofia_vag,artifactbench__without_Udio,artifactbench,generator,Udio,Udio CDN,860,18,0.7394702842377261
sofia_vag,artifactbench__without_Udio,artifactbench,generator,Udio,Udio CDN Latest,860,17,0.7182626538987689
sofia_vag,artifactbench__without_Udio,artifactbench,generator,Yue,Yue,860,100,0.9300348837209302
sofia_vag,artifactbench__count_control_Udio,artifactbench,family,DiffRhythm,DiffRhythm,860,100,0.969546511627907
sofia_vag,artifactbench__count_control_Udio,artifactbench,family,MusicGen,MusicGen,860,90,0.9990051679586563
sofia_vag,artifactbench__count_control_Udio,artifactbench,family,Riffusion,Riffusion,860,130,0.9131216457960645
sofia_vag,artifactbench__count_control_Udio,artifactbench,family,StableAudio,StableAudio,860,100,0.9953720930232558
sofia_vag,artifactbench__count_control_Udio,artifactbench,family,Suno,Suno,860,479,0.9437126766033888
sofia_vag,artifactbench__count_control_Udio,artifactbench,family,Udio,Udio,860,405,0.8782314097042778
sofia_vag,artifactbench__count_control_Udio,artifactbench,family,Yue,Yue,860,100,0.8715581395348837
sofia_vag,artifactbench__count_control_Udio,artifactbench,generator,DiffRhythm,DiffRhythm,860,100,0.969546511627907
sofia_vag,artifactbench__count_control_Udio,artifactbench,generator,MusicGen,MusicGen Large,860,30,0.999108527131783
sofia_vag,artifactbench__count_control_Udio,artifactbench,generator,MusicGen,MusicGen Medium,860,30,0.9986434108527132
sofia_vag,artifactbench__count_control_Udio,artifactbench,generator,MusicGen,MusicGen Small,860,30,0.9992635658914729
sofia_vag,artifactbench__count_control_Udio,artifactbench,generator,Riffusion,Riffusion,860,100,0.8955930232558139
sofia_vag,artifactbench__count_control_Udio,artifactbench,generator,Riffusion,Riffusion (AIME),860,30,0.9715503875968993
sofia_vag,artifactbench__count_control_Udio,artifactbench,generator,StableAudio,Stable Audio v1,860,50,0.9956046511627907
sofia_vag,artifactbench__count_control_Udio,artifactbench,generator,StableAudio,Stable Audio v2,860,50,0.995139534883721
sofia_vag,artifactbench__count_control_Udio,artifactbench,generator,Suno,Google Chirp v2 XXL,860,80,1.0
sofia_vag,artifactbench__count_control_Udio,artifactbench,generator,Suno,Google Chirp v3,860,80,1.0
sofia_vag,artifactbench__count_control_Udio,artifactbench,generator,Suno,Google Chirp v3.5,860,80,1.0
sofia_vag,artifactbench__count_control_Udio,artifactbench,generator,Suno,Suno (mixed),860,80,0.8817877906976743
sofia_vag,artifactbench__count_control_Udio,artifactbench,generator,Suno,Suno v3,860,30,0.9855813953488373
sofia_vag,artifactbench__count_control_Udio,artifactbench,generator,Suno,Suno v3.5,860,29,0.9660384923817161
sofia_vag,artifactbench__count_control_Udio,artifactbench,generator,Suno,Suno v4,860,100,0.8391279069767442
sofia_vag,artifactbench__count_control_Udio,artifactbench,generator,Udio,Udio,860,100,0.7476627906976744
sofia_vag,artifactbench__count_control_Udio,artifactbench,generator,Udio,Udio (AIME),860,30,0.8806976744186046
sofia_vag,artifactbench__count_control_Udio,artifactbench,generator,Udio,Udio (SONICS 120s),860,80,0.9999563953488373
sofia_vag,artifactbench__count_control_Udio,artifactbench,generator,Udio,Udio (SONICS 30s),860,80,0.9994622093023255
sofia_vag,artifactbench__count_control_Udio,artifactbench,generator,Udio,Udio (mixed),860,80,0.8260174418604651
sofia_vag,artifactbench__count_control_Udio,artifactbench,generator,Udio,Udio CDN,860,18,0.8412790697674418
sofia_vag,artifactbench__count_control_Udio,artifactbench,generator,Udio,Udio CDN Latest,860,17,0.7834473324213406
sofia_vag,artifactbench__count_control_Udio,artifactbench,generator,Yue,Yue,860,100,0.8715581395348837
sofia_vag,artifactbench__without_MusicGen,artifactbench,family,DiffRhythm,DiffRhythm,860,100,0.9484767441860464
sofia_vag,artifactbench__without_MusicGen,artifactbench,family,MusicGen,MusicGen,860,90,0.9881136950904392
sofia_vag,artifactbench__without_MusicGen,artifactbench,family,Riffusion,Riffusion,860,130,0.9354293381037567
sofia_vag,artifactbench__without_MusicGen,artifactbench,family,StableAudio,StableAudio,860,100,0.9860348837209303
sofia_vag,artifactbench__without_MusicGen,artifactbench,family,Suno,Suno,860,479,0.939000825362917
sofia_vag,artifactbench__without_MusicGen,artifactbench,family,Udio,Udio,860,405,0.8749842090152168
sofia_vag,artifactbench__without_MusicGen,artifactbench,family,Yue,Yue,860,100,0.8912558139534883
sofia_vag,artifactbench__without_MusicGen,artifactbench,generator,DiffRhythm,DiffRhythm,860,100,0.9484767441860464
sofia_vag,artifactbench__without_MusicGen,artifactbench,generator,MusicGen,MusicGen Large,860,30,0.9809302325581395
sofia_vag,artifactbench__without_MusicGen,artifactbench,generator,MusicGen,MusicGen Medium,860,30,0.9874031007751938
sofia_vag,artifactbench__without_MusicGen,artifactbench,generator,MusicGen,MusicGen Small,860,30,0.9960077519379844
sofia_vag,artifactbench__without_MusicGen,artifactbench,generator,Riffusion,Riffusion,860,100,0.9262093023255813
sofia_vag,artifactbench__without_MusicGen,artifactbench,generator,Riffusion,Riffusion (AIME),860,30,0.9661627906976744
sofia_vag,artifactbench__without_MusicGen,artifactbench,generator,StableAudio,Stable Audio v1,860,50,0.9962093023255815
sofia_vag,artifactbench__without_MusicGen,artifactbench,generator,StableAudio,Stable Audio v2,860,50,0.975860465116279
sofia_vag,artifactbench__without_MusicGen,artifactbench,generator,Suno,Google Chirp v2 XXL,860,80,1.0
sofia_vag,artifactbench__without_MusicGen,artifactbench,generator,Suno,Google Chirp v3,860,80,1.0
sofia_vag,artifactbench__without_MusicGen,artifactbench,generator,Suno,Google Chirp v3.5,860,80,1.0
sofia_vag,artifactbench__without_MusicGen,artifactbench,generator,Suno,Suno (mixed),860,80,0.8575290697674418
sofia_vag,artifactbench__without_MusicGen,artifactbench,generator,Suno,Suno v3,860,30,0.9727906976744186
sofia_vag,artifactbench__without_MusicGen,artifactbench,generator,Suno,Suno v3.5,860,29,0.9628708901363272
sofia_vag,artifactbench__without_MusicGen,artifactbench,generator,Suno,Suno v4,860,100,0.8407209302325581
sofia_vag,artifactbench__without_MusicGen,artifactbench,generator,Udio,Udio,860,100,0.7324883720930233
sofia_vag,artifactbench__without_MusicGen,artifactbench,generator,Udio,Udio (AIME),860,30,0.7931782945736434
sofia_vag,artifactbench__without_MusicGen,artifactbench,generator,Udio,Udio (SONICS 120s),860,80,1.0
sofia_vag,artifactbench__without_MusicGen,artifactbench,generator,Udio,Udio (SONICS 30s),860,80,0.9998691860465116
sofia_vag,artifactbench__without_MusicGen,artifactbench,generator,Udio,Udio (mixed),860,80,0.8543895348837208
sofia_vag,artifactbench__without_MusicGen,artifactbench,generator,Udio,Udio CDN,860,18,0.8488372093023255
sofia_vag,artifactbench__without_MusicGen,artifactbench,generator,Udio,Udio CDN Latest,860,17,0.806155950752394
sofia_vag,artifactbench__without_MusicGen,artifactbench,generator,Yue,Yue,860,100,0.8912558139534883
sofia_vag,artifactbench__count_control_MusicGen,artifactbench,family,DiffRhythm,DiffRhythm,860,100,0.981767441860465
sofia_vag,artifactbench__count_control_MusicGen,artifactbench,family,MusicGen,MusicGen,860,90,0.999108527131783
sofia_vag,artifactbench__count_control_MusicGen,artifactbench,family,Riffusion,Riffusion,860,130,0.936386404293381
sofia_vag,artifactbench__count_control_MusicGen,artifactbench,family,StableAudio,StableAudio,860,100,0.9923837209302325
sofia_vag,artifactbench__count_control_MusicGen,artifactbench,family,Suno,Suno,860,479,0.9481502160508813
sofia_vag,artifactbench__count_control_MusicGen,artifactbench,family,Udio,Udio,860,405,0.8797789262130347
sofia_vag,artifactbench__count_control_MusicGen,artifactbench,family,Yue,Yue,860,100,0.9022209302325582
sofia_vag,artifactbench__count_control_MusicGen,artifactbench,generator,DiffRhythm,DiffRhythm,860,100,0.981767441860465
sofia_vag,artifactbench__count_control_MusicGen,artifactbench,generator,MusicGen,MusicGen Large,860,30,0.9988372093023257
sofia_vag,artifactbench__count_control_MusicGen,artifactbench,generator,MusicGen,MusicGen Medium,860,30,0.9985658914728682
sofia_vag,artifactbench__count_control_MusicGen,artifactbench,generator,MusicGen,MusicGen Small,860,30,0.999922480620155
sofia_vag,artifactbench__count_control_MusicGen,artifactbench,generator,Riffusion,Riffusion,860,100,0.9281162790697675
sofia_vag,artifactbench__count_control_MusicGen,artifactbench,generator,Riffusion,Riffusion (AIME),860,30,0.9639534883720929
sofia_vag,artifactbench__count_control_MusicGen,artifactbench,generator,StableAudio,Stable Audio v1,860,50,0.9945581395348837
sofia_vag,artifactbench__count_control_MusicGen,artifactbench,generator,StableAudio,Stable Audio v2,860,50,0.9902093023255814
sofia_vag,artifactbench__count_control_MusicGen,artifactbench,generator,Suno,Google Chirp v2 XXL,860,80,1.0
sofia_vag,artifactbench__count_control_MusicGen,artifactbench,generator,Suno,Google Chirp v3,860,80,1.0
sofia_vag,artifactbench__count_control_MusicGen,artifactbench,generator,Suno,Google Chirp v3.5,860,80,1.0
sofia_vag,artifactbench__count_control_MusicGen,artifactbench,generator,Suno,Suno (mixed),860,80,0.8824709302325582
sofia_vag,artifactbench__count_control_MusicGen,artifactbench,generator,Suno,Suno v3,860,30,0.9916279069767442
sofia_vag,artifactbench__count_control_MusicGen,artifactbench,generator,Suno,Suno v3.5,860,29,0.976944667201283
sofia_vag,artifactbench__count_control_MusicGen,artifactbench,generator,Suno,Suno v4,860,100,0.8548604651162791
sofia_vag,artifactbench__count_control_MusicGen,artifactbench,generator,Udio,Udio,860,100,0.7469767441860465
sofia_vag,artifactbench__count_control_MusicGen,artifactbench,generator,Udio,Udio (AIME),860,30,0.8132170542635659
sofia_vag,artifactbench__count_control_MusicGen,artifactbench,generator,Udio,Udio (SONICS 120s),860,80,1.0
sofia_vag,artifactbench__count_control_MusicGen,artifactbench,generator,Udio,Udio (SONICS 30s),860,80,0.999796511627907
sofia_vag,artifactbench__count_control_MusicGen,artifactbench,generator,Udio,Udio (mixed),860,80,0.8508284883720931
sofia_vag,artifactbench__count_control_MusicGen,artifactbench,generator,Udio,Udio CDN,860,18,0.8372093023255814
sofia_vag,artifactbench__count_control_MusicGen,artifactbench,generator,Udio,Udio CDN Latest,860,17,0.8292065663474693
sofia_vag,artifactbench__count_control_MusicGen,artifactbench,generator,Yue,Yue,860,100,0.9022209302325582
sofia_vag,echoes__without_Suno,echoes,family,AceStep,AceStep,59,57,0.9973238180196253
sofia_vag,echoes__without_Suno,echoes,family,AudioLDM,AudioLDM,59,115,1.0
sofia_vag,echoes__without_Suno,echoes,family,Brev,Brev,59,68,0.8110667996011964
sofia_vag,echoes__without_Suno,echoes,family,DiffRhythm,DiffRhythm,59,120,0.9936440677966102
sofia_vag,echoes__without_Suno,echoes,family,Mubert,Mubert,59,32,0.608050847457627
sofia_vag,echoes__without_Suno,echoes,family,Producer,Producer,59,68,0.9199900299102692
sofia_vag,echoes__without_Suno,echoes,family,SongGen,SongGen,59,111,1.0
sofia_vag,echoes__without_Suno,echoes,family,StableAudio,StableAudio,59,35,0.8682808716707022
sofia_vag,echoes__without_Suno,echoes,family,Suno,Suno,59,68,0.7542372881355932
sofia_vag,echoes__without_Suno,echoes,family,Udio,Udio,59,68,0.827517447657029
sofia_vag,echoes__without_Suno,echoes,generator,AceStep,acestep,59,57,0.9973238180196253
sofia_vag,echoes__without_Suno,echoes,generator,AudioLDM,audioldm,59,115,1.0
sofia_vag,echoes__without_Suno,echoes,generator,Brev,brev,59,68,0.8110667996011964
sofia_vag,echoes__without_Suno,echoes,generator,DiffRhythm,diffrhythm,59,120,0.9936440677966102
sofia_vag,echoes__without_Suno,echoes,generator,Mubert,mubert,59,32,0.608050847457627
sofia_vag,echoes__without_Suno,echoes,generator,Producer,producer,59,68,0.9199900299102692
sofia_vag,echoes__without_Suno,echoes,generator,SongGen,songgen,59,111,1.0
sofia_vag,echoes__without_Suno,echoes,generator,StableAudio,stableaudio,59,35,0.8682808716707022
sofia_vag,echoes__without_Suno,echoes,generator,Suno,suno,59,68,0.7542372881355932
sofia_vag,echoes__without_Suno,echoes,generator,Udio,udio,59,68,0.827517447657029
sofia_vag,echoes__count_control_Suno,echoes,family,AceStep,AceStep,59,57,0.9931608682723758
sofia_vag,echoes__count_control_Suno,echoes,family,AudioLDM,AudioLDM,59,115,1.0
sofia_vag,echoes__count_control_Suno,echoes,family,Brev,Brev,59,68,0.7806580259222332
sofia_vag,echoes__count_control_Suno,echoes,family,DiffRhythm,DiffRhythm,59,120,0.9877118644067796
sofia_vag,echoes__count_control_Suno,echoes,family,Mubert,Mubert,59,32,0.7272245762711864
sofia_vag,echoes__count_control_Suno,echoes,family,Producer,Producer,59,68,0.9080259222333
sofia_vag,echoes__count_control_Suno,echoes,family,SongGen,SongGen,59,111,0.9981676591846084
sofia_vag,echoes__count_control_Suno,echoes,family,StableAudio,StableAudio,59,35,0.9099273607748184
sofia_vag,echoes__count_control_Suno,echoes,family,Suno,Suno,59,68,0.7507477567298106
sofia_vag,echoes__count_control_Suno,echoes,family,Udio,Udio,59,68,0.6954137587238285
sofia_vag,echoes__count_control_Suno,echoes,generator,AceStep,acestep,59,57,0.9931608682723758
sofia_vag,echoes__count_control_Suno,echoes,generator,AudioLDM,audioldm,59,115,1.0
sofia_vag,echoes__count_control_Suno,echoes,generator,Brev,brev,59,68,0.7806580259222332
sofia_vag,echoes__count_control_Suno,echoes,generator,DiffRhythm,diffrhythm,59,120,0.9877118644067796
sofia_vag,echoes__count_control_Suno,echoes,generator,Mubert,mubert,59,32,0.7272245762711864
sofia_vag,echoes__count_control_Suno,echoes,generator,Producer,producer,59,68,0.9080259222333
sofia_vag,echoes__count_control_Suno,echoes,generator,SongGen,songgen,59,111,0.9981676591846084
sofia_vag,echoes__count_control_Suno,echoes,generator,StableAudio,stableaudio,59,35,0.9099273607748184
sofia_vag,echoes__count_control_Suno,echoes,generator,Suno,suno,59,68,0.7507477567298106
sofia_vag,echoes__count_control_Suno,echoes,generator,Udio,udio,59,68,0.6954137587238285
sofia_vag,echoes__without_Udio,echoes,family,AceStep,AceStep,59,57,0.9943502824858756
sofia_vag,echoes__without_Udio,echoes,family,AudioLDM,AudioLDM,59,115,0.999852616064849
sofia_vag,echoes__without_Udio,echoes,family,Brev,Brev,59,68,0.807826520438684
sofia_vag,echoes__without_Udio,echoes,family,DiffRhythm,DiffRhythm,59,120,0.9905367231638418
sofia_vag,echoes__without_Udio,echoes,family,Mubert,Mubert,59,32,0.7266949152542372
sofia_vag,echoes__without_Udio,echoes,family,Producer,Producer,59,68,0.905284147557328
sofia_vag,echoes__without_Udio,echoes,family,SongGen,SongGen,59,111,0.9972514887769126
sofia_vag,echoes__without_Udio,echoes,family,StableAudio,StableAudio,59,35,0.8934624697336562
sofia_vag,echoes__without_Udio,echoes,family,Suno,Suno,59,68,0.798604187437687
sofia_vag,echoes__without_Udio,echoes,family,Udio,Udio,59,68,0.6011964107676969
sofia_vag,echoes__without_Udio,echoes,generator,AceStep,acestep,59,57,0.9943502824858756
sofia_vag,echoes__without_Udio,echoes,generator,AudioLDM,audioldm,59,115,0.999852616064849
sofia_vag,echoes__without_Udio,echoes,generator,Brev,brev,59,68,0.807826520438684
sofia_vag,echoes__without_Udio,echoes,generator,DiffRhythm,diffrhythm,59,120,0.9905367231638418
sofia_vag,echoes__without_Udio,echoes,generator,Mubert,mubert,59,32,0.7266949152542372
sofia_vag,echoes__without_Udio,echoes,generator,Producer,producer,59,68,0.905284147557328
sofia_vag,echoes__without_Udio,echoes,generator,SongGen,songgen,59,111,0.9972514887769126
sofia_vag,echoes__without_Udio,echoes,generator,StableAudio,stableaudio,59,35,0.8934624697336562
sofia_vag,echoes__without_Udio,echoes,generator,Suno,suno,59,68,0.798604187437687
sofia_vag,echoes__without_Udio,echoes,generator,Udio,udio,59,68,0.6011964107676969
sofia_vag,echoes__count_control_Udio,echoes,family,AceStep,AceStep,59,57,0.9970264644662503
sofia_vag,echoes__count_control_Udio,echoes,family,AudioLDM,AudioLDM,59,115,1.0
sofia_vag,echoes__count_control_Udio,echoes,family,Brev,Brev,59,68,0.8609172482552342
sofia_vag,echoes__count_control_Udio,echoes,family,DiffRhythm,DiffRhythm,59,120,0.9874293785310735
sofia_vag,echoes__count_control_Udio,echoes,family,Mubert,Mubert,59,32,0.71875
sofia_vag,echoes__count_control_Udio,echoes,family,Producer,Producer,59,68,0.9518943170488535
sofia_vag,echoes__count_control_Udio,echoes,family,SongGen,SongGen,59,111,1.0
sofia_vag,echoes__count_control_Udio,echoes,family,StableAudio,StableAudio,59,35,0.8876513317191284
sofia_vag,echoes__count_control_Udio,echoes,family,Suno,Suno,59,68,0.8123130608175473
sofia_vag,echoes__count_control_Udio,echoes,family,Udio,Udio,59,68,0.8060817547357927
sofia_vag,echoes__count_control_Udio,echoes,generator,AceStep,acestep,59,57,0.9970264644662503
sofia_vag,echoes__count_control_Udio,echoes,generator,AudioLDM,audioldm,59,115,1.0
sofia_vag,echoes__count_control_Udio,echoes,generator,Brev,brev,59,68,0.8609172482552342
sofia_vag,echoes__count_control_Udio,echoes,generator,DiffRhythm,diffrhythm,59,120,0.9874293785310735
sofia_vag,echoes__count_control_Udio,echoes,generator,Mubert,mubert,59,32,0.71875
sofia_vag,echoes__count_control_Udio,echoes,generator,Producer,producer,59,68,0.9518943170488535
sofia_vag,echoes__count_control_Udio,echoes,generator,SongGen,songgen,59,111,1.0
sofia_vag,echoes__count_control_Udio,echoes,generator,StableAudio,stableaudio,59,35,0.8876513317191284
sofia_vag,echoes__count_control_Udio,echoes,generator,Suno,suno,59,68,0.8123130608175473
sofia_vag,echoes__count_control_Udio,echoes,generator,Udio,udio,59,68,0.8060817547357927
sofia_vag,fakemusiccaps__without_MusicGen,fakemusiccaps,family,AudioLDM,AudioLDM,1102,1104,0.9174360188326889
sofia_vag,fakemusiccaps__without_MusicGen,fakemusiccaps,family,MusicGen,MusicGen,1102,1104,0.9175806833425393
sofia_vag,fakemusiccaps__without_MusicGen,fakemusiccaps,family,MusicLDM,MusicLDM,1102,1104,0.9214052513217077
sofia_vag,fakemusiccaps__without_MusicGen,fakemusiccaps,family,Mustango,Mustango,1102,1104,0.9424457179305084
sofia_vag,fakemusiccaps__without_MusicGen,fakemusiccaps,family,StableAudio,StableAudio,1102,1104,0.9085588784555091
sofia_vag,fakemusiccaps__without_MusicGen,fakemusiccaps,generator,AudioLDM,audioldm2,1102,1104,0.9174360188326889
sofia_vag,fakemusiccaps__without_MusicGen,fakemusiccaps,generator,MusicGen,MusicGen_medium,1102,1104,0.9175806833425393
sofia_vag,fakemusiccaps__without_MusicGen,fakemusiccaps,generator,MusicLDM,musicldm,1102,1104,0.9214052513217077
sofia_vag,fakemusiccaps__without_MusicGen,fakemusiccaps,generator,Mustango,mustango,1102,1104,0.9424457179305084
sofia_vag,fakemusiccaps__without_MusicGen,fakemusiccaps,generator,StableAudio,stable_audio_open,1102,1104,0.9085588784555091
sofia_vag,fakemusiccaps__count_control_MusicGen,fakemusiccaps,family,AudioLDM,AudioLDM,1102,1104,0.945663681317236
sofia_vag,fakemusiccaps__count_control_MusicGen,fakemusiccaps,family,MusicGen,MusicGen,1102,1104,0.959693672900392
sofia_vag,fakemusiccaps__count_control_MusicGen,fakemusiccaps,family,MusicLDM,MusicLDM,1102,1104,0.9507318709066519
sofia_vag,fakemusiccaps__count_control_MusicGen,fakemusiccaps,family,Mustango,Mustango,1102,1104,0.9452058510218575
sofia_vag,fakemusiccaps__count_control_MusicGen,fakemusiccaps,family,StableAudio,StableAudio,1102,1104,0.9106219916357612
sofia_vag,fakemusiccaps__count_control_MusicGen,fakemusiccaps,generator,AudioLDM,audioldm2,1102,1104,0.945663681317236
sofia_vag,fakemusiccaps__count_control_MusicGen,fakemusiccaps,generator,MusicGen,MusicGen_medium,1102,1104,0.959693672900392
sofia_vag,fakemusiccaps__count_control_MusicGen,fakemusiccaps,generator,MusicLDM,musicldm,1102,1104,0.9507318709066519
sofia_vag,fakemusiccaps__count_control_MusicGen,fakemusiccaps,generator,Mustango,mustango,1102,1104,0.9452058510218575
sofia_vag,fakemusiccaps__count_control_MusicGen,fakemusiccaps,generator,StableAudio,stable_audio_open,1102,1104,0.9106219916357612
sofia_vag,artifactbench__without_StableAudio,artifactbench,family,DiffRhythm,DiffRhythm,860,100,0.9858372093023255
sofia_vag,artifactbench__without_StableAudio,artifactbench,family,MusicGen,MusicGen,860,90,0.9992377260981912
sofia_vag,artifactbench__without_StableAudio,artifactbench,family,Riffusion,Riffusion,860,130,0.9389624329159212
sofia_vag,artifactbench__without_StableAudio,artifactbench,family,StableAudio,StableAudio,860,100,0.9877441860465116
sofia_vag,artifactbench__without_StableAudio,artifactbench,family,Suno,Suno,860,479,0.9501189493615575
sofia_vag,artifactbench__without_StableAudio,artifactbench,family,Udio,Udio,860,405,0.8931639391329314
sofia_vag,artifactbench__without_StableAudio,artifactbench,family,Yue,Yue,860,100,0.896546511627907
sofia_vag,artifactbench__without_StableAudio,artifactbench,generator,DiffRhythm,DiffRhythm,860,100,0.9858372093023255
sofia_vag,artifactbench__without_StableAudio,artifactbench,generator,MusicGen,MusicGen Large,860,30,0.9993798449612403
sofia_vag,artifactbench__without_StableAudio,artifactbench,generator,MusicGen,MusicGen Medium,860,30,0.999108527131783
sofia_vag,artifactbench__without_StableAudio,artifactbench,generator,MusicGen,MusicGen Small,860,30,0.9992248062015504
sofia_vag,artifactbench__without_StableAudio,artifactbench,generator,Riffusion,Riffusion,860,100,0.9283372093023256
sofia_vag,artifactbench__without_StableAudio,artifactbench,generator,Riffusion,Riffusion (AIME),860,30,0.9743798449612403
sofia_vag,artifactbench__without_StableAudio,artifactbench,generator,StableAudio,Stable Audio v1,860,50,0.9952558139534884
sofia_vag,artifactbench__without_StableAudio,artifactbench,generator,StableAudio,Stable Audio v2,860,50,0.9802325581395348
sofia_vag,artifactbench__without_StableAudio,artifactbench,generator,Suno,Google Chirp v2 XXL,860,80,1.0
sofia_vag,artifactbench__without_StableAudio,artifactbench,generator,Suno,Google Chirp v3,860,80,1.0
sofia_vag,artifactbench__without_StableAudio,artifactbench,generator,Suno,Google Chirp v3.5,860,80,1.0
sofia_vag,artifactbench__without_StableAudio,artifactbench,generator,Suno,Suno (mixed),860,80,0.8970058139534884
sofia_vag,artifactbench__without_StableAudio,artifactbench,generator,Suno,Suno v3,860,30,0.9850000000000001
sofia_vag,artifactbench__without_StableAudio,artifactbench,generator,Suno,Suno v3.5,860,29,0.969887730553328
sofia_vag,artifactbench__without_StableAudio,artifactbench,generator,Suno,Suno v4,860,100,0.8566976744186046
sofia_vag,artifactbench__without_StableAudio,artifactbench,generator,Udio,Udio,860,100,0.7883720930232558
sofia_vag,artifactbench__without_StableAudio,artifactbench,generator,Udio,Udio (AIME),860,30,0.8672093023255814
sofia_vag,artifactbench__without_StableAudio,artifactbench,generator,Udio,Udio (SONICS 120s),860,80,0.9999854651162791
sofia_vag,artifactbench__without_StableAudio,artifactbench,generator,Udio,Udio (SONICS 30s),860,80,0.9997819767441861
sofia_vag,artifactbench__without_StableAudio,artifactbench,generator,Udio,Udio (mixed),860,80,0.8416279069767442
sofia_vag,artifactbench__without_StableAudio,artifactbench,generator,Udio,Udio CDN,860,18,0.8433462532299741
sofia_vag,artifactbench__without_StableAudio,artifactbench,generator,Udio,Udio CDN Latest,860,17,0.8462380300957593
sofia_vag,artifactbench__without_StableAudio,artifactbench,generator,Yue,Yue,860,100,0.896546511627907
sofia_vag,artifactbench__count_control_StableAudio,artifactbench,family,DiffRhythm,DiffRhythm,860,100,0.9877674418604651
sofia_vag,artifactbench__count_control_StableAudio,artifactbench,family,MusicGen,MusicGen,860,90,0.9984883720930232
sofia_vag,artifactbench__count_control_StableAudio,artifactbench,family,Riffusion,Riffusion,860,130,0.9374060822898033
sofia_vag,artifactbench__count_control_StableAudio,artifactbench,family,StableAudio,StableAudio,860,100,0.9954069767441861
sofia_vag,artifactbench__count_control_StableAudio,artifactbench,family,Suno,Suno,860,479,0.9581808030295674
sofia_vag,artifactbench__count_control_StableAudio,artifactbench,family,Udio,Udio,860,405,0.8748291702555268
sofia_vag,artifactbench__count_control_StableAudio,artifactbench,family,Yue,Yue,860,100,0.9171511627906976
sofia_vag,artifactbench__count_control_StableAudio,artifactbench,generator,DiffRhythm,DiffRhythm,860,100,0.9877674418604651
sofia_vag,artifactbench__count_control_StableAudio,artifactbench,generator,MusicGen,MusicGen Large,860,30,0.9986821705426356
sofia_vag,artifactbench__count_control_StableAudio,artifactbench,generator,MusicGen,MusicGen Medium,860,30,0.9986821705426356
sofia_vag,artifactbench__count_control_StableAudio,artifactbench,generator,MusicGen,MusicGen Small,860,30,0.9981007751937985
sofia_vag,artifactbench__count_control_StableAudio,artifactbench,generator,Riffusion,Riffusion,860,100,0.9256627906976744
sofia_vag,artifactbench__count_control_StableAudio,artifactbench,generator,Riffusion,Riffusion (AIME),860,30,0.9765503875968993
sofia_vag,artifactbench__count_control_StableAudio,artifactbench,generator,StableAudio,Stable Audio v1,860,50,0.9971860465116279
sofia_vag,artifactbench__count_control_StableAudio,artifactbench,generator,StableAudio,Stable Audio v2,860,50,0.9936279069767442
sofia_vag,artifactbench__count_control_StableAudio,artifactbench,generator,Suno,Google Chirp v2 XXL,860,80,1.0
sofia_vag,artifactbench__count_control_StableAudio,artifactbench,generator,Suno,Google Chirp v3,860,80,1.0
sofia_vag,artifactbench__count_control_StableAudio,artifactbench,generator,Suno,Google Chirp v3.5,860,80,1.0
sofia_vag,artifactbench__count_control_StableAudio,artifactbench,generator,Suno,Suno (mixed),860,80,0.9047529069767442
sofia_vag,artifactbench__count_control_StableAudio,artifactbench,generator,Suno,Suno v3,860,30,0.9910465116279069
sofia_vag,artifactbench__count_control_StableAudio,artifactbench,generator,Suno,Suno v3.5,860,29,0.9755813953488373
sofia_vag,artifactbench__count_control_StableAudio,artifactbench,generator,Suno,Suno v4,860,100,0.8856511627906977
sofia_vag,artifactbench__count_control_StableAudio,artifactbench,generator,Udio,Udio,860,100,0.7615813953488373
sofia_vag,artifactbench__count_control_StableAudio,artifactbench,generator,Udio,Udio (AIME),860,30,0.862093023255814
sofia_vag,artifactbench__count_control_StableAudio,artifactbench,generator,Udio,Udio (SONICS 120s),860,80,1.0
sofia_vag,artifactbench__count_control_StableAudio,artifactbench,generator,Udio,Udio (SONICS 30s),860,80,0.9997093023255814
sofia_vag,artifactbench__count_control_StableAudio,artifactbench,generator,Udio,Udio (mixed),860,80,0.8095639534883721
sofia_vag,artifactbench__count_control_StableAudio,artifactbench,generator,Udio,Udio CDN,860,18,0.7994832041343669
sofia_vag,artifactbench__count_control_StableAudio,artifactbench,generator,Udio,Udio CDN Latest,860,17,0.7736662106703146
sofia_vag,artifactbench__count_control_StableAudio,artifactbench,generator,Yue,Yue,860,100,0.9171511627906976
sofia_vag,artifactbench__without_DiffRhythm,artifactbench,family,DiffRhythm,DiffRhythm,860,100,0.8887209302325582
sofia_vag,artifactbench__without_DiffRhythm,artifactbench,family,MusicGen,MusicGen,860,90,0.9991989664082688
sofia_vag,artifactbench__without_DiffRhythm,artifactbench,family,Riffusion,Riffusion,860,130,0.8931395348837209
sofia_vag,artifactbench__without_DiffRhythm,artifactbench,family,StableAudio,StableAudio,860,100,0.995453488372093
sofia_vag,artifactbench__without_DiffRhythm,artifactbench,family,Suno,Suno,860,479,0.9266264504539496
sofia_vag,artifactbench__without_DiffRhythm,artifactbench,family,Udio,Udio,860,405,0.8700057421762848
sofia_vag,artifactbench__without_DiffRhythm,artifactbench,family,Yue,Yue,860,100,0.8746162790697675
sofia_vag,artifactbench__without_DiffRhythm,artifactbench,generator,DiffRhythm,DiffRhythm,860,100,0.8887209302325582
sofia_vag,artifactbench__without_DiffRhythm,artifactbench,generator,MusicGen,MusicGen Large,860,30,0.9996899224806202
sofia_vag,artifactbench__without_DiffRhythm,artifactbench,generator,MusicGen,MusicGen Medium,860,30,0.9992635658914729
sofia_vag,artifactbench__without_DiffRhythm,artifactbench,generator,MusicGen,MusicGen Small,860,30,0.9986434108527131
sofia_vag,artifactbench__without_DiffRhythm,artifactbench,generator,Riffusion,Riffusion,860,100,0.8819186046511629
sofia_vag,artifactbench__without_DiffRhythm,artifactbench,generator,Riffusion,Riffusion (AIME),860,30,0.9305426356589147
sofia_vag,artifactbench__without_DiffRhythm,artifactbench,generator,StableAudio,Stable Audio v1,860,50,0.9974186046511628
sofia_vag,artifactbench__without_DiffRhythm,artifactbench,generator,StableAudio,Stable Audio v2,860,50,0.9934883720930232
sofia_vag,artifactbench__without_DiffRhythm,artifactbench,generator,Suno,Google Chirp v2 XXL,860,80,1.0
sofia_vag,artifactbench__without_DiffRhythm,artifactbench,generator,Suno,Google Chirp v3,860,80,1.0
sofia_vag,artifactbench__without_DiffRhythm,artifactbench,generator,Suno,Google Chirp v3.5,860,80,1.0
sofia_vag,artifactbench__without_DiffRhythm,artifactbench,generator,Suno,Suno (mixed),860,80,0.8298037790697674
sofia_vag,artifactbench__without_DiffRhythm,artifactbench,generator,Suno,Suno v3,860,30,0.9834108527131783
sofia_vag,artifactbench__without_DiffRhythm,artifactbench,generator,Suno,Suno v3.5,860,29,0.9740577385725742
sofia_vag,artifactbench__without_DiffRhythm,artifactbench,generator,Suno,Suno v4,860,100,0.7971976744186047
sofia_vag,artifactbench__without_DiffRhythm,artifactbench,generator,Udio,Udio,860,100,0.7352325581395348
sofia_vag,artifactbench__without_DiffRhythm,artifactbench,generator,Udio,Udio (AIME),860,30,0.8589147286821706
sofia_vag,artifactbench__without_DiffRhythm,artifactbench,generator,Udio,Udio (SONICS 120s),860,80,0.9997819767441861
sofia_vag,artifactbench__without_DiffRhythm,artifactbench,generator,Udio,Udio (SONICS 30s),860,80,0.9985901162790697
sofia_vag,artifactbench__without_DiffRhythm,artifactbench,generator,Udio,Udio (mixed),860,80,0.817296511627907
sofia_vag,artifactbench__without_DiffRhythm,artifactbench,generator,Udio,Udio CDN,860,18,0.7874031007751938
sofia_vag,artifactbench__without_DiffRhythm,artifactbench,generator,Udio,Udio CDN Latest,860,17,0.8020519835841313
sofia_vag,artifactbench__without_DiffRhythm,artifactbench,generator,Yue,Yue,860,100,0.8746162790697675
sofia_vag,artifactbench__count_control_DiffRhythm,artifactbench,family,DiffRhythm,DiffRhythm,860,100,0.9704302325581395
sofia_vag,artifactbench__count_control_DiffRhythm,artifactbench,family,MusicGen,MusicGen,860,90,0.9985271317829457
sofia_vag,artifactbench__count_control_DiffRhythm,artifactbench,family,Riffusion,Riffusion,860,130,0.9166547406082289
sofia_vag,artifactbench__count_control_DiffRhythm,artifactbench,family,StableAudio,StableAudio,860,100,0.9945697674418604
sofia_vag,artifactbench__count_control_DiffRhythm,artifactbench,family,Suno,Suno,860,479,0.944494343836481
sofia_vag,artifactbench__count_control_DiffRhythm,artifactbench,family,Udio,Udio,860,405,0.862078667815102
sofia_vag,artifactbench__count_control_DiffRhythm,artifactbench,family,Yue,Yue,860,100,0.8906279069767442
sofia_vag,artifactbench__count_control_DiffRhythm,artifactbench,generator,DiffRhythm,DiffRhythm,860,100,0.9704302325581395
sofia_vag,artifactbench__count_control_DiffRhythm,artifactbench,generator,MusicGen,MusicGen Large,860,30,0.9985271317829457
sofia_vag,artifactbench__count_control_DiffRhythm,artifactbench,generator,MusicGen,MusicGen Medium,860,30,0.9986434108527132
sofia_vag,artifactbench__count_control_DiffRhythm,artifactbench,generator,MusicGen,MusicGen Small,860,30,0.9984108527131783
sofia_vag,artifactbench__count_control_DiffRhythm,artifactbench,generator,Riffusion,Riffusion,860,100,0.9076162790697675
sofia_vag,artifactbench__count_control_DiffRhythm,artifactbench,generator,Riffusion,Riffusion (AIME),860,30,0.9467829457364341
sofia_vag,artifactbench__count_control_DiffRhythm,artifactbench,generator,StableAudio,Stable Audio v1,860,50,0.9970697674418605
sofia_vag,artifactbench__count_control_DiffRhythm,artifactbench,generator,StableAudio,Stable Audio v2,860,50,0.9920697674418604
sofia_vag,artifactbench__count_control_DiffRhythm,artifactbench,generator,Suno,Google Chirp v2 XXL,860,80,1.0
sofia_vag,artifactbench__count_control_DiffRhythm,artifactbench,generator,Suno,Google Chirp v3,860,80,1.0
sofia_vag,artifactbench__count_control_DiffRhythm,artifactbench,generator,Suno,Google Chirp v3.5,860,80,0.9999709302325581
sofia_vag,artifactbench__count_control_DiffRhythm,artifactbench,generator,Suno,Suno (mixed),860,80,0.8694767441860465
sofia_vag,artifactbench__count_control_DiffRhythm,artifactbench,generator,Suno,Suno v3,860,30,0.9735658914728682
sofia_vag,artifactbench__count_control_DiffRhythm,artifactbench,generator,Suno,Suno v3.5,860,29,0.9638732959101844
sofia_vag,artifactbench__count_control_DiffRhythm,artifactbench,generator,Suno,Suno v4,860,100,0.8569767441860465
sofia_vag,artifactbench__count_control_DiffRhythm,artifactbench,generator,Udio,Udio,860,100,0.7463488372093022
sofia_vag,artifactbench__count_control_DiffRhythm,artifactbench,generator,Udio,Udio (AIME),860,30,0.8253100775193798
sofia_vag,artifactbench__count_control_DiffRhythm,artifactbench,generator,Udio,Udio (SONICS 120s),860,80,0.9997093023255814
sofia_vag,artifactbench__count_control_DiffRhythm,artifactbench,generator,Udio,Udio (SONICS 30s),860,80,0.9991715116279071
sofia_vag,artifactbench__count_control_DiffRhythm,artifactbench,generator,Udio,Udio (mixed),860,80,0.788561046511628
sofia_vag,artifactbench__count_control_DiffRhythm,artifactbench,generator,Udio,Udio CDN,860,18,0.7798449612403101
sofia_vag,artifactbench__count_control_DiffRhythm,artifactbench,generator,Udio,Udio CDN Latest,860,17,0.7479480164158687
sofia_vag,artifactbench__count_control_DiffRhythm,artifactbench,generator,Yue,Yue,860,100,0.8906279069767442
sofia_vag,echoes__without_StableAudio,echoes,family,AceStep,AceStep,59,57,0.9967291109128754
sofia_vag,echoes__without_StableAudio,echoes,family,AudioLDM,AudioLDM,59,115,1.0
sofia_vag,echoes__without_StableAudio,echoes,family,Brev,Brev,59,68,0.8484546360917248
sofia_vag,echoes__without_StableAudio,echoes,family,DiffRhythm,DiffRhythm,59,120,0.9901129943502824
sofia_vag,echoes__without_StableAudio,echoes,family,Mubert,Mubert,59,32,0.7176906779661018
sofia_vag,echoes__without_StableAudio,echoes,family,Producer,Producer,59,68,0.9426719840478565
sofia_vag,echoes__without_StableAudio,echoes,family,SongGen,SongGen,59,111,0.9996946098641014
sofia_vag,echoes__without_StableAudio,echoes,family,StableAudio,StableAudio,59,35,0.8944309927360774
sofia_vag,echoes__without_StableAudio,echoes,family,Suno,Suno,59,68,0.814556331006979
sofia_vag,echoes__without_StableAudio,echoes,family,Udio,Udio,59,68,0.8579262213359921
sofia_vag,echoes__without_StableAudio,echoes,generator,AceStep,acestep,59,57,0.9967291109128754
sofia_vag,echoes__without_StableAudio,echoes,generator,AudioLDM,audioldm,59,115,1.0
sofia_vag,echoes__without_StableAudio,echoes,generator,Brev,brev,59,68,0.8484546360917248
sofia_vag,echoes__without_StableAudio,echoes,generator,DiffRhythm,diffrhythm,59,120,0.9901129943502824
sofia_vag,echoes__without_StableAudio,echoes,generator,Mubert,mubert,59,32,0.7176906779661018
sofia_vag,echoes__without_StableAudio,echoes,generator,Producer,producer,59,68,0.9426719840478565
sofia_vag,echoes__without_StableAudio,echoes,generator,SongGen,songgen,59,111,0.9996946098641014
sofia_vag,echoes__without_StableAudio,echoes,generator,StableAudio,stableaudio,59,35,0.8944309927360774
sofia_vag,echoes__without_StableAudio,echoes,generator,Suno,suno,59,68,0.814556331006979
sofia_vag,echoes__without_StableAudio,echoes,generator,Udio,udio,59,68,0.8579262213359921
sofia_vag,echoes__count_control_StableAudio,echoes,family,AceStep,AceStep,59,57,0.9928635147190009
sofia_vag,echoes__count_control_StableAudio,echoes,family,AudioLDM,AudioLDM,59,115,0.999852616064849
sofia_vag,echoes__count_control_StableAudio,echoes,family,Brev,Brev,59,68,0.8409770687936192
sofia_vag,echoes__count_control_StableAudio,echoes,family,DiffRhythm,DiffRhythm,59,120,0.9871468926553673
sofia_vag,echoes__count_control_StableAudio,echoes,family,Mubert,Mubert,59,32,0.638771186440678
sofia_vag,echoes__count_control_StableAudio,echoes,family,Producer,Producer,59,68,0.9436689930209372
sofia_vag,echoes__count_control_StableAudio,echoes,family,SongGen,SongGen,59,111,0.9996946098641014
sofia_vag,echoes__count_control_StableAudio,echoes,family,StableAudio,StableAudio,59,35,0.9012106537530267
sofia_vag,echoes__count_control_StableAudio,echoes,family,Suno,Suno,59,68,0.8479561316051845
sofia_vag,echoes__count_control_StableAudio,echoes,family,Udio,Udio,59,68,0.8060817547357926
sofia_vag,echoes__count_control_StableAudio,echoes,generator,AceStep,acestep,59,57,0.9928635147190009
sofia_vag,echoes__count_control_StableAudio,echoes,generator,AudioLDM,audioldm,59,115,0.999852616064849
sofia_vag,echoes__count_control_StableAudio,echoes,generator,Brev,brev,59,68,0.8409770687936192
sofia_vag,echoes__count_control_StableAudio,echoes,generator,DiffRhythm,diffrhythm,59,120,0.9871468926553673
sofia_vag,echoes__count_control_StableAudio,echoes,generator,Mubert,mubert,59,32,0.638771186440678
sofia_vag,echoes__count_control_StableAudio,echoes,generator,Producer,producer,59,68,0.9436689930209372
sofia_vag,echoes__count_control_StableAudio,echoes,generator,SongGen,songgen,59,111,0.9996946098641014
sofia_vag,echoes__count_control_StableAudio,echoes,generator,StableAudio,stableaudio,59,35,0.9012106537530267
sofia_vag,echoes__count_control_StableAudio,echoes,generator,Suno,suno,59,68,0.8479561316051845
sofia_vag,echoes__count_control_StableAudio,echoes,generator,Udio,udio,59,68,0.8060817547357926
sofia_vag,echoes__without_AudioLDM,echoes,family,AceStep,AceStep,59,57,0.9872137972048766
sofia_vag,echoes__without_AudioLDM,echoes,family,AudioLDM,AudioLDM,59,115,0.9966101694915255
sofia_vag,echoes__without_AudioLDM,echoes,family,Brev,Brev,59,68,0.8631605184446659
sofia_vag,echoes__without_AudioLDM,echoes,family,DiffRhythm,DiffRhythm,59,120,0.9834745762711864
sofia_vag,echoes__without_AudioLDM,echoes,family,Mubert,Mubert,59,32,0.7309322033898304
sofia_vag,echoes__without_AudioLDM,echoes,family,Producer,Producer,59,68,0.9556331006979063
sofia_vag,echoes__without_AudioLDM,echoes,family,SongGen,SongGen,59,111,0.9986257443884563
sofia_vag,echoes__without_AudioLDM,echoes,family,StableAudio,StableAudio,59,35,0.9278450363196126
sofia_vag,echoes__without_AudioLDM,echoes,family,Suno,Suno,59,68,0.8270189431704885
sofia_vag,echoes__without_AudioLDM,echoes,family,Udio,Udio,59,68,0.8190428713858424
sofia_vag,echoes__without_AudioLDM,echoes,generator,AceStep,acestep,59,57,0.9872137972048766
sofia_vag,echoes__without_AudioLDM,echoes,generator,AudioLDM,audioldm,59,115,0.9966101694915255
sofia_vag,echoes__without_AudioLDM,echoes,generator,Brev,brev,59,68,0.8631605184446659
sofia_vag,echoes__without_AudioLDM,echoes,generator,DiffRhythm,diffrhythm,59,120,0.9834745762711864
sofia_vag,echoes__without_AudioLDM,echoes,generator,Mubert,mubert,59,32,0.7309322033898304
sofia_vag,echoes__without_AudioLDM,echoes,generator,Producer,producer,59,68,0.9556331006979063
sofia_vag,echoes__without_AudioLDM,echoes,generator,SongGen,songgen,59,111,0.9986257443884563
sofia_vag,echoes__without_AudioLDM,echoes,generator,StableAudio,stableaudio,59,35,0.9278450363196126
sofia_vag,echoes__without_AudioLDM,echoes,generator,Suno,suno,59,68,0.8270189431704885
sofia_vag,echoes__without_AudioLDM,echoes,generator,Udio,udio,59,68,0.8190428713858424
sofia_vag,echoes__count_control_AudioLDM,echoes,family,AceStep,AceStep,59,57,0.9937555753791257
sofia_vag,echoes__count_control_AudioLDM,echoes,family,AudioLDM,AudioLDM,59,115,0.999852616064849
sofia_vag,echoes__count_control_AudioLDM,echoes,family,Brev,Brev,59,68,0.8439680957128615
sofia_vag,echoes__count_control_AudioLDM,echoes,family,DiffRhythm,DiffRhythm,59,120,0.9874293785310735
sofia_vag,echoes__count_control_AudioLDM,echoes,family,Mubert,Mubert,59,32,0.7282838983050848
sofia_vag,echoes__count_control_AudioLDM,echoes,family,Producer,Producer,59,68,0.9508973080757727
sofia_vag,echoes__count_control_AudioLDM,echoes,family,SongGen,SongGen,59,111,0.9993892197282028
sofia_vag,echoes__count_control_AudioLDM,echoes,family,StableAudio,StableAudio,59,35,0.9326876513317192
sofia_vag,echoes__count_control_AudioLDM,echoes,family,Suno,Suno,59,68,0.8125623130608175
sofia_vag,echoes__count_control_AudioLDM,echoes,family,Udio,Udio,59,68,0.8045862412761715
sofia_vag,echoes__count_control_AudioLDM,echoes,generator,AceStep,acestep,59,57,0.9937555753791257
sofia_vag,echoes__count_control_AudioLDM,echoes,generator,AudioLDM,audioldm,59,115,0.999852616064849
sofia_vag,echoes__count_control_AudioLDM,echoes,generator,Brev,brev,59,68,0.8439680957128615
sofia_vag,echoes__count_control_AudioLDM,echoes,generator,DiffRhythm,diffrhythm,59,120,0.9874293785310735
sofia_vag,echoes__count_control_AudioLDM,echoes,generator,Mubert,mubert,59,32,0.7282838983050848
sofia_vag,echoes__count_control_AudioLDM,echoes,generator,Producer,producer,59,68,0.9508973080757727
sofia_vag,echoes__count_control_AudioLDM,echoes,generator,SongGen,songgen,59,111,0.9993892197282028
sofia_vag,echoes__count_control_AudioLDM,echoes,generator,StableAudio,stableaudio,59,35,0.9326876513317192
sofia_vag,echoes__count_control_AudioLDM,echoes,generator,Suno,suno,59,68,0.8125623130608175
sofia_vag,echoes__count_control_AudioLDM,echoes,generator,Udio,udio,59,68,0.8045862412761715
sofia_vag,echoes__without_DiffRhythm,echoes,family,AceStep,AceStep,59,57,0.9940529289325007
sofia_vag,echoes__without_DiffRhythm,echoes,family,AudioLDM,AudioLDM,59,115,1.0
sofia_vag,echoes__without_DiffRhythm,echoes,family,Brev,Brev,59,68,0.8873379860418743
sofia_vag,echoes__without_DiffRhythm,echoes,family,DiffRhythm,DiffRhythm,59,120,0.9810734463276836
sofia_vag,echoes__without_DiffRhythm,echoes,family,Mubert,Mubert,59,32,0.6641949152542374
sofia_vag,echoes__without_DiffRhythm,echoes,family,Producer,Producer,59,68,0.9461615154536391
sofia_vag,echoes__without_DiffRhythm,echoes,family,SongGen,SongGen,59,111,0.9995419147961522
sofia_vag,echoes__without_DiffRhythm,echoes,family,StableAudio,StableAudio,59,35,0.9065375302663439
sofia_vag,echoes__without_DiffRhythm,echoes,family,Suno,Suno,59,68,0.827766699900299
sofia_vag,echoes__without_DiffRhythm,echoes,family,Udio,Udio,59,68,0.8377367896311066
sofia_vag,echoes__without_DiffRhythm,echoes,generator,AceStep,acestep,59,57,0.9940529289325007
sofia_vag,echoes__without_DiffRhythm,echoes,generator,AudioLDM,audioldm,59,115,1.0
sofia_vag,echoes__without_DiffRhythm,echoes,generator,Brev,brev,59,68,0.8873379860418743
sofia_vag,echoes__without_DiffRhythm,echoes,generator,DiffRhythm,diffrhythm,59,120,0.9810734463276836
sofia_vag,echoes__without_DiffRhythm,echoes,generator,Mubert,mubert,59,32,0.6641949152542374
sofia_vag,echoes__without_DiffRhythm,echoes,generator,Producer,producer,59,68,0.9461615154536391
sofia_vag,echoes__without_DiffRhythm,echoes,generator,SongGen,songgen,59,111,0.9995419147961522
sofia_vag,echoes__without_DiffRhythm,echoes,generator,StableAudio,stableaudio,59,35,0.9065375302663439
sofia_vag,echoes__without_DiffRhythm,echoes,generator,Suno,suno,59,68,0.827766699900299
sofia_vag,echoes__without_DiffRhythm,echoes,generator,Udio,udio,59,68,0.8377367896311066
sofia_vag,echoes__count_control_DiffRhythm,echoes,family,AceStep,AceStep,59,57,0.992268807612251
sofia_vag,echoes__count_control_DiffRhythm,echoes,family,AudioLDM,AudioLDM,59,115,1.0
sofia_vag,echoes__count_control_DiffRhythm,echoes,family,Brev,Brev,59,68,0.861665004985045
sofia_vag,echoes__count_control_DiffRhythm,echoes,family,DiffRhythm,DiffRhythm,59,120,0.990677966101695
sofia_vag,echoes__count_control_DiffRhythm,echoes,family,Mubert,Mubert,59,32,0.732521186440678
sofia_vag,echoes__count_control_DiffRhythm,echoes,family,Producer,Producer,59,68,0.9399302093718843
sofia_vag,echoes__count_control_DiffRhythm,echoes,family,SongGen,SongGen,59,111,0.9996946098641014
sofia_vag,echoes__count_control_DiffRhythm,echoes,family,StableAudio,StableAudio,59,35,0.9055690072639225
sofia_vag,echoes__count_control_DiffRhythm,echoes,family,Suno,Suno,59,68,0.844715852442672
sofia_vag,echoes__count_control_DiffRhythm,echoes,family,Udio,Udio,59,68,0.8068295114656031
sofia_vag,echoes__count_control_DiffRhythm,echoes,generator,AceStep,acestep,59,57,0.992268807612251
sofia_vag,echoes__count_control_DiffRhythm,echoes,generator,AudioLDM,audioldm,59,115,1.0
sofia_vag,echoes__count_control_DiffRhythm,echoes,generator,Brev,brev,59,68,0.861665004985045
sofia_vag,echoes__count_control_DiffRhythm,echoes,generator,DiffRhythm,diffrhythm,59,120,0.990677966101695
sofia_vag,echoes__count_control_DiffRhythm,echoes,generator,Mubert,mubert,59,32,0.732521186440678
sofia_vag,echoes__count_control_DiffRhythm,echoes,generator,Producer,producer,59,68,0.9399302093718843
sofia_vag,echoes__count_control_DiffRhythm,echoes,generator,SongGen,songgen,59,111,0.9996946098641014
sofia_vag,echoes__count_control_DiffRhythm,echoes,generator,StableAudio,stableaudio,59,35,0.9055690072639225
sofia_vag,echoes__count_control_DiffRhythm,echoes,generator,Suno,suno,59,68,0.844715852442672
sofia_vag,echoes__count_control_DiffRhythm,echoes,generator,Udio,udio,59,68,0.8068295114656031
sofia_vag,fakemusiccaps__without_StableAudio,fakemusiccaps,family,AudioLDM,AudioLDM,1102,1104,0.9396140745416766
sofia_vag,fakemusiccaps__without_StableAudio,fakemusiccaps,family,MusicGen,MusicGen,1102,1104,0.9318482206265288
sofia_vag,fakemusiccaps__without_StableAudio,fakemusiccaps,family,MusicLDM,MusicLDM,1102,1104,0.92225926510429
sofia_vag,fakemusiccaps__without_StableAudio,fakemusiccaps,family,Mustango,Mustango,1102,1104,0.9346071207817144
sofia_vag,fakemusiccaps__without_StableAudio,fakemusiccaps,family,StableAudio,StableAudio,1102,1104,0.877923702622373
sofia_vag,fakemusiccaps__without_StableAudio,fakemusiccaps,generator,AudioLDM,audioldm2,1102,1104,0.9396140745416766
sofia_vag,fakemusiccaps__without_StableAudio,fakemusiccaps,generator,MusicGen,MusicGen_medium,1102,1104,0.9318482206265288
sofia_vag,fakemusiccaps__without_StableAudio,fakemusiccaps,generator,MusicLDM,musicldm,1102,1104,0.92225926510429
sofia_vag,fakemusiccaps__without_StableAudio,fakemusiccaps,generator,Mustango,mustango,1102,1104,0.9346071207817144
sofia_vag,fakemusiccaps__without_StableAudio,fakemusiccaps,generator,StableAudio,stable_audio_open,1102,1104,0.877923702622373
sofia_vag,fakemusiccaps__count_control_StableAudio,fakemusiccaps,family,AudioLDM,AudioLDM,1102,1104,0.9352001630763566
sofia_vag,fakemusiccaps__count_control_StableAudio,fakemusiccaps,family,MusicGen,MusicGen,1102,1104,0.9465218048870302
sofia_vag,fakemusiccaps__count_control_StableAudio,fakemusiccaps,family,MusicLDM,MusicLDM,1102,1104,0.9301171782529788
sofia_vag,fakemusiccaps__count_control_StableAudio,fakemusiccaps,family,Mustango,Mustango,1102,1104,0.9417240392961415
sofia_vag,fakemusiccaps__count_control_StableAudio,fakemusiccaps,family,StableAudio,StableAudio,1102,1104,0.9236220705436754
sofia_vag,fakemusiccaps__count_control_StableAudio,fakemusiccaps,generator,AudioLDM,audioldm2,1102,1104,0.9352001630763566
sofia_vag,fakemusiccaps__count_control_StableAudio,fakemusiccaps,generator,MusicGen,MusicGen_medium,1102,1104,0.9465218048870302
sofia_vag,fakemusiccaps__count_control_StableAudio,fakemusiccaps,generator,MusicLDM,musicldm,1102,1104,0.9301171782529788
sofia_vag,fakemusiccaps__count_control_StableAudio,fakemusiccaps,generator,Mustango,mustango,1102,1104,0.9417240392961415
sofia_vag,fakemusiccaps__count_control_StableAudio,fakemusiccaps,generator,StableAudio,stable_audio_open,1102,1104,0.9236220705436754
sofia_vag,fakemusiccaps__without_AudioLDM,fakemusiccaps,family,AudioLDM,AudioLDM,1102,1104,0.9455773757857913
sofia_vag,fakemusiccaps__without_AudioLDM,fakemusiccaps,family,MusicGen,MusicGen,1102,1104,0.9386638917383412
sofia_vag,fakemusiccaps__without_AudioLDM,fakemusiccaps,family,MusicLDM,MusicLDM,1102,1104,0.9355790854572714
sofia_vag,fakemusiccaps__without_AudioLDM,fakemusiccaps,family,Mustango,Mustango,1102,1104,0.942484349930298
sofia_vag,fakemusiccaps__without_AudioLDM,fakemusiccaps,family,StableAudio,StableAudio,1102,1104,0.8936567900260397
sofia_vag,fakemusiccaps__without_AudioLDM,fakemusiccaps,generator,AudioLDM,audioldm2,1102,1104,0.9455773757857913
sofia_vag,fakemusiccaps__without_AudioLDM,fakemusiccaps,generator,MusicGen,MusicGen_medium,1102,1104,0.9386638917383412
sofia_vag,fakemusiccaps__without_AudioLDM,fakemusiccaps,generator,MusicLDM,musicldm,1102,1104,0.9355790854572714
sofia_vag,fakemusiccaps__without_AudioLDM,fakemusiccaps,generator,Mustango,mustango,1102,1104,0.942484349930298
sofia_vag,fakemusiccaps__without_AudioLDM,fakemusiccaps,generator,StableAudio,stable_audio_open,1102,1104,0.8936567900260397
sofia_vag,fakemusiccaps__count_control_AudioLDM,fakemusiccaps,family,AudioLDM,AudioLDM,1102,1104,0.9404376758988926
sofia_vag,fakemusiccaps__count_control_AudioLDM,fakemusiccaps,family,MusicGen,MusicGen,1102,1104,0.9426339461848023
sofia_vag,fakemusiccaps__count_control_AudioLDM,fakemusiccaps,family,MusicLDM,MusicLDM,1102,1104,0.9312218890554723
sofia_vag,fakemusiccaps__count_control_AudioLDM,fakemusiccaps,family,Mustango,Mustango,1102,1104,0.9442737512822537
sofia_vag,fakemusiccaps__count_control_AudioLDM,fakemusiccaps,family,StableAudio,StableAudio,1102,1104,0.9099118204055867
sofia_vag,fakemusiccaps__count_control_AudioLDM,fakemusiccaps,generator,AudioLDM,audioldm2,1102,1104,0.9404376758988926
sofia_vag,fakemusiccaps__count_control_AudioLDM,fakemusiccaps,generator,MusicGen,MusicGen_medium,1102,1104,0.9426339461848023
sofia_vag,fakemusiccaps__count_control_AudioLDM,fakemusiccaps,generator,MusicLDM,musicldm,1102,1104,0.9312218890554723
sofia_vag,fakemusiccaps__count_control_AudioLDM,fakemusiccaps,generator,Mustango,mustango,1102,1104,0.9442737512822537
sofia_vag,fakemusiccaps__count_control_AudioLDM,fakemusiccaps,generator,StableAudio,stable_audio_open,1102,1104,0.9099118204055867
sofia_vag,artifactbench__fmc_fit_only,artifactbench,family,DiffRhythm,DiffRhythm,860,100,0.9582558139534885
sofia_vag,artifactbench__fmc_fit_only,artifactbench,family,MusicGen,MusicGen,860,90,0.9984108527131783
sofia_vag,artifactbench__fmc_fit_only,artifactbench,family,Riffusion,Riffusion,860,130,0.825706618962433
sofia_vag,artifactbench__fmc_fit_only,artifactbench,family,StableAudio,StableAudio,860,100,0.9936162790697673
sofia_vag,artifactbench__fmc_fit_only,artifactbench,family,Suno,Suno,860,479,0.8267757440403942
sofia_vag,artifactbench__fmc_fit_only,artifactbench,family,Udio,Udio,860,405,0.7517212173413723
sofia_vag,artifactbench__fmc_fit_only,artifactbench,family,Yue,Yue,860,100,0.8107325581395349
sofia_vag,artifactbench__fmc_fit_only,artifactbench,generator,DiffRhythm,DiffRhythm,860,100,0.9582558139534885
sofia_vag,artifactbench__fmc_fit_only,artifactbench,generator,MusicGen,MusicGen Large,860,30,0.9985271317829458
sofia_vag,artifactbench__fmc_fit_only,artifactbench,generator,MusicGen,MusicGen Medium,860,30,0.9974806201550388
sofia_vag,artifactbench__fmc_fit_only,artifactbench,generator,MusicGen,MusicGen Small,860,30,0.9992248062015504
sofia_vag,artifactbench__fmc_fit_only,artifactbench,generator,Riffusion,Riffusion,860,100,0.7817906976744187
sofia_vag,artifactbench__fmc_fit_only,artifactbench,generator,Riffusion,Riffusion (AIME),860,30,0.972093023255814
sofia_vag,artifactbench__fmc_fit_only,artifactbench,generator,StableAudio,Stable Audio v1,860,50,0.995953488372093
sofia_vag,artifactbench__fmc_fit_only,artifactbench,generator,StableAudio,Stable Audio v2,860,50,0.9912790697674418
sofia_vag,artifactbench__fmc_fit_only,artifactbench,generator,Suno,Google Chirp v2 XXL,860,80,0.9212209302325581
sofia_vag,artifactbench__fmc_fit_only,artifactbench,generator,Suno,Google Chirp v3,860,80,0.8820494186046511
sofia_vag,artifactbench__fmc_fit_only,artifactbench,generator,Suno,Google Chirp v3.5,860,80,0.8501598837209303
sofia_vag,artifactbench__fmc_fit_only,artifactbench,generator,Suno,Suno (mixed),860,80,0.7298982558139535
sofia_vag,artifactbench__fmc_fit_only,artifactbench,generator,Suno,Suno v3,860,30,0.986937984496124
sofia_vag,artifactbench__fmc_fit_only,artifactbench,generator,Suno,Suno v3.5,860,29,0.9672814755412991
sofia_vag,artifactbench__fmc_fit_only,artifactbench,generator,Suno,Suno v4,860,100,0.6769999999999999
sofia_vag,artifactbench__fmc_fit_only,artifactbench,generator,Udio,Udio,860,100,0.7183197674418603
sofia_vag,artifactbench__fmc_fit_only,artifactbench,generator,Udio,Udio (AIME),860,30,0.895968992248062
sofia_vag,artifactbench__fmc_fit_only,artifactbench,generator,Udio,Udio (SONICS 120s),860,80,0.7113662790697675
sofia_vag,artifactbench__fmc_fit_only,artifactbench,generator,Udio,Udio (SONICS 30s),860,80,0.8871366279069768
sofia_vag,artifactbench__fmc_fit_only,artifactbench,generator,Udio,Udio (mixed),860,80,0.6659738372093023
sofia_vag,artifactbench__fmc_fit_only,artifactbench,generator,Udio,Udio CDN,860,18,0.6898578811369509
sofia_vag,artifactbench__fmc_fit_only,artifactbench,generator,Udio,Udio CDN Latest,860,17,0.7153214774281805
sofia_vag,artifactbench__fmc_fit_only,artifactbench,generator,Yue,Yue,860,100,0.8107325581395349
comoe_dac,artifactbench__base,artifactbench,family,DiffRhythm,DiffRhythm,860,100,0.8865000000000001
comoe_dac,artifactbench__base,artifactbench,family,MusicGen,MusicGen,860,90,0.9191860465116279
comoe_dac,artifactbench__base,artifactbench,family,Riffusion,Riffusion,860,130,0.7301520572450806
comoe_dac,artifactbench__base,artifactbench,family,StableAudio,StableAudio,860,100,0.9395465116279069
comoe_dac,artifactbench__base,artifactbench,family,Suno,Suno,860,479,0.8716220808855658
comoe_dac,artifactbench__base,artifactbench,family,Udio,Udio,860,405,0.8642492104507609
comoe_dac,artifactbench__base,artifactbench,family,Yue,Yue,860,100,0.873203488372093
comoe_dac,artifactbench__base,artifactbench,generator,DiffRhythm,DiffRhythm,860,100,0.8865000000000001
comoe_dac,artifactbench__base,artifactbench,generator,MusicGen,MusicGen Large,860,30,0.9069379844961241
comoe_dac,artifactbench__base,artifactbench,generator,MusicGen,MusicGen Medium,860,30,0.9310077519379845
comoe_dac,artifactbench__base,artifactbench,generator,MusicGen,MusicGen Small,860,30,0.9196124031007752
comoe_dac,artifactbench__base,artifactbench,generator,Riffusion,Riffusion,860,100,0.7709069767441861
comoe_dac,artifactbench__base,artifactbench,generator,Riffusion,Riffusion (AIME),860,30,0.5943023255813954
comoe_dac,artifactbench__base,artifactbench,generator,StableAudio,Stable Audio v1,860,50,0.9528372093023256
comoe_dac,artifactbench__base,artifactbench,generator,StableAudio,Stable Audio v2,860,50,0.9262558139534883
comoe_dac,artifactbench__base,artifactbench,generator,Suno,Google Chirp v2 XXL,860,80,0.9170348837209301
comoe_dac,artifactbench__base,artifactbench,generator,Suno,Google Chirp v3,860,80,0.9969767441860465
comoe_dac,artifactbench__base,artifactbench,generator,Suno,Google Chirp v3.5,860,80,0.994578488372093
comoe_dac,artifactbench__base,artifactbench,generator,Suno,Suno (mixed),860,80,0.7581395348837209
comoe_dac,artifactbench__base,artifactbench,generator,Suno,Suno v3,860,30,0.9335271317829457
comoe_dac,artifactbench__base,artifactbench,generator,Suno,Suno v3.5,860,29,0.9411387329591019
comoe_dac,artifactbench__base,artifactbench,generator,Suno,Suno v4,860,100,0.6886976744186046
comoe_dac,artifactbench__base,artifactbench,generator,Udio,Udio,860,100,0.8202441860465115
comoe_dac,artifactbench__base,artifactbench,generator,Udio,Udio (AIME),860,30,0.885
comoe_dac,artifactbench__base,artifactbench,generator,Udio,Udio (SONICS 120s),860,80,0.9731686046511628
comoe_dac,artifactbench__base,artifactbench,generator,Udio,Udio (SONICS 30s),860,80,0.9642877906976743
comoe_dac,artifactbench__base,artifactbench,generator,Udio,Udio (mixed),860,80,0.7561773255813954
comoe_dac,artifactbench__base,artifactbench,generator,Udio,Udio CDN,860,18,0.7945090439276485
comoe_dac,artifactbench__base,artifactbench,generator,Udio,Udio CDN Latest,860,17,0.6855677154582763
comoe_dac,artifactbench__base,artifactbench,generator,Yue,Yue,860,100,0.873203488372093
comoe_dac,echoes__base,echoes,family,AceStep,AceStep,59,57,0.8667856080880166
comoe_dac,echoes__base,echoes,family,AudioLDM,AudioLDM,59,115,0.9438467207074429
comoe_dac,echoes__base,echoes,family,Brev,Brev,59,68,0.692173479561316
comoe_dac,echoes__base,echoes,family,DiffRhythm,DiffRhythm,59,120,0.5968926553672317
comoe_dac,echoes__base,echoes,family,Mubert,Mubert,59,32,0.732521186440678
comoe_dac,echoes__base,echoes,family,Producer,Producer,59,68,0.8392323030907278
comoe_dac,echoes__base,echoes,family,SongGen,SongGen,59,111,0.8760116048251643
comoe_dac,echoes__base,echoes,family,StableAudio,StableAudio,59,35,0.8058111380145279
comoe_dac,echoes__base,echoes,family,Suno,Suno,59,68,0.7036390827517448
comoe_dac,echoes__base,echoes,family,Udio,Udio,59,68,0.6453140578265205
comoe_dac,echoes__base,echoes,generator,AceStep,acestep,59,57,0.8667856080880166
comoe_dac,echoes__base,echoes,generator,AudioLDM,audioldm,59,115,0.9438467207074429
comoe_dac,echoes__base,echoes,generator,Brev,brev,59,68,0.692173479561316
comoe_dac,echoes__base,echoes,generator,DiffRhythm,diffrhythm,59,120,0.5968926553672317
comoe_dac,echoes__base,echoes,generator,Mubert,mubert,59,32,0.732521186440678
comoe_dac,echoes__base,echoes,generator,Producer,producer,59,68,0.8392323030907278
comoe_dac,echoes__base,echoes,generator,SongGen,songgen,59,111,0.8760116048251643
comoe_dac,echoes__base,echoes,generator,StableAudio,stableaudio,59,35,0.8058111380145279
comoe_dac,echoes__base,echoes,generator,Suno,suno,59,68,0.7036390827517448
comoe_dac,echoes__base,echoes,generator,Udio,udio,59,68,0.6453140578265205
comoe_dac,fakemusiccaps__base,fakemusiccaps,family,AudioLDM,AudioLDM,1102,1104,0.5786966714011416
comoe_dac,fakemusiccaps__base,fakemusiccaps,family,MusicGen,MusicGen,1102,1104,0.6612614745258949
comoe_dac,fakemusiccaps__base,fakemusiccaps,family,MusicLDM,MusicLDM,1102,1104,0.8544235283673952
comoe_dac,fakemusiccaps__base,fakemusiccaps,family,Mustango,Mustango,1102,1104,0.8823491214918856
comoe_dac,fakemusiccaps__base,fakemusiccaps,family,StableAudio,StableAudio,1102,1104,0.737055814198164
comoe_dac,fakemusiccaps__base,fakemusiccaps,generator,AudioLDM,audioldm2,1102,1104,0.5786966714011416
comoe_dac,fakemusiccaps__base,fakemusiccaps,generator,MusicGen,MusicGen_medium,1102,1104,0.6612614745258949
comoe_dac,fakemusiccaps__base,fakemusiccaps,generator,MusicLDM,musicldm,1102,1104,0.8544235283673952
comoe_dac,fakemusiccaps__base,fakemusiccaps,generator,Mustango,mustango,1102,1104,0.8823491214918856
comoe_dac,fakemusiccaps__base,fakemusiccaps,generator,StableAudio,stable_audio_open,1102,1104,0.737055814198164
comoe_dac,artifactbench__without_Suno,artifactbench,family,DiffRhythm,DiffRhythm,860,100,0.8851162790697674
comoe_dac,artifactbench__without_Suno,artifactbench,family,MusicGen,MusicGen,860,90,0.9363307493540052
comoe_dac,artifactbench__without_Suno,artifactbench,family,Riffusion,Riffusion,860,130,0.7245527728085867
comoe_dac,artifactbench__without_Suno,artifactbench,family,StableAudio,StableAudio,860,100,0.9485930232558138
comoe_dac,artifactbench__without_Suno,artifactbench,family,Suno,Suno,860,479,0.8671165703743264
comoe_dac,artifactbench__without_Suno,artifactbench,family,Udio,Udio,860,405,0.8617657192075796
comoe_dac,artifactbench__without_Suno,artifactbench,family,Yue,Yue,860,100,0.8865116279069767
comoe_dac,artifactbench__without_Suno,artifactbench,generator,DiffRhythm,DiffRhythm,860,100,0.8851162790697674
comoe_dac,artifactbench__without_Suno,artifactbench,generator,MusicGen,MusicGen Large,860,30,0.939031007751938
comoe_dac,artifactbench__without_Suno,artifactbench,generator,MusicGen,MusicGen Medium,860,30,0.9377519379844961
comoe_dac,artifactbench__without_Suno,artifactbench,generator,MusicGen,MusicGen Small,860,30,0.9322093023255814
comoe_dac,artifactbench__without_Suno,artifactbench,generator,Riffusion,Riffusion,860,100,0.7677906976744185
comoe_dac,artifactbench__without_Suno,artifactbench,generator,Riffusion,Riffusion (AIME),860,30,0.5804263565891472
comoe_dac,artifactbench__without_Suno,artifactbench,generator,StableAudio,Stable Audio v1,860,50,0.9568139534883721
comoe_dac,artifactbench__without_Suno,artifactbench,generator,StableAudio,Stable Audio v2,860,50,0.9403720930232559
comoe_dac,artifactbench__without_Suno,artifactbench,generator,Suno,Google Chirp v2 XXL,860,80,0.9312063953488373
comoe_dac,artifactbench__without_Suno,artifactbench,generator,Suno,Google Chirp v3,860,80,0.9932994186046511
comoe_dac,artifactbench__without_Suno,artifactbench,generator,Suno,Google Chirp v3.5,860,80,0.9923255813953488
comoe_dac,artifactbench__without_Suno,artifactbench,generator,Suno,Suno (mixed),860,80,0.7552470930232558
comoe_dac,artifactbench__without_Suno,artifactbench,generator,Suno,Suno v3,860,30,0.9249612403100775
comoe_dac,artifactbench__without_Suno,artifactbench,generator,Suno,Suno v3.5,860,29,0.9516840417000803
comoe_dac,artifactbench__without_Suno,artifactbench,generator,Suno,Suno v4,860,100,0.6623488372093024
comoe_dac,artifactbench__without_Suno,artifactbench,generator,Udio,Udio,860,100,0.8243372093023256
comoe_dac,artifactbench__without_Suno,artifactbench,generator,Udio,Udio (AIME),860,30,0.8762403100775195
comoe_dac,artifactbench__without_Suno,artifactbench,generator,Udio,Udio (SONICS 120s),860,80,0.9649127906976744
comoe_dac,artifactbench__without_Suno,artifactbench,generator,Udio,Udio (SONICS 30s),860,80,0.961264534883721
comoe_dac,artifactbench__without_Suno,artifactbench,generator,Udio,Udio (mixed),860,80,0.7505668604651163
comoe_dac,artifactbench__without_Suno,artifactbench,generator,Udio,Udio CDN,860,18,0.8061369509043927
comoe_dac,artifactbench__without_Suno,artifactbench,generator,Udio,Udio CDN Latest,860,17,0.684952120383037
comoe_dac,artifactbench__without_Suno,artifactbench,generator,Yue,Yue,860,100,0.8865116279069767
comoe_dac,artifactbench__count_control_Suno,artifactbench,family,DiffRhythm,DiffRhythm,860,100,0.8801511627906977
comoe_dac,artifactbench__count_control_Suno,artifactbench,family,MusicGen,MusicGen,860,90,0.9258397932816537
comoe_dac,artifactbench__count_control_Suno,artifactbench,family,Riffusion,Riffusion,860,130,0.7373255813953489
comoe_dac,artifactbench__count_control_Suno,artifactbench,family,StableAudio,StableAudio,860,100,0.9476511627906977
comoe_dac,artifactbench__count_control_Suno,artifactbench,family,Suno,Suno,860,479,0.8800383551002574
comoe_dac,artifactbench__count_control_Suno,artifactbench,family,Udio,Udio,860,405,0.8563020384725811
comoe_dac,artifactbench__count_control_Suno,artifactbench,family,Yue,Yue,860,100,0.8852441860465117
comoe_dac,artifactbench__count_control_Suno,artifactbench,generator,DiffRhythm,DiffRhythm,860,100,0.8801511627906977
comoe_dac,artifactbench__count_control_Suno,artifactbench,generator,MusicGen,MusicGen Large,860,30,0.9127906976744186
comoe_dac,artifactbench__count_control_Suno,artifactbench,generator,MusicGen,MusicGen Medium,860,30,0.9315891472868216
comoe_dac,artifactbench__count_control_Suno,artifactbench,generator,MusicGen,MusicGen Small,860,30,0.9331395348837208
comoe_dac,artifactbench__count_control_Suno,artifactbench,generator,Riffusion,Riffusion,860,100,0.7848255813953489
comoe_dac,artifactbench__count_control_Suno,artifactbench,generator,Riffusion,Riffusion (AIME),860,30,0.5789922480620155
comoe_dac,artifactbench__count_control_Suno,artifactbench,generator,StableAudio,Stable Audio v1,860,50,0.9567441860465117
comoe_dac,artifactbench__count_control_Suno,artifactbench,generator,StableAudio,Stable Audio v2,860,50,0.9385581395348837
comoe_dac,artifactbench__count_control_Suno,artifactbench,generator,Suno,Google Chirp v2 XXL,860,80,0.931220930232558
comoe_dac,artifactbench__count_control_Suno,artifactbench,generator,Suno,Google Chirp v3,860,80,0.9953633720930233
comoe_dac,artifactbench__count_control_Suno,artifactbench,generator,Suno,Google Chirp v3.5,860,80,0.9871802325581396
comoe_dac,artifactbench__count_control_Suno,artifactbench,generator,Suno,Suno (mixed),860,80,0.7825581395348837
comoe_dac,artifactbench__count_control_Suno,artifactbench,generator,Suno,Suno v3,860,30,0.9378294573643411
comoe_dac,artifactbench__count_control_Suno,artifactbench,generator,Suno,Suno v3.5,860,29,0.9403769045709705
comoe_dac,artifactbench__count_control_Suno,artifactbench,generator,Suno,Suno v4,860,100,0.7042674418604651
comoe_dac,artifactbench__count_control_Suno,artifactbench,generator,Udio,Udio,860,100,0.8228139534883722
comoe_dac,artifactbench__count_control_Suno,artifactbench,generator,Udio,Udio (AIME),860,30,0.8872093023255814
comoe_dac,artifactbench__count_control_Suno,artifactbench,generator,Udio,Udio (SONICS 120s),860,80,0.9568168604651164
comoe_dac,artifactbench__count_control_Suno,artifactbench,generator,Udio,Udio (SONICS 30s),860,80,0.9360610465116278
comoe_dac,artifactbench__count_control_Suno,artifactbench,generator,Udio,Udio (mixed),860,80,0.7543023255813954
comoe_dac,artifactbench__count_control_Suno,artifactbench,generator,Udio,Udio CDN,860,18,0.7685400516795865
comoe_dac,artifactbench__count_control_Suno,artifactbench,generator,Udio,Udio CDN Latest,860,17,0.7233242134062927
comoe_dac,artifactbench__count_control_Suno,artifactbench,generator,Yue,Yue,860,100,0.8852441860465117
comoe_dac,artifactbench__without_Udio,artifactbench,family,DiffRhythm,DiffRhythm,860,100,0.8985232558139535
comoe_dac,artifactbench__without_Udio,artifactbench,family,MusicGen,MusicGen,860,90,0.9383074935400517
comoe_dac,artifactbench__without_Udio,artifactbench,family,Riffusion,Riffusion,860,130,0.7603309481216458
comoe_dac,artifactbench__without_Udio,artifactbench,family,StableAudio,StableAudio,860,100,0.956953488372093
comoe_dac,artifactbench__without_Udio,artifactbench,family,Suno,Suno,860,479,0.874166140700102
comoe_dac,artifactbench__without_Udio,artifactbench,family,Udio,Udio,860,405,0.8424892334194661
comoe_dac,artifactbench__without_Udio,artifactbench,family,Yue,Yue,860,100,0.8857209302325582
comoe_dac,artifactbench__without_Udio,artifactbench,generator,DiffRhythm,DiffRhythm,860,100,0.8985232558139535
comoe_dac,artifactbench__without_Udio,artifactbench,generator,MusicGen,MusicGen Large,860,30,0.9299224806201551
comoe_dac,artifactbench__without_Udio,artifactbench,generator,MusicGen,MusicGen Medium,860,30,0.9410852713178295
comoe_dac,artifactbench__without_Udio,artifactbench,generator,MusicGen,MusicGen Small,860,30,0.9439147286821705
comoe_dac,artifactbench__without_Udio,artifactbench,generator,Riffusion,Riffusion,860,100,0.8056046511627907
comoe_dac,artifactbench__without_Udio,artifactbench,generator,Riffusion,Riffusion (AIME),860,30,0.6094186046511627
comoe_dac,artifactbench__without_Udio,artifactbench,generator,StableAudio,Stable Audio v1,860,50,0.9612093023255814
comoe_dac,artifactbench__without_Udio,artifactbench,generator,StableAudio,Stable Audio v2,860,50,0.9526976744186046
comoe_dac,artifactbench__without_Udio,artifactbench,generator,Suno,Google Chirp v2 XXL,860,80,0.8673255813953488
comoe_dac,artifactbench__without_Udio,artifactbench,generator,Suno,Google Chirp v3,860,80,0.996468023255814
comoe_dac,artifactbench__without_Udio,artifactbench,generator,Suno,Google Chirp v3.5,860,80,0.9866715116279069
comoe_dac,artifactbench__without_Udio,artifactbench,generator,Suno,Suno (mixed),860,80,0.7860174418604651
comoe_dac,artifactbench__without_Udio,artifactbench,generator,Suno,Suno v3,860,30,0.925232558139535
comoe_dac,artifactbench__without_Udio,artifactbench,generator,Suno,Suno v3.5,860,29,0.9454290296712109
comoe_dac,artifactbench__without_Udio,artifactbench,generator,Suno,Suno v4,860,100,0.7263255813953489
comoe_dac,artifactbench__without_Udio,artifactbench,generator,Udio,Udio,860,100,0.8265697674418605
comoe_dac,artifactbench__without_Udio,artifactbench,generator,Udio,Udio (AIME),860,30,0.8999224806201551
comoe_dac,artifactbench__without_Udio,artifactbench,generator,Udio,Udio (SONICS 120s),860,80,0.8783720930232559
comoe_dac,artifactbench__without_Udio,artifactbench,generator,Udio,Udio (SONICS 30s),860,80,0.9468604651162791
comoe_dac,artifactbench__without_Udio,artifactbench,generator,Udio,Udio (mixed),860,80,0.7525726744186045
comoe_dac,artifactbench__without_Udio,artifactbench,generator,Udio,Udio CDN,860,18,0.7724160206718347
comoe_dac,artifactbench__without_Udio,artifactbench,generator,Udio,Udio CDN Latest,860,17,0.6720930232558139
comoe_dac,artifactbench__without_Udio,artifactbench,generator,Yue,Yue,860,100,0.8857209302325582
comoe_dac,artifactbench__count_control_Udio,artifactbench,family,DiffRhythm,DiffRhythm,860,100,0.8831279069767441
comoe_dac,artifactbench__count_control_Udio,artifactbench,family,MusicGen,MusicGen,860,90,0.9117958656330749
comoe_dac,artifactbench__count_control_Udio,artifactbench,family,Riffusion,Riffusion,860,130,0.7231932021466905
comoe_dac,artifactbench__count_control_Udio,artifactbench,family,StableAudio,StableAudio,860,100,0.9371511627906978
comoe_dac,artifactbench__count_control_Udio,artifactbench,family,Suno,Suno,860,479,0.863307763266495
comoe_dac,artifactbench__count_control_Udio,artifactbench,family,Udio,Udio,860,405,0.8456129773184037
comoe_dac,artifactbench__count_control_Udio,artifactbench,family,Yue,Yue,860,100,0.8637790697674419
comoe_dac,artifactbench__count_control_Udio,artifactbench,generator,DiffRhythm,DiffRhythm,860,100,0.8831279069767441
comoe_dac,artifactbench__count_control_Udio,artifactbench,generator,MusicGen,MusicGen Large,860,30,0.9054651162790698
comoe_dac,artifactbench__count_control_Udio,artifactbench,generator,MusicGen,MusicGen Medium,860,30,0.9232558139534883
comoe_dac,artifactbench__count_control_Udio,artifactbench,generator,MusicGen,MusicGen Small,860,30,0.9066666666666667
comoe_dac,artifactbench__count_control_Udio,artifactbench,generator,Riffusion,Riffusion,860,100,0.7585697674418606
comoe_dac,artifactbench__count_control_Udio,artifactbench,generator,Riffusion,Riffusion (AIME),860,30,0.6052713178294573
comoe_dac,artifactbench__count_control_Udio,artifactbench,generator,StableAudio,Stable Audio v1,860,50,0.9462558139534883
comoe_dac,artifactbench__count_control_Udio,artifactbench,generator,StableAudio,Stable Audio v2,860,50,0.928046511627907
comoe_dac,artifactbench__count_control_Udio,artifactbench,generator,Suno,Google Chirp v2 XXL,860,80,0.8957412790697674
comoe_dac,artifactbench__count_control_Udio,artifactbench,generator,Suno,Google Chirp v3,860,80,0.9940843023255813
comoe_dac,artifactbench__count_control_Udio,artifactbench,generator,Suno,Google Chirp v3.5,860,80,0.9877906976744185
comoe_dac,artifactbench__count_control_Udio,artifactbench,generator,Suno,Suno (mixed),860,80,0.7647093023255814
comoe_dac,artifactbench__count_control_Udio,artifactbench,generator,Suno,Suno v3,860,30,0.9169379844961241
comoe_dac,artifactbench__count_control_Udio,artifactbench,generator,Suno,Suno v3.5,860,29,0.9305533279871692
comoe_dac,artifactbench__count_control_Udio,artifactbench,generator,Suno,Suno v4,860,100,0.6764418604651162
comoe_dac,artifactbench__count_control_Udio,artifactbench,generator,Udio,Udio,860,100,0.8114883720930232
comoe_dac,artifactbench__count_control_Udio,artifactbench,generator,Udio,Udio (AIME),860,30,0.87
comoe_dac,artifactbench__count_control_Udio,artifactbench,generator,Udio,Udio (SONICS 120s),860,80,0.9451598837209303
comoe_dac,artifactbench__count_control_Udio,artifactbench,generator,Udio,Udio (SONICS 30s),860,80,0.9308575581395349
comoe_dac,artifactbench__count_control_Udio,artifactbench,generator,Udio,Udio (mixed),860,80,0.7462354651162789
comoe_dac,artifactbench__count_control_Udio,artifactbench,generator,Udio,Udio CDN,860,18,0.7648578811369509
comoe_dac,artifactbench__count_control_Udio,artifactbench,generator,Udio,Udio CDN Latest,860,17,0.6868673050615596
comoe_dac,artifactbench__count_control_Udio,artifactbench,generator,Yue,Yue,860,100,0.8637790697674419
comoe_dac,artifactbench__without_MusicGen,artifactbench,family,DiffRhythm,DiffRhythm,860,100,0.8946744186046511
comoe_dac,artifactbench__without_MusicGen,artifactbench,family,MusicGen,MusicGen,860,90,0.8663436692506461
comoe_dac,artifactbench__without_MusicGen,artifactbench,family,Riffusion,Riffusion,860,130,0.7303935599284437
comoe_dac,artifactbench__without_MusicGen,artifactbench,family,StableAudio,StableAudio,860,100,0.9506046511627907
comoe_dac,artifactbench__without_MusicGen,artifactbench,family,Suno,Suno,860,479,0.8747705976598533
comoe_dac,artifactbench__without_MusicGen,artifactbench,family,Udio,Udio,860,405,0.8522049956933678
comoe_dac,artifactbench__without_MusicGen,artifactbench,family,Yue,Yue,860,100,0.8757906976744185
comoe_dac,artifactbench__without_MusicGen,artifactbench,generator,DiffRhythm,DiffRhythm,860,100,0.8946744186046511
comoe_dac,artifactbench__without_MusicGen,artifactbench,generator,MusicGen,MusicGen Large,860,30,0.8666279069767442
comoe_dac,artifactbench__without_MusicGen,artifactbench,generator,MusicGen,MusicGen Medium,860,30,0.8653875968992248
comoe_dac,artifactbench__without_MusicGen,artifactbench,generator,MusicGen,MusicGen Small,860,30,0.867015503875969
comoe_dac,artifactbench__without_MusicGen,artifactbench,generator,Riffusion,Riffusion,860,100,0.7828372093023255
comoe_dac,artifactbench__without_MusicGen,artifactbench,generator,Riffusion,Riffusion (AIME),860,30,0.5555813953488372
comoe_dac,artifactbench__without_MusicGen,artifactbench,generator,StableAudio,Stable Audio v1,860,50,0.9623255813953489
comoe_dac,artifactbench__without_MusicGen,artifactbench,generator,StableAudio,Stable Audio v2,860,50,0.9388837209302326
comoe_dac,artifactbench__without_MusicGen,artifactbench,generator,Suno,Google Chirp v2 XXL,860,80,0.914970930232558
comoe_dac,artifactbench__without_MusicGen,artifactbench,generator,Suno,Google Chirp v3,860,80,0.9971802325581395
comoe_dac,artifactbench__without_MusicGen,artifactbench,generator,Suno,Google Chirp v3.5,860,80,0.9928052325581396
comoe_dac,artifactbench__without_MusicGen,artifactbench,generator,Suno,Suno (mixed),860,80,0.7806540697674419
comoe_dac,artifactbench__without_MusicGen,artifactbench,generator,Suno,Suno v3,860,30,0.9027519379844962
comoe_dac,artifactbench__without_MusicGen,artifactbench,generator,Suno,Suno v3.5,860,29,0.9301122694466721
comoe_dac,artifactbench__without_MusicGen,artifactbench,generator,Suno,Suno v4,860,100,0.7011046511627907
comoe_dac,artifactbench__without_MusicGen,artifactbench,generator,Udio,Udio,860,100,0.8234069767441861
comoe_dac,artifactbench__without_MusicGen,artifactbench,generator,Udio,Udio (AIME),860,30,0.873217054263566
comoe_dac,artifactbench__without_MusicGen,artifactbench,generator,Udio,Udio (SONICS 120s),860,80,0.9572093023255813
comoe_dac,artifactbench__without_MusicGen,artifactbench,generator,Udio,Udio (SONICS 30s),860,80,0.9449563953488372
comoe_dac,artifactbench__without_MusicGen,artifactbench,generator,Udio,Udio (mixed),860,80,0.7399563953488373
comoe_dac,artifactbench__without_MusicGen,artifactbench,generator,Udio,Udio CDN,860,18,0.7617571059431525
comoe_dac,artifactbench__without_MusicGen,artifactbench,generator,Udio,Udio CDN Latest,860,17,0.677906976744186
comoe_dac,artifactbench__without_MusicGen,artifactbench,generator,Yue,Yue,860,100,0.8757906976744185
comoe_dac,artifactbench__count_control_MusicGen,artifactbench,family,DiffRhythm,DiffRhythm,860,100,0.8702674418604651
comoe_dac,artifactbench__count_control_MusicGen,artifactbench,family,MusicGen,MusicGen,860,90,0.9030232558139535
comoe_dac,artifactbench__count_control_MusicGen,artifactbench,family,Riffusion,Riffusion,860,130,0.7217441860465117
comoe_dac,artifactbench__count_control_MusicGen,artifactbench,family,StableAudio,StableAudio,860,100,0.944813953488372
comoe_dac,artifactbench__count_control_MusicGen,artifactbench,family,Suno,Suno,860,479,0.8689178035636258
comoe_dac,artifactbench__count_control_MusicGen,artifactbench,family,Udio,Udio,860,405,0.8509675567039908
comoe_dac,artifactbench__count_control_MusicGen,artifactbench,family,Yue,Yue,860,100,0.8613953488372093
comoe_dac,artifactbench__count_control_MusicGen,artifactbench,generator,DiffRhythm,DiffRhythm,860,100,0.8702674418604651
comoe_dac,artifactbench__count_control_MusicGen,artifactbench,generator,MusicGen,MusicGen Large,860,30,0.8858139534883721
comoe_dac,artifactbench__count_control_MusicGen,artifactbench,generator,MusicGen,MusicGen Medium,860,30,0.9158139534883721
comoe_dac,artifactbench__count_control_MusicGen,artifactbench,generator,MusicGen,MusicGen Small,860,30,0.9074418604651163
comoe_dac,artifactbench__count_control_MusicGen,artifactbench,generator,Riffusion,Riffusion,860,100,0.7695348837209303
comoe_dac,artifactbench__count_control_MusicGen,artifactbench,generator,Riffusion,Riffusion (AIME),860,30,0.5624418604651162
comoe_dac,artifactbench__count_control_MusicGen,artifactbench,generator,StableAudio,Stable Audio v1,860,50,0.9576511627906977
comoe_dac,artifactbench__count_control_MusicGen,artifactbench,generator,StableAudio,Stable Audio v2,860,50,0.9319767441860466
comoe_dac,artifactbench__count_control_MusicGen,artifactbench,generator,Suno,Google Chirp v2 XXL,860,80,0.8833430232558139
comoe_dac,artifactbench__count_control_MusicGen,artifactbench,generator,Suno,Google Chirp v3,860,80,0.997703488372093
comoe_dac,artifactbench__count_control_MusicGen,artifactbench,generator,Suno,Google Chirp v3.5,860,80,0.9934593023255813
comoe_dac,artifactbench__count_control_MusicGen,artifactbench,generator,Suno,Suno (mixed),860,80,0.7688953488372092
comoe_dac,artifactbench__count_control_MusicGen,artifactbench,generator,Suno,Suno v3,860,30,0.9099612403100775
comoe_dac,artifactbench__count_control_MusicGen,artifactbench,generator,Suno,Suno v3.5,860,29,0.9364474739374499
comoe_dac,artifactbench__count_control_MusicGen,artifactbench,generator,Suno,Suno v4,860,100,0.7028372093023256
comoe_dac,artifactbench__count_control_MusicGen,artifactbench,generator,Udio,Udio,860,100,0.8122790697674418
comoe_dac,artifactbench__count_control_MusicGen,artifactbench,generator,Udio,Udio (AIME),860,30,0.8744186046511627
comoe_dac,artifactbench__count_control_MusicGen,artifactbench,generator,Udio,Udio (SONICS 120s),860,80,0.9439244186046513
comoe_dac,artifactbench__count_control_MusicGen,artifactbench,generator,Udio,Udio (SONICS 30s),860,80,0.9521366279069768
comoe_dac,artifactbench__count_control_MusicGen,artifactbench,generator,Udio,Udio (mixed),860,80,0.7495203488372093
comoe_dac,artifactbench__count_control_MusicGen,artifactbench,generator,Udio,Udio CDN,860,18,0.7760335917312662
comoe_dac,artifactbench__count_control_MusicGen,artifactbench,generator,Udio,Udio CDN Latest,860,17,0.6803693570451437
comoe_dac,artifactbench__count_control_MusicGen,artifactbench,generator,Yue,Yue,860,100,0.8613953488372093
comoe_dac,echoes__without_Suno,echoes,family,AceStep,AceStep,59,57,0.752304490038656
comoe_dac,echoes__without_Suno,echoes,family,AudioLDM,AudioLDM,59,115,0.9081798084008843
comoe_dac,echoes__without_Suno,echoes,family,Brev,Brev,59,68,0.634097706879362
comoe_dac,echoes__without_Suno,echoes,family,DiffRhythm,DiffRhythm,59,120,0.6139830508474576
comoe_dac,echoes__without_Suno,echoes,family,Mubert,Mubert,59,32,0.6832627118644068
comoe_dac,echoes__without_Suno,echoes,family,Producer,Producer,59,68,0.7838983050847458
comoe_dac,echoes__without_Suno,echoes,family,SongGen,SongGen,59,111,0.8700564971751413
comoe_dac,echoes__without_Suno,echoes,family,StableAudio,StableAudio,59,35,0.7409200968523003
comoe_dac,echoes__without_Suno,echoes,family,Suno,Suno,59,68,0.6301096709870389
comoe_dac,echoes__without_Suno,echoes,family,Udio,Udio,59,68,0.6525423728813559
comoe_dac,echoes__without_Suno,echoes,generator,AceStep,acestep,59,57,0.752304490038656
comoe_dac,echoes__without_Suno,echoes,generator,AudioLDM,audioldm,59,115,0.9081798084008843
comoe_dac,echoes__without_Suno,echoes,generator,Brev,brev,59,68,0.634097706879362
comoe_dac,echoes__without_Suno,echoes,generator,DiffRhythm,diffrhythm,59,120,0.6139830508474576
comoe_dac,echoes__without_Suno,echoes,generator,Mubert,mubert,59,32,0.6832627118644068
comoe_dac,echoes__without_Suno,echoes,generator,Producer,producer,59,68,0.7838983050847458
comoe_dac,echoes__without_Suno,echoes,generator,SongGen,songgen,59,111,0.8700564971751413
comoe_dac,echoes__without_Suno,echoes,generator,StableAudio,stableaudio,59,35,0.7409200968523003
comoe_dac,echoes__without_Suno,echoes,generator,Suno,suno,59,68,0.6301096709870389
comoe_dac,echoes__without_Suno,echoes,generator,Udio,udio,59,68,0.6525423728813559
comoe_dac,echoes__count_control_Suno,echoes,family,AceStep,AceStep,59,57,0.8224799286351472
comoe_dac,echoes__count_control_Suno,echoes,family,AudioLDM,AudioLDM,59,115,0.937656595431098
comoe_dac,echoes__count_control_Suno,echoes,family,Brev,Brev,59,68,0.6669990029910269
comoe_dac,echoes__count_control_Suno,echoes,family,DiffRhythm,DiffRhythm,59,120,0.638135593220339
comoe_dac,echoes__count_control_Suno,echoes,family,Mubert,Mubert,59,32,0.6986228813559322
comoe_dac,echoes__count_control_Suno,echoes,family,Producer,Producer,59,68,0.8185443668993021
comoe_dac,echoes__count_control_Suno,echoes,family,SongGen,SongGen,59,111,0.8721942281264315
comoe_dac,echoes__count_control_Suno,echoes,family,StableAudio,StableAudio,59,35,0.7588377723970944
comoe_dac,echoes__count_control_Suno,echoes,family,Suno,Suno,59,68,0.6582751744765702
comoe_dac,echoes__count_control_Suno,echoes,family,Udio,Udio,59,68,0.6198903290129611
comoe_dac,echoes__count_control_Suno,echoes,generator,AceStep,acestep,59,57,0.8224799286351472
comoe_dac,echoes__count_control_Suno,echoes,generator,AudioLDM,audioldm,59,115,0.937656595431098
comoe_dac,echoes__count_control_Suno,echoes,generator,Brev,brev,59,68,0.6669990029910269
comoe_dac,echoes__count_control_Suno,echoes,generator,DiffRhythm,diffrhythm,59,120,0.638135593220339
comoe_dac,echoes__count_control_Suno,echoes,generator,Mubert,mubert,59,32,0.6986228813559322
comoe_dac,echoes__count_control_Suno,echoes,generator,Producer,producer,59,68,0.8185443668993021
comoe_dac,echoes__count_control_Suno,echoes,generator,SongGen,songgen,59,111,0.8721942281264315
comoe_dac,echoes__count_control_Suno,echoes,generator,StableAudio,stableaudio,59,35,0.7588377723970944
comoe_dac,echoes__count_control_Suno,echoes,generator,Suno,suno,59,68,0.6582751744765702
comoe_dac,echoes__count_control_Suno,echoes,generator,Udio,udio,59,68,0.6198903290129611
comoe_dac,echoes__without_Udio,echoes,family,AceStep,AceStep,59,57,0.8198037466547725
comoe_dac,echoes__without_Udio,echoes,family,AudioLDM,AudioLDM,59,115,0.8728076639646277
comoe_dac,echoes__without_Udio,echoes,family,Brev,Brev,59,68,0.707876370887338
comoe_dac,echoes__without_Udio,echoes,family,DiffRhythm,DiffRhythm,59,120,0.6466101694915254
comoe_dac,echoes__without_Udio,echoes,family,Mubert,Mubert,59,32,0.7409957627118644
comoe_dac,echoes__without_Udio,echoes,family,Producer,Producer,59,68,0.8377367896311066
comoe_dac,echoes__without_Udio,echoes,family,SongGen,SongGen,59,111,0.7868376851427699
comoe_dac,echoes__without_Udio,echoes,family,StableAudio,StableAudio,59,35,0.7864406779661016
comoe_dac,echoes__without_Udio,echoes,family,Suno,Suno,59,68,0.7098703888334995
comoe_dac,echoes__without_Udio,echoes,family,Udio,Udio,59,68,0.6226321036889332
comoe_dac,echoes__without_Udio,echoes,generator,AceStep,acestep,59,57,0.8198037466547725
comoe_dac,echoes__without_Udio,echoes,generator,AudioLDM,audioldm,59,115,0.8728076639646277
comoe_dac,echoes__without_Udio,echoes,generator,Brev,brev,59,68,0.707876370887338
comoe_dac,echoes__without_Udio,echoes,generator,DiffRhythm,diffrhythm,59,120,0.6466101694915254
comoe_dac,echoes__without_Udio,echoes,generator,Mubert,mubert,59,32,0.7409957627118644
comoe_dac,echoes__without_Udio,echoes,generator,Producer,producer,59,68,0.8377367896311066
comoe_dac,echoes__without_Udio,echoes,generator,SongGen,songgen,59,111,0.7868376851427699
comoe_dac,echoes__without_Udio,echoes,generator,StableAudio,stableaudio,59,35,0.7864406779661016
comoe_dac,echoes__without_Udio,echoes,generator,Suno,suno,59,68,0.7098703888334995
comoe_dac,echoes__without_Udio,echoes,generator,Udio,udio,59,68,0.6226321036889332
comoe_dac,echoes__count_control_Udio,echoes,family,AceStep,AceStep,59,57,0.831995242343146
comoe_dac,echoes__count_control_Udio,echoes,family,AudioLDM,AudioLDM,59,115,0.9457627118644067
comoe_dac,echoes__count_control_Udio,echoes,family,Brev,Brev,59,68,0.6764705882352942
comoe_dac,echoes__count_control_Udio,echoes,family,DiffRhythm,DiffRhythm,59,120,0.6807909604519774
comoe_dac,echoes__count_control_Udio,echoes,family,Mubert,Mubert,59,32,0.701271186440678
comoe_dac,echoes__count_control_Udio,echoes,family,Producer,Producer,59,68,0.8120638085742771
comoe_dac,echoes__count_control_Udio,echoes,family,SongGen,SongGen,59,111,0.8627271339135746
comoe_dac,echoes__count_control_Udio,echoes,family,StableAudio,StableAudio,59,35,0.7786924939467312
comoe_dac,echoes__count_control_Udio,echoes,family,Suno,Suno,59,68,0.6759720837487537
comoe_dac,echoes__count_control_Udio,echoes,family,Udio,Udio,59,68,0.6762213359920239
comoe_dac,echoes__count_control_Udio,echoes,generator,AceStep,acestep,59,57,0.831995242343146
comoe_dac,echoes__count_control_Udio,echoes,generator,AudioLDM,audioldm,59,115,0.9457627118644067
comoe_dac,echoes__count_control_Udio,echoes,generator,Brev,brev,59,68,0.6764705882352942
comoe_dac,echoes__count_control_Udio,echoes,generator,DiffRhythm,diffrhythm,59,120,0.6807909604519774
comoe_dac,echoes__count_control_Udio,echoes,generator,Mubert,mubert,59,32,0.701271186440678
comoe_dac,echoes__count_control_Udio,echoes,generator,Producer,producer,59,68,0.8120638085742771
comoe_dac,echoes__count_control_Udio,echoes,generator,SongGen,songgen,59,111,0.8627271339135746
comoe_dac,echoes__count_control_Udio,echoes,generator,StableAudio,stableaudio,59,35,0.7786924939467312
comoe_dac,echoes__count_control_Udio,echoes,generator,Suno,suno,59,68,0.6759720837487537
comoe_dac,echoes__count_control_Udio,echoes,generator,Udio,udio,59,68,0.6762213359920239
comoe_dac,fakemusiccaps__without_MusicGen,fakemusiccaps,family,AudioLDM,AudioLDM,1102,1104,0.5945448328467345
comoe_dac,fakemusiccaps__without_MusicGen,fakemusiccaps,family,MusicGen,MusicGen,1102,1104,0.6474303966437833
comoe_dac,fakemusiccaps__without_MusicGen,fakemusiccaps,family,MusicLDM,MusicLDM,1102,1104,0.8502705883900155
comoe_dac,fakemusiccaps__without_MusicGen,fakemusiccaps,family,Mustango,Mustango,1102,1104,0.8857240787500986
comoe_dac,fakemusiccaps__without_MusicGen,fakemusiccaps,family,StableAudio,StableAudio,1102,1104,0.857976439411873
comoe_dac,fakemusiccaps__without_MusicGen,fakemusiccaps,generator,AudioLDM,audioldm2,1102,1104,0.5945448328467345
comoe_dac,fakemusiccaps__without_MusicGen,fakemusiccaps,generator,MusicGen,MusicGen_medium,1102,1104,0.6474303966437833
comoe_dac,fakemusiccaps__without_MusicGen,fakemusiccaps,generator,MusicLDM,musicldm,1102,1104,0.8502705883900155
comoe_dac,fakemusiccaps__without_MusicGen,fakemusiccaps,generator,Mustango,mustango,1102,1104,0.8857240787500986
comoe_dac,fakemusiccaps__without_MusicGen,fakemusiccaps,generator,StableAudio,stable_audio_open,1102,1104,0.857976439411873
comoe_dac,fakemusiccaps__count_control_MusicGen,fakemusiccaps,family,AudioLDM,AudioLDM,1102,1104,0.5775574383860702
comoe_dac,fakemusiccaps__count_control_MusicGen,fakemusiccaps,family,MusicGen,MusicGen,1102,1104,0.6817241050527367
comoe_dac,fakemusiccaps__count_control_MusicGen,fakemusiccaps,family,MusicLDM,MusicLDM,1102,1104,0.8694883643704463
comoe_dac,fakemusiccaps__count_control_MusicGen,fakemusiccaps,family,Mustango,Mustango,1102,1104,0.8868657776374971
comoe_dac,fakemusiccaps__count_control_MusicGen,fakemusiccaps,family,StableAudio,StableAudio,1102,1104,0.8062950432678399
comoe_dac,fakemusiccaps__count_control_MusicGen,fakemusiccaps,generator,AudioLDM,audioldm2,1102,1104,0.5775574383860702
comoe_dac,fakemusiccaps__count_control_MusicGen,fakemusiccaps,generator,MusicGen,MusicGen_medium,1102,1104,0.6817241050527367
comoe_dac,fakemusiccaps__count_control_MusicGen,fakemusiccaps,generator,MusicLDM,musicldm,1102,1104,0.8694883643704463
comoe_dac,fakemusiccaps__count_control_MusicGen,fakemusiccaps,generator,Mustango,mustango,1102,1104,0.8868657776374971
comoe_dac,fakemusiccaps__count_control_MusicGen,fakemusiccaps,generator,StableAudio,stable_audio_open,1102,1104,0.8062950432678399
comoe_dac,artifactbench__fmc_fit_only,artifactbench,family,DiffRhythm,DiffRhythm,860,100,0.8714883720930232
comoe_dac,artifactbench__fmc_fit_only,artifactbench,family,MusicGen,MusicGen,860,90,0.8515891472868217
comoe_dac,artifactbench__fmc_fit_only,artifactbench,family,Riffusion,Riffusion,860,130,0.6997137745974955
comoe_dac,artifactbench__fmc_fit_only,artifactbench,family,StableAudio,StableAudio,860,100,0.8835930232558141
comoe_dac,artifactbench__fmc_fit_only,artifactbench,family,Suno,Suno,860,479,0.7916638345390106
comoe_dac,artifactbench__fmc_fit_only,artifactbench,family,Udio,Udio,860,405,0.7396569049669826
comoe_dac,artifactbench__fmc_fit_only,artifactbench,family,Yue,Yue,860,100,0.8474883720930233
comoe_dac,artifactbench__fmc_fit_only,artifactbench,generator,DiffRhythm,DiffRhythm,860,100,0.8714883720930232
comoe_dac,artifactbench__fmc_fit_only,artifactbench,generator,MusicGen,MusicGen Large,860,30,0.8692635658914729
comoe_dac,artifactbench__fmc_fit_only,artifactbench,generator,MusicGen,MusicGen Medium,860,30,0.87
comoe_dac,artifactbench__fmc_fit_only,artifactbench,generator,MusicGen,MusicGen Small,860,30,0.8155038759689923
comoe_dac,artifactbench__fmc_fit_only,artifactbench,generator,Riffusion,Riffusion,860,100,0.7679767441860464
comoe_dac,artifactbench__fmc_fit_only,artifactbench,generator,Riffusion,Riffusion (AIME),860,30,0.47217054263565894
comoe_dac,artifactbench__fmc_fit_only,artifactbench,generator,StableAudio,Stable Audio v1,860,50,0.9307441860465117
comoe_dac,artifactbench__fmc_fit_only,artifactbench,generator,StableAudio,Stable Audio v2,860,50,0.8364418604651163
comoe_dac,artifactbench__fmc_fit_only,artifactbench,generator,Suno,Google Chirp v2 XXL,860,80,0.6340843023255814
comoe_dac,artifactbench__fmc_fit_only,artifactbench,generator,Suno,Google Chirp v3,860,80,0.929186046511628
comoe_dac,artifactbench__fmc_fit_only,artifactbench,generator,Suno,Google Chirp v3.5,860,80,0.9553197674418605
comoe_dac,artifactbench__fmc_fit_only,artifactbench,generator,Suno,Suno (mixed),860,80,0.7196656976744187
comoe_dac,artifactbench__fmc_fit_only,artifactbench,generator,Suno,Suno v3,860,30,0.8781007751937986
comoe_dac,artifactbench__fmc_fit_only,artifactbench,generator,Suno,Suno v3.5,860,29,0.8791499599037691
comoe_dac,artifactbench__fmc_fit_only,artifactbench,generator,Suno,Suno v4,860,100,0.6830813953488372
comoe_dac,artifactbench__fmc_fit_only,artifactbench,generator,Udio,Udio,860,100,0.7790116279069768
comoe_dac,artifactbench__fmc_fit_only,artifactbench,generator,Udio,Udio (AIME),860,30,0.8536046511627908
comoe_dac,artifactbench__fmc_fit_only,artifactbench,generator,Udio,Udio (SONICS 120s),860,80,0.6644622093023257
comoe_dac,artifactbench__fmc_fit_only,artifactbench,generator,Udio,Udio (SONICS 30s),860,80,0.8562500000000001
comoe_dac,artifactbench__fmc_fit_only,artifactbench,generator,Udio,Udio (mixed),860,80,0.6409374999999999
comoe_dac,artifactbench__fmc_fit_only,artifactbench,generator,Udio,Udio CDN,860,18,0.6719638242894057
comoe_dac,artifactbench__fmc_fit_only,artifactbench,generator,Udio,Udio CDN Latest,860,17,0.6484952120383036
comoe_dac,artifactbench__fmc_fit_only,artifactbench,generator,Yue,Yue,860,100,0.8474883720930233
handcrafted,artifactbench__base,artifactbench,family,DiffRhythm,DiffRhythm,860,100,0.9179186046511629
handcrafted,artifactbench__base,artifactbench,family,MusicGen,MusicGen,860,90,0.8954780361757106
handcrafted,artifactbench__base,artifactbench,family,Riffusion,Riffusion,860,130,0.8132558139534883
handcrafted,artifactbench__base,artifactbench,family,StableAudio,StableAudio,860,100,0.9397209302325582
handcrafted,artifactbench__base,artifactbench,family,Suno,Suno,860,479,0.8904306452395979
handcrafted,artifactbench__base,artifactbench,family,Udio,Udio,860,405,0.7962360034453058
handcrafted,artifactbench__base,artifactbench,family,Yue,Yue,860,100,0.908279069767442
handcrafted,artifactbench__base,artifactbench,generator,DiffRhythm,DiffRhythm,860,100,0.9179186046511629
handcrafted,artifactbench__base,artifactbench,generator,MusicGen,MusicGen Large,860,30,0.9184496124031007
handcrafted,artifactbench__base,artifactbench,generator,MusicGen,MusicGen Medium,860,30,0.8499224806201551
handcrafted,artifactbench__base,artifactbench,generator,MusicGen,MusicGen Small,860,30,0.918062015503876
handcrafted,artifactbench__base,artifactbench,generator,Riffusion,Riffusion,860,100,0.8993488372093023
handcrafted,artifactbench__base,artifactbench,generator,Riffusion,Riffusion (AIME),860,30,0.5262790697674418
handcrafted,artifactbench__base,artifactbench,generator,StableAudio,Stable Audio v1,860,50,0.9461162790697675
handcrafted,artifactbench__base,artifactbench,generator,StableAudio,Stable Audio v2,860,50,0.9333255813953488
handcrafted,artifactbench__base,artifactbench,generator,Suno,Google Chirp v2 XXL,860,80,0.8119040697674419
handcrafted,artifactbench__base,artifactbench,generator,Suno,Google Chirp v3,860,80,0.9731686046511627
handcrafted,artifactbench__base,artifactbench,generator,Suno,Google Chirp v3.5,860,80,0.9494040697674418
handcrafted,artifactbench__base,artifactbench,generator,Suno,Suno (mixed),860,80,0.8799273255813953
handcrafted,artifactbench__base,artifactbench,generator,Suno,Suno v3,860,30,0.9150387596899225
handcrafted,artifactbench__base,artifactbench,generator,Suno,Suno v3.5,860,29,0.9560144346431435
handcrafted,artifactbench__base,artifactbench,generator,Suno,Suno v4,860,100,0.8218837209302325
handcrafted,artifactbench__base,artifactbench,generator,Udio,Udio,860,100,0.8097325581395348
handcrafted,artifactbench__base,artifactbench,generator,Udio,Udio (AIME),860,30,0.8309302325581395
handcrafted,artifactbench__base,artifactbench,generator,Udio,Udio (SONICS 120s),860,80,0.7378924418604651
handcrafted,artifactbench__base,artifactbench,generator,Udio,Udio (SONICS 30s),860,80,0.8858720930232559
handcrafted,artifactbench__base,artifactbench,generator,Udio,Udio (mixed),860,80,0.7556395348837208
handcrafted,artifactbench__base,artifactbench,generator,Udio,Udio CDN,860,18,0.7666666666666666
handcrafted,artifactbench__base,artifactbench,generator,Udio,Udio CDN Latest,860,17,0.7307113543091655
handcrafted,artifactbench__base,artifactbench,generator,Yue,Yue,860,100,0.908279069767442
handcrafted,echoes__base,echoes,family,AceStep,AceStep,59,57,0.8977103776390128
handcrafted,echoes__base,echoes,family,AudioLDM,AudioLDM,59,115,0.9330876934414148
handcrafted,echoes__base,echoes,family,Brev,Brev,59,68,0.7896311066799602
handcrafted,echoes__base,echoes,family,DiffRhythm,DiffRhythm,59,120,0.794915254237288
handcrafted,echoes__base,echoes,family,Mubert,Mubert,59,32,0.7547669491525423
handcrafted,echoes__base,echoes,family,Producer,Producer,59,68,0.8654037886340977
handcrafted,echoes__base,echoes,family,SongGen,SongGen,59,111,0.6655978011910215
handcrafted,echoes__base,echoes,family,StableAudio,StableAudio,59,35,0.8082324455205812
handcrafted,echoes__base,echoes,family,Suno,Suno,59,68,0.8125623130608175
handcrafted,echoes__base,echoes,family,Udio,Udio,59,68,0.6909272183449651
handcrafted,echoes__base,echoes,generator,AceStep,acestep,59,57,0.8977103776390128
handcrafted,echoes__base,echoes,generator,AudioLDM,audioldm,59,115,0.9330876934414148
handcrafted,echoes__base,echoes,generator,Brev,brev,59,68,0.7896311066799602
handcrafted,echoes__base,echoes,generator,DiffRhythm,diffrhythm,59,120,0.794915254237288
handcrafted,echoes__base,echoes,generator,Mubert,mubert,59,32,0.7547669491525423
handcrafted,echoes__base,echoes,generator,Producer,producer,59,68,0.8654037886340977
handcrafted,echoes__base,echoes,generator,SongGen,songgen,59,111,0.6655978011910215
handcrafted,echoes__base,echoes,generator,StableAudio,stableaudio,59,35,0.8082324455205812
handcrafted,echoes__base,echoes,generator,Suno,suno,59,68,0.8125623130608175
handcrafted,echoes__base,echoes,generator,Udio,udio,59,68,0.6909272183449651
handcrafted,fakemusiccaps__base,fakemusiccaps,family,AudioLDM,AudioLDM,1102,1104,0.6097551553170782
handcrafted,fakemusiccaps__base,fakemusiccaps,family,MusicGen,MusicGen,1102,1104,0.711365534338094
handcrafted,fakemusiccaps__base,fakemusiccaps,family,MusicLDM,MusicLDM,1102,1104,0.6941479917935768
handcrafted,fakemusiccaps__base,fakemusiccaps,family,Mustango,Mustango,1102,1104,0.7031254109787213
handcrafted,fakemusiccaps__base,fakemusiccaps,family,StableAudio,StableAudio,1102,1104,0.826587528604119
handcrafted,fakemusiccaps__base,fakemusiccaps,generator,AudioLDM,audioldm2,1102,1104,0.6097551553170782
handcrafted,fakemusiccaps__base,fakemusiccaps,generator,MusicGen,MusicGen_medium,1102,1104,0.711365534338094
handcrafted,fakemusiccaps__base,fakemusiccaps,generator,MusicLDM,musicldm,1102,1104,0.6941479917935768
handcrafted,fakemusiccaps__base,fakemusiccaps,generator,Mustango,mustango,1102,1104,0.7031254109787213
handcrafted,fakemusiccaps__base,fakemusiccaps,generator,StableAudio,stable_audio_open,1102,1104,0.826587528604119
handcrafted,artifactbench__without_Suno,artifactbench,family,DiffRhythm,DiffRhythm,860,100,0.9194651162790698
handcrafted,artifactbench__without_Suno,artifactbench,family,MusicGen,MusicGen,860,90,0.8942506459948321
handcrafted,artifactbench__without_Suno,artifactbench,family,Riffusion,Riffusion,860,130,0.8076744186046512
handcrafted,artifactbench__without_Suno,artifactbench,family,StableAudio,StableAudio,860,100,0.9396279069767443
handcrafted,artifactbench__without_Suno,artifactbench,family,Suno,Suno,860,479,0.8843739379521289
handcrafted,artifactbench__without_Suno,artifactbench,family,Udio,Udio,860,405,0.797249497559575
handcrafted,artifactbench__without_Suno,artifactbench,family,Yue,Yue,860,100,0.9023720930232558
handcrafted,artifactbench__without_Suno,artifactbench,generator,DiffRhythm,DiffRhythm,860,100,0.9194651162790698
handcrafted,artifactbench__without_Suno,artifactbench,generator,MusicGen,MusicGen Large,860,30,0.9165891472868217
handcrafted,artifactbench__without_Suno,artifactbench,generator,MusicGen,MusicGen Medium,860,30,0.8497674418604652
handcrafted,artifactbench__without_Suno,artifactbench,generator,MusicGen,MusicGen Small,860,30,0.9163953488372094
handcrafted,artifactbench__without_Suno,artifactbench,generator,Riffusion,Riffusion,860,100,0.8906046511627908
handcrafted,artifactbench__without_Suno,artifactbench,generator,Riffusion,Riffusion (AIME),860,30,0.5312403100775194
handcrafted,artifactbench__without_Suno,artifactbench,generator,StableAudio,Stable Audio v1,860,50,0.9442558139534885
handcrafted,artifactbench__without_Suno,artifactbench,generator,StableAudio,Stable Audio v2,860,50,0.9349999999999999
handcrafted,artifactbench__without_Suno,artifactbench,generator,Suno,Google Chirp v2 XXL,860,80,0.8015697674418605
handcrafted,artifactbench__without_Suno,artifactbench,generator,Suno,Google Chirp v3,860,80,0.970406976744186
handcrafted,artifactbench__without_Suno,artifactbench,generator,Suno,Google Chirp v3.5,860,80,0.9451308139534884
handcrafted,artifactbench__without_Suno,artifactbench,generator,Suno,Suno (mixed),860,80,0.8734447674418605
handcrafted,artifactbench__without_Suno,artifactbench,generator,Suno,Suno v3,860,30,0.9131782945736435
handcrafted,artifactbench__without_Suno,artifactbench,generator,Suno,Suno v3.5,860,29,0.9520449077786689
handcrafted,artifactbench__without_Suno,artifactbench,generator,Suno,Suno v4,860,100,0.8136627906976743
handcrafted,artifactbench__without_Suno,artifactbench,generator,Udio,Udio,860,100,0.8102790697674418
handcrafted,artifactbench__without_Suno,artifactbench,generator,Udio,Udio (AIME),860,30,0.8342635658914729
handcrafted,artifactbench__without_Suno,artifactbench,generator,Udio,Udio (SONICS 120s),860,80,0.7384883720930232
handcrafted,artifactbench__without_Suno,artifactbench,generator,Udio,Udio (SONICS 30s),860,80,0.8871220930232558
handcrafted,artifactbench__without_Suno,artifactbench,generator,Udio,Udio (mixed),860,80,0.7563953488372094
handcrafted,artifactbench__without_Suno,artifactbench,generator,Udio,Udio CDN,860,18,0.7669250645994832
handcrafted,artifactbench__without_Suno,artifactbench,generator,Udio,Udio CDN Latest,860,17,0.7332421340629275
handcrafted,artifactbench__without_Suno,artifactbench,generator,Yue,Yue,860,100,0.9023720930232558
handcrafted,artifactbench__count_control_Suno,artifactbench,family,DiffRhythm,DiffRhythm,860,100,0.922546511627907
handcrafted,artifactbench__count_control_Suno,artifactbench,family,MusicGen,MusicGen,860,90,0.8905426356589148
handcrafted,artifactbench__count_control_Suno,artifactbench,family,Riffusion,Riffusion,860,130,0.8091502683363148
handcrafted,artifactbench__count_control_Suno,artifactbench,family,StableAudio,StableAudio,860,100,0.9423372093023257
handcrafted,artifactbench__count_control_Suno,artifactbench,family,Suno,Suno,860,479,0.8838471622080886
handcrafted,artifactbench__count_control_Suno,artifactbench,family,Udio,Udio,860,405,0.7902985931668102
handcrafted,artifactbench__count_control_Suno,artifactbench,family,Yue,Yue,860,100,0.9134302325581395
handcrafted,artifactbench__count_control_Suno,artifactbench,generator,DiffRhythm,DiffRhythm,860,100,0.922546511627907
handcrafted,artifactbench__count_control_Suno,artifactbench,generator,MusicGen,MusicGen Large,860,30,0.9103875968992249
handcrafted,artifactbench__count_control_Suno,artifactbench,generator,MusicGen,MusicGen Medium,860,30,0.8477519379844961
handcrafted,artifactbench__count_control_Suno,artifactbench,generator,MusicGen,MusicGen Small,860,30,0.9134883720930232
handcrafted,artifactbench__count_control_Suno,artifactbench,generator,Riffusion,Riffusion,860,100,0.8974767441860465
handcrafted,artifactbench__count_control_Suno,artifactbench,generator,Riffusion,Riffusion (AIME),860,30,0.5147286821705426
handcrafted,artifactbench__count_control_Suno,artifactbench,generator,StableAudio,Stable Audio v1,860,50,0.9485813953488372
handcrafted,artifactbench__count_control_Suno,artifactbench,generator,StableAudio,Stable Audio v2,860,50,0.936093023255814
handcrafted,artifactbench__count_control_Suno,artifactbench,generator,Suno,Google Chirp v2 XXL,860,80,0.7793459302325582
handcrafted,artifactbench__count_control_Suno,artifactbench,generator,Suno,Google Chirp v3,860,80,0.9730087209302325
handcrafted,artifactbench__count_control_Suno,artifactbench,generator,Suno,Google Chirp v3.5,860,80,0.9475436046511629
handcrafted,artifactbench__count_control_Suno,artifactbench,generator,Suno,Suno (mixed),860,80,0.8752180232558139
handcrafted,artifactbench__count_control_Suno,artifactbench,generator,Suno,Suno v3,860,30,0.9205038759689922
handcrafted,artifactbench__count_control_Suno,artifactbench,generator,Suno,Suno v3.5,860,29,0.9565757818765036
handcrafted,artifactbench__count_control_Suno,artifactbench,generator,Suno,Suno v4,860,100,0.8199767441860466
handcrafted,artifactbench__count_control_Suno,artifactbench,generator,Udio,Udio,860,100,0.8162441860465115
handcrafted,artifactbench__count_control_Suno,artifactbench,generator,Udio,Udio (AIME),860,30,0.8349224806201551
handcrafted,artifactbench__count_control_Suno,artifactbench,generator,Udio,Udio (SONICS 120s),860,80,0.7055668604651163
handcrafted,artifactbench__count_control_Suno,artifactbench,generator,Udio,Udio (SONICS 30s),860,80,0.8846366279069767
handcrafted,artifactbench__count_control_Suno,artifactbench,generator,Udio,Udio (mixed),860,80,0.7511337209302326
handcrafted,artifactbench__count_control_Suno,artifactbench,generator,Udio,Udio CDN,860,18,0.7635658914728682
handcrafted,artifactbench__count_control_Suno,artifactbench,generator,Udio,Udio CDN Latest,860,17,0.7263337893296854
handcrafted,artifactbench__count_control_Suno,artifactbench,generator,Yue,Yue,860,100,0.9134302325581395
handcrafted,artifactbench__without_Udio,artifactbench,family,DiffRhythm,DiffRhythm,860,100,0.9265697674418605
handcrafted,artifactbench__without_Udio,artifactbench,family,MusicGen,MusicGen,860,90,0.8839664082687338
handcrafted,artifactbench__without_Udio,artifactbench,family,Riffusion,Riffusion,860,130,0.8086135957066188
handcrafted,artifactbench__without_Udio,artifactbench,family,StableAudio,StableAudio,860,100,0.9422209302325582
handcrafted,artifactbench__without_Udio,artifactbench,family,Suno,Suno,860,479,0.8807933194154488
handcrafted,artifactbench__without_Udio,artifactbench,family,Udio,Udio,860,405,0.781570485213896
handcrafted,artifactbench__without_Udio,artifactbench,family,Yue,Yue,860,100,0.9236162790697675
handcrafted,artifactbench__without_Udio,artifactbench,generator,DiffRhythm,DiffRhythm,860,100,0.9265697674418605
handcrafted,artifactbench__without_Udio,artifactbench,generator,MusicGen,MusicGen Large,860,30,0.8990697674418605
handcrafted,artifactbench__without_Udio,artifactbench,generator,MusicGen,MusicGen Medium,860,30,0.8437209302325582
handcrafted,artifactbench__without_Udio,artifactbench,generator,MusicGen,MusicGen Small,860,30,0.909108527131783
handcrafted,artifactbench__without_Udio,artifactbench,generator,Riffusion,Riffusion,860,100,0.9025581395348837
handcrafted,artifactbench__without_Udio,artifactbench,generator,Riffusion,Riffusion (AIME),860,30,0.4954651162790698
handcrafted,artifactbench__without_Udio,artifactbench,generator,StableAudio,Stable Audio v1,860,50,0.9504883720930233
handcrafted,artifactbench__without_Udio,artifactbench,generator,StableAudio,Stable Audio v2,860,50,0.933953488372093
handcrafted,artifactbench__without_Udio,artifactbench,generator,Suno,Google Chirp v2 XXL,860,80,0.7464534883720931
handcrafted,artifactbench__without_Udio,artifactbench,generator,Suno,Google Chirp v3,860,80,0.9732994186046511
handcrafted,artifactbench__without_Udio,artifactbench,generator,Suno,Google Chirp v3.5,860,80,0.9478488372093024
handcrafted,artifactbench__without_Udio,artifactbench,generator,Suno,Suno (mixed),860,80,0.8767441860465115
handcrafted,artifactbench__without_Udio,artifactbench,generator,Suno,Suno v3,860,30,0.9267054263565891
handcrafted,artifactbench__without_Udio,artifactbench,generator,Suno,Suno v3.5,860,29,0.9607858861267041
handcrafted,artifactbench__without_Udio,artifactbench,generator,Suno,Suno v4,860,100,0.8268837209302327
handcrafted,artifactbench__without_Udio,artifactbench,generator,Udio,Udio,860,100,0.8225116279069767
handcrafted,artifactbench__without_Udio,artifactbench,generator,Udio,Udio (AIME),860,30,0.8362403100775194
handcrafted,artifactbench__without_Udio,artifactbench,generator,Udio,Udio (SONICS 120s),860,80,0.6650290697674419
handcrafted,artifactbench__without_Udio,artifactbench,generator,Udio,Udio (SONICS 30s),860,80,0.8801162790697674
handcrafted,artifactbench__without_Udio,artifactbench,generator,Udio,Udio (mixed),860,80,0.746046511627907
handcrafted,artifactbench__without_Udio,artifactbench,generator,Udio,Udio CDN,860,18,0.7578165374677003
handcrafted,artifactbench__without_Udio,artifactbench,generator,Udio,Udio CDN Latest,860,17,0.7212722298221613
handcrafted,artifactbench__without_Udio,artifactbench,generator,Yue,Yue,860,100,0.9236162790697675
handcrafted,artifactbench__count_control_Udio,artifactbench,family,DiffRhythm,DiffRhythm,860,100,0.9227093023255813
handcrafted,artifactbench__count_control_Udio,artifactbench,family,MusicGen,MusicGen,860,90,0.8904134366925064
handcrafted,artifactbench__count_control_Udio,artifactbench,family,Riffusion,Riffusion,860,130,0.8091592128801431
handcrafted,artifactbench__count_control_Udio,artifactbench,family,StableAudio,StableAudio,860,100,0.942453488372093
handcrafted,artifactbench__count_control_Udio,artifactbench,family,Suno,Suno,860,479,0.8838787202019711
handcrafted,artifactbench__count_control_Udio,artifactbench,family,Udio,Udio,860,405,0.7901722652885443
handcrafted,artifactbench__count_control_Udio,artifactbench,family,Yue,Yue,860,100,0.9136395348837211
handcrafted,artifactbench__count_control_Udio,artifactbench,generator,DiffRhythm,DiffRhythm,860,100,0.9227093023255813
handcrafted,artifactbench__count_control_Udio,artifactbench,generator,MusicGen,MusicGen Large,860,30,0.91031007751938
handcrafted,artifactbench__count_control_Udio,artifactbench,generator,MusicGen,MusicGen Medium,860,30,0.8476744186046511
handcrafted,artifactbench__count_control_Udio,artifactbench,generator,MusicGen,MusicGen Small,860,30,0.9132558139534883
handcrafted,artifactbench__count_control_Udio,artifactbench,generator,Riffusion,Riffusion,860,100,0.8976279069767442
handcrafted,artifactbench__count_control_Udio,artifactbench,generator,Riffusion,Riffusion (AIME),860,30,0.5142635658914729
handcrafted,artifactbench__count_control_Udio,artifactbench,generator,StableAudio,Stable Audio v1,860,50,0.9487209302325581
handcrafted,artifactbench__count_control_Udio,artifactbench,generator,StableAudio,Stable Audio v2,860,50,0.936186046511628
handcrafted,artifactbench__count_control_Udio,artifactbench,generator,Suno,Google Chirp v2 XXL,860,80,0.7792877906976744
handcrafted,artifactbench__count_control_Udio,artifactbench,generator,Suno,Google Chirp v3,860,80,0.972906976744186
handcrafted,artifactbench__count_control_Udio,artifactbench,generator,Suno,Google Chirp v3.5,860,80,0.9474563953488372
handcrafted,artifactbench__count_control_Udio,artifactbench,generator,Suno,Suno (mixed),860,80,0.8752906976744186
handcrafted,artifactbench__count_control_Udio,artifactbench,generator,Suno,Suno v3,860,30,0.9205813953488372
handcrafted,artifactbench__count_control_Udio,artifactbench,generator,Suno,Suno v3.5,860,29,0.9565356856455494
handcrafted,artifactbench__count_control_Udio,artifactbench,generator,Suno,Suno v4,860,100,0.8202558139534883
handcrafted,artifactbench__count_control_Udio,artifactbench,generator,Udio,Udio,860,100,0.8163255813953488
handcrafted,artifactbench__count_control_Udio,artifactbench,generator,Udio,Udio (AIME),860,30,0.8350387596899225
handcrafted,artifactbench__count_control_Udio,artifactbench,generator,Udio,Udio (SONICS 120s),860,80,0.7052180232558138
handcrafted,artifactbench__count_control_Udio,artifactbench,generator,Udio,Udio (SONICS 30s),860,80,0.884156976744186
handcrafted,artifactbench__count_control_Udio,artifactbench,generator,Udio,Udio (mixed),860,80,0.7510901162790697
handcrafted,artifactbench__count_control_Udio,artifactbench,generator,Udio,Udio CDN,860,18,0.7638888888888888
handcrafted,artifactbench__count_control_Udio,artifactbench,generator,Udio,Udio CDN Latest,860,17,0.7264021887824897
handcrafted,artifactbench__count_control_Udio,artifactbench,generator,Yue,Yue,860,100,0.9136395348837211
handcrafted,artifactbench__without_MusicGen,artifactbench,family,DiffRhythm,DiffRhythm,860,100,0.9118372093023256
handcrafted,artifactbench__without_MusicGen,artifactbench,family,MusicGen,MusicGen,860,90,0.878733850129199
handcrafted,artifactbench__without_MusicGen,artifactbench,family,Riffusion,Riffusion,860,130,0.824624329159213
handcrafted,artifactbench__without_MusicGen,artifactbench,family,StableAudio,StableAudio,860,100,0.9445116279069767
handcrafted,artifactbench__without_MusicGen,artifactbench,family,Suno,Suno,860,479,0.8963586930135456
handcrafted,artifactbench__without_MusicGen,artifactbench,family,Udio,Udio,860,405,0.7950789549239161
handcrafted,artifactbench__without_MusicGen,artifactbench,family,Yue,Yue,860,100,0.9161627906976744
handcrafted,artifactbench__without_MusicGen,artifactbench,generator,DiffRhythm,DiffRhythm,860,100,0.9118372093023256
handcrafted,artifactbench__without_MusicGen,artifactbench,generator,MusicGen,MusicGen Large,860,30,0.9097286821705426
handcrafted,artifactbench__without_MusicGen,artifactbench,generator,MusicGen,MusicGen Medium,860,30,0.8328682170542635
handcrafted,artifactbench__without_MusicGen,artifactbench,generator,MusicGen,MusicGen Small,860,30,0.8936046511627906
handcrafted,artifactbench__without_MusicGen,artifactbench,generator,Riffusion,Riffusion,860,100,0.9123023255813952
handcrafted,artifactbench__without_MusicGen,artifactbench,generator,Riffusion,Riffusion (AIME),860,30,0.5323643410852713
handcrafted,artifactbench__without_MusicGen,artifactbench,generator,StableAudio,Stable Audio v1,860,50,0.9532093023255814
handcrafted,artifactbench__without_MusicGen,artifactbench,generator,StableAudio,Stable Audio v2,860,50,0.935813953488372
handcrafted,artifactbench__without_MusicGen,artifactbench,generator,Suno,Google Chirp v2 XXL,860,80,0.8273401162790698
handcrafted,artifactbench__without_MusicGen,artifactbench,generator,Suno,Google Chirp v3,860,80,0.9731976744186046
handcrafted,artifactbench__without_MusicGen,artifactbench,generator,Suno,Google Chirp v3.5,860,80,0.9546656976744186
handcrafted,artifactbench__without_MusicGen,artifactbench,generator,Suno,Suno (mixed),860,80,0.8906976744186047
handcrafted,artifactbench__without_MusicGen,artifactbench,generator,Suno,Suno v3,860,30,0.8986046511627908
handcrafted,artifactbench__without_MusicGen,artifactbench,generator,Suno,Suno v3.5,860,29,0.9542101042502005
handcrafted,artifactbench__without_MusicGen,artifactbench,generator,Suno,Suno v4,860,100,0.8305348837209302
handcrafted,artifactbench__without_MusicGen,artifactbench,generator,Udio,Udio,860,100,0.813813953488372
handcrafted,artifactbench__without_MusicGen,artifactbench,generator,Udio,Udio (AIME),860,30,0.8312015503875969
handcrafted,artifactbench__without_MusicGen,artifactbench,generator,Udio,Udio (SONICS 120s),860,80,0.7477325581395349
handcrafted,artifactbench__without_MusicGen,artifactbench,generator,Udio,Udio (SONICS 30s),860,80,0.8589680232558139
handcrafted,artifactbench__without_MusicGen,artifactbench,generator,Udio,Udio (mixed),860,80,0.7580523255813953
handcrafted,artifactbench__without_MusicGen,artifactbench,generator,Udio,Udio CDN,860,18,0.7765503875968992
handcrafted,artifactbench__without_MusicGen,artifactbench,generator,Udio,Udio CDN Latest,860,17,0.737140902872777
handcrafted,artifactbench__without_MusicGen,artifactbench,generator,Yue,Yue,860,100,0.9161627906976744
handcrafted,artifactbench__count_control_MusicGen,artifactbench,family,DiffRhythm,DiffRhythm,860,100,0.9136860465116279
handcrafted,artifactbench__count_control_MusicGen,artifactbench,family,MusicGen,MusicGen,860,90,0.8961886304909561
handcrafted,artifactbench__count_control_MusicGen,artifactbench,family,Riffusion,Riffusion,860,130,0.8172182468694096
handcrafted,artifactbench__count_control_MusicGen,artifactbench,family,StableAudio,StableAudio,860,100,0.9378837209302325
handcrafted,artifactbench__count_control_MusicGen,artifactbench,family,Suno,Suno,860,479,0.8950065543525757
handcrafted,artifactbench__count_control_MusicGen,artifactbench,family,Udio,Udio,860,405,0.7982113120872811
handcrafted,artifactbench__count_control_MusicGen,artifactbench,family,Yue,Yue,860,100,0.9086279069767441
handcrafted,artifactbench__count_control_MusicGen,artifactbench,generator,DiffRhythm,DiffRhythm,860,100,0.9136860465116279
handcrafted,artifactbench__count_control_MusicGen,artifactbench,generator,MusicGen,MusicGen Large,860,30,0.9206976744186047
handcrafted,artifactbench__count_control_MusicGen,artifactbench,generator,MusicGen,MusicGen Medium,860,30,0.8484496124031008
handcrafted,artifactbench__count_control_MusicGen,artifactbench,generator,MusicGen,MusicGen Small,860,30,0.9194186046511628
handcrafted,artifactbench__count_control_MusicGen,artifactbench,generator,Riffusion,Riffusion,860,100,0.9037790697674417
handcrafted,artifactbench__count_control_MusicGen,artifactbench,generator,Riffusion,Riffusion (AIME),860,30,0.5286821705426357
handcrafted,artifactbench__count_control_MusicGen,artifactbench,generator,StableAudio,Stable Audio v1,860,50,0.9452558139534883
handcrafted,artifactbench__count_control_MusicGen,artifactbench,generator,StableAudio,Stable Audio v2,860,50,0.9305116279069767
handcrafted,artifactbench__count_control_MusicGen,artifactbench,generator,Suno,Google Chirp v2 XXL,860,80,0.8268023255813953
handcrafted,artifactbench__count_control_MusicGen,artifactbench,generator,Suno,Google Chirp v3,860,80,0.974593023255814
handcrafted,artifactbench__count_control_MusicGen,artifactbench,generator,Suno,Google Chirp v3.5,860,80,0.9518895348837209
handcrafted,artifactbench__count_control_MusicGen,artifactbench,generator,Suno,Suno (mixed),860,80,0.8841860465116279
handcrafted,artifactbench__count_control_MusicGen,artifactbench,generator,Suno,Suno v3,860,30,0.9126356589147288
handcrafted,artifactbench__count_control_MusicGen,artifactbench,generator,Suno,Suno v3.5,860,29,0.9567361668003207
handcrafted,artifactbench__count_control_MusicGen,artifactbench,generator,Suno,Suno v4,860,100,0.8258604651162791
handcrafted,artifactbench__count_control_MusicGen,artifactbench,generator,Udio,Udio,860,100,0.8071976744186046
handcrafted,artifactbench__count_control_MusicGen,artifactbench,generator,Udio,Udio (AIME),860,30,0.8287596899224806
handcrafted,artifactbench__count_control_MusicGen,artifactbench,generator,Udio,Udio (SONICS 120s),860,80,0.7493459302325582
handcrafted,artifactbench__count_control_MusicGen,artifactbench,generator,Udio,Udio (SONICS 30s),860,80,0.8860610465116279
handcrafted,artifactbench__count_control_MusicGen,artifactbench,generator,Udio,Udio (mixed),860,80,0.7575
handcrafted,artifactbench__count_control_MusicGen,artifactbench,generator,Udio,Udio CDN,860,18,0.7669250645994832
handcrafted,artifactbench__count_control_MusicGen,artifactbench,generator,Udio,Udio CDN Latest,860,17,0.7326949384404924
handcrafted,artifactbench__count_control_MusicGen,artifactbench,generator,Yue,Yue,860,100,0.9086279069767441
handcrafted,echoes__without_Suno,echoes,family,AceStep,AceStep,59,57,0.8980077311923877
handcrafted,echoes__without_Suno,echoes,family,AudioLDM,AudioLDM,59,115,0.9342667649226235
handcrafted,echoes__without_Suno,echoes,family,Brev,Brev,59,68,0.7858923230309073
handcrafted,echoes__without_Suno,echoes,family,DiffRhythm,DiffRhythm,59,120,0.7870056497175141
handcrafted,echoes__without_Suno,echoes,family,Mubert,Mubert,59,32,0.7473516949152542
handcrafted,echoes__without_Suno,echoes,family,Producer,Producer,59,68,0.8686440677966103
handcrafted,echoes__without_Suno,echoes,family,SongGen,SongGen,59,111,0.6550618415025193
handcrafted,echoes__without_Suno,echoes,family,StableAudio,StableAudio,59,35,0.8101694915254237
handcrafted,echoes__without_Suno,echoes,family,Suno,Suno,59,68,0.8098205383848455
handcrafted,echoes__without_Suno,echoes,family,Udio,Udio,59,68,0.6949152542372882
handcrafted,echoes__without_Suno,echoes,generator,AceStep,acestep,59,57,0.8980077311923877
handcrafted,echoes__without_Suno,echoes,generator,AudioLDM,audioldm,59,115,0.9342667649226235
handcrafted,echoes__without_Suno,echoes,generator,Brev,brev,59,68,0.7858923230309073
handcrafted,echoes__without_Suno,echoes,generator,DiffRhythm,diffrhythm,59,120,0.7870056497175141
handcrafted,echoes__without_Suno,echoes,generator,Mubert,mubert,59,32,0.7473516949152542
handcrafted,echoes__without_Suno,echoes,generator,Producer,producer,59,68,0.8686440677966103
handcrafted,echoes__without_Suno,echoes,generator,SongGen,songgen,59,111,0.6550618415025193
handcrafted,echoes__without_Suno,echoes,generator,StableAudio,stableaudio,59,35,0.8101694915254237
handcrafted,echoes__without_Suno,echoes,generator,Suno,suno,59,68,0.8098205383848455
handcrafted,echoes__without_Suno,echoes,generator,Udio,udio,59,68,0.6949152542372882
handcrafted,echoes__count_control_Suno,echoes,family,AceStep,AceStep,59,57,0.9048468629200119
handcrafted,echoes__count_control_Suno,echoes,family,AudioLDM,AudioLDM,59,115,0.9282240235814296
handcrafted,echoes__count_control_Suno,echoes,family,Brev,Brev,59,68,0.7876370887337986
handcrafted,echoes__count_control_Suno,echoes,family,DiffRhythm,DiffRhythm,59,120,0.8011299435028247
handcrafted,echoes__count_control_Suno,echoes,family,Mubert,Mubert,59,32,0.763771186440678
handcrafted,echoes__count_control_Suno,echoes,family,Producer,Producer,59,68,0.8656530408773679
handcrafted,echoes__count_control_Suno,echoes,family,SongGen,SongGen,59,111,0.6330737517178195
handcrafted,echoes__count_control_Suno,echoes,family,StableAudio,StableAudio,59,35,0.8096852300242131
handcrafted,echoes__count_control_Suno,echoes,family,Suno,Suno,59,68,0.811814556331007
handcrafted,echoes__count_control_Suno,echoes,family,Udio,Udio,59,68,0.6839481555333998
handcrafted,echoes__count_control_Suno,echoes,generator,AceStep,acestep,59,57,0.9048468629200119
handcrafted,echoes__count_control_Suno,echoes,generator,AudioLDM,audioldm,59,115,0.9282240235814296
handcrafted,echoes__count_control_Suno,echoes,generator,Brev,brev,59,68,0.7876370887337986
handcrafted,echoes__count_control_Suno,echoes,generator,DiffRhythm,diffrhythm,59,120,0.8011299435028247
handcrafted,echoes__count_control_Suno,echoes,generator,Mubert,mubert,59,32,0.763771186440678
handcrafted,echoes__count_control_Suno,echoes,generator,Producer,producer,59,68,0.8656530408773679
handcrafted,echoes__count_control_Suno,echoes,generator,SongGen,songgen,59,111,0.6330737517178195
handcrafted,echoes__count_control_Suno,echoes,generator,StableAudio,stableaudio,59,35,0.8096852300242131
handcrafted,echoes__count_control_Suno,echoes,generator,Suno,suno,59,68,0.811814556331007
handcrafted,echoes__count_control_Suno,echoes,generator,Udio,udio,59,68,0.6839481555333998
handcrafted,echoes__without_Udio,echoes,family,AceStep,AceStep,59,57,0.9099018733273863
handcrafted,echoes__without_Udio,echoes,family,AudioLDM,AudioLDM,59,115,0.9173176123802506
handcrafted,echoes__without_Udio,echoes,family,Brev,Brev,59,68,0.7896311066799602
handcrafted,echoes__without_Udio,echoes,family,DiffRhythm,DiffRhythm,59,120,0.8128531073446328
handcrafted,echoes__without_Udio,echoes,family,Mubert,Mubert,59,32,0.7738347457627118
handcrafted,echoes__without_Udio,echoes,family,Producer,Producer,59,68,0.8626620139581256
handcrafted,echoes__without_Udio,echoes,family,SongGen,SongGen,59,111,0.6089479309818293
handcrafted,echoes__without_Udio,echoes,family,StableAudio,StableAudio,59,35,0.8101694915254236
handcrafted,echoes__without_Udio,echoes,family,Suno,Suno,59,68,0.8155533399800599
handcrafted,echoes__without_Udio,echoes,family,Udio,Udio,59,68,0.6687437686939182
handcrafted,echoes__without_Udio,echoes,generator,AceStep,acestep,59,57,0.9099018733273863
handcrafted,echoes__without_Udio,echoes,generator,AudioLDM,audioldm,59,115,0.9173176123802506
handcrafted,echoes__without_Udio,echoes,generator,Brev,brev,59,68,0.7896311066799602
handcrafted,echoes__without_Udio,echoes,generator,DiffRhythm,diffrhythm,59,120,0.8128531073446328
handcrafted,echoes__without_Udio,echoes,generator,Mubert,mubert,59,32,0.7738347457627118
handcrafted,echoes__without_Udio,echoes,generator,Producer,producer,59,68,0.8626620139581256
handcrafted,echoes__without_Udio,echoes,generator,SongGen,songgen,59,111,0.6089479309818293
handcrafted,echoes__without_Udio,echoes,generator,StableAudio,stableaudio,59,35,0.8101694915254236
handcrafted,echoes__without_Udio,echoes,generator,Suno,suno,59,68,0.8155533399800599
handcrafted,echoes__without_Udio,echoes,generator,Udio,udio,59,68,0.6687437686939182
handcrafted,echoes__count_control_Udio,echoes,family,AceStep,AceStep,59,57,0.9054415700267617
handcrafted,echoes__count_control_Udio,echoes,family,AudioLDM,AudioLDM,59,115,0.9283714075165808
handcrafted,echoes__count_control_Udio,echoes,family,Brev,Brev,59,68,0.7873878364905285
handcrafted,echoes__count_control_Udio,echoes,family,DiffRhythm,DiffRhythm,59,120,0.8008474576271185
handcrafted,echoes__count_control_Udio,echoes,family,Mubert,Mubert,59,32,0.7637711864406779
handcrafted,echoes__count_control_Udio,echoes,family,Producer,Producer,59,68,0.8649052841475573
handcrafted,echoes__count_control_Udio,echoes,family,SongGen,SongGen,59,111,0.6332264467857689
handcrafted,echoes__count_control_Udio,echoes,family,StableAudio,StableAudio,59,35,0.8101694915254237
handcrafted,echoes__count_control_Udio,echoes,family,Suno,Suno,59,68,0.8118145563310069
handcrafted,echoes__count_control_Udio,echoes,family,Udio,Udio,59,68,0.6844466600199401
handcrafted,echoes__count_control_Udio,echoes,generator,AceStep,acestep,59,57,0.9054415700267617
handcrafted,echoes__count_control_Udio,echoes,generator,AudioLDM,audioldm,59,115,0.9283714075165808
handcrafted,echoes__count_control_Udio,echoes,generator,Brev,brev,59,68,0.7873878364905285
handcrafted,echoes__count_control_Udio,echoes,generator,DiffRhythm,diffrhythm,59,120,0.8008474576271185
handcrafted,echoes__count_control_Udio,echoes,generator,Mubert,mubert,59,32,0.7637711864406779
handcrafted,echoes__count_control_Udio,echoes,generator,Producer,producer,59,68,0.8649052841475573
handcrafted,echoes__count_control_Udio,echoes,generator,SongGen,songgen,59,111,0.6332264467857689
handcrafted,echoes__count_control_Udio,echoes,generator,StableAudio,stableaudio,59,35,0.8101694915254237
handcrafted,echoes__count_control_Udio,echoes,generator,Suno,suno,59,68,0.8118145563310069
handcrafted,echoes__count_control_Udio,echoes,generator,Udio,udio,59,68,0.6844466600199401
handcrafted,fakemusiccaps__without_MusicGen,fakemusiccaps,family,AudioLDM,AudioLDM,1102,1104,0.6074742234146084
handcrafted,fakemusiccaps__without_MusicGen,fakemusiccaps,family,MusicGen,MusicGen,1102,1104,0.6972344419895316
handcrafted,fakemusiccaps__without_MusicGen,fakemusiccaps,family,MusicLDM,MusicLDM,1102,1104,0.6899083353060312
handcrafted,fakemusiccaps__without_MusicGen,fakemusiccaps,family,Mustango,Mustango,1102,1104,0.7091421394565874
handcrafted,fakemusiccaps__without_MusicGen,fakemusiccaps,family,StableAudio,StableAudio,1102,1104,0.8309110247507825
handcrafted,fakemusiccaps__without_MusicGen,fakemusiccaps,generator,AudioLDM,audioldm2,1102,1104,0.6074742234146084
handcrafted,fakemusiccaps__without_MusicGen,fakemusiccaps,generator,MusicGen,MusicGen_medium,1102,1104,0.6972344419895316
handcrafted,fakemusiccaps__without_MusicGen,fakemusiccaps,generator,MusicLDM,musicldm,1102,1104,0.6899083353060312
handcrafted,fakemusiccaps__without_MusicGen,fakemusiccaps,generator,Mustango,mustango,1102,1104,0.7091421394565874
handcrafted,fakemusiccaps__without_MusicGen,fakemusiccaps,generator,StableAudio,stable_audio_open,1102,1104,0.8309110247507825
handcrafted,fakemusiccaps__count_control_MusicGen,fakemusiccaps,family,AudioLDM,AudioLDM,1102,1104,0.6053848075962018
handcrafted,fakemusiccaps__count_control_MusicGen,fakemusiccaps,family,MusicGen,MusicGen,1102,1104,0.7105739893211289
handcrafted,fakemusiccaps__count_control_MusicGen,fakemusiccaps,family,MusicLDM,MusicLDM,1102,1104,0.6929660169915042
handcrafted,fakemusiccaps__count_control_MusicGen,fakemusiccaps,family,Mustango,Mustango,1102,1104,0.7026577171940346
handcrafted,fakemusiccaps__count_control_MusicGen,fakemusiccaps,family,StableAudio,StableAudio,1102,1104,0.8273453733659486
handcrafted,fakemusiccaps__count_control_MusicGen,fakemusiccaps,generator,AudioLDM,audioldm2,1102,1104,0.6053848075962018
handcrafted,fakemusiccaps__count_control_MusicGen,fakemusiccaps,generator,MusicGen,MusicGen_medium,1102,1104,0.7105739893211289
handcrafted,fakemusiccaps__count_control_MusicGen,fakemusiccaps,generator,MusicLDM,musicldm,1102,1104,0.6929660169915042
handcrafted,fakemusiccaps__count_control_MusicGen,fakemusiccaps,generator,Mustango,mustango,1102,1104,0.7026577171940346
handcrafted,fakemusiccaps__count_control_MusicGen,fakemusiccaps,generator,StableAudio,stable_audio_open,1102,1104,0.8273453733659486
handcrafted,artifactbench__without_StableAudio,artifactbench,family,DiffRhythm,DiffRhythm,860,100,0.9258488372093023
handcrafted,artifactbench__without_StableAudio,artifactbench,family,MusicGen,MusicGen,860,90,0.8906976744186046
handcrafted,artifactbench__without_StableAudio,artifactbench,family,Riffusion,Riffusion,860,130,0.8000715563506262
handcrafted,artifactbench__without_StableAudio,artifactbench,family,StableAudio,StableAudio,860,100,0.9104651162790697
handcrafted,artifactbench__without_StableAudio,artifactbench,family,Suno,Suno,860,479,0.8845560033014516
handcrafted,artifactbench__without_StableAudio,artifactbench,family,Udio,Udio,860,405,0.7960608670686189
handcrafted,artifactbench__without_StableAudio,artifactbench,family,Yue,Yue,860,100,0.9024883720930231
handcrafted,artifactbench__without_StableAudio,artifactbench,generator,DiffRhythm,DiffRhythm,860,100,0.9258488372093023
handcrafted,artifactbench__without_StableAudio,artifactbench,generator,MusicGen,MusicGen Large,860,30,0.912093023255814
handcrafted,artifactbench__without_StableAudio,artifactbench,generator,MusicGen,MusicGen Medium,860,30,0.8436434108527131
handcrafted,artifactbench__without_StableAudio,artifactbench,generator,MusicGen,MusicGen Small,860,30,0.9163565891472868
handcrafted,artifactbench__without_StableAudio,artifactbench,generator,Riffusion,Riffusion,860,100,0.8882209302325582
handcrafted,artifactbench__without_StableAudio,artifactbench,generator,Riffusion,Riffusion (AIME),860,30,0.5062403100775195
handcrafted,artifactbench__without_StableAudio,artifactbench,generator,StableAudio,Stable Audio v1,860,50,0.9181162790697674
handcrafted,artifactbench__without_StableAudio,artifactbench,generator,StableAudio,Stable Audio v2,860,50,0.902813953488372
handcrafted,artifactbench__without_StableAudio,artifactbench,generator,Suno,Google Chirp v2 XXL,860,80,0.7922674418604652
handcrafted,artifactbench__without_StableAudio,artifactbench,generator,Suno,Google Chirp v3,860,80,0.9707122093023256
handcrafted,artifactbench__without_StableAudio,artifactbench,generator,Suno,Google Chirp v3.5,860,80,0.9467441860465116
handcrafted,artifactbench__without_StableAudio,artifactbench,generator,Suno,Suno (mixed),860,80,0.8759156976744186
handcrafted,artifactbench__without_StableAudio,artifactbench,generator,Suno,Suno v3,860,30,0.9074031007751938
handcrafted,artifactbench__without_StableAudio,artifactbench,generator,Suno,Suno v3.5,860,29,0.9535284683239775
handcrafted,artifactbench__without_StableAudio,artifactbench,generator,Suno,Suno v4,860,100,0.819767441860465
handcrafted,artifactbench__without_StableAudio,artifactbench,generator,Udio,Udio,860,100,0.8175581395348837
handcrafted,artifactbench__without_StableAudio,artifactbench,generator,Udio,Udio (AIME),860,30,0.8349612403100775
handcrafted,artifactbench__without_StableAudio,artifactbench,generator,Udio,Udio (SONICS 120s),860,80,0.7229505813953488
handcrafted,artifactbench__without_StableAudio,artifactbench,generator,Udio,Udio (SONICS 30s),860,80,0.8842296511627907
handcrafted,artifactbench__without_StableAudio,artifactbench,generator,Udio,Udio (mixed),860,80,0.7596802325581395
handcrafted,artifactbench__without_StableAudio,artifactbench,generator,Udio,Udio CDN,860,18,0.7676356589147286
handcrafted,artifactbench__without_StableAudio,artifactbench,generator,Udio,Udio CDN Latest,860,17,0.7313953488372094
handcrafted,artifactbench__without_StableAudio,artifactbench,generator,Yue,Yue,860,100,0.9024883720930231
handcrafted,artifactbench__count_control_StableAudio,artifactbench,family,DiffRhythm,DiffRhythm,860,100,0.9137093023255815
handcrafted,artifactbench__count_control_StableAudio,artifactbench,family,MusicGen,MusicGen,860,90,0.8949870801033593
handcrafted,artifactbench__count_control_StableAudio,artifactbench,family,Riffusion,Riffusion,860,130,0.8175491949910555
handcrafted,artifactbench__count_control_StableAudio,artifactbench,family,StableAudio,StableAudio,860,100,0.9382558139534884
handcrafted,artifactbench__count_control_StableAudio,artifactbench,family,Suno,Suno,860,479,0.8949531485167743
handcrafted,artifactbench__count_control_StableAudio,artifactbench,family,Udio,Udio,860,405,0.7974188917599769
handcrafted,artifactbench__count_control_StableAudio,artifactbench,family,Yue,Yue,860,100,0.9099418604651163
handcrafted,artifactbench__count_control_StableAudio,artifactbench,generator,DiffRhythm,DiffRhythm,860,100,0.9137093023255815
handcrafted,artifactbench__count_control_StableAudio,artifactbench,generator,MusicGen,MusicGen Large,860,30,0.9198062015503877
handcrafted,artifactbench__count_control_StableAudio,artifactbench,generator,MusicGen,MusicGen Medium,860,30,0.8474806201550388
handcrafted,artifactbench__count_control_StableAudio,artifactbench,generator,MusicGen,MusicGen Small,860,30,0.9176744186046513
handcrafted,artifactbench__count_control_StableAudio,artifactbench,generator,Riffusion,Riffusion,860,100,0.90453488372093
handcrafted,artifactbench__count_control_StableAudio,artifactbench,generator,Riffusion,Riffusion (AIME),860,30,0.5275968992248062
handcrafted,artifactbench__count_control_StableAudio,artifactbench,generator,StableAudio,Stable Audio v1,860,50,0.9455813953488372
handcrafted,artifactbench__count_control_StableAudio,artifactbench,generator,StableAudio,Stable Audio v2,860,50,0.9309302325581396
handcrafted,artifactbench__count_control_StableAudio,artifactbench,generator,Suno,Google Chirp v2 XXL,860,80,0.8253924418604651
handcrafted,artifactbench__count_control_StableAudio,artifactbench,generator,Suno,Google Chirp v3,860,80,0.9747383720930233
handcrafted,artifactbench__count_control_StableAudio,artifactbench,generator,Suno,Google Chirp v3.5,860,80,0.9519912790697675
handcrafted,artifactbench__count_control_StableAudio,artifactbench,generator,Suno,Suno (mixed),860,80,0.8843313953488372
handcrafted,artifactbench__count_control_StableAudio,artifactbench,generator,Suno,Suno v3,860,30,0.9127519379844962
handcrafted,artifactbench__count_control_StableAudio,artifactbench,generator,Suno,Suno v3.5,860,29,0.9566158781074579
handcrafted,artifactbench__count_control_StableAudio,artifactbench,generator,Suno,Suno v4,860,100,0.8264186046511628
handcrafted,artifactbench__count_control_StableAudio,artifactbench,generator,Udio,Udio,860,100,0.8077558139534884
handcrafted,artifactbench__count_control_StableAudio,artifactbench,generator,Udio,Udio (AIME),860,30,0.8285658914728684
handcrafted,artifactbench__count_control_StableAudio,artifactbench,generator,Udio,Udio (SONICS 120s),860,80,0.7469476744186047
handcrafted,artifactbench__count_control_StableAudio,artifactbench,generator,Udio,Udio (SONICS 30s),860,80,0.8847674418604652
handcrafted,artifactbench__count_control_StableAudio,artifactbench,generator,Udio,Udio (mixed),860,80,0.7565697674418604
handcrafted,artifactbench__count_control_StableAudio,artifactbench,generator,Udio,Udio CDN,860,18,0.7669250645994832
handcrafted,artifactbench__count_control_StableAudio,artifactbench,generator,Udio,Udio CDN Latest,860,17,0.732626538987688
handcrafted,artifactbench__count_control_StableAudio,artifactbench,generator,Yue,Yue,860,100,0.9099418604651163
handcrafted,artifactbench__without_DiffRhythm,artifactbench,family,DiffRhythm,DiffRhythm,860,100,0.913860465116279
handcrafted,artifactbench__without_DiffRhythm,artifactbench,family,MusicGen,MusicGen,860,90,0.8952713178294573
handcrafted,artifactbench__without_DiffRhythm,artifactbench,family,Riffusion,Riffusion,860,130,0.8133184257602862
handcrafted,artifactbench__without_DiffRhythm,artifactbench,family,StableAudio,StableAudio,860,100,0.9393255813953488
handcrafted,artifactbench__without_DiffRhythm,artifactbench,family,Suno,Suno,860,479,0.8900859348448804
handcrafted,artifactbench__without_DiffRhythm,artifactbench,family,Udio,Udio,860,405,0.7977634223370658
handcrafted,artifactbench__without_DiffRhythm,artifactbench,family,Yue,Yue,860,100,0.9057325581395348
handcrafted,artifactbench__without_DiffRhythm,artifactbench,generator,DiffRhythm,DiffRhythm,860,100,0.913860465116279
handcrafted,artifactbench__without_DiffRhythm,artifactbench,generator,MusicGen,MusicGen Large,860,30,0.9183333333333333
handcrafted,artifactbench__without_DiffRhythm,artifactbench,generator,MusicGen,MusicGen Medium,860,30,0.8494961240310077
handcrafted,artifactbench__without_DiffRhythm,artifactbench,generator,MusicGen,MusicGen Small,860,30,0.917984496124031
handcrafted,artifactbench__without_DiffRhythm,artifactbench,generator,Riffusion,Riffusion,860,100,0.8975697674418605
handcrafted,artifactbench__without_DiffRhythm,artifactbench,generator,Riffusion,Riffusion (AIME),860,30,0.5324806201550387
handcrafted,artifactbench__without_DiffRhythm,artifactbench,generator,StableAudio,Stable Audio v1,860,50,0.9457209302325582
handcrafted,artifactbench__without_DiffRhythm,artifactbench,generator,StableAudio,Stable Audio v2,860,50,0.9329302325581396
handcrafted,artifactbench__without_DiffRhythm,artifactbench,generator,Suno,Google Chirp v2 XXL,860,80,0.814781976744186
handcrafted,artifactbench__without_DiffRhythm,artifactbench,generator,Suno,Google Chirp v3,860,80,0.9737209302325582
handcrafted,artifactbench__without_DiffRhythm,artifactbench,generator,Suno,Google Chirp v3.5,860,80,0.9497093023255814
handcrafted,artifactbench__without_DiffRhythm,artifactbench,generator,Suno,Suno (mixed),860,80,0.8789098837209302
handcrafted,artifactbench__without_DiffRhythm,artifactbench,generator,Suno,Suno v3,860,30,0.9147286821705426
handcrafted,artifactbench__without_DiffRhythm,artifactbench,generator,Suno,Suno v3.5,860,29,0.9556134723336006
handcrafted,artifactbench__without_DiffRhythm,artifactbench,generator,Suno,Suno v4,860,100,0.8182674418604652
handcrafted,artifactbench__without_DiffRhythm,artifactbench,generator,Udio,Udio,860,100,0.8075697674418605
handcrafted,artifactbench__without_DiffRhythm,artifactbench,generator,Udio,Udio (AIME),860,30,0.8314341085271318
handcrafted,artifactbench__without_DiffRhythm,artifactbench,generator,Udio,Udio (SONICS 120s),860,80,0.7437354651162791
handcrafted,artifactbench__without_DiffRhythm,artifactbench,generator,Udio,Udio (SONICS 30s),860,80,0.8895930232558139
handcrafted,artifactbench__without_DiffRhythm,artifactbench,generator,Udio,Udio (mixed),860,80,0.7561191860465116
handcrafted,artifactbench__without_DiffRhythm,artifactbench,generator,Udio,Udio CDN,860,18,0.7664728682170543
handcrafted,artifactbench__without_DiffRhythm,artifactbench,generator,Udio,Udio CDN Latest,860,17,0.7318741450068399
handcrafted,artifactbench__without_DiffRhythm,artifactbench,generator,Yue,Yue,860,100,0.9057325581395348
handcrafted,artifactbench__count_control_DiffRhythm,artifactbench,family,DiffRhythm,DiffRhythm,860,100,0.9177325581395348
handcrafted,artifactbench__count_control_DiffRhythm,artifactbench,family,MusicGen,MusicGen,860,90,0.8945219638242894
handcrafted,artifactbench__count_control_DiffRhythm,artifactbench,family,Riffusion,Riffusion,860,130,0.8134347048300536
handcrafted,artifactbench__count_control_DiffRhythm,artifactbench,family,StableAudio,StableAudio,860,100,0.939813953488372
handcrafted,artifactbench__count_control_DiffRhythm,artifactbench,family,Suno,Suno,860,479,0.8900835073068895
handcrafted,artifactbench__count_control_DiffRhythm,artifactbench,family,Udio,Udio,860,405,0.7964714326729831
handcrafted,artifactbench__count_control_DiffRhythm,artifactbench,family,Yue,Yue,860,100,0.9080116279069768
handcrafted,artifactbench__count_control_DiffRhythm,artifactbench,generator,DiffRhythm,DiffRhythm,860,100,0.9177325581395348
handcrafted,artifactbench__count_control_DiffRhythm,artifactbench,generator,MusicGen,MusicGen Large,860,30,0.9170542635658915
handcrafted,artifactbench__count_control_DiffRhythm,artifactbench,generator,MusicGen,MusicGen Medium,860,30,0.8497674418604652
handcrafted,artifactbench__count_control_DiffRhythm,artifactbench,generator,MusicGen,MusicGen Small,860,30,0.9167441860465115
handcrafted,artifactbench__count_control_DiffRhythm,artifactbench,generator,Riffusion,Riffusion,860,100,0.8991279069767442
handcrafted,artifactbench__count_control_DiffRhythm,artifactbench,generator,Riffusion,Riffusion (AIME),860,30,0.5277906976744186
handcrafted,artifactbench__count_control_DiffRhythm,artifactbench,generator,StableAudio,Stable Audio v1,860,50,0.9463255813953488
handcrafted,artifactbench__count_control_DiffRhythm,artifactbench,generator,StableAudio,Stable Audio v2,860,50,0.9333023255813954
handcrafted,artifactbench__count_control_DiffRhythm,artifactbench,generator,Suno,Google Chirp v2 XXL,860,80,0.8115116279069768
handcrafted,artifactbench__count_control_DiffRhythm,artifactbench,generator,Suno,Google Chirp v3,860,80,0.973328488372093
handcrafted,artifactbench__count_control_DiffRhythm,artifactbench,generator,Suno,Google Chirp v3.5,860,80,0.9491715116279069
handcrafted,artifactbench__count_control_DiffRhythm,artifactbench,generator,Suno,Suno (mixed),860,80,0.8795784883720931
handcrafted,artifactbench__count_control_DiffRhythm,artifactbench,generator,Suno,Suno v3,860,30,0.9147286821705427
handcrafted,artifactbench__count_control_DiffRhythm,artifactbench,generator,Suno,Suno v3.5,860,29,0.9557738572574179
handcrafted,artifactbench__count_control_DiffRhythm,artifactbench,generator,Suno,Suno v4,860,100,0.8210348837209303
handcrafted,artifactbench__count_control_DiffRhythm,artifactbench,generator,Udio,Udio,860,100,0.8099302325581396
handcrafted,artifactbench__count_control_DiffRhythm,artifactbench,generator,Udio,Udio (AIME),860,30,0.8312403100775194
handcrafted,artifactbench__count_control_DiffRhythm,artifactbench,generator,Udio,Udio (SONICS 120s),860,80,0.7381831395348838
handcrafted,artifactbench__count_control_DiffRhythm,artifactbench,generator,Udio,Udio (SONICS 30s),860,80,0.8862790697674419
handcrafted,artifactbench__count_control_DiffRhythm,artifactbench,generator,Udio,Udio (mixed),860,80,0.7557122093023255
handcrafted,artifactbench__count_control_DiffRhythm,artifactbench,generator,Udio,Udio CDN,860,18,0.7662144702842377
handcrafted,artifactbench__count_control_DiffRhythm,artifactbench,generator,Udio,Udio CDN Latest,860,17,0.7314637482900137
handcrafted,artifactbench__count_control_DiffRhythm,artifactbench,generator,Yue,Yue,860,100,0.9080116279069768
handcrafted,echoes__without_StableAudio,echoes,family,AceStep,AceStep,59,57,0.8988997918525127
handcrafted,echoes__without_StableAudio,echoes,family,AudioLDM,AudioLDM,59,115,0.933529845246868
handcrafted,echoes__without_StableAudio,echoes,family,Brev,Brev,59,68,0.7911266201395812
handcrafted,echoes__without_StableAudio,echoes,family,DiffRhythm,DiffRhythm,59,120,0.7656779661016948
handcrafted,echoes__without_StableAudio,echoes,family,Mubert,Mubert,59,32,0.7494703389830508
handcrafted,echoes__without_StableAudio,echoes,family,Producer,Producer,59,68,0.8741276171485544
handcrafted,echoes__without_StableAudio,echoes,family,SongGen,SongGen,59,111,0.6396396396396397
handcrafted,echoes__without_StableAudio,echoes,family,StableAudio,StableAudio,59,35,0.8154963680387408
handcrafted,echoes__without_StableAudio,echoes,family,Suno,Suno,59,68,0.8133100697906281
handcrafted,echoes__without_StableAudio,echoes,family,Udio,Udio,59,68,0.6704885343968096
handcrafted,echoes__without_StableAudio,echoes,generator,AceStep,acestep,59,57,0.8988997918525127
handcrafted,echoes__without_StableAudio,echoes,generator,AudioLDM,audioldm,59,115,0.933529845246868
handcrafted,echoes__without_StableAudio,echoes,generator,Brev,brev,59,68,0.7911266201395812
handcrafted,echoes__without_StableAudio,echoes,generator,DiffRhythm,diffrhythm,59,120,0.7656779661016948
handcrafted,echoes__without_StableAudio,echoes,generator,Mubert,mubert,59,32,0.7494703389830508
handcrafted,echoes__without_StableAudio,echoes,generator,Producer,producer,59,68,0.8741276171485544
handcrafted,echoes__without_StableAudio,echoes,generator,SongGen,songgen,59,111,0.6396396396396397
handcrafted,echoes__without_StableAudio,echoes,generator,StableAudio,stableaudio,59,35,0.8154963680387408
handcrafted,echoes__without_StableAudio,echoes,generator,Suno,suno,59,68,0.8133100697906281
handcrafted,echoes__without_StableAudio,echoes,generator,Udio,udio,59,68,0.6704885343968096
handcrafted,echoes__count_control_StableAudio,echoes,family,AceStep,AceStep,59,57,0.8950341956586381
handcrafted,echoes__count_control_StableAudio,echoes,family,AudioLDM,AudioLDM,59,115,0.9341193809874724
handcrafted,echoes__count_control_StableAudio,echoes,family,Brev,Brev,59,68,0.7928713858424725
handcrafted,echoes__count_control_StableAudio,echoes,family,DiffRhythm,DiffRhythm,59,120,0.7927966101694917
handcrafted,echoes__count_control_StableAudio,echoes,family,Mubert,Mubert,59,32,0.7526483050847457
handcrafted,echoes__count_control_StableAudio,echoes,family,Producer,Producer,59,68,0.8634097706879362
handcrafted,echoes__count_control_StableAudio,echoes,family,SongGen,SongGen,59,111,0.6759810658115742
handcrafted,echoes__count_control_StableAudio,echoes,family,StableAudio,StableAudio,59,35,0.8096852300242131
handcrafted,echoes__count_control_StableAudio,echoes,family,Suno,Suno,59,68,0.8143070787637088
handcrafted,echoes__count_control_StableAudio,echoes,family,Udio,Udio,59,68,0.6889332003988037
handcrafted,echoes__count_control_StableAudio,echoes,generator,AceStep,acestep,59,57,0.8950341956586381
handcrafted,echoes__count_control_StableAudio,echoes,generator,AudioLDM,audioldm,59,115,0.9341193809874724
handcrafted,echoes__count_control_StableAudio,echoes,generator,Brev,brev,59,68,0.7928713858424725
handcrafted,echoes__count_control_StableAudio,echoes,generator,DiffRhythm,diffrhythm,59,120,0.7927966101694917
handcrafted,echoes__count_control_StableAudio,echoes,generator,Mubert,mubert,59,32,0.7526483050847457
handcrafted,echoes__count_control_StableAudio,echoes,generator,Producer,producer,59,68,0.8634097706879362
handcrafted,echoes__count_control_StableAudio,echoes,generator,SongGen,songgen,59,111,0.6759810658115742
handcrafted,echoes__count_control_StableAudio,echoes,generator,StableAudio,stableaudio,59,35,0.8096852300242131
handcrafted,echoes__count_control_StableAudio,echoes,generator,Suno,suno,59,68,0.8143070787637088
handcrafted,echoes__count_control_StableAudio,echoes,generator,Udio,udio,59,68,0.6889332003988037
handcrafted,echoes__without_AudioLDM,echoes,family,AceStep,AceStep,59,57,0.8873030032708891
handcrafted,echoes__without_AudioLDM,echoes,family,AudioLDM,AudioLDM,59,115,0.9344141488577744
handcrafted,echoes__without_AudioLDM,echoes,family,Brev,Brev,59,68,0.7724327018943171
handcrafted,echoes__without_AudioLDM,echoes,family,DiffRhythm,DiffRhythm,59,120,0.7573446327683615
handcrafted,echoes__without_AudioLDM,echoes,family,Mubert,Mubert,59,32,0.7266949152542374
handcrafted,echoes__without_AudioLDM,echoes,family,Producer,Producer,59,68,0.8549351944167498
handcrafted,echoes__without_AudioLDM,echoes,family,SongGen,SongGen,59,111,0.7205680256527714
handcrafted,echoes__without_AudioLDM,echoes,family,StableAudio,StableAudio,59,35,0.8043583535108959
handcrafted,echoes__without_AudioLDM,echoes,family,Suno,Suno,59,68,0.7926221335992023
handcrafted,echoes__without_AudioLDM,echoes,family,Udio,Udio,59,68,0.6881854436689929
handcrafted,echoes__without_AudioLDM,echoes,generator,AceStep,acestep,59,57,0.8873030032708891
handcrafted,echoes__without_AudioLDM,echoes,generator,AudioLDM,audioldm,59,115,0.9344141488577744
handcrafted,echoes__without_AudioLDM,echoes,generator,Brev,brev,59,68,0.7724327018943171
handcrafted,echoes__without_AudioLDM,echoes,generator,DiffRhythm,diffrhythm,59,120,0.7573446327683615
handcrafted,echoes__without_AudioLDM,echoes,generator,Mubert,mubert,59,32,0.7266949152542374
handcrafted,echoes__without_AudioLDM,echoes,generator,Producer,producer,59,68,0.8549351944167498
handcrafted,echoes__without_AudioLDM,echoes,generator,SongGen,songgen,59,111,0.7205680256527714
handcrafted,echoes__without_AudioLDM,echoes,generator,StableAudio,stableaudio,59,35,0.8043583535108959
handcrafted,echoes__without_AudioLDM,echoes,generator,Suno,suno,59,68,0.7926221335992023
handcrafted,echoes__without_AudioLDM,echoes,generator,Udio,udio,59,68,0.6881854436689929
handcrafted,echoes__count_control_AudioLDM,echoes,family,AceStep,AceStep,59,57,0.8959262563187631
handcrafted,echoes__count_control_AudioLDM,echoes,family,AudioLDM,AudioLDM,59,115,0.9348563006632278
handcrafted,echoes__count_control_AudioLDM,echoes,family,Brev,Brev,59,68,0.7921236291126621
handcrafted,echoes__count_control_AudioLDM,echoes,family,DiffRhythm,DiffRhythm,59,120,0.7911016949152543
handcrafted,echoes__count_control_AudioLDM,echoes,family,Mubert,Mubert,59,32,0.753707627118644
handcrafted,echoes__count_control_AudioLDM,echoes,family,Producer,Producer,59,68,0.8644067796610169
handcrafted,echoes__count_control_AudioLDM,echoes,family,SongGen,SongGen,59,111,0.6767445411513208
handcrafted,echoes__count_control_AudioLDM,echoes,family,StableAudio,StableAudio,59,35,0.8101694915254237
handcrafted,echoes__count_control_AudioLDM,echoes,family,Suno,Suno,59,68,0.8148055832502493
handcrafted,echoes__count_control_AudioLDM,echoes,family,Udio,Udio,59,68,0.6884346959122633
handcrafted,echoes__count_control_AudioLDM,echoes,generator,AceStep,acestep,59,57,0.8959262563187631
handcrafted,echoes__count_control_AudioLDM,echoes,generator,AudioLDM,audioldm,59,115,0.9348563006632278
handcrafted,echoes__count_control_AudioLDM,echoes,generator,Brev,brev,59,68,0.7921236291126621
handcrafted,echoes__count_control_AudioLDM,echoes,generator,DiffRhythm,diffrhythm,59,120,0.7911016949152543
handcrafted,echoes__count_control_AudioLDM,echoes,generator,Mubert,mubert,59,32,0.753707627118644
handcrafted,echoes__count_control_AudioLDM,echoes,generator,Producer,producer,59,68,0.8644067796610169
handcrafted,echoes__count_control_AudioLDM,echoes,generator,SongGen,songgen,59,111,0.6767445411513208
handcrafted,echoes__count_control_AudioLDM,echoes,generator,StableAudio,stableaudio,59,35,0.8101694915254237
handcrafted,echoes__count_control_AudioLDM,echoes,generator,Suno,suno,59,68,0.8148055832502493
handcrafted,echoes__count_control_AudioLDM,echoes,generator,Udio,udio,59,68,0.6884346959122633
handcrafted,echoes__without_DiffRhythm,echoes,family,AceStep,AceStep,59,57,0.8977103776390128
handcrafted,echoes__without_DiffRhythm,echoes,family,AudioLDM,AudioLDM,59,115,0.933382461311717
handcrafted,echoes__without_DiffRhythm,echoes,family,Brev,Brev,59,68,0.7898803589232303
handcrafted,echoes__without_DiffRhythm,echoes,family,DiffRhythm,DiffRhythm,59,120,0.7947740112994351
handcrafted,echoes__without_DiffRhythm,echoes,family,Mubert,Mubert,59,32,0.7547669491525423
handcrafted,echoes__without_DiffRhythm,echoes,family,Producer,Producer,59,68,0.8656530408773679
handcrafted,echoes__without_DiffRhythm,echoes,family,SongGen,SongGen,59,111,0.6654451061230723
handcrafted,echoes__without_DiffRhythm,echoes,family,StableAudio,StableAudio,59,35,0.8087167070217918
handcrafted,echoes__without_DiffRhythm,echoes,family,Suno,Suno,59,68,0.8123130608175474
handcrafted,echoes__without_DiffRhythm,echoes,family,Udio,Udio,59,68,0.6909272183449651
handcrafted,echoes__without_DiffRhythm,echoes,generator,AceStep,acestep,59,57,0.8977103776390128
handcrafted,echoes__without_DiffRhythm,echoes,generator,AudioLDM,audioldm,59,115,0.933382461311717
handcrafted,echoes__without_DiffRhythm,echoes,generator,Brev,brev,59,68,0.7898803589232303
handcrafted,echoes__without_DiffRhythm,echoes,generator,DiffRhythm,diffrhythm,59,120,0.7947740112994351
handcrafted,echoes__without_DiffRhythm,echoes,generator,Mubert,mubert,59,32,0.7547669491525423
handcrafted,echoes__without_DiffRhythm,echoes,generator,Producer,producer,59,68,0.8656530408773679
handcrafted,echoes__without_DiffRhythm,echoes,generator,SongGen,songgen,59,111,0.6654451061230723
handcrafted,echoes__without_DiffRhythm,echoes,generator,StableAudio,stableaudio,59,35,0.8087167070217918
handcrafted,echoes__without_DiffRhythm,echoes,generator,Suno,suno,59,68,0.8123130608175474
handcrafted,echoes__without_DiffRhythm,echoes,generator,Udio,udio,59,68,0.6909272183449651
handcrafted,echoes__count_control_DiffRhythm,echoes,family,AceStep,AceStep,59,57,0.8977103776390128
handcrafted,echoes__count_control_DiffRhythm,echoes,family,AudioLDM,AudioLDM,59,115,0.9330876934414148
handcrafted,echoes__count_control_DiffRhythm,echoes,family,Brev,Brev,59,68,0.7898803589232303
handcrafted,echoes__count_control_DiffRhythm,echoes,family,DiffRhythm,DiffRhythm,59,120,0.794915254237288
handcrafted,echoes__count_control_DiffRhythm,echoes,family,Mubert,Mubert,59,32,0.7547669491525423
handcrafted,echoes__count_control_DiffRhythm,echoes,family,Producer,Producer,59,68,0.8654037886340977
handcrafted,echoes__count_control_DiffRhythm,echoes,family,SongGen,SongGen,59,111,0.6652924110551229
handcrafted,echoes__count_control_DiffRhythm,echoes,family,StableAudio,StableAudio,59,35,0.8082324455205812
handcrafted,echoes__count_control_DiffRhythm,echoes,family,Suno,Suno,59,68,0.8125623130608175
handcrafted,echoes__count_control_DiffRhythm,echoes,family,Udio,Udio,59,68,0.690677966101695
handcrafted,echoes__count_control_DiffRhythm,echoes,generator,AceStep,acestep,59,57,0.8977103776390128
handcrafted,echoes__count_control_DiffRhythm,echoes,generator,AudioLDM,audioldm,59,115,0.9330876934414148
handcrafted,echoes__count_control_DiffRhythm,echoes,generator,Brev,brev,59,68,0.7898803589232303
handcrafted,echoes__count_control_DiffRhythm,echoes,generator,DiffRhythm,diffrhythm,59,120,0.794915254237288
handcrafted,echoes__count_control_DiffRhythm,echoes,generator,Mubert,mubert,59,32,0.7547669491525423
handcrafted,echoes__count_control_DiffRhythm,echoes,generator,Producer,producer,59,68,0.8654037886340977
handcrafted,echoes__count_control_DiffRhythm,echoes,generator,SongGen,songgen,59,111,0.6652924110551229
handcrafted,echoes__count_control_DiffRhythm,echoes,generator,StableAudio,stableaudio,59,35,0.8082324455205812
handcrafted,echoes__count_control_DiffRhythm,echoes,generator,Suno,suno,59,68,0.8125623130608175
handcrafted,echoes__count_control_DiffRhythm,echoes,generator,Udio,udio,59,68,0.690677966101695
handcrafted,fakemusiccaps__without_StableAudio,fakemusiccaps,family,AudioLDM,AudioLDM,1102,1104,0.6110554919908466
handcrafted,fakemusiccaps__without_StableAudio,fakemusiccaps,family,MusicGen,MusicGen,1102,1104,0.7131845261579736
handcrafted,fakemusiccaps__without_StableAudio,fakemusiccaps,family,MusicLDM,MusicLDM,1102,1104,0.6943329322181014
handcrafted,fakemusiccaps__without_StableAudio,fakemusiccaps,family,Mustango,Mustango,1102,1104,0.7044101304610852
handcrafted,fakemusiccaps__without_StableAudio,fakemusiccaps,family,StableAudio,StableAudio,1102,1104,0.820777111444278
handcrafted,fakemusiccaps__without_StableAudio,fakemusiccaps,generator,AudioLDM,audioldm2,1102,1104,0.6110554919908466
handcrafted,fakemusiccaps__without_StableAudio,fakemusiccaps,generator,MusicGen,MusicGen_medium,1102,1104,0.7131845261579736
handcrafted,fakemusiccaps__without_StableAudio,fakemusiccaps,generator,MusicLDM,musicldm,1102,1104,0.6943329322181014
handcrafted,fakemusiccaps__without_StableAudio,fakemusiccaps,generator,Mustango,mustango,1102,1104,0.7044101304610852
handcrafted,fakemusiccaps__without_StableAudio,fakemusiccaps,generator,StableAudio,stable_audio_open,1102,1104,0.820777111444278
handcrafted,fakemusiccaps__count_control_StableAudio,fakemusiccaps,family,AudioLDM,AudioLDM,1102,1104,0.6069235119282463
handcrafted,fakemusiccaps__count_control_StableAudio,fakemusiccaps,family,MusicGen,MusicGen,1102,1104,0.7084245706094321
handcrafted,fakemusiccaps__count_control_StableAudio,fakemusiccaps,family,MusicLDM,MusicLDM,1102,1104,0.6922985875483311
handcrafted,fakemusiccaps__count_control_StableAudio,fakemusiccaps,family,Mustango,Mustango,1102,1104,0.7035857071464268
handcrafted,fakemusiccaps__count_control_StableAudio,fakemusiccaps,family,StableAudio,StableAudio,1102,1104,0.8283267905520924
handcrafted,fakemusiccaps__count_control_StableAudio,fakemusiccaps,generator,AudioLDM,audioldm2,1102,1104,0.6069235119282463
handcrafted,fakemusiccaps__count_control_StableAudio,fakemusiccaps,generator,MusicGen,MusicGen_medium,1102,1104,0.7084245706094321
handcrafted,fakemusiccaps__count_control_StableAudio,fakemusiccaps,generator,MusicLDM,musicldm,1102,1104,0.6922985875483311
handcrafted,fakemusiccaps__count_control_StableAudio,fakemusiccaps,generator,Mustango,mustango,1102,1104,0.7035857071464268
handcrafted,fakemusiccaps__count_control_StableAudio,fakemusiccaps,generator,StableAudio,stable_audio_open,1102,1104,0.8283267905520924
handcrafted,fakemusiccaps__without_AudioLDM,fakemusiccaps,family,AudioLDM,AudioLDM,1102,1104,0.6092948591493726
handcrafted,fakemusiccaps__without_AudioLDM,fakemusiccaps,family,MusicGen,MusicGen,1102,1104,0.7065685907046477
handcrafted,fakemusiccaps__without_AudioLDM,fakemusiccaps,family,MusicLDM,MusicLDM,1102,1104,0.6919714484862831
handcrafted,fakemusiccaps__without_AudioLDM,fakemusiccaps,family,Mustango,Mustango,1102,1104,0.7053463399879008
handcrafted,fakemusiccaps__without_AudioLDM,fakemusiccaps,family,StableAudio,StableAudio,1102,1104,0.8291536797390778
handcrafted,fakemusiccaps__without_AudioLDM,fakemusiccaps,generator,AudioLDM,audioldm2,1102,1104,0.6092948591493726
handcrafted,fakemusiccaps__without_AudioLDM,fakemusiccaps,generator,MusicGen,MusicGen_medium,1102,1104,0.7065685907046477
handcrafted,fakemusiccaps__without_AudioLDM,fakemusiccaps,generator,MusicLDM,musicldm,1102,1104,0.6919714484862831
handcrafted,fakemusiccaps__without_AudioLDM,fakemusiccaps,generator,Mustango,mustango,1102,1104,0.7053463399879008
handcrafted,fakemusiccaps__without_AudioLDM,fakemusiccaps,generator,StableAudio,stable_audio_open,1102,1104,0.8291536797390778
handcrafted,fakemusiccaps__count_control_AudioLDM,fakemusiccaps,family,AudioLDM,AudioLDM,1102,1104,0.6056724927010179
handcrafted,fakemusiccaps__count_control_AudioLDM,fakemusiccaps,family,MusicGen,MusicGen,1102,1104,0.7071086167442593
handcrafted,fakemusiccaps__count_control_AudioLDM,fakemusiccaps,family,MusicLDM,MusicLDM,1102,1104,0.6901228661984797
handcrafted,fakemusiccaps__count_control_AudioLDM,fakemusiccaps,family,Mustango,Mustango,1102,1104,0.7058296509639918
handcrafted,fakemusiccaps__count_control_AudioLDM,fakemusiccaps,family,StableAudio,StableAudio,1102,1104,0.8290879231436914
handcrafted,fakemusiccaps__count_control_AudioLDM,fakemusiccaps,generator,AudioLDM,audioldm2,1102,1104,0.6056724927010179
handcrafted,fakemusiccaps__count_control_AudioLDM,fakemusiccaps,generator,MusicGen,MusicGen_medium,1102,1104,0.7071086167442593
handcrafted,fakemusiccaps__count_control_AudioLDM,fakemusiccaps,generator,MusicLDM,musicldm,1102,1104,0.6901228661984797
handcrafted,fakemusiccaps__count_control_AudioLDM,fakemusiccaps,generator,Mustango,mustango,1102,1104,0.7058296509639918
handcrafted,fakemusiccaps__count_control_AudioLDM,fakemusiccaps,generator,StableAudio,stable_audio_open,1102,1104,0.8290879231436914
handcrafted,artifactbench__fmc_fit_only,artifactbench,family,DiffRhythm,DiffRhythm,860,100,0.9163604651162791
handcrafted,artifactbench__fmc_fit_only,artifactbench,family,MusicGen,MusicGen,860,90,0.8898191214470285
handcrafted,artifactbench__fmc_fit_only,artifactbench,family,Riffusion,Riffusion,860,130,0.8209391771019678
handcrafted,artifactbench__fmc_fit_only,artifactbench,family,StableAudio,StableAudio,860,100,0.9367674418604652
handcrafted,artifactbench__fmc_fit_only,artifactbench,family,Suno,Suno,860,479,0.8952080400058261
handcrafted,artifactbench__fmc_fit_only,artifactbench,family,Udio,Udio,860,405,0.770198105081826
handcrafted,artifactbench__fmc_fit_only,artifactbench,family,Yue,Yue,860,100,0.9290116279069767
handcrafted,artifactbench__fmc_fit_only,artifactbench,generator,DiffRhythm,DiffRhythm,860,100,0.9163604651162791
handcrafted,artifactbench__fmc_fit_only,artifactbench,generator,MusicGen,MusicGen Large,860,30,0.9044186046511627
handcrafted,artifactbench__fmc_fit_only,artifactbench,generator,MusicGen,MusicGen Medium,860,30,0.8432170542635659
handcrafted,artifactbench__fmc_fit_only,artifactbench,generator,MusicGen,MusicGen Small,860,30,0.9218217054263567
handcrafted,artifactbench__fmc_fit_only,artifactbench,generator,Riffusion,Riffusion,860,100,0.9267209302325582
handcrafted,artifactbench__fmc_fit_only,artifactbench,generator,Riffusion,Riffusion (AIME),860,30,0.4683333333333333
handcrafted,artifactbench__fmc_fit_only,artifactbench,generator,StableAudio,Stable Audio v1,860,50,0.9537674418604651
handcrafted,artifactbench__fmc_fit_only,artifactbench,generator,StableAudio,Stable Audio v2,860,50,0.9197674418604651
handcrafted,artifactbench__fmc_fit_only,artifactbench,generator,Suno,Google Chirp v2 XXL,860,80,0.7707994186046512
handcrafted,artifactbench__fmc_fit_only,artifactbench,generator,Suno,Google Chirp v3,860,80,0.9742441860465116
handcrafted,artifactbench__fmc_fit_only,artifactbench,generator,Suno,Google Chirp v3.5,860,80,0.958313953488372
handcrafted,artifactbench__fmc_fit_only,artifactbench,generator,Suno,Suno (mixed),860,80,0.8950872093023255
handcrafted,artifactbench__fmc_fit_only,artifactbench,generator,Suno,Suno v3,860,30,0.9232170542635659
handcrafted,artifactbench__fmc_fit_only,artifactbench,generator,Suno,Suno v3.5,860,29,0.9612269446672013
handcrafted,artifactbench__fmc_fit_only,artifactbench,generator,Suno,Suno v4,860,100,0.8535697674418604
handcrafted,artifactbench__fmc_fit_only,artifactbench,generator,Udio,Udio,860,100,0.8133255813953487
handcrafted,artifactbench__fmc_fit_only,artifactbench,generator,Udio,Udio (AIME),860,30,0.8215503875968992
handcrafted,artifactbench__fmc_fit_only,artifactbench,generator,Udio,Udio (SONICS 120s),860,80,0.6477761627906977
handcrafted,artifactbench__fmc_fit_only,artifactbench,generator,Udio,Udio (SONICS 30s),860,80,0.8699563953488372
handcrafted,artifactbench__fmc_fit_only,artifactbench,generator,Udio,Udio (mixed),860,80,0.7380232558139534
handcrafted,artifactbench__fmc_fit_only,artifactbench,generator,Udio,Udio CDN,860,18,0.7488372093023256
handcrafted,artifactbench__fmc_fit_only,artifactbench,generator,Udio,Udio CDN Latest,860,17,0.7065663474692203
handcrafted,artifactbench__fmc_fit_only,artifactbench,generator,Yue,Yue,860,100,0.9290116279069767
