system,trainer,target,subset,n_generated,n_human,auroc
fixed_fusion,artifactbench,echoes,all,742,59,0.9519850153044908
fixed_fusion,artifactbench,echoes,seen_brand_seen_class,359,59,0.9549124215098438
fixed_fusion,artifactbench,echoes,unseen_brand_seen_class,179,59,0.9847552315121674
fixed_fusion,artifactbench,echoes,seen_brand_unseen_class,0,59,
fixed_fusion,artifactbench,echoes,strict_unseen,204,59,0.9180790960451979
fixed_fusion,artifactbench,echoes,strict_unseen_disclosed,204,59,0.9180790960451979
fixed_fusion,artifactbench,fakemusiccaps,all,5520,1102,0.9549523757857916
fixed_fusion,artifactbench,fakemusiccaps,seen_brand_seen_class,2208,1102,0.980212813001394
fixed_fusion,artifactbench,fakemusiccaps,unseen_brand_seen_class,0,1102,
fixed_fusion,artifactbench,fakemusiccaps,seen_brand_unseen_class,0,1102,
fixed_fusion,artifactbench,fakemusiccaps,strict_unseen,3312,1102,0.9381120843087228
fixed_fusion,artifactbench,fakemusiccaps,strict_unseen_disclosed,3312,1102,0.9381120843087228
fixed_fusion,artifactbench,sonics,all,12778,6882,0.9946136033993692
fixed_fusion,artifactbench,sonics,seen_brand_seen_class,12778,6882,0.9946136033993692
fixed_fusion,artifactbench,sonics,unseen_brand_seen_class,0,6882,
fixed_fusion,artifactbench,sonics,seen_brand_unseen_class,0,6882,
fixed_fusion,artifactbench,sonics,strict_unseen,0,6882,
fixed_fusion,artifactbench,sonics,strict_unseen_disclosed,0,6882,
fixed_fusion,artifactbench,music8k,all,3614,1102,0.8994632438681193
fixed_fusion,artifactbench,music8k,seen_brand_seen_class,670,1102,0.940220630062031
fixed_fusion,artifactbench,music8k,unseen_brand_seen_class,1651,1102,0.850426678655954
fixed_fusion,artifactbench,music8k,seen_brand_unseen_class,0,1102,
fixed_fusion,artifactbench,music8k,strict_unseen,1293,1102,0.9409573818537064
fixed_fusion,artifactbench,music8k,strict_unseen_disclosed,1293,1102,0.9409573818537064
fixed_fusion,echoes,artifactbench,all,1404,862,0.9287836046826766
fixed_fusion,echoes,artifactbench,seen_brand_seen_class,1004,862,0.9273930958301364
fixed_fusion,echoes,artifactbench,unseen_brand_seen_class,180,862,0.9286349574632637
fixed_fusion,echoes,artifactbench,seen_brand_unseen_class,130,862,0.9111636623237552
fixed_fusion,echoes,artifactbench,strict_unseen,90,862,0.9700438257282805
fixed_fusion,echoes,artifactbench,strict_unseen_disclosed,90,862,0.9700438257282805
fixed_fusion,echoes,fakemusiccaps,all,5520,1102,0.9513956837370788
fixed_fusion,echoes,fakemusiccaps,seen_brand_seen_class,2208,1102,0.9640500473447486
fixed_fusion,echoes,fakemusiccaps,unseen_brand_seen_class,2208,1102,0.9325925030905601
fixed_fusion,echoes,fakemusiccaps,seen_brand_unseen_class,0,1102,
fixed_fusion,echoes,fakemusiccaps,strict_unseen,1104,1102,0.9636933178147767
fixed_fusion,echoes,fakemusiccaps,strict_unseen_disclosed,1104,1102,0.9636933178147767
fixed_fusion,echoes,sonics,all,12778,6882,0.9185628620355141
fixed_fusion,echoes,sonics,seen_brand_seen_class,8605,6882,0.9666332571254692
fixed_fusion,echoes,sonics,unseen_brand_seen_class,4173,6882,0.8194385510484394
fixed_fusion,echoes,sonics,seen_brand_unseen_class,0,6882,
fixed_fusion,echoes,sonics,strict_unseen,0,6882,
fixed_fusion,echoes,sonics,strict_unseen_disclosed,0,6882,
fixed_fusion,echoes,music8k,all,3614,1102,0.9107584238347142
fixed_fusion,echoes,music8k,seen_brand_seen_class,1659,1102,0.9709050014823177
fixed_fusion,echoes,music8k,unseen_brand_seen_class,662,1102,0.7028377407734359
fixed_fusion,echoes,music8k,seen_brand_unseen_class,0,1102,
fixed_fusion,echoes,music8k,strict_unseen,1293,1102,0.9400394136794101
fixed_fusion,echoes,music8k,strict_unseen_disclosed,1293,1102,0.9400394136794101
fixed_fusion,fakemusiccaps,artifactbench,all,1404,862,0.8704455615708515
fixed_fusion,fakemusiccaps,artifactbench,seen_brand_seen_class,190,862,0.999774087190133
fixed_fusion,fakemusiccaps,artifactbench,unseen_brand_seen_class,100,862,0.9996867749419953
fixed_fusion,fakemusiccaps,artifactbench,seen_brand_unseen_class,0,862,
fixed_fusion,fakemusiccaps,artifactbench,strict_unseen,1114,862,0.8367861888556112
fixed_fusion,fakemusiccaps,artifactbench,strict_unseen_disclosed,230,862,0.9602869968727933
fixed_fusion,fakemusiccaps,echoes,all,742,59,0.923546073370186
fixed_fusion,fakemusiccaps,echoes,seen_brand_seen_class,150,59,0.9761581920903956
fixed_fusion,fakemusiccaps,echoes,unseen_brand_seen_class,177,59,0.9996169683041272
fixed_fusion,fakemusiccaps,echoes,seen_brand_unseen_class,0,59,
fixed_fusion,fakemusiccaps,echoes,strict_unseen,415,59,0.872084949969369
fixed_fusion,fakemusiccaps,echoes,strict_unseen_disclosed,143,59,0.9006755955908499
fixed_fusion,fakemusiccaps,sonics,all,12778,6882,0.8284217304162118
fixed_fusion,fakemusiccaps,sonics,seen_brand_seen_class,0,6882,
fixed_fusion,fakemusiccaps,sonics,unseen_brand_seen_class,0,6882,
fixed_fusion,fakemusiccaps,sonics,seen_brand_unseen_class,0,6882,
fixed_fusion,fakemusiccaps,sonics,strict_unseen,12778,6882,0.8284217304162118
fixed_fusion,fakemusiccaps,sonics,strict_unseen_disclosed,0,6882,
fixed_fusion,fakemusiccaps,music8k,all,3614,1102,0.8966323241839308
fixed_fusion,fakemusiccaps,music8k,seen_brand_seen_class,0,1102,
fixed_fusion,fakemusiccaps,music8k,unseen_brand_seen_class,1651,1102,0.8469626283800942
fixed_fusion,fakemusiccaps,music8k,seen_brand_unseen_class,0,1102,
fixed_fusion,fakemusiccaps,music8k,strict_unseen,1963,1102,0.9384074988004029
fixed_fusion,fakemusiccaps,music8k,strict_unseen_disclosed,1293,1102,0.9421964283458465
fixed_fusion,sonics,artifactbench,all,1258,670,0.8769024511781317
fixed_fusion,sonics,artifactbench,seen_brand_seen_class,658,670,0.9250453658757882
fixed_fusion,sonics,artifactbench,unseen_brand_seen_class,80,670,0.9986380597014926
fixed_fusion,sonics,artifactbench,seen_brand_unseen_class,0,670,
fixed_fusion,sonics,artifactbench,strict_unseen,520,670,0.7972545924225029
fixed_fusion,sonics,artifactbench,strict_unseen_disclosed,520,670,0.7972545924225029
fixed_fusion,sonics,echoes,all,742,59,0.8664854493124401
fixed_fusion,sonics,echoes,seen_brand_seen_class,136,59,0.8786141575274178
fixed_fusion,sonics,echoes,unseen_brand_seen_class,136,59,0.8406031904287138
fixed_fusion,sonics,echoes,seen_brand_unseen_class,0,59,
fixed_fusion,sonics,echoes,strict_unseen,470,59,0.870465200144248
fixed_fusion,sonics,echoes,strict_unseen_disclosed,470,59,0.870465200144248
fixed_fusion,sonics,fakemusiccaps,all,5520,1102,0.855191318814277
fixed_fusion,sonics,fakemusiccaps,seen_brand_seen_class,0,1102,
fixed_fusion,sonics,fakemusiccaps,unseen_brand_seen_class,0,1102,
fixed_fusion,sonics,fakemusiccaps,seen_brand_unseen_class,0,1102,
fixed_fusion,sonics,fakemusiccaps,strict_unseen,5520,1102,0.855191318814277
fixed_fusion,sonics,fakemusiccaps,strict_unseen_disclosed,5520,1102,0.855191318814277
fixed_fusion,sonics,music8k,all,3614,1102,0.8061243731526018
fixed_fusion,sonics,music8k,seen_brand_seen_class,670,1102,0.8176781699488042
fixed_fusion,sonics,music8k,unseen_brand_seen_class,0,1102,
fixed_fusion,sonics,music8k,seen_brand_unseen_class,0,1102,
fixed_fusion,sonics,music8k,strict_unseen,2944,1102,0.8034949424958573
fixed_fusion,sonics,music8k,strict_unseen_disclosed,2944,1102,0.8034949424958573
learned_fusion,artifactbench,echoes,all,742,59,0.9649824112567957
learned_fusion,artifactbench,echoes,seen_brand_seen_class,359,59,0.9704452103300127
learned_fusion,artifactbench,echoes,unseen_brand_seen_class,179,59,0.9875958716030679
learned_fusion,artifactbench,echoes,seen_brand_unseen_class,0,59,
learned_fusion,artifactbench,echoes,strict_unseen,204,59,0.935526753074111
learned_fusion,artifactbench,echoes,strict_unseen_disclosed,204,59,0.935526753074111
learned_fusion,artifactbench,fakemusiccaps,all,5520,1102,0.9718030787237959
learned_fusion,artifactbench,fakemusiccaps,seen_brand_seen_class,2208,1102,0.9861274132670506
learned_fusion,artifactbench,fakemusiccaps,unseen_brand_seen_class,0,1102,
learned_fusion,artifactbench,fakemusiccaps,seen_brand_unseen_class,0,1102,
learned_fusion,artifactbench,fakemusiccaps,strict_unseen,3312,1102,0.9622535223616262
learned_fusion,artifactbench,fakemusiccaps,strict_unseen_disclosed,3312,1102,0.9622535223616262
learned_fusion,artifactbench,sonics,all,2500,2500,0.9999975999999999
learned_fusion,artifactbench,sonics,seen_brand_seen_class,2500,2500,0.9999975999999999
learned_fusion,artifactbench,sonics,unseen_brand_seen_class,0,2500,
learned_fusion,artifactbench,sonics,seen_brand_unseen_class,0,2500,
learned_fusion,artifactbench,sonics,strict_unseen,0,2500,
learned_fusion,artifactbench,sonics,strict_unseen_disclosed,0,2500,
learned_fusion,artifactbench,music8k,all,3614,1102,0.9227053091576717
learned_fusion,artifactbench,music8k,seen_brand_seen_class,670,1102,0.9775929788444347
learned_fusion,artifactbench,music8k,unseen_brand_seen_class,1651,1102,0.8612203350331591
learned_fusion,artifactbench,music8k,seen_brand_unseen_class,0,1102,
learned_fusion,artifactbench,music8k,strict_unseen,1293,1102,0.972772558646797
learned_fusion,artifactbench,music8k,strict_unseen_disclosed,1293,1102,0.972772558646797
learned_fusion,echoes,artifactbench,all,1404,862,0.930384516231384
learned_fusion,echoes,artifactbench,seen_brand_seen_class,1004,862,0.9230294598866715
learned_fusion,echoes,artifactbench,unseen_brand_seen_class,180,862,0.9079144109306522
learned_fusion,echoes,artifactbench,seen_brand_unseen_class,130,862,0.974477958236659
learned_fusion,echoes,artifactbench,strict_unseen,90,862,0.9936839391595773
learned_fusion,echoes,artifactbench,strict_unseen_disclosed,90,862,0.9936839391595773
learned_fusion,echoes,fakemusiccaps,all,5520,1102,0.9877500394539573
learned_fusion,echoes,fakemusiccaps,seen_brand_seen_class,2208,1102,0.9943946612220207
learned_fusion,echoes,fakemusiccaps,unseen_brand_seen_class,2208,1102,0.9784934835213973
learned_fusion,echoes,fakemusiccaps,seen_brand_unseen_class,0,1102,
learned_fusion,echoes,fakemusiccaps,strict_unseen,1104,1102,0.9929739077829507
learned_fusion,echoes,fakemusiccaps,strict_unseen_disclosed,1104,1102,0.9929739077829507
learned_fusion,echoes,sonics,all,2500,2500,0.93783728
learned_fusion,echoes,sonics,seen_brand_seen_class,1702,2500,0.9789170387779083
learned_fusion,echoes,sonics,unseen_brand_seen_class,798,2500,0.8502210526315789
learned_fusion,echoes,sonics,seen_brand_unseen_class,0,2500,
learned_fusion,echoes,sonics,strict_unseen,0,2500,
learned_fusion,echoes,sonics,strict_unseen_disclosed,0,2500,
learned_fusion,echoes,music8k,all,3614,1102,0.9164340731798198
learned_fusion,echoes,music8k,seen_brand_seen_class,1659,1102,0.9925080050628534
learned_fusion,echoes,music8k,unseen_brand_seen_class,662,1102,0.6554767218076445
learned_fusion,echoes,music8k,seen_brand_unseen_class,0,1102,
learned_fusion,echoes,music8k,strict_unseen,1293,1102,0.9524333876534685
learned_fusion,echoes,music8k,strict_unseen_disclosed,1293,1102,0.9524333876534685
learned_fusion,fakemusiccaps,artifactbench,all,1404,862,0.8708149073578307
learned_fusion,fakemusiccaps,artifactbench,seen_brand_seen_class,190,862,0.9999511539870558
learned_fusion,fakemusiccaps,artifactbench,unseen_brand_seen_class,100,862,0.9994083526682135
learned_fusion,fakemusiccaps,artifactbench,seen_brand_unseen_class,0,862,
learned_fusion,fakemusiccaps,artifactbench,strict_unseen,1114,862,0.8372464770251639
learned_fusion,fakemusiccaps,artifactbench,strict_unseen_disclosed,230,862,0.8814637344900635
learned_fusion,fakemusiccaps,echoes,all,742,59,0.8686783315820732
learned_fusion,fakemusiccaps,echoes,seen_brand_seen_class,150,59,0.9584180790960453
learned_fusion,fakemusiccaps,echoes,unseen_brand_seen_class,177,59,0.9999042420760318
learned_fusion,fakemusiccaps,echoes,seen_brand_unseen_class,0,59,
learned_fusion,fakemusiccaps,echoes,strict_unseen,415,59,0.7802736369205636
learned_fusion,fakemusiccaps,echoes,strict_unseen_disclosed,143,59,0.8939196396823516
learned_fusion,fakemusiccaps,sonics,all,2500,2500,0.93434336
learned_fusion,fakemusiccaps,sonics,seen_brand_seen_class,0,2500,
learned_fusion,fakemusiccaps,sonics,unseen_brand_seen_class,0,2500,
learned_fusion,fakemusiccaps,sonics,seen_brand_unseen_class,0,2500,
learned_fusion,fakemusiccaps,sonics,strict_unseen,2500,2500,0.93434336
learned_fusion,fakemusiccaps,sonics,strict_unseen_disclosed,0,2500,
learned_fusion,fakemusiccaps,music8k,all,3614,1102,0.8403556646515817
learned_fusion,fakemusiccaps,music8k,seen_brand_seen_class,0,1102,
learned_fusion,fakemusiccaps,music8k,unseen_brand_seen_class,1651,1102,0.7639653028852338
learned_fusion,fakemusiccaps,music8k,seen_brand_unseen_class,0,1102,
learned_fusion,fakemusiccaps,music8k,strict_unseen,1963,1102,0.9046045119650004
learned_fusion,fakemusiccaps,music8k,strict_unseen_disclosed,1293,1102,0.9164291038019883
learned_fusion,sonics,artifactbench,all,1258,670,0.9212111145385947
learned_fusion,sonics,artifactbench,seen_brand_seen_class,658,670,0.8893186045456608
learned_fusion,sonics,artifactbench,unseen_brand_seen_class,80,670,1.0
learned_fusion,sonics,artifactbench,seen_brand_unseen_class,0,670,
learned_fusion,sonics,artifactbench,strict_unseen,520,670,0.9494460390355913
learned_fusion,sonics,artifactbench,strict_unseen_disclosed,520,670,0.9494460390355913
learned_fusion,sonics,echoes,all,742,59,0.8873635159212389
learned_fusion,sonics,echoes,seen_brand_seen_class,136,59,0.7974825523429712
learned_fusion,sonics,echoes,unseen_brand_seen_class,136,59,0.8546859421734796
learned_fusion,sonics,echoes,seen_brand_unseen_class,0,59,
learned_fusion,sonics,echoes,strict_unseen,470,59,0.9228272628921745
learned_fusion,sonics,echoes,strict_unseen_disclosed,470,59,0.9228272628921745
learned_fusion,sonics,fakemusiccaps,all,5520,1102,0.9512069623083195
learned_fusion,sonics,fakemusiccaps,seen_brand_seen_class,0,1102,
learned_fusion,sonics,fakemusiccaps,unseen_brand_seen_class,0,1102,
learned_fusion,sonics,fakemusiccaps,seen_brand_unseen_class,0,1102,
learned_fusion,sonics,fakemusiccaps,strict_unseen,5520,1102,0.9512069623083195
learned_fusion,sonics,fakemusiccaps,strict_unseen_disclosed,5520,1102,0.9512069623083195
learned_fusion,sonics,music8k,all,3614,1102,0.8019182308766974
learned_fusion,sonics,music8k,seen_brand_seen_class,670,1102,0.728432700381938
learned_fusion,sonics,music8k,unseen_brand_seen_class,0,1102,
learned_fusion,sonics,music8k,seen_brand_unseen_class,0,1102,
learned_fusion,sonics,music8k,strict_unseen,2944,1102,0.8186421797325021
learned_fusion,sonics,music8k,strict_unseen_disclosed,2944,1102,0.8186421797325021
three_support,artifactbench,echoes,all,742,59,0.8965690529489698
three_support,artifactbench,echoes,seen_brand_seen_class,359,59,0.914782116047401
three_support,artifactbench,echoes,unseen_brand_seen_class,179,59,0.9431871981819903
three_support,artifactbench,echoes,seen_brand_unseen_class,0,59,
three_support,artifactbench,echoes,strict_unseen,204,59,0.8236124958457959
three_support,artifactbench,echoes,strict_unseen_disclosed,204,59,0.8236124958457959
three_support,artifactbench,fakemusiccaps,all,5520,1102,0.9449138917383414
three_support,artifactbench,fakemusiccaps,seen_brand_seen_class,2208,1102,0.9794338028354244
three_support,artifactbench,fakemusiccaps,unseen_brand_seen_class,0,1102,
three_support,artifactbench,fakemusiccaps,seen_brand_unseen_class,0,1102,
three_support,artifactbench,fakemusiccaps,strict_unseen,3312,1102,0.9219006176736193
three_support,artifactbench,fakemusiccaps,strict_unseen_disclosed,3312,1102,0.9219006176736193
three_support,artifactbench,sonics,all,12778,6882,0.9973264291207429
three_support,artifactbench,sonics,seen_brand_seen_class,12778,6882,0.9973264291207429
three_support,artifactbench,sonics,unseen_brand_seen_class,0,6882,
three_support,artifactbench,sonics,seen_brand_unseen_class,0,6882,
three_support,artifactbench,sonics,strict_unseen,0,6882,
three_support,artifactbench,sonics,strict_unseen_disclosed,0,6882,
three_support,artifactbench,music8k,all,3614,1102,0.8641914333952354
three_support,artifactbench,music8k,seen_brand_seen_class,670,1102,0.9470257604897473
three_support,artifactbench,music8k,unseen_brand_seen_class,1651,1102,0.7852371273638261
three_support,artifactbench,music8k,seen_brand_unseen_class,0,1102,
three_support,artifactbench,music8k,strict_unseen,1293,1102,0.9220835912487034
three_support,artifactbench,music8k,strict_unseen_disclosed,1293,1102,0.9220835912487034
three_support,echoes,artifactbench,all,1405,864,0.8810440556214578
three_support,echoes,artifactbench,seen_brand_seen_class,1005,864,0.8805014280449603
three_support,echoes,artifactbench,unseen_brand_seen_class,180,864,0.7798418209876543
three_support,echoes,artifactbench,seen_brand_unseen_class,130,864,0.9488603988603989
three_support,echoes,artifactbench,strict_unseen,90,864,0.991550925925926
three_support,echoes,artifactbench,strict_unseen_disclosed,90,864,0.991550925925926
three_support,echoes,fakemusiccaps,all,5520,1102,0.981957869749336
three_support,echoes,fakemusiccaps,seen_brand_seen_class,2208,1102,0.9911762868565718
three_support,echoes,fakemusiccaps,unseen_brand_seen_class,2208,1102,0.9693294799968437
three_support,echoes,fakemusiccaps,seen_brand_unseen_class,0,1102,
three_support,echoes,fakemusiccaps,strict_unseen,1104,1102,0.9887778150398485
three_support,echoes,fakemusiccaps,strict_unseen_disclosed,1104,1102,0.9887778150398485
three_support,echoes,sonics,all,12778,6882,0.8181794347930449
three_support,echoes,sonics,seen_brand_seen_class,8605,6882,0.924024406780119
three_support,echoes,sonics,unseen_brand_seen_class,4173,6882,0.5999201527540388
three_support,echoes,sonics,seen_brand_unseen_class,0,6882,
three_support,echoes,sonics,strict_unseen,0,6882,
three_support,echoes,sonics,strict_unseen_disclosed,0,6882,
three_support,echoes,music8k,all,3614,1102,0.8733632666671355
three_support,echoes,music8k,seen_brand_seen_class,1659,1102,0.9886419453259949
three_support,echoes,music8k,unseen_brand_seen_class,662,1102,0.4758116251144582
three_support,echoes,music8k,seen_brand_unseen_class,0,1102,
three_support,echoes,music8k,strict_unseen,1293,1102,0.9289950213560945
three_support,echoes,music8k,strict_unseen_disclosed,1293,1102,0.9289950213560945
three_support,fakemusiccaps,artifactbench,all,1405,864,0.8159969355476472
three_support,fakemusiccaps,artifactbench,seen_brand_seen_class,190,864,0.9953947368421052
three_support,fakemusiccaps,artifactbench,unseen_brand_seen_class,100,864,0.9981018518518519
three_support,fakemusiccaps,artifactbench,seen_brand_unseen_class,0,864,
three_support,fakemusiccaps,artifactbench,strict_unseen,1115,864,0.7690946271383492
three_support,fakemusiccaps,artifactbench,strict_unseen_disclosed,230,864,0.9185587761674717
three_support,fakemusiccaps,echoes,all,742,59,0.87386358444881
three_support,fakemusiccaps,echoes,seen_brand_seen_class,150,59,0.9098305084745762
three_support,fakemusiccaps,echoes,unseen_brand_seen_class,177,59,0.994063008713971
three_support,fakemusiccaps,echoes,seen_brand_unseen_class,0,59,
three_support,fakemusiccaps,echoes,strict_unseen,415,59,0.80959771288544
three_support,fakemusiccaps,echoes,strict_unseen_disclosed,143,59,0.8591916558018253
three_support,fakemusiccaps,sonics,all,12778,6882,0.7489989162388548
three_support,fakemusiccaps,sonics,seen_brand_seen_class,0,6882,
three_support,fakemusiccaps,sonics,unseen_brand_seen_class,0,6882,
three_support,fakemusiccaps,sonics,seen_brand_unseen_class,0,6882,
three_support,fakemusiccaps,sonics,strict_unseen,12778,6882,0.7489989162388548
three_support,fakemusiccaps,sonics,strict_unseen_disclosed,0,6882,
three_support,fakemusiccaps,music8k,all,3614,1102,0.9014405814452167
three_support,fakemusiccaps,music8k,seen_brand_seen_class,0,1102,
three_support,fakemusiccaps,music8k,unseen_brand_seen_class,1651,1102,0.8435340293129281
three_support,fakemusiccaps,music8k,seen_brand_unseen_class,0,1102,
three_support,fakemusiccaps,music8k,strict_unseen,1963,1102,0.9501434431723731
three_support,fakemusiccaps,music8k,strict_unseen_disclosed,1293,1102,0.9440263993049268
three_support,sonics,artifactbench,all,1259,672,0.9158983887439011
three_support,sonics,artifactbench,seen_brand_seen_class,659,672,0.9708681082448154
three_support,sonics,artifactbench,unseen_brand_seen_class,80,672,0.9896205357142858
three_support,sonics,artifactbench,seen_brand_unseen_class,0,672,
three_support,sonics,artifactbench,strict_unseen,520,672,0.8348929716117215
three_support,sonics,artifactbench,strict_unseen_disclosed,520,672,0.8348929716117215
three_support,sonics,echoes,all,742,59,0.7725113070492029
three_support,sonics,echoes,seen_brand_seen_class,136,59,0.8875872382851445
three_support,sonics,echoes,unseen_brand_seen_class,136,59,0.7218344965104685
three_support,sonics,echoes,seen_brand_unseen_class,0,59,
three_support,sonics,echoes,strict_unseen,470,59,0.7538766678687342
three_support,sonics,echoes,strict_unseen_disclosed,470,59,0.7538766678687342
three_support,sonics,fakemusiccaps,all,5520,1102,0.9196904015097714
three_support,sonics,fakemusiccaps,seen_brand_seen_class,0,1102,
three_support,sonics,fakemusiccaps,unseen_brand_seen_class,0,1102,
three_support,sonics,fakemusiccaps,seen_brand_unseen_class,0,1102,
three_support,sonics,fakemusiccaps,strict_unseen,5520,1102,0.9196904015097714
three_support,sonics,fakemusiccaps,strict_unseen_disclosed,5520,1102,0.9196904015097714
three_support,sonics,music8k,all,3614,1102,0.8336206645461238
three_support,sonics,music8k,seen_brand_seen_class,670,1102,0.906339897608148
three_support,sonics,music8k,unseen_brand_seen_class,0,1102,
three_support,sonics,music8k,seen_brand_unseen_class,0,1102,
three_support,sonics,music8k,strict_unseen,2944,1102,0.8170711108261659
three_support,sonics,music8k,strict_unseen_disclosed,2944,1102,0.8170711108261659
single_support,artifactbench,echoes,all,742,59,0.8035314541550551
single_support,artifactbench,echoes,seen_brand_seen_class,359,59,0.8498654454463908
single_support,artifactbench,echoes,unseen_brand_seen_class,179,59,0.7979358015339455
single_support,artifactbench,echoes,seen_brand_unseen_class,0,59,
single_support,artifactbench,echoes,strict_unseen,204,59,0.7269026254569624
single_support,artifactbench,echoes,strict_unseen_disclosed,204,59,0.7269026254569624
single_support,artifactbench,fakemusiccaps,all,5520,1102,0.8566517727978117
single_support,artifactbench,fakemusiccaps,seen_brand_seen_class,2208,1102,0.9410397597254004
single_support,artifactbench,fakemusiccaps,unseen_brand_seen_class,0,1102,
single_support,artifactbench,fakemusiccaps,seen_brand_unseen_class,0,1102,
single_support,artifactbench,fakemusiccaps,strict_unseen,3312,1102,0.8003931148460857
single_support,artifactbench,fakemusiccaps,strict_unseen_disclosed,3312,1102,0.8003931148460857
single_support,artifactbench,sonics,all,12778,6882,0.9822837109371678
single_support,artifactbench,sonics,seen_brand_seen_class,12778,6882,0.9822837109371678
single_support,artifactbench,sonics,unseen_brand_seen_class,0,6882,
single_support,artifactbench,sonics,seen_brand_unseen_class,0,6882,
single_support,artifactbench,sonics,strict_unseen,0,6882,
single_support,artifactbench,sonics,strict_unseen_disclosed,0,6882,
single_support,artifactbench,music8k,all,3614,1102,0.8202955435456187
single_support,artifactbench,music8k,seen_brand_seen_class,670,1102,0.86386353170626
single_support,artifactbench,music8k,unseen_brand_seen_class,1651,1102,0.764168116776831
single_support,artifactbench,music8k,seen_brand_unseen_class,0,1102,
single_support,artifactbench,music8k,strict_unseen,1293,1102,0.8693874457325007
single_support,artifactbench,music8k,strict_unseen_disclosed,1293,1102,0.8693874457325007
single_support,echoes,artifactbench,all,1405,864,0.8380931198102016
single_support,echoes,artifactbench,seen_brand_seen_class,1005,864,0.8427250322461765
single_support,echoes,artifactbench,unseen_brand_seen_class,180,864,0.717136059670782
single_support,echoes,artifactbench,seen_brand_unseen_class,130,864,0.9096599002849004
single_support,echoes,artifactbench,strict_unseen,90,864,0.9249099794238682
single_support,echoes,artifactbench,strict_unseen_disclosed,90,864,0.9249099794238682
single_support,echoes,fakemusiccaps,all,5520,1102,0.9375335358636471
single_support,echoes,fakemusiccaps,seen_brand_seen_class,2208,1102,0.9804316591704147
single_support,echoes,fakemusiccaps,unseen_brand_seen_class,2208,1102,0.8912143434861517
single_support,echoes,fakemusiccaps,seen_brand_unseen_class,0,1102,
single_support,echoes,fakemusiccaps,strict_unseen,1104,1102,0.9443756740051027
single_support,echoes,fakemusiccaps,strict_unseen_disclosed,1104,1102,0.9443756740051027
single_support,echoes,sonics,all,12778,6882,0.7689281913401999
single_support,echoes,sonics,seen_brand_seen_class,8605,6882,0.8879709440842315
single_support,echoes,sonics,unseen_brand_seen_class,4173,6882,0.5234542188114693
single_support,echoes,sonics,seen_brand_unseen_class,0,6882,
single_support,echoes,sonics,strict_unseen,0,6882,
single_support,echoes,sonics,strict_unseen_disclosed,0,6882,
single_support,echoes,music8k,all,3614,1102,0.8490328496660999
single_support,echoes,music8k,seen_brand_seen_class,1659,1102,0.9766838528009243
single_support,echoes,music8k,unseen_brand_seen_class,662,1102,0.45660183900735274
single_support,echoes,music8k,seen_brand_unseen_class,0,1102,
single_support,echoes,music8k,strict_unseen,1293,1102,0.8861684373346358
single_support,echoes,music8k,strict_unseen_disclosed,1293,1102,0.8861684373346358
single_support,fakemusiccaps,artifactbench,all,1405,864,0.8000972057466718
single_support,fakemusiccaps,artifactbench,seen_brand_seen_class,190,864,0.984375
single_support,fakemusiccaps,artifactbench,unseen_brand_seen_class,100,864,0.9898148148148148
single_support,fakemusiccaps,artifactbench,seen_brand_unseen_class,0,864,
single_support,fakemusiccaps,artifactbench,strict_unseen,1115,864,0.7516805763162266
single_support,fakemusiccaps,artifactbench,strict_unseen_disclosed,230,864,0.9179448470209339
single_support,fakemusiccaps,echoes,all,742,59,0.8183105669514369
single_support,fakemusiccaps,echoes,seen_brand_seen_class,150,59,0.8803389830508475
single_support,fakemusiccaps,echoes,unseen_brand_seen_class,177,59,0.988892080819688
single_support,fakemusiccaps,echoes,seen_brand_unseen_class,0,59,
single_support,fakemusiccaps,echoes,strict_unseen,415,59,0.7231366142536247
single_support,fakemusiccaps,echoes,strict_unseen_disclosed,143,59,0.7667417328434277
single_support,fakemusiccaps,sonics,all,12778,6882,0.7487174799446648
single_support,fakemusiccaps,sonics,seen_brand_seen_class,0,6882,
single_support,fakemusiccaps,sonics,unseen_brand_seen_class,0,6882,
single_support,fakemusiccaps,sonics,seen_brand_unseen_class,0,6882,
single_support,fakemusiccaps,sonics,strict_unseen,12778,6882,0.7487174799446648
single_support,fakemusiccaps,sonics,strict_unseen_disclosed,0,6882,
single_support,fakemusiccaps,music8k,all,3614,1102,0.8460072093100334
single_support,fakemusiccaps,music8k,seen_brand_seen_class,0,1102,
single_support,fakemusiccaps,music8k,unseen_brand_seen_class,1651,1102,0.7834365357408644
single_support,fakemusiccaps,music8k,seen_brand_unseen_class,0,1102,
single_support,fakemusiccaps,music8k,strict_unseen,1963,1102,0.8986328751595996
single_support,fakemusiccaps,music8k,strict_unseen_disclosed,1293,1102,0.896981232182785
single_support,sonics,artifactbench,all,1259,672,0.9008874200990961
single_support,sonics,artifactbench,seen_brand_seen_class,659,672,0.9530132234988078
single_support,sonics,artifactbench,unseen_brand_seen_class,80,672,0.9917596726190476
single_support,sonics,artifactbench,seen_brand_unseen_class,0,672,
single_support,sonics,artifactbench,strict_unseen,520,672,0.820847641941392
single_support,sonics,artifactbench,strict_unseen_disclosed,520,672,0.820847641941392
single_support,sonics,echoes,all,742,59,0.7431815066928593
single_support,sonics,echoes,seen_brand_seen_class,136,59,0.8353688933200397
single_support,sonics,echoes,unseen_brand_seen_class,136,59,0.6964107676969092
single_support,sonics,echoes,seen_brand_unseen_class,0,59,
single_support,sonics,echoes,strict_unseen,470,59,0.7300396682293545
single_support,sonics,echoes,strict_unseen_disclosed,470,59,0.7300396682293545
single_support,sonics,fakemusiccaps,all,5520,1102,0.8378219607301611
single_support,sonics,fakemusiccaps,seen_brand_seen_class,0,1102,
single_support,sonics,fakemusiccaps,unseen_brand_seen_class,0,1102,
single_support,sonics,fakemusiccaps,seen_brand_unseen_class,0,1102,
single_support,sonics,fakemusiccaps,strict_unseen,5520,1102,0.8378219607301611
single_support,sonics,fakemusiccaps,strict_unseen_disclosed,5520,1102,0.8378219607301611
single_support,sonics,music8k,all,3614,1102,0.7713768396144456
single_support,sonics,music8k,seen_brand_seen_class,670,1102,0.8283636265135303
single_support,sonics,music8k,unseen_brand_seen_class,0,1102,
single_support,sonics,music8k,seen_brand_unseen_class,0,1102,
single_support,sonics,music8k,strict_unseen,2944,1102,0.7584076999329283
single_support,sonics,music8k,strict_unseen_disclosed,2944,1102,0.7584076999329283
fingerprint,artifactbench,echoes,all,742,59,0.8113435972406231
fingerprint,artifactbench,echoes,seen_brand_seen_class,359,59,0.7733818044473821
fingerprint,artifactbench,echoes,unseen_brand_seen_class,179,59,0.8727393239276583
fingerprint,artifactbench,echoes,seen_brand_unseen_class,0,59,
fingerprint,artifactbench,echoes,strict_unseen,204,59,0.8242771684945165
fingerprint,artifactbench,echoes,strict_unseen_disclosed,204,59,0.8242771684945165
fingerprint,artifactbench,fakemusiccaps,all,5520,1102,0.8713557694836793
fingerprint,artifactbench,fakemusiccaps,seen_brand_seen_class,2208,1102,0.9174265663221021
fingerprint,artifactbench,fakemusiccaps,unseen_brand_seen_class,0,1102,
fingerprint,artifactbench,fakemusiccaps,seen_brand_unseen_class,0,1102,
fingerprint,artifactbench,fakemusiccaps,strict_unseen,3312,1102,0.8406419049247305
fingerprint,artifactbench,fakemusiccaps,strict_unseen_disclosed,3312,1102,0.8406419049247305
fingerprint,artifactbench,sonics,all,12778,6882,0.9581755691235694
fingerprint,artifactbench,sonics,seen_brand_seen_class,12778,6882,0.9581755691235694
fingerprint,artifactbench,sonics,unseen_brand_seen_class,0,6882,
fingerprint,artifactbench,sonics,seen_brand_unseen_class,0,6882,
fingerprint,artifactbench,sonics,strict_unseen,0,6882,
fingerprint,artifactbench,sonics,strict_unseen_disclosed,0,6882,
fingerprint,artifactbench,music8k,all,3614,1102,0.758432371790687
fingerprint,artifactbench,music8k,seen_brand_seen_class,670,1102,0.8028577620066636
fingerprint,artifactbench,music8k,unseen_brand_seen_class,1651,1102,0.7039235968741377
fingerprint,artifactbench,music8k,seen_brand_unseen_class,0,1102,
fingerprint,artifactbench,music8k,strict_unseen,1293,1102,0.8050131729836633
fingerprint,artifactbench,music8k,strict_unseen_disclosed,1293,1102,0.8050131729836633
fingerprint,echoes,artifactbench,all,1405,864,0.8326759588770265
fingerprint,echoes,artifactbench,seen_brand_seen_class,1005,864,0.8363495024875621
fingerprint,echoes,artifactbench,unseen_brand_seen_class,180,864,0.8929333847736627
fingerprint,echoes,artifactbench,seen_brand_unseen_class,130,864,0.7466524216524217
fingerprint,echoes,artifactbench,strict_unseen,90,864,0.7953960905349795
fingerprint,echoes,artifactbench,strict_unseen_disclosed,90,864,0.7953960905349795
fingerprint,echoes,fakemusiccaps,all,5520,1102,0.8343934940424523
fingerprint,echoes,fakemusiccaps,seen_brand_seen_class,2208,1102,0.8398859780635997
fingerprint,echoes,fakemusiccaps,unseen_brand_seen_class,2208,1102,0.8226651476893133
fingerprint,echoes,fakemusiccaps,seen_brand_unseen_class,0,1102,
fingerprint,echoes,fakemusiccaps,strict_unseen,1104,1102,0.8468652187064363
fingerprint,echoes,fakemusiccaps,strict_unseen_disclosed,1104,1102,0.8468652187064363
fingerprint,echoes,sonics,all,12778,6882,0.9197795801951634
fingerprint,echoes,sonics,seen_brand_seen_class,8605,6882,0.9515923526007686
fingerprint,echoes,sonics,unseen_brand_seen_class,4173,6882,0.8541795546619182
fingerprint,echoes,sonics,seen_brand_unseen_class,0,6882,
fingerprint,echoes,sonics,strict_unseen,0,6882,
fingerprint,echoes,sonics,strict_unseen_disclosed,0,6882,
fingerprint,echoes,music8k,all,3614,1102,0.7353709661057974
fingerprint,echoes,music8k,seen_brand_seen_class,1659,1102,0.8147633378513941
fingerprint,echoes,music8k,unseen_brand_seen_class,662,1102,0.553253902544673
fingerprint,echoes,music8k,seen_brand_unseen_class,0,1102,
fingerprint,echoes,music8k,strict_unseen,1293,1102,0.7267472625880246
fingerprint,echoes,music8k,strict_unseen_disclosed,1293,1102,0.7267472625880246
fingerprint,fakemusiccaps,artifactbench,all,1405,864,0.8318233491498616
fingerprint,fakemusiccaps,artifactbench,seen_brand_seen_class,190,864,0.9914473684210526
fingerprint,fakemusiccaps,artifactbench,unseen_brand_seen_class,100,864,0.9855787037037037
fingerprint,fakemusiccaps,artifactbench,seen_brand_unseen_class,0,864,
fingerprint,fakemusiccaps,artifactbench,strict_unseen,1115,864,0.7908331257266235
fingerprint,fakemusiccaps,artifactbench,strict_unseen_disclosed,230,864,0.901947463768116
fingerprint,fakemusiccaps,echoes,all,742,59,0.9062314404495408
fingerprint,fakemusiccaps,echoes,seen_brand_seen_class,150,59,0.9623728813559322
fingerprint,fakemusiccaps,echoes,unseen_brand_seen_class,177,59,0.9910945130709565
fingerprint,fakemusiccaps,echoes,seen_brand_unseen_class,0,59,
fingerprint,fakemusiccaps,echoes,strict_unseen,415,59,0.8497447416785786
fingerprint,fakemusiccaps,echoes,strict_unseen_disclosed,143,59,0.8754296550906719
fingerprint,fakemusiccaps,sonics,all,12778,6882,0.76887986194304
fingerprint,fakemusiccaps,sonics,seen_brand_seen_class,0,6882,
fingerprint,fakemusiccaps,sonics,unseen_brand_seen_class,0,6882,
fingerprint,fakemusiccaps,sonics,seen_brand_unseen_class,0,6882,
fingerprint,fakemusiccaps,sonics,strict_unseen,12778,6882,0.76887986194304
fingerprint,fakemusiccaps,sonics,strict_unseen_disclosed,0,6882,
fingerprint,fakemusiccaps,music8k,all,3614,1102,0.870790844638264
fingerprint,fakemusiccaps,music8k,seen_brand_seen_class,0,1102,
fingerprint,fakemusiccaps,music8k,unseen_brand_seen_class,1651,1102,0.7986052560126898
fingerprint,fakemusiccaps,music8k,seen_brand_unseen_class,0,1102,
fingerprint,fakemusiccaps,music8k,strict_unseen,1963,1102,0.9315032271246739
fingerprint,fakemusiccaps,music8k,strict_unseen_disclosed,1293,1102,0.9343968570117188
fingerprint,sonics,artifactbench,all,1259,672,0.6781246454101896
fingerprint,sonics,artifactbench,seen_brand_seen_class,659,672,0.7605882831129417
fingerprint,sonics,artifactbench,unseen_brand_seen_class,80,672,0.9984747023809524
fingerprint,sonics,artifactbench,seen_brand_unseen_class,0,672,
fingerprint,sonics,artifactbench,strict_unseen,520,672,0.5243332188644689
fingerprint,sonics,artifactbench,strict_unseen_disclosed,520,672,0.5243332188644689
fingerprint,sonics,echoes,all,742,59,0.7311891817808032
fingerprint,sonics,echoes,seen_brand_seen_class,136,59,0.7765453639082751
fingerprint,sonics,echoes,unseen_brand_seen_class,136,59,0.6484297108673978
fingerprint,sonics,echoes,seen_brand_unseen_class,0,59,
fingerprint,sonics,echoes,strict_unseen,470,59,0.7420122610890733
fingerprint,sonics,echoes,strict_unseen_disclosed,470,59,0.7420122610890733
fingerprint,sonics,fakemusiccaps,all,5520,1102,0.611771252531629
fingerprint,sonics,fakemusiccaps,seen_brand_seen_class,0,1102,
fingerprint,sonics,fakemusiccaps,unseen_brand_seen_class,0,1102,
fingerprint,sonics,fakemusiccaps,seen_brand_unseen_class,0,1102,
fingerprint,sonics,fakemusiccaps,strict_unseen,5520,1102,0.611771252531629
fingerprint,sonics,fakemusiccaps,strict_unseen_disclosed,5520,1102,0.611771252531629
fingerprint,sonics,music8k,all,3614,1102,0.6010543791687298
fingerprint,sonics,music8k,seen_brand_seen_class,670,1102,0.6265175935206003
fingerprint,sonics,music8k,unseen_brand_seen_class,0,1102,
fingerprint,sonics,music8k,seen_brand_unseen_class,0,1102,
fingerprint,sonics,music8k,strict_unseen,2944,1102,0.5952594220981615
fingerprint,sonics,music8k,strict_unseen_disclosed,2944,1102,0.5952594220981615
trajectory,artifactbench,echoes,all,742,59,0.9287541687605647
trajectory,artifactbench,echoes,seen_brand_seen_class,359,59,0.9212029649213919
trajectory,artifactbench,echoes,unseen_brand_seen_class,179,59,0.9518984944607518
trajectory,artifactbench,echoes,seen_brand_unseen_class,0,59,
trajectory,artifactbench,echoes,strict_unseen,204,59,0.9217347956131605
trajectory,artifactbench,echoes,strict_unseen_disclosed,204,59,0.9217347956131605
trajectory,artifactbench,fakemusiccaps,all,5520,1102,0.8594819366632473
trajectory,artifactbench,fakemusiccaps,seen_brand_seen_class,2208,1102,0.9039205726084326
trajectory,artifactbench,fakemusiccaps,unseen_brand_seen_class,0,1102,
trajectory,artifactbench,fakemusiccaps,seen_brand_unseen_class,0,1102,
trajectory,artifactbench,fakemusiccaps,strict_unseen,3312,1102,0.8298561793664572
trajectory,artifactbench,fakemusiccaps,strict_unseen_disclosed,3312,1102,0.8298561793664572
trajectory,artifactbench,sonics,all,12778,6882,0.9526502226631985
trajectory,artifactbench,sonics,seen_brand_seen_class,12778,6882,0.9526502226631985
trajectory,artifactbench,sonics,unseen_brand_seen_class,0,6882,
trajectory,artifactbench,sonics,seen_brand_unseen_class,0,6882,
trajectory,artifactbench,sonics,strict_unseen,0,6882,
trajectory,artifactbench,sonics,strict_unseen_disclosed,0,6882,
trajectory,artifactbench,music8k,all,3614,1102,0.813284343905582
trajectory,artifactbench,music8k,seen_brand_seen_class,670,1102,0.7872538396944497
trajectory,artifactbench,music8k,unseen_brand_seen_class,1651,1102,0.7982232623686244
trajectory,artifactbench,music8k,seen_brand_unseen_class,0,1102,
trajectory,artifactbench,music8k,strict_unseen,1293,1102,0.8460038206565298
trajectory,artifactbench,music8k,strict_unseen_disclosed,1293,1102,0.8460038206565298
trajectory,echoes,artifactbench,all,1404,862,0.8893557353534152
trajectory,echoes,artifactbench,seen_brand_seen_class,1004,862,0.8858741368632199
trajectory,echoes,artifactbench,unseen_brand_seen_class,180,862,0.9078177365300335
trajectory,echoes,artifactbench,seen_brand_unseen_class,130,862,0.8569962520078529
trajectory,echoes,artifactbench,strict_unseen,90,862,0.9380123743232792
trajectory,echoes,artifactbench,strict_unseen_disclosed,90,862,0.9380123743232792
trajectory,echoes,fakemusiccaps,all,5520,1102,0.7658233383308346
trajectory,echoes,fakemusiccaps,seen_brand_seen_class,2208,1102,0.8041540496199269
trajectory,echoes,fakemusiccaps,unseen_brand_seen_class,2208,1102,0.712064609142797
trajectory,echoes,fakemusiccaps,seen_brand_unseen_class,0,1102,
trajectory,echoes,fakemusiccaps,strict_unseen,1104,1102,0.796679374128725
trajectory,echoes,fakemusiccaps,strict_unseen_disclosed,1104,1102,0.796679374128725
trajectory,echoes,sonics,all,12778,6882,0.8376024225013669
trajectory,echoes,sonics,seen_brand_seen_class,8605,6882,0.8853064550745943
trajectory,echoes,sonics,unseen_brand_seen_class,4173,6882,0.7392335750792188
trajectory,echoes,sonics,seen_brand_unseen_class,0,6882,
trajectory,echoes,sonics,strict_unseen,0,6882,
trajectory,echoes,sonics,strict_unseen_disclosed,0,6882,
trajectory,echoes,music8k,all,3614,1102,0.7927732642867975
trajectory,echoes,music8k,seen_brand_seen_class,1659,1102,0.7948740248701195
trajectory,echoes,music8k,unseen_brand_seen_class,662,1102,0.7662023456390744
trajectory,echoes,music8k,seen_brand_unseen_class,0,1102,
trajectory,echoes,music8k,strict_unseen,1293,1102,0.8036818384067216
trajectory,echoes,music8k,strict_unseen_disclosed,1293,1102,0.8036818384067216
trajectory,fakemusiccaps,artifactbench,all,1404,862,0.8248516006636657
trajectory,fakemusiccaps,artifactbench,seen_brand_seen_class,190,862,0.9894309439492002
trajectory,fakemusiccaps,artifactbench,unseen_brand_seen_class,100,862,0.9969489559164733
trajectory,fakemusiccaps,artifactbench,seen_brand_unseen_class,0,862,
trajectory,fakemusiccaps,artifactbench,strict_unseen,1114,862,0.7813329195599561
trajectory,fakemusiccaps,artifactbench,strict_unseen_disclosed,230,862,0.8461918692625846
trajectory,fakemusiccaps,echoes,all,742,59,0.8885056421033395
trajectory,fakemusiccaps,echoes,seen_brand_seen_class,150,59,0.9794350282485876
trajectory,fakemusiccaps,echoes,unseen_brand_seen_class,177,59,0.9932011873982572
trajectory,fakemusiccaps,echoes,seen_brand_unseen_class,0,59,
trajectory,fakemusiccaps,echoes,strict_unseen,415,59,0.8109863181539718
trajectory,fakemusiccaps,echoes,strict_unseen_disclosed,143,59,0.9068389237880764
trajectory,fakemusiccaps,sonics,all,12778,6882,0.798641070599174
trajectory,fakemusiccaps,sonics,seen_brand_seen_class,0,6882,
trajectory,fakemusiccaps,sonics,unseen_brand_seen_class,0,6882,
trajectory,fakemusiccaps,sonics,seen_brand_unseen_class,0,6882,
trajectory,fakemusiccaps,sonics,strict_unseen,12778,6882,0.798641070599174
trajectory,fakemusiccaps,sonics,strict_unseen_disclosed,0,6882,
trajectory,fakemusiccaps,music8k,all,3614,1102,0.6829761654867088
trajectory,fakemusiccaps,music8k,seen_brand_seen_class,0,1102,
trajectory,fakemusiccaps,music8k,unseen_brand_seen_class,1651,1102,0.7012941614882252
trajectory,fakemusiccaps,music8k,seen_brand_unseen_class,0,1102,
trajectory,fakemusiccaps,music8k,strict_unseen,1963,1102,0.6675696390483472
trajectory,fakemusiccaps,music8k,strict_unseen_disclosed,1293,1102,0.7004076115562929
trajectory,sonics,artifactbench,all,1258,670,0.8191656977433974
trajectory,sonics,artifactbench,seen_brand_seen_class,658,670,0.7973483645601779
trajectory,sonics,artifactbench,unseen_brand_seen_class,80,670,0.9838805970149253
trajectory,sonics,artifactbench,seen_brand_unseen_class,0,670,
trajectory,sonics,artifactbench,strict_unseen,520,670,0.8214322617680827
trajectory,sonics,artifactbench,strict_unseen_disclosed,520,670,0.8214322617680827
trajectory,sonics,echoes,all,742,59,0.8621453698204578
trajectory,sonics,echoes,seen_brand_seen_class,136,59,0.7070039880358923
trajectory,sonics,echoes,unseen_brand_seen_class,136,59,0.8389830508474577
trajectory,sonics,echoes,seen_brand_unseen_class,0,59,
trajectory,sonics,echoes,strict_unseen,470,59,0.9137396321673279
trajectory,sonics,echoes,strict_unseen_disclosed,470,59,0.9137396321673279
trajectory,sonics,fakemusiccaps,all,5520,1102,0.772254662142613
trajectory,sonics,fakemusiccaps,seen_brand_seen_class,0,1102,
trajectory,sonics,fakemusiccaps,unseen_brand_seen_class,0,1102,
trajectory,sonics,fakemusiccaps,seen_brand_unseen_class,0,1102,
trajectory,sonics,fakemusiccaps,strict_unseen,5520,1102,0.772254662142613
trajectory,sonics,fakemusiccaps,strict_unseen_disclosed,5520,1102,0.772254662142613
trajectory,sonics,music8k,all,3614,1102,0.6796567492620451
trajectory,sonics,music8k,seen_brand_seen_class,670,1102,0.6064008451390959
trajectory,sonics,music8k,unseen_brand_seen_class,0,1102,
trajectory,sonics,music8k,seen_brand_unseen_class,0,1102,
trajectory,sonics,music8k,strict_unseen,2944,1102,0.6963284393987217
trajectory,sonics,music8k,strict_unseen_disclosed,2944,1102,0.6963284393987217
mean_pooling,artifactbench,echoes,all,742,59,0.9481246288089907
mean_pooling,artifactbench,echoes,seen_brand_seen_class,359,59,0.9294650866342477
mean_pooling,artifactbench,echoes,unseen_brand_seen_class,179,59,0.9637344948395038
mean_pooling,artifactbench,echoes,seen_brand_unseen_class,0,59,
mean_pooling,artifactbench,echoes,strict_unseen,204,59,0.9672648720505151
mean_pooling,artifactbench,echoes,strict_unseen_disclosed,204,59,0.9672648720505151
mean_pooling,artifactbench,fakemusiccaps,all,5520,1102,0.8917128606749257
mean_pooling,artifactbench,fakemusiccaps,seen_brand_seen_class,2208,1102,0.9216810180436098
mean_pooling,artifactbench,fakemusiccaps,unseen_brand_seen_class,0,1102,
mean_pooling,artifactbench,fakemusiccaps,seen_brand_unseen_class,0,1102,
mean_pooling,artifactbench,fakemusiccaps,strict_unseen,3312,1102,0.871734089095803
mean_pooling,artifactbench,fakemusiccaps,strict_unseen_disclosed,3312,1102,0.871734089095803
mean_pooling,artifactbench,sonics,all,2500,2500,0.9999065600000001
mean_pooling,artifactbench,sonics,seen_brand_seen_class,2500,2500,0.9999065600000001
mean_pooling,artifactbench,sonics,unseen_brand_seen_class,0,2500,
mean_pooling,artifactbench,sonics,seen_brand_unseen_class,0,2500,
mean_pooling,artifactbench,sonics,strict_unseen,0,2500,
mean_pooling,artifactbench,sonics,strict_unseen_disclosed,0,2500,
mean_pooling,artifactbench,music8k,all,3614,1102,0.8787635952943634
mean_pooling,artifactbench,music8k,seen_brand_seen_class,670,1102,0.896280169027819
mean_pooling,artifactbench,music8k,unseen_brand_seen_class,1651,1102,0.869811894237777
mean_pooling,artifactbench,music8k,seen_brand_unseen_class,0,1102,
mean_pooling,artifactbench,music8k,strict_unseen,1293,1102,0.8811171560391499
mean_pooling,artifactbench,music8k,strict_unseen_disclosed,1293,1102,0.8811171560391499
mean_pooling,echoes,artifactbench,all,1405,864,0.9134650553578489
mean_pooling,echoes,artifactbench,seen_brand_seen_class,1005,864,0.9071857149437995
mean_pooling,echoes,artifactbench,unseen_brand_seen_class,180,864,0.9635738168724279
mean_pooling,echoes,artifactbench,seen_brand_unseen_class,130,864,0.9571358618233619
mean_pooling,echoes,artifactbench,strict_unseen,90,864,0.8202867798353909
mean_pooling,echoes,artifactbench,strict_unseen_disclosed,90,864,0.8202867798353909
mean_pooling,echoes,fakemusiccaps,all,5520,1102,0.8291484192114469
mean_pooling,echoes,fakemusiccaps,seen_brand_seen_class,2208,1102,0.8591317005970698
mean_pooling,echoes,fakemusiccaps,unseen_brand_seen_class,2208,1102,0.8465148593466425
mean_pooling,echoes,fakemusiccaps,seen_brand_unseen_class,0,1102,
mean_pooling,echoes,fakemusiccaps,strict_unseen,1104,1102,0.7344489761698099
mean_pooling,echoes,fakemusiccaps,strict_unseen_disclosed,1104,1102,0.7344489761698099
mean_pooling,echoes,sonics,all,2500,2500,0.99721496
mean_pooling,echoes,sonics,seen_brand_seen_class,1702,2500,0.9995283196239719
mean_pooling,echoes,sonics,unseen_brand_seen_class,798,2500,0.9922809523809524
mean_pooling,echoes,sonics,seen_brand_unseen_class,0,2500,
mean_pooling,echoes,sonics,strict_unseen,0,2500,
mean_pooling,echoes,sonics,strict_unseen_disclosed,0,2500,
mean_pooling,echoes,music8k,all,3614,1102,0.9066440551314356
mean_pooling,echoes,music8k,seen_brand_seen_class,1659,1102,0.9109507181309889
mean_pooling,echoes,music8k,unseen_brand_seen_class,662,1102,0.8547875052774138
mean_pooling,echoes,music8k,seen_brand_unseen_class,0,1102,
mean_pooling,echoes,music8k,strict_unseen,1293,1102,0.9276682485476031
mean_pooling,echoes,music8k,strict_unseen_disclosed,1293,1102,0.9276682485476031
mean_pooling,fakemusiccaps,artifactbench,all,1405,864,0.772733376169764
mean_pooling,fakemusiccaps,artifactbench,seen_brand_seen_class,190,864,0.9980750487329434
mean_pooling,fakemusiccaps,artifactbench,unseen_brand_seen_class,100,864,0.9699074074074074
mean_pooling,fakemusiccaps,artifactbench,seen_brand_unseen_class,0,864,
mean_pooling,fakemusiccaps,artifactbench,strict_unseen,1115,864,0.7166505771466534
mean_pooling,fakemusiccaps,artifactbench,strict_unseen_disclosed,230,864,0.5899959742351046
mean_pooling,fakemusiccaps,echoes,all,742,59,0.7931723696834025
mean_pooling,fakemusiccaps,echoes,seen_brand_seen_class,150,59,0.9448022598870057
mean_pooling,fakemusiccaps,echoes,unseen_brand_seen_class,177,59,0.9900411759073062
mean_pooling,fakemusiccaps,echoes,seen_brand_unseen_class,0,59,
mean_pooling,fakemusiccaps,echoes,strict_unseen,415,59,0.6544006534613028
mean_pooling,fakemusiccaps,echoes,strict_unseen_disclosed,143,59,0.8971198293232192
mean_pooling,fakemusiccaps,sonics,all,2500,2500,0.9011167999999999
mean_pooling,fakemusiccaps,sonics,seen_brand_seen_class,0,2500,
mean_pooling,fakemusiccaps,sonics,unseen_brand_seen_class,0,2500,
mean_pooling,fakemusiccaps,sonics,seen_brand_unseen_class,0,2500,
mean_pooling,fakemusiccaps,sonics,strict_unseen,2500,2500,0.9011167999999999
mean_pooling,fakemusiccaps,sonics,strict_unseen_disclosed,0,2500,
mean_pooling,fakemusiccaps,music8k,all,3614,1102,0.5918969835997739
mean_pooling,fakemusiccaps,music8k,seen_brand_seen_class,0,1102,
mean_pooling,fakemusiccaps,music8k,unseen_brand_seen_class,1651,1102,0.6657671036967092
mean_pooling,fakemusiccaps,music8k,seen_brand_unseen_class,0,1102,
mean_pooling,fakemusiccaps,music8k,strict_unseen,1963,1102,0.529767809743411
mean_pooling,fakemusiccaps,music8k,strict_unseen_disclosed,1293,1102,0.5258827723761761
mean_pooling,sonics,artifactbench,all,1259,672,0.8209794243352623
mean_pooling,sonics,artifactbench,seen_brand_seen_class,659,672,0.7267809722523304
mean_pooling,sonics,artifactbench,unseen_brand_seen_class,80,672,1.0
mean_pooling,sonics,artifactbench,seen_brand_unseen_class,0,672,
mean_pooling,sonics,artifactbench,strict_unseen,520,672,0.9128162202380952
mean_pooling,sonics,artifactbench,strict_unseen_disclosed,520,672,0.9128162202380952
mean_pooling,sonics,echoes,all,742,59,0.8297546712960848
mean_pooling,sonics,echoes,seen_brand_seen_class,136,59,0.5660518444666002
mean_pooling,sonics,echoes,unseen_brand_seen_class,136,59,0.7584122632103689
mean_pooling,sonics,echoes,seen_brand_unseen_class,0,59,
mean_pooling,sonics,echoes,strict_unseen,470,59,0.9267039307609088
mean_pooling,sonics,echoes,strict_unseen_disclosed,470,59,0.9267039307609088
mean_pooling,sonics,fakemusiccaps,all,5520,1102,0.874594610589442
mean_pooling,sonics,fakemusiccaps,seen_brand_seen_class,0,1102,
mean_pooling,sonics,fakemusiccaps,unseen_brand_seen_class,0,1102,
mean_pooling,sonics,fakemusiccaps,seen_brand_unseen_class,0,1102,
mean_pooling,sonics,fakemusiccaps,strict_unseen,5520,1102,0.874594610589442
mean_pooling,sonics,fakemusiccaps,strict_unseen_disclosed,5520,1102,0.874594610589442
mean_pooling,sonics,music8k,all,3614,1102,0.545615985223827
mean_pooling,sonics,music8k,seen_brand_seen_class,670,1102,0.39989842078175364
mean_pooling,sonics,music8k,unseen_brand_seen_class,0,1102,
mean_pooling,sonics,music8k,seen_brand_unseen_class,0,1102,
mean_pooling,sonics,music8k,strict_unseen,2944,1102,0.578778610283674
mean_pooling,sonics,music8k,strict_unseen_disclosed,2944,1102,0.578778610283674
attention_pooling,artifactbench,echoes,all,742,59,0.9657933208460872
attention_pooling,artifactbench,echoes,seen_brand_seen_class,359,59,0.9578395732023983
attention_pooling,artifactbench,echoes,unseen_brand_seen_class,179,59,0.9812517754000568
attention_pooling,artifactbench,echoes,seen_brand_unseen_class,0,59,
attention_pooling,artifactbench,echoes,strict_unseen,204,59,0.9662263210368893
attention_pooling,artifactbench,echoes,strict_unseen_disclosed,204,59,0.9662263210368893
attention_pooling,artifactbench,fakemusiccaps,all,5520,1102,0.894156129172256
attention_pooling,artifactbench,fakemusiccaps,seen_brand_seen_class,2208,1102,0.9179407007022804
attention_pooling,artifactbench,fakemusiccaps,unseen_brand_seen_class,0,1102,
attention_pooling,artifactbench,fakemusiccaps,seen_brand_unseen_class,0,1102,
attention_pooling,artifactbench,fakemusiccaps,strict_unseen,3312,1102,0.8782997481522397
attention_pooling,artifactbench,fakemusiccaps,strict_unseen_disclosed,3312,1102,0.8782997481522397
attention_pooling,artifactbench,sonics,all,2500,2500,0.99998648
attention_pooling,artifactbench,sonics,seen_brand_seen_class,2500,2500,0.99998648
attention_pooling,artifactbench,sonics,unseen_brand_seen_class,0,2500,
attention_pooling,artifactbench,sonics,seen_brand_unseen_class,0,2500,
attention_pooling,artifactbench,sonics,strict_unseen,0,2500,
attention_pooling,artifactbench,sonics,strict_unseen_disclosed,0,2500,
attention_pooling,artifactbench,music8k,all,3614,1102,0.9222438048444394
attention_pooling,artifactbench,music8k,seen_brand_seen_class,670,1102,0.9392305712815234
attention_pooling,artifactbench,music8k,unseen_brand_seen_class,1651,1102,0.9011886872719718
attention_pooling,artifactbench,music8k,seen_brand_unseen_class,0,1102,
attention_pooling,artifactbench,music8k,strict_unseen,1293,1102,0.9403264541865104
attention_pooling,artifactbench,music8k,strict_unseen_disclosed,1293,1102,0.9403264541865104
attention_pooling,echoes,artifactbench,all,1405,864,0.9127615493607487
attention_pooling,echoes,artifactbench,seen_brand_seen_class,1005,864,0.9085832412014004
attention_pooling,echoes,artifactbench,unseen_brand_seen_class,180,864,0.9596932870370369
attention_pooling,echoes,artifactbench,seen_brand_unseen_class,130,864,0.9491408475783476
attention_pooling,echoes,artifactbench,strict_unseen,90,864,0.8130079732510288
attention_pooling,echoes,artifactbench,strict_unseen_disclosed,90,864,0.8130079732510288
attention_pooling,echoes,fakemusiccaps,all,5520,1102,0.8464812001893791
attention_pooling,echoes,fakemusiccaps,seen_brand_seen_class,2208,1102,0.8788169648728267
attention_pooling,echoes,fakemusiccaps,unseen_brand_seen_class,2208,1102,0.8603001131013441
attention_pooling,echoes,fakemusiccaps,seen_brand_unseen_class,0,1102,
attention_pooling,echoes,fakemusiccaps,strict_unseen,1104,1102,0.7541718449985534
attention_pooling,echoes,fakemusiccaps,strict_unseen_disclosed,1104,1102,0.7541718449985534
attention_pooling,echoes,sonics,all,2500,2500,0.9952919199999999
attention_pooling,echoes,sonics,seen_brand_seen_class,1702,2500,0.9992726204465335
attention_pooling,echoes,sonics,unseen_brand_seen_class,798,2500,0.986801754385965
attention_pooling,echoes,sonics,seen_brand_unseen_class,0,2500,
attention_pooling,echoes,sonics,strict_unseen,0,2500,
attention_pooling,echoes,sonics,strict_unseen_disclosed,0,2500,
attention_pooling,echoes,music8k,all,3614,1102,0.9012875417940114
attention_pooling,echoes,music8k,seen_brand_seen_class,1659,1102,0.897640215772955
attention_pooling,echoes,music8k,unseen_brand_seen_class,662,1102,0.8639729467433559
attention_pooling,echoes,music8k,seen_brand_unseen_class,0,1102,
attention_pooling,echoes,music8k,strict_unseen,1293,1102,0.9250719004888812
attention_pooling,echoes,music8k,strict_unseen_disclosed,1293,1102,0.9250719004888812
attention_pooling,fakemusiccaps,artifactbench,all,1405,864,0.8012517299327797
attention_pooling,fakemusiccaps,artifactbench,seen_brand_seen_class,190,864,0.9986750730994152
attention_pooling,fakemusiccaps,artifactbench,unseen_brand_seen_class,100,864,0.9729571759259259
attention_pooling,fakemusiccaps,artifactbench,seen_brand_unseen_class,0,864,
attention_pooling,fakemusiccaps,artifactbench,strict_unseen,1115,864,0.7522104924431158
attention_pooling,fakemusiccaps,artifactbench,strict_unseen_disclosed,230,864,0.6218120974235104
attention_pooling,fakemusiccaps,echoes,all,742,59,0.8067636712503997
attention_pooling,fakemusiccaps,echoes,seen_brand_seen_class,150,59,0.9566101694915253
attention_pooling,fakemusiccaps,echoes,unseen_brand_seen_class,177,59,0.9942545245619074
attention_pooling,fakemusiccaps,echoes,seen_brand_unseen_class,0,59,
attention_pooling,fakemusiccaps,echoes,strict_unseen,415,59,0.6726363079436389
attention_pooling,fakemusiccaps,echoes,strict_unseen_disclosed,143,59,0.8972383548654735
attention_pooling,fakemusiccaps,sonics,all,2500,2500,0.9458496000000001
attention_pooling,fakemusiccaps,sonics,seen_brand_seen_class,0,2500,
attention_pooling,fakemusiccaps,sonics,unseen_brand_seen_class,0,2500,
attention_pooling,fakemusiccaps,sonics,seen_brand_unseen_class,0,2500,
attention_pooling,fakemusiccaps,sonics,strict_unseen,2500,2500,0.9458496000000001
attention_pooling,fakemusiccaps,sonics,strict_unseen_disclosed,0,2500,
attention_pooling,fakemusiccaps,music8k,all,3614,1102,0.6088351711482971
attention_pooling,fakemusiccaps,music8k,seen_brand_seen_class,0,1102,
attention_pooling,fakemusiccaps,music8k,unseen_brand_seen_class,1651,1102,0.6679414444965983
attention_pooling,fakemusiccaps,music8k,seen_brand_unseen_class,0,1102,
attention_pooling,fakemusiccaps,music8k,strict_unseen,1963,1102,0.5591232723719113
attention_pooling,fakemusiccaps,music8k,strict_unseen_disclosed,1293,1102,0.5627608103385112
attention_pooling,sonics,artifactbench,all,1259,672,0.826255129732592
attention_pooling,sonics,artifactbench,seen_brand_seen_class,659,672,0.7361882632415637
attention_pooling,sonics,artifactbench,unseen_brand_seen_class,80,672,1.0
attention_pooling,sonics,artifactbench,seen_brand_unseen_class,0,672,
attention_pooling,sonics,artifactbench,strict_unseen,520,672,0.9136675824175824
attention_pooling,sonics,artifactbench,strict_unseen_disclosed,520,672,0.9136675824175824
attention_pooling,sonics,echoes,all,742,59,0.8232559733199324
attention_pooling,sonics,echoes,seen_brand_seen_class,136,59,0.5441176470588236
attention_pooling,sonics,echoes,unseen_brand_seen_class,136,59,0.7475697906281156
attention_pooling,sonics,echoes,seen_brand_unseen_class,0,59,
attention_pooling,sonics,echoes,strict_unseen,470,59,0.925928597187162
attention_pooling,sonics,echoes,strict_unseen_disclosed,470,59,0.925928597187162
attention_pooling,sonics,fakemusiccaps,all,5520,1102,0.8448866849470001
attention_pooling,sonics,fakemusiccaps,seen_brand_seen_class,0,1102,
attention_pooling,sonics,fakemusiccaps,unseen_brand_seen_class,0,1102,
attention_pooling,sonics,fakemusiccaps,seen_brand_unseen_class,0,1102,
attention_pooling,sonics,fakemusiccaps,strict_unseen,5520,1102,0.8448866849470001
attention_pooling,sonics,fakemusiccaps,strict_unseen_disclosed,5520,1102,0.8448866849470001
attention_pooling,sonics,music8k,all,3614,1102,0.6061978422287997
attention_pooling,sonics,music8k,seen_brand_seen_class,670,1102,0.4650716472086031
attention_pooling,sonics,music8k,unseen_brand_seen_class,0,1102,
attention_pooling,sonics,music8k,seen_brand_unseen_class,0,1102,
attention_pooling,sonics,music8k,strict_unseen,2944,1102,0.6383155564487493
attention_pooling,sonics,music8k,strict_unseen_disclosed,2944,1102,0.6383155564487493
fst_mert,artifactbench,echoes,all,742,59,0.9156197176664078
fst_mert,artifactbench,echoes,seen_brand_seen_class,359,59,0.9258769652046646
fst_mert,artifactbench,echoes,unseen_brand_seen_class,179,59,0.8854275163336804
fst_mert,artifactbench,echoes,seen_brand_unseen_class,0,59,
fst_mert,artifactbench,echoes,strict_unseen,204,59,0.9240611498836823
fst_mert,artifactbench,echoes,strict_unseen_disclosed,204,59,0.9240611498836823
fst_mert,artifactbench,fakemusiccaps,all,5520,1102,0.784782197716931
fst_mert,artifactbench,fakemusiccaps,seen_brand_seen_class,2208,1102,0.8600422239538126
fst_mert,artifactbench,fakemusiccaps,unseen_brand_seen_class,0,1102,
fst_mert,artifactbench,fakemusiccaps,seen_brand_unseen_class,0,1102,
fst_mert,artifactbench,fakemusiccaps,strict_unseen,3312,1102,0.7346088468923434
fst_mert,artifactbench,fakemusiccaps,strict_unseen_disclosed,3312,1102,0.7346088468923434
fst_mert,artifactbench,sonics,all,2500,2500,0.98232624
fst_mert,artifactbench,sonics,seen_brand_seen_class,2500,2500,0.98232624
fst_mert,artifactbench,sonics,unseen_brand_seen_class,0,2500,
fst_mert,artifactbench,sonics,seen_brand_unseen_class,0,2500,
fst_mert,artifactbench,sonics,strict_unseen,0,2500,
fst_mert,artifactbench,sonics,strict_unseen_disclosed,0,2500,
fst_mert,artifactbench,music8k,all,3614,1102,0.8464082008161445
fst_mert,artifactbench,music8k,seen_brand_seen_class,670,1102,0.8353773329360457
fst_mert,artifactbench,music8k,unseen_brand_seen_class,1651,1102,0.8342257510984379
fst_mert,artifactbench,music8k,seen_brand_unseen_class,0,1102,
fst_mert,artifactbench,music8k,strict_unseen,1293,1102,0.8676795898057809
fst_mert,artifactbench,music8k,strict_unseen_disclosed,1293,1102,0.8676795898057809
fst_mert,echoes,artifactbench,all,1405,864,0.9373022933965995
fst_mert,echoes,artifactbench,seen_brand_seen_class,1005,864,0.9387979086051225
fst_mert,echoes,artifactbench,unseen_brand_seen_class,180,864,0.9452353395061728
fst_mert,echoes,artifactbench,seen_brand_unseen_class,130,864,0.9268963675213674
fst_mert,echoes,artifactbench,strict_unseen,90,864,0.9197659465020576
fst_mert,echoes,artifactbench,strict_unseen_disclosed,90,864,0.9197659465020576
fst_mert,echoes,fakemusiccaps,all,5520,1102,0.7242995278676451
fst_mert,echoes,fakemusiccaps,seen_brand_seen_class,2208,1102,0.7300572575554328
fst_mert,echoes,fakemusiccaps,unseen_brand_seen_class,2208,1102,0.6837072828717221
fst_mert,echoes,fakemusiccaps,seen_brand_unseen_class,0,1102,
fst_mert,echoes,fakemusiccaps,strict_unseen,1104,1102,0.793968558483916
fst_mert,echoes,fakemusiccaps,strict_unseen_disclosed,1104,1102,0.793968558483916
fst_mert,echoes,sonics,all,2500,2500,0.9192444
fst_mert,echoes,sonics,seen_brand_seen_class,1702,2500,0.9490506462984724
fst_mert,echoes,sonics,unseen_brand_seen_class,798,2500,0.8556726817042606
fst_mert,echoes,sonics,seen_brand_unseen_class,0,2500,
fst_mert,echoes,sonics,strict_unseen,0,2500,
fst_mert,echoes,sonics,strict_unseen_disclosed,0,2500,
fst_mert,echoes,music8k,all,3614,1102,0.880350236075275
fst_mert,echoes,music8k,seen_brand_seen_class,1659,1102,0.8631618329980343
fst_mert,echoes,music8k,unseen_brand_seen_class,662,1102,0.8227049418524957
fst_mert,echoes,music8k,seen_brand_unseen_class,0,1102,
fst_mert,echoes,music8k,strict_unseen,1293,1102,0.9319177113116417
fst_mert,echoes,music8k,strict_unseen_disclosed,1293,1102,0.9319177113116417
fst_mert,fakemusiccaps,artifactbench,all,1405,864,0.7672383682614998
fst_mert,fakemusiccaps,artifactbench,seen_brand_seen_class,190,864,0.9883528265107212
fst_mert,fakemusiccaps,artifactbench,unseen_brand_seen_class,100,864,0.8321990740740741
fst_mert,fakemusiccaps,artifactbench,seen_brand_unseen_class,0,864,
fst_mert,fakemusiccaps,artifactbench,strict_unseen,1115,864,0.723733599069922
fst_mert,fakemusiccaps,artifactbench,strict_unseen_disclosed,230,864,0.782674114331723
fst_mert,fakemusiccaps,echoes,all,742,59,0.9129699849239344
fst_mert,fakemusiccaps,echoes,seen_brand_seen_class,150,59,0.9815819209039549
fst_mert,fakemusiccaps,echoes,unseen_brand_seen_class,177,59,0.9703150435698554
fst_mert,fakemusiccaps,echoes,seen_brand_unseen_class,0,59,
fst_mert,fakemusiccaps,echoes,strict_unseen,415,59,0.863712477026751
fst_mert,fakemusiccaps,echoes,strict_unseen_disclosed,143,59,0.9114614199359962
fst_mert,fakemusiccaps,sonics,all,2500,2500,0.92784184
fst_mert,fakemusiccaps,sonics,seen_brand_seen_class,0,2500,
fst_mert,fakemusiccaps,sonics,unseen_brand_seen_class,0,2500,
fst_mert,fakemusiccaps,sonics,seen_brand_unseen_class,0,2500,
fst_mert,fakemusiccaps,sonics,strict_unseen,2500,2500,0.92784184
fst_mert,fakemusiccaps,sonics,strict_unseen_disclosed,0,2500,
fst_mert,fakemusiccaps,music8k,all,3614,1102,0.638832198236943
fst_mert,fakemusiccaps,music8k,seen_brand_seen_class,0,1102,
fst_mert,fakemusiccaps,music8k,unseen_brand_seen_class,1651,1102,0.6446769323107262
fst_mert,fakemusiccaps,music8k,seen_brand_unseen_class,0,1102,
fst_mert,fakemusiccaps,music8k,strict_unseen,1963,1102,0.6339164285192578
fst_mert,fakemusiccaps,music8k,strict_unseen_disclosed,1293,1102,0.6577785871992567
fst_mert,sonics,artifactbench,all,1259,672,0.7940010495858392
fst_mert,sonics,artifactbench,seen_brand_seen_class,659,672,0.7999832899775995
fst_mert,sonics,artifactbench,unseen_brand_seen_class,80,672,0.9720796130952382
fst_mert,sonics,artifactbench,seen_brand_unseen_class,0,672,
fst_mert,sonics,artifactbench,strict_unseen,520,672,0.7590230082417582
fst_mert,sonics,artifactbench,strict_unseen_disclosed,520,672,0.7590230082417582
fst_mert,sonics,echoes,all,742,59,0.8700488830005938
fst_mert,sonics,echoes,seen_brand_seen_class,136,59,0.7796610169491525
fst_mert,sonics,echoes,unseen_brand_seen_class,136,59,0.7797856430707876
fst_mert,sonics,echoes,seen_brand_unseen_class,0,59,
fst_mert,sonics,echoes,strict_unseen,470,59,0.9223223945185719
fst_mert,sonics,echoes,strict_unseen_disclosed,470,59,0.9223223945185719
fst_mert,sonics,fakemusiccaps,all,5520,1102,0.72555630079697
fst_mert,sonics,fakemusiccaps,seen_brand_seen_class,0,1102,
fst_mert,sonics,fakemusiccaps,unseen_brand_seen_class,0,1102,
fst_mert,sonics,fakemusiccaps,seen_brand_unseen_class,0,1102,
fst_mert,sonics,fakemusiccaps,strict_unseen,5520,1102,0.72555630079697
fst_mert,sonics,fakemusiccaps,strict_unseen_disclosed,5520,1102,0.72555630079697
fst_mert,sonics,music8k,all,3614,1102,0.5089889138528629
fst_mert,sonics,music8k,seen_brand_seen_class,670,1102,0.4266564184522036
fst_mert,sonics,music8k,unseen_brand_seen_class,0,1102,
fst_mert,sonics,music8k,seen_brand_unseen_class,0,1102,
fst_mert,sonics,music8k,strict_unseen,2944,1102,0.527726268444725
fst_mert,sonics,music8k,strict_unseen_disclosed,2944,1102,0.527726268444725
fst_muq_frozen,artifactbench,echoes,all,742,59,0.9292338617570468
fst_muq_frozen,artifactbench,echoes,seen_brand_seen_class,359,59,0.8981162362494688
fst_muq_frozen,artifactbench,echoes,unseen_brand_seen_class,179,59,0.9570116466243727
fst_muq_frozen,artifactbench,echoes,seen_brand_unseen_class,0,59,
fst_muq_frozen,artifactbench,echoes,strict_unseen,204,59,0.9596211365902293
fst_muq_frozen,artifactbench,echoes,strict_unseen_disclosed,204,59,0.9596211365902293
fst_muq_frozen,artifactbench,fakemusiccaps,all,5520,1102,0.8480499881638128
fst_muq_frozen,artifactbench,fakemusiccaps,seen_brand_seen_class,2208,1102,0.8823970005129014
fst_muq_frozen,artifactbench,fakemusiccaps,unseen_brand_seen_class,0,1102,
fst_muq_frozen,artifactbench,fakemusiccaps,seen_brand_unseen_class,0,1102,
fst_muq_frozen,artifactbench,fakemusiccaps,strict_unseen,3312,1102,0.8251519799310871
fst_muq_frozen,artifactbench,fakemusiccaps,strict_unseen_disclosed,3312,1102,0.8251519799310871
fst_muq_frozen,artifactbench,sonics,all,2500,2500,0.99948656
fst_muq_frozen,artifactbench,sonics,seen_brand_seen_class,2500,2500,0.99948656
fst_muq_frozen,artifactbench,sonics,unseen_brand_seen_class,0,2500,
fst_muq_frozen,artifactbench,sonics,seen_brand_unseen_class,0,2500,
fst_muq_frozen,artifactbench,sonics,strict_unseen,0,2500,
fst_muq_frozen,artifactbench,sonics,strict_unseen_disclosed,0,2500,
fst_muq_frozen,artifactbench,music8k,all,3614,1102,0.8391445296924543
fst_muq_frozen,artifactbench,music8k,seen_brand_seen_class,670,1102,0.8759494270932092
fst_muq_frozen,artifactbench,music8k,unseen_brand_seen_class,1651,1102,0.8190001440033594
fst_muq_frozen,artifactbench,music8k,seen_brand_unseen_class,0,1102,
fst_muq_frozen,artifactbench,music8k,strict_unseen,1293,1102,0.8457950320236145
fst_muq_frozen,artifactbench,music8k,strict_unseen_disclosed,1293,1102,0.8457950320236145
fst_muq_frozen,echoes,artifactbench,all,1405,864,0.9003501054435219
fst_muq_frozen,echoes,artifactbench,seen_brand_seen_class,1005,864,0.894468629076838
fst_muq_frozen,echoes,artifactbench,unseen_brand_seen_class,180,864,0.9486432613168724
fst_muq_frozen,echoes,artifactbench,seen_brand_unseen_class,130,864,0.9064725783475783
fst_muq_frozen,echoes,artifactbench,strict_unseen,90,864,0.8605967078189299
fst_muq_frozen,echoes,artifactbench,strict_unseen_disclosed,90,864,0.8605967078189299
fst_muq_frozen,echoes,fakemusiccaps,all,5520,1102,0.8135068156711118
fst_muq_frozen,echoes,fakemusiccaps,seen_brand_seen_class,2208,1102,0.8730157947342118
fst_muq_frozen,echoes,fakemusiccaps,unseen_brand_seen_class,2208,1102,0.7928463810857729
fst_muq_frozen,echoes,fakemusiccaps,seen_brand_unseen_class,0,1102,
fst_muq_frozen,echoes,fakemusiccaps,strict_unseen,1104,1102,0.7358097267155896
fst_muq_frozen,echoes,fakemusiccaps,strict_unseen_disclosed,1104,1102,0.7358097267155896
fst_muq_frozen,echoes,sonics,all,2500,2500,0.9752204
fst_muq_frozen,echoes,sonics,seen_brand_seen_class,1702,2500,0.9921923619271446
fst_muq_frozen,echoes,sonics,unseen_brand_seen_class,798,2500,0.9390220551378446
fst_muq_frozen,echoes,sonics,seen_brand_unseen_class,0,2500,
fst_muq_frozen,echoes,sonics,strict_unseen,0,2500,
fst_muq_frozen,echoes,sonics,strict_unseen_disclosed,0,2500,
fst_muq_frozen,echoes,music8k,all,3614,1102,0.8498593140007051
fst_muq_frozen,echoes,music8k,seen_brand_seen_class,1659,1102,0.8557212542486728
fst_muq_frozen,echoes,music8k,unseen_brand_seen_class,662,1102,0.7999572323871456
fst_muq_frozen,echoes,music8k,seen_brand_unseen_class,0,1102,
fst_muq_frozen,echoes,music8k,strict_unseen,1293,1102,0.8678873257229
fst_muq_frozen,echoes,music8k,strict_unseen_disclosed,1293,1102,0.8678873257229
fst_muq_frozen,fakemusiccaps,artifactbench,all,1405,864,0.7677606432054831
fst_muq_frozen,fakemusiccaps,artifactbench,seen_brand_seen_class,190,864,0.9851973684210527
fst_muq_frozen,fakemusiccaps,artifactbench,unseen_brand_seen_class,100,864,0.9917592592592593
fst_muq_frozen,fakemusiccaps,artifactbench,seen_brand_unseen_class,0,864,
fst_muq_frozen,fakemusiccaps,artifactbench,strict_unseen,1115,864,0.7106190832087692
fst_muq_frozen,fakemusiccaps,artifactbench,strict_unseen_disclosed,230,864,0.6430857487922705
fst_muq_frozen,fakemusiccaps,echoes,all,742,59,0.8752112933436887
fst_muq_frozen,fakemusiccaps,echoes,seen_brand_seen_class,150,59,0.9763841807909605
fst_muq_frozen,fakemusiccaps,echoes,unseen_brand_seen_class,177,59,0.9705065594177918
fst_muq_frozen,fakemusiccaps,echoes,seen_brand_unseen_class,0,59,
fst_muq_frozen,fakemusiccaps,echoes,strict_unseen,415,59,0.7979987747600572
fst_muq_frozen,fakemusiccaps,echoes,strict_unseen_disclosed,143,59,0.9364703093516653
fst_muq_frozen,fakemusiccaps,sonics,all,2500,2500,0.9498645600000002
fst_muq_frozen,fakemusiccaps,sonics,seen_brand_seen_class,0,2500,
fst_muq_frozen,fakemusiccaps,sonics,unseen_brand_seen_class,0,2500,
fst_muq_frozen,fakemusiccaps,sonics,seen_brand_unseen_class,0,2500,
fst_muq_frozen,fakemusiccaps,sonics,strict_unseen,2500,2500,0.9498645600000002
fst_muq_frozen,fakemusiccaps,sonics,strict_unseen_disclosed,0,2500,
fst_muq_frozen,fakemusiccaps,music8k,all,3614,1102,0.5809518237706359
fst_muq_frozen,fakemusiccaps,music8k,seen_brand_seen_class,0,1102,
fst_muq_frozen,fakemusiccaps,music8k,unseen_brand_seen_class,1651,1102,0.6132888718381093
fst_muq_frozen,fakemusiccaps,music8k,seen_brand_unseen_class,0,1102,
fst_muq_frozen,fakemusiccaps,music8k,strict_unseen,1963,1102,0.5537544389721646
fst_muq_frozen,fakemusiccaps,music8k,strict_unseen_disclosed,1293,1102,0.5611964746653417
fst_muq_frozen,sonics,artifactbench,all,1259,672,0.7084243447180302
fst_muq_frozen,sonics,artifactbench,seen_brand_seen_class,659,672,0.6605426692680108
fst_muq_frozen,sonics,artifactbench,unseen_brand_seen_class,80,672,1.0
fst_muq_frozen,sonics,artifactbench,seen_brand_unseen_class,0,672,
fst_muq_frozen,sonics,artifactbench,strict_unseen,520,672,0.7242473672161172
fst_muq_frozen,sonics,artifactbench,strict_unseen_disclosed,520,672,0.7242473672161172
fst_muq_frozen,sonics,echoes,all,742,59,0.784686372150395
fst_muq_frozen,sonics,echoes,seen_brand_seen_class,136,59,0.48654037886340973
fst_muq_frozen,sonics,echoes,unseen_brand_seen_class,136,59,0.6779037886340976
fst_muq_frozen,sonics,echoes,seen_brand_unseen_class,0,59,
fst_muq_frozen,sonics,echoes,strict_unseen,470,59,0.9018571943743238
fst_muq_frozen,sonics,echoes,strict_unseen_disclosed,470,59,0.9018571943743238
fst_muq_frozen,sonics,fakemusiccaps,all,5520,1102,0.6676821950866673
fst_muq_frozen,sonics,fakemusiccaps,seen_brand_seen_class,0,1102,
fst_muq_frozen,sonics,fakemusiccaps,unseen_brand_seen_class,0,1102,
fst_muq_frozen,sonics,fakemusiccaps,seen_brand_unseen_class,0,1102,
fst_muq_frozen,sonics,fakemusiccaps,strict_unseen,5520,1102,0.6676821950866673
fst_muq_frozen,sonics,fakemusiccaps,strict_unseen_disclosed,5520,1102,0.6676821950866673
fst_muq_frozen,sonics,music8k,all,3614,1102,0.465275692331797
fst_muq_frozen,sonics,music8k,seen_brand_seen_class,670,1102,0.35955521846303873
fst_muq_frozen,sonics,music8k,unseen_brand_seen_class,0,1102,
fst_muq_frozen,sonics,music8k,seen_brand_unseen_class,0,1102,
fst_muq_frozen,sonics,music8k,strict_unseen,2944,1102,0.48933571865383096
fst_muq_frozen,sonics,music8k,strict_unseen_disclosed,2944,1102,0.48933571865383096
muq_fst,artifactbench,echoes,all,742,59,0.9153227648590618
muq_fst,artifactbench,echoes,seen_brand_seen_class,359,59,0.8627543553184458
muq_fst,artifactbench,echoes,unseen_brand_seen_class,179,59,0.9626929268061736
muq_fst,artifactbench,echoes,seen_brand_unseen_class,0,59,
muq_fst,artifactbench,echoes,strict_unseen,204,59,0.9662678630774343
muq_fst,artifactbench,echoes,strict_unseen_disclosed,204,59,0.9662678630774343
muq_fst,artifactbench,fakemusiccaps,all,5520,1102,0.8606713912780453
muq_fst,artifactbench,fakemusiccaps,seen_brand_seen_class,2208,1102,0.8569298820984244
muq_fst,artifactbench,fakemusiccaps,unseen_brand_seen_class,0,1102,
muq_fst,artifactbench,fakemusiccaps,seen_brand_unseen_class,0,1102,
muq_fst,artifactbench,fakemusiccaps,strict_unseen,3312,1102,0.8631657307311258
muq_fst,artifactbench,fakemusiccaps,strict_unseen_disclosed,3312,1102,0.8631657307311258
muq_fst,artifactbench,sonics,all,2500,2500,0.997064
muq_fst,artifactbench,sonics,seen_brand_seen_class,2500,2500,0.997064
muq_fst,artifactbench,sonics,unseen_brand_seen_class,0,2500,
muq_fst,artifactbench,sonics,seen_brand_unseen_class,0,2500,
muq_fst,artifactbench,sonics,strict_unseen,0,2500,
muq_fst,artifactbench,sonics,strict_unseen_disclosed,0,2500,
muq_fst,artifactbench,music8k,all,3614,1102,0.8660299179335855
muq_fst,artifactbench,music8k,seen_brand_seen_class,670,1102,0.9033900371102744
muq_fst,artifactbench,music8k,unseen_brand_seen_class,1651,1102,0.8657767772048178
muq_fst,artifactbench,music8k,seen_brand_unseen_class,0,1102,
muq_fst,artifactbench,music8k,strict_unseen,1293,1102,0.846994075315499
muq_fst,artifactbench,music8k,strict_unseen_disclosed,1293,1102,0.846994075315499
muq_fst,echoes,artifactbench,all,1405,864,0.9000131804402267
muq_fst,echoes,artifactbench,seen_brand_seen_class,1005,864,0.8958909157914132
muq_fst,echoes,artifactbench,unseen_brand_seen_class,180,864,0.9251736111111111
muq_fst,echoes,artifactbench,seen_brand_unseen_class,130,864,0.9334223646723646
muq_fst,echoes,artifactbench,strict_unseen,90,864,0.8474665637860083
muq_fst,echoes,artifactbench,strict_unseen_disclosed,90,864,0.8474665637860083
muq_fst,echoes,fakemusiccaps,all,5520,1102,0.8251147452589496
muq_fst,echoes,fakemusiccaps,seen_brand_seen_class,2208,1102,0.8778698644099002
muq_fst,echoes,fakemusiccaps,unseen_brand_seen_class,2208,1102,0.8103433891606828
muq_fst,echoes,fakemusiccaps,seen_brand_unseen_class,0,1102,
muq_fst,echoes,fakemusiccaps,strict_unseen,1104,1102,0.7491472191535812
muq_fst,echoes,fakemusiccaps,strict_unseen_disclosed,1104,1102,0.7491472191535812
muq_fst,echoes,sonics,all,2500,2500,0.96599176
muq_fst,echoes,sonics,seen_brand_seen_class,1702,2500,0.9884943595769683
muq_fst,echoes,sonics,unseen_brand_seen_class,798,2500,0.9179974937343358
muq_fst,echoes,sonics,seen_brand_unseen_class,0,2500,
muq_fst,echoes,sonics,strict_unseen,0,2500,
muq_fst,echoes,sonics,strict_unseen_disclosed,0,2500,
muq_fst,echoes,music8k,all,3614,1102,0.8764649874404538
muq_fst,echoes,music8k,seen_brand_seen_class,1659,1102,0.8974154066965755
muq_fst,echoes,music8k,unseen_brand_seen_class,662,1102,0.8053045547507689
muq_fst,echoes,music8k,seen_brand_unseen_class,0,1102,
muq_fst,echoes,music8k,strict_unseen,1293,1102,0.8860175480705124
muq_fst,echoes,music8k,strict_unseen_disclosed,1293,1102,0.8860175480705124
muq_fst,fakemusiccaps,artifactbench,all,1405,864,0.7344371952023196
muq_fst,fakemusiccaps,artifactbench,seen_brand_seen_class,190,864,0.9923611111111111
muq_fst,fakemusiccaps,artifactbench,unseen_brand_seen_class,100,864,0.9893171296296296
muq_fst,fakemusiccaps,artifactbench,seen_brand_unseen_class,0,864,
muq_fst,fakemusiccaps,artifactbench,strict_unseen,1115,864,0.6676268476997176
muq_fst,fakemusiccaps,artifactbench,strict_unseen_disclosed,230,864,0.6741394927536232
muq_fst,fakemusiccaps,echoes,all,742,59,0.8801681209740051
muq_fst,fakemusiccaps,echoes,seen_brand_seen_class,150,59,0.97954802259887
muq_fst,fakemusiccaps,echoes,unseen_brand_seen_class,177,59,0.9861151010246099
muq_fst,fakemusiccaps,echoes,seen_brand_unseen_class,0,59,
muq_fst,fakemusiccaps,echoes,strict_unseen,415,59,0.7990606493771696
muq_fst,fakemusiccaps,echoes,strict_unseen_disclosed,143,59,0.9340997985065781
muq_fst,fakemusiccaps,sonics,all,2500,2500,0.8530441600000002
muq_fst,fakemusiccaps,sonics,seen_brand_seen_class,0,2500,
muq_fst,fakemusiccaps,sonics,unseen_brand_seen_class,0,2500,
muq_fst,fakemusiccaps,sonics,seen_brand_unseen_class,0,2500,
muq_fst,fakemusiccaps,sonics,strict_unseen,2500,2500,0.8530441600000002
muq_fst,fakemusiccaps,sonics,strict_unseen_disclosed,0,2500,
muq_fst,fakemusiccaps,music8k,all,3614,1102,0.5692213784465936
muq_fst,fakemusiccaps,music8k,seen_brand_seen_class,0,1102,
muq_fst,fakemusiccaps,music8k,unseen_brand_seen_class,1651,1102,0.6239341278068289
muq_fst,fakemusiccaps,music8k,seen_brand_unseen_class,0,1102,
muq_fst,fakemusiccaps,music8k,strict_unseen,1963,1102,0.5232046952098394
muq_fst,fakemusiccaps,music8k,strict_unseen_disclosed,1293,1102,0.5357470702919391
muq_fst,sonics,artifactbench,all,1259,672,0.8253237404969931
muq_fst,sonics,artifactbench,seen_brand_seen_class,659,672,0.7552433340559288
muq_fst,sonics,artifactbench,unseen_brand_seen_class,80,672,1.0
muq_fst,sonics,artifactbench,seen_brand_unseen_class,0,672,
muq_fst,sonics,artifactbench,strict_unseen,520,672,0.887263907967033
muq_fst,sonics,artifactbench,strict_unseen_disclosed,520,672,0.887263907967033
muq_fst,sonics,echoes,all,742,59,0.8752341358673308
muq_fst,sonics,echoes,seen_brand_seen_class,136,59,0.6765952143569293
muq_fst,sonics,echoes,unseen_brand_seen_class,136,59,0.8047108673978066
muq_fst,sonics,echoes,seen_brand_unseen_class,0,59,
muq_fst,sonics,echoes,strict_unseen,470,59,0.9531193653083303
muq_fst,sonics,echoes,strict_unseen_disclosed,470,59,0.9531193653083303
muq_fst,sonics,fakemusiccaps,all,5520,1102,0.7994340823009549
muq_fst,sonics,fakemusiccaps,seen_brand_seen_class,0,1102,
muq_fst,sonics,fakemusiccaps,unseen_brand_seen_class,0,1102,
muq_fst,sonics,fakemusiccaps,seen_brand_unseen_class,0,1102,
muq_fst,sonics,fakemusiccaps,strict_unseen,5520,1102,0.7994340823009549
muq_fst,sonics,fakemusiccaps,strict_unseen_disclosed,5520,1102,0.7994340823009549
muq_fst,sonics,music8k,all,3614,1102,0.5084288565238833
muq_fst,sonics,music8k,seen_brand_seen_class,670,1102,0.4336626757320476
muq_fst,sonics,music8k,unseen_brand_seen_class,0,1102,
muq_fst,sonics,music8k,seen_brand_unseen_class,0,1102,
muq_fst,sonics,music8k,strict_unseen,2944,1102,0.5254442577231122
muq_fst,sonics,music8k,strict_unseen_disclosed,2944,1102,0.5254442577231122
comoe_xcodec,artifactbench,echoes,all,742,59,0.8616428343003335
comoe_xcodec,artifactbench,echoes,seen_brand_seen_class,359,59,0.8116708370709598
comoe_xcodec,artifactbench,echoes,unseen_brand_seen_class,179,59,0.8776631000852192
comoe_xcodec,artifactbench,echoes,seen_brand_unseen_class,0,59,
comoe_xcodec,artifactbench,echoes,strict_unseen,204,59,0.935526753074111
comoe_xcodec,artifactbench,echoes,strict_unseen_disclosed,204,59,0.935526753074111
comoe_xcodec,artifactbench,fakemusiccaps,all,5520,1102,0.7721015314711066
comoe_xcodec,artifactbench,fakemusiccaps,seen_brand_seen_class,2208,1102,0.7927148678949999
comoe_xcodec,artifactbench,fakemusiccaps,unseen_brand_seen_class,0,1102,
comoe_xcodec,artifactbench,fakemusiccaps,seen_brand_unseen_class,0,1102,
comoe_xcodec,artifactbench,fakemusiccaps,strict_unseen,3312,1102,0.7583593071885111
comoe_xcodec,artifactbench,fakemusiccaps,strict_unseen_disclosed,3312,1102,0.7583593071885111
comoe_xcodec,artifactbench,sonics,all,2500,2500,0.98884504
comoe_xcodec,artifactbench,sonics,seen_brand_seen_class,2500,2500,0.98884504
comoe_xcodec,artifactbench,sonics,unseen_brand_seen_class,0,2500,
comoe_xcodec,artifactbench,sonics,seen_brand_unseen_class,0,2500,
comoe_xcodec,artifactbench,sonics,strict_unseen,0,2500,
comoe_xcodec,artifactbench,sonics,strict_unseen_disclosed,0,2500,
comoe_xcodec,artifactbench,music8k,all,3614,1102,0.7024816277091408
comoe_xcodec,artifactbench,music8k,seen_brand_seen_class,670,1102,0.7133840777961373
comoe_xcodec,artifactbench,music8k,unseen_brand_seen_class,1651,1102,0.7706405731113849
comoe_xcodec,artifactbench,music8k,seen_brand_unseen_class,0,1102,
comoe_xcodec,artifactbench,music8k,strict_unseen,1293,1102,0.6098017665974682
comoe_xcodec,artifactbench,music8k,strict_unseen_disclosed,1293,1102,0.6098017665974682
comoe_xcodec,echoes,artifactbench,all,1404,862,0.8618109676694363
comoe_xcodec,echoes,artifactbench,seen_brand_seen_class,1004,862,0.8704676653016703
comoe_xcodec,echoes,artifactbench,unseen_brand_seen_class,180,862,0.9142208043310133
comoe_xcodec,echoes,artifactbench,seen_brand_unseen_class,130,862,0.787256826699982
comoe_xcodec,echoes,artifactbench,strict_unseen,90,862,0.7681103377159062
comoe_xcodec,echoes,artifactbench,strict_unseen_disclosed,90,862,0.7681103377159062
comoe_xcodec,echoes,fakemusiccaps,all,5520,1102,0.6840772048186434
comoe_xcodec,echoes,fakemusiccaps,seen_brand_seen_class,2208,1102,0.6225733761408769
comoe_xcodec,echoes,fakemusiccaps,unseen_brand_seen_class,2208,1102,0.7597591007128015
comoe_xcodec,echoes,fakemusiccaps,seen_brand_unseen_class,0,1102,
comoe_xcodec,echoes,fakemusiccaps,strict_unseen,1104,1102,0.6557210703858597
comoe_xcodec,echoes,fakemusiccaps,strict_unseen_disclosed,1104,1102,0.6557210703858597
comoe_xcodec,echoes,sonics,all,2500,2500,0.9829506400000001
comoe_xcodec,echoes,sonics,seen_brand_seen_class,1702,2500,0.9916196239717978
comoe_xcodec,echoes,sonics,unseen_brand_seen_class,798,2500,0.9644611528822055
comoe_xcodec,echoes,sonics,seen_brand_unseen_class,0,2500,
comoe_xcodec,echoes,sonics,strict_unseen,0,2500,
comoe_xcodec,echoes,sonics,strict_unseen_disclosed,0,2500,
comoe_xcodec,echoes,music8k,all,3614,1102,0.6848805612776288
comoe_xcodec,echoes,music8k,seen_brand_seen_class,1659,1102,0.6602998110728588
comoe_xcodec,echoes,music8k,unseen_brand_seen_class,662,1102,0.7433237288971988
comoe_xcodec,echoes,music8k,seen_brand_unseen_class,0,1102,
comoe_xcodec,echoes,music8k,strict_unseen,1293,1102,0.68649702502516
comoe_xcodec,echoes,music8k,strict_unseen_disclosed,1293,1102,0.68649702502516
comoe_xcodec,fakemusiccaps,artifactbench,all,1404,862,0.7912113880791375
comoe_xcodec,fakemusiccaps,artifactbench,seen_brand_seen_class,190,862,0.9532177311026987
comoe_xcodec,fakemusiccaps,artifactbench,unseen_brand_seen_class,100,862,0.7245707656612529
comoe_xcodec,fakemusiccaps,artifactbench,seen_brand_unseen_class,0,862,
comoe_xcodec,fakemusiccaps,artifactbench,strict_unseen,1114,862,0.7695622472059882
comoe_xcodec,fakemusiccaps,artifactbench,strict_unseen_disclosed,230,862,0.6473166548976093
comoe_xcodec,fakemusiccaps,echoes,all,742,59,0.70980857965188
comoe_xcodec,fakemusiccaps,echoes,seen_brand_seen_class,150,59,0.9163841807909605
comoe_xcodec,fakemusiccaps,echoes,unseen_brand_seen_class,177,59,0.6734654792684094
comoe_xcodec,fakemusiccaps,echoes,seen_brand_unseen_class,0,59,
comoe_xcodec,fakemusiccaps,echoes,strict_unseen,415,59,0.6506432509699817
comoe_xcodec,fakemusiccaps,echoes,strict_unseen_disclosed,143,59,0.914424558492355
comoe_xcodec,fakemusiccaps,sonics,all,2500,2500,0.99613648
comoe_xcodec,fakemusiccaps,sonics,seen_brand_seen_class,0,2500,
comoe_xcodec,fakemusiccaps,sonics,unseen_brand_seen_class,0,2500,
comoe_xcodec,fakemusiccaps,sonics,seen_brand_unseen_class,0,2500,
comoe_xcodec,fakemusiccaps,sonics,strict_unseen,2500,2500,0.99613648
comoe_xcodec,fakemusiccaps,sonics,strict_unseen_disclosed,0,2500,
comoe_xcodec,fakemusiccaps,music8k,all,3614,1102,0.5640785431127386
comoe_xcodec,fakemusiccaps,music8k,seen_brand_seen_class,0,1102,
comoe_xcodec,fakemusiccaps,music8k,unseen_brand_seen_class,1651,1102,0.588308686040798
comoe_xcodec,fakemusiccaps,music8k,seen_brand_unseen_class,0,1102,
comoe_xcodec,fakemusiccaps,music8k,strict_unseen,1963,1102,0.5436995487295364
comoe_xcodec,fakemusiccaps,music8k,strict_unseen_disclosed,1293,1102,0.5272470920480656
comoe_xcodec,sonics,artifactbench,all,1258,670,0.6691526469401798
comoe_xcodec,sonics,artifactbench,seen_brand_seen_class,658,670,0.6744748899877512
comoe_xcodec,sonics,artifactbench,unseen_brand_seen_class,80,670,0.999384328358209
comoe_xcodec,sonics,artifactbench,seen_brand_unseen_class,0,670,
comoe_xcodec,sonics,artifactbench,strict_unseen,520,670,0.6116130884041331
comoe_xcodec,sonics,artifactbench,strict_unseen_disclosed,520,670,0.6116130884041331
comoe_xcodec,sonics,echoes,all,742,59,0.7065192562474303
comoe_xcodec,sonics,echoes,seen_brand_seen_class,136,59,0.5311565304087736
comoe_xcodec,sonics,echoes,unseen_brand_seen_class,136,59,0.6028165503489532
comoe_xcodec,sonics,echoes,seen_brand_unseen_class,0,59,
comoe_xcodec,sonics,echoes,strict_unseen,470,59,0.7872701045798773
comoe_xcodec,sonics,echoes,strict_unseen_disclosed,470,59,0.7872701045798773
comoe_xcodec,sonics,fakemusiccaps,all,5520,1102,0.6766369282464031
comoe_xcodec,sonics,fakemusiccaps,seen_brand_seen_class,0,1102,
comoe_xcodec,sonics,fakemusiccaps,unseen_brand_seen_class,0,1102,
comoe_xcodec,sonics,fakemusiccaps,seen_brand_unseen_class,0,1102,
comoe_xcodec,sonics,fakemusiccaps,strict_unseen,5520,1102,0.6766369282464031
comoe_xcodec,sonics,fakemusiccaps,strict_unseen_disclosed,5520,1102,0.6766369282464031
comoe_xcodec,sonics,music8k,all,3614,1102,0.4647825506173311
comoe_xcodec,sonics,music8k,seen_brand_seen_class,670,1102,0.3339938239835306
comoe_xcodec,sonics,music8k,unseen_brand_seen_class,0,1102,
comoe_xcodec,sonics,music8k,seen_brand_unseen_class,0,1102,
comoe_xcodec,sonics,music8k,strict_unseen,2944,1102,0.4945476480509745
comoe_xcodec,sonics,music8k,strict_unseen_disclosed,2944,1102,0.4945476480509745
clam,artifactbench,echoes,all,742,59,0.8179679290968066
clam,artifactbench,echoes,seen_brand_seen_class,359,59,0.8019451395118267
clam,artifactbench,echoes,unseen_brand_seen_class,179,59,0.8246378183884101
clam,artifactbench,echoes,seen_brand_unseen_class,0,59,
clam,artifactbench,echoes,strict_unseen,204,59,0.8403123961448986
clam,artifactbench,echoes,strict_unseen_disclosed,204,59,0.8403123961448986
clam,artifactbench,fakemusiccaps,all,5520,1102,0.7004254451721508
clam,artifactbench,fakemusiccaps,seen_brand_seen_class,2208,1102,0.7984371301191509
clam,artifactbench,fakemusiccaps,unseen_brand_seen_class,0,1102,
clam,artifactbench,fakemusiccaps,seen_brand_unseen_class,0,1102,
clam,artifactbench,fakemusiccaps,strict_unseen,3312,1102,0.6350843218741506
clam,artifactbench,fakemusiccaps,strict_unseen_disclosed,3312,1102,0.6350843218741506
clam,artifactbench,sonics,all,2500,2500,0.93766448
clam,artifactbench,sonics,seen_brand_seen_class,2500,2500,0.93766448
clam,artifactbench,sonics,unseen_brand_seen_class,0,2500,
clam,artifactbench,sonics,seen_brand_unseen_class,0,2500,
clam,artifactbench,sonics,strict_unseen,0,2500,
clam,artifactbench,sonics,strict_unseen_disclosed,0,2500,
clam,artifactbench,music8k,all,3614,1102,0.6589668932172424
clam,artifactbench,music8k,seen_brand_seen_class,670,1102,0.5523688273695045
clam,artifactbench,music8k,unseen_brand_seen_class,1651,1102,0.6387345952131525
clam,artifactbench,music8k,seen_brand_unseen_class,0,1102,
clam,artifactbench,music8k,strict_unseen,1293,1102,0.7400374486099239
clam,artifactbench,music8k,strict_unseen_disclosed,1293,1102,0.7400374486099239
clam,echoes,artifactbench,all,1404,862,0.7136380312134373
clam,echoes,artifactbench,seen_brand_seen_class,1004,862,0.713933130586702
clam,echoes,artifactbench,unseen_brand_seen_class,180,862,0.6784802784222738
clam,echoes,artifactbench,seen_brand_unseen_class,130,862,0.7556755309655542
clam,echoes,artifactbench,strict_unseen,90,862,0.7199407063676205
clam,echoes,artifactbench,strict_unseen_disclosed,90,862,0.7199407063676205
clam,echoes,fakemusiccaps,all,5520,1102,0.6063009613614245
clam,echoes,fakemusiccaps,seen_brand_seen_class,2208,1102,0.5926095340487652
clam,echoes,fakemusiccaps,unseen_brand_seen_class,2208,1102,0.6051213702359346
clam,echoes,fakemusiccaps,seen_brand_unseen_class,0,1102,
clam,echoes,fakemusiccaps,strict_unseen,1104,1102,0.6360429982377233
clam,echoes,fakemusiccaps,strict_unseen_disclosed,1104,1102,0.6360429982377233
clam,echoes,sonics,all,2500,2500,0.6749925600000001
clam,echoes,sonics,seen_brand_seen_class,1702,2500,0.6888296122209165
clam,echoes,sonics,unseen_brand_seen_class,798,2500,0.6454804511278195
clam,echoes,sonics,seen_brand_unseen_class,0,2500,
clam,echoes,sonics,strict_unseen,0,2500,
clam,echoes,sonics,strict_unseen_disclosed,0,2500,
clam,echoes,music8k,all,3614,1102,0.623354980681098
clam,echoes,music8k,seen_brand_seen_class,1659,1102,0.5796863393752825
clam,echoes,music8k,unseen_brand_seen_class,662,1102,0.5965506275324732
clam,echoes,music8k,seen_brand_unseen_class,0,1102,
clam,echoes,music8k,strict_unseen,1293,1102,0.6931080802253654
clam,echoes,music8k,strict_unseen_disclosed,1293,1102,0.6931080802253654
clam,fakemusiccaps,artifactbench,all,1404,862,0.8403261149780872
clam,fakemusiccaps,artifactbench,seen_brand_seen_class,190,862,0.9784528025399926
clam,fakemusiccaps,artifactbench,unseen_brand_seen_class,100,862,0.9172041763341067
clam,fakemusiccaps,artifactbench,seen_brand_unseen_class,0,862,
clam,fakemusiccaps,artifactbench,strict_unseen,1114,862,0.8098666205684247
clam,fakemusiccaps,artifactbench,strict_unseen_disclosed,230,862,0.7617825078180167
clam,fakemusiccaps,echoes,all,742,59,0.8157750468271734
clam,fakemusiccaps,echoes,seen_brand_seen_class,150,59,0.946779661016949
clam,fakemusiccaps,echoes,unseen_brand_seen_class,177,59,0.9505889112324044
clam,fakemusiccaps,echoes,seen_brand_unseen_class,0,59,
clam,fakemusiccaps,echoes,strict_unseen,415,59,0.7109250561568307
clam,fakemusiccaps,echoes,strict_unseen_disclosed,143,59,0.8965272016119473
clam,fakemusiccaps,sonics,all,2500,2500,0.93052224
clam,fakemusiccaps,sonics,seen_brand_seen_class,0,2500,
clam,fakemusiccaps,sonics,unseen_brand_seen_class,0,2500,
clam,fakemusiccaps,sonics,seen_brand_unseen_class,0,2500,
clam,fakemusiccaps,sonics,strict_unseen,2500,2500,0.93052224
clam,fakemusiccaps,sonics,strict_unseen_disclosed,0,2500,
clam,fakemusiccaps,music8k,all,3614,1102,0.4911784379560431
clam,fakemusiccaps,music8k,seen_brand_seen_class,0,1102,
clam,fakemusiccaps,music8k,unseen_brand_seen_class,1651,1102,0.5488666056209678
clam,fakemusiccaps,music8k,seen_brand_unseen_class,0,1102,
clam,fakemusiccaps,music8k,strict_unseen,1963,1102,0.44265925058223227
clam,fakemusiccaps,music8k,strict_unseen_disclosed,1293,1102,0.4862803059332466
clam,sonics,artifactbench,all,1258,670,0.7565443845953065
clam,sonics,artifactbench,seen_brand_seen_class,658,670,0.7584199065462959
clam,sonics,artifactbench,unseen_brand_seen_class,80,670,0.9999626865671641
clam,sonics,artifactbench,seen_brand_unseen_class,0,670,
clam,sonics,artifactbench,strict_unseen,520,670,0.7167221584385763
clam,sonics,artifactbench,strict_unseen_disclosed,520,670,0.7167221584385763
clam,sonics,echoes,all,742,59,0.6983187902599479
clam,sonics,echoes,seen_brand_seen_class,136,59,0.528913260219342
clam,sonics,echoes,unseen_brand_seen_class,136,59,0.5810069790628115
clam,sonics,echoes,seen_brand_unseen_class,0,59,
clam,sonics,echoes,strict_unseen,470,59,0.7812838081500181
clam,sonics,echoes,strict_unseen_disclosed,470,59,0.7812838081500181
clam,sonics,fakemusiccaps,all,5520,1102,0.645525099292459
clam,sonics,fakemusiccaps,seen_brand_seen_class,0,1102,
clam,sonics,fakemusiccaps,unseen_brand_seen_class,0,1102,
clam,sonics,fakemusiccaps,seen_brand_unseen_class,0,1102,
clam,sonics,fakemusiccaps,strict_unseen,5520,1102,0.645525099292459
clam,sonics,fakemusiccaps,strict_unseen_disclosed,5520,1102,0.645525099292459
clam,sonics,music8k,all,3614,1102,0.5779018276374294
clam,sonics,music8k,seen_brand_seen_class,670,1102,0.37261966031909416
clam,sonics,music8k,unseen_brand_seen_class,0,1102,
clam,sonics,music8k,seen_brand_unseen_class,0,1102,
clam,sonics,music8k,strict_unseen,2944,1102,0.6246202556616428
clam,sonics,music8k,strict_unseen_disclosed,2944,1102,0.6246202556616428
specttra,artifactbench,echoes,all,742,59,0.8010644616017177
specttra,artifactbench,echoes,seen_brand_seen_class,359,59,0.736886832538596
specttra,artifactbench,echoes,unseen_brand_seen_class,179,59,0.8650695956822271
specttra,artifactbench,echoes,seen_brand_unseen_class,0,59,
specttra,artifactbench,echoes,strict_unseen,204,59,0.857843137254902
specttra,artifactbench,echoes,strict_unseen_disclosed,204,59,0.857843137254902
specttra,artifactbench,fakemusiccaps,all,5520,1102,0.69543657447592
specttra,artifactbench,fakemusiccaps,seen_brand_seen_class,2208,1102,0.7731662540440305
specttra,artifactbench,fakemusiccaps,unseen_brand_seen_class,0,1102,
specttra,artifactbench,fakemusiccaps,seen_brand_unseen_class,0,1102,
specttra,artifactbench,fakemusiccaps,strict_unseen,3312,1102,0.6436167880971795
specttra,artifactbench,fakemusiccaps,strict_unseen_disclosed,3312,1102,0.6436167880971795
specttra,artifactbench,sonics,all,2500,2500,0.98433176
specttra,artifactbench,sonics,seen_brand_seen_class,2500,2500,0.98433176
specttra,artifactbench,sonics,unseen_brand_seen_class,0,2500,
specttra,artifactbench,sonics,seen_brand_unseen_class,0,2500,
specttra,artifactbench,sonics,strict_unseen,0,2500,
specttra,artifactbench,sonics,strict_unseen_disclosed,0,2500,
specttra,artifactbench,music8k,all,3614,1102,0.6491988455863816
specttra,artifactbench,music8k,seen_brand_seen_class,670,1102,0.7409140775252594
specttra,artifactbench,music8k,unseen_brand_seen_class,1651,1102,0.686797365288155
specttra,artifactbench,music8k,seen_brand_unseen_class,0,1102,
specttra,artifactbench,music8k,strict_unseen,1293,1102,0.553665696764513
specttra,artifactbench,music8k,strict_unseen_disclosed,1293,1102,0.553665696764513
specttra,echoes,artifactbench,all,1404,862,0.7541900503037394
specttra,echoes,artifactbench,seen_brand_seen_class,1004,862,0.7877376803690112
specttra,echoes,artifactbench,unseen_brand_seen_class,180,862,0.6317800979633927
specttra,echoes,artifactbench,seen_brand_unseen_class,130,862,0.7357219346778511
specttra,echoes,artifactbench,strict_unseen,90,862,0.6514436710492395
specttra,echoes,artifactbench,strict_unseen_disclosed,90,862,0.6514436710492395
specttra,echoes,fakemusiccaps,all,5520,1102,0.6161842598437623
specttra,echoes,fakemusiccaps,seen_brand_seen_class,2208,1102,0.722673202872248
specttra,echoes,fakemusiccaps,unseen_brand_seen_class,2208,1102,0.55745852402746
specttra,echoes,fakemusiccaps,seen_brand_unseen_class,0,1102,
specttra,echoes,fakemusiccaps,strict_unseen,1104,1102,0.5206578454193955
specttra,echoes,fakemusiccaps,strict_unseen_disclosed,1104,1102,0.5206578454193955
specttra,echoes,sonics,all,2500,2500,0.7939113600000001
specttra,echoes,sonics,seen_brand_seen_class,1702,2500,0.8621910693301997
specttra,echoes,sonics,unseen_brand_seen_class,798,2500,0.6482822055137845
specttra,echoes,sonics,seen_brand_unseen_class,0,2500,
specttra,echoes,sonics,strict_unseen,0,2500,
specttra,echoes,sonics,strict_unseen_disclosed,0,2500,
specttra,echoes,music8k,all,3614,1102,0.6679667295062457
specttra,echoes,music8k,seen_brand_seen_class,1659,1102,0.7507758921529052
specttra,echoes,music8k,unseen_brand_seen_class,662,1102,0.5666749825913884
specttra,echoes,music8k,seen_brand_unseen_class,0,1102,
specttra,echoes,music8k,strict_unseen,1293,1102,0.6135775072532119
specttra,echoes,music8k,strict_unseen_disclosed,1293,1102,0.6135775072532119
specttra,fakemusiccaps,artifactbench,all,1404,862,0.7630039462986098
specttra,fakemusiccaps,artifactbench,seen_brand_seen_class,190,862,0.8412138234216631
specttra,fakemusiccaps,artifactbench,unseen_brand_seen_class,100,862,0.6860788863109049
specttra,fakemusiccaps,artifactbench,seen_brand_unseen_class,0,862,
specttra,fakemusiccaps,artifactbench,strict_unseen,1114,862,0.7565700408635923
specttra,fakemusiccaps,artifactbench,strict_unseen_disclosed,230,862,0.6230354080500353
specttra,fakemusiccaps,echoes,all,742,59,0.793549271323496
specttra,fakemusiccaps,echoes,seen_brand_seen_class,150,59,0.9517514124293786
specttra,fakemusiccaps,echoes,unseen_brand_seen_class,177,59,0.7184717035334675
specttra,fakemusiccaps,echoes,seen_brand_unseen_class,0,59,
specttra,fakemusiccaps,echoes,strict_unseen,415,59,0.768388809475189
specttra,fakemusiccaps,echoes,strict_unseen_disclosed,143,59,0.8772075382244874
specttra,fakemusiccaps,sonics,all,2500,2500,0.9620528800000001
specttra,fakemusiccaps,sonics,seen_brand_seen_class,0,2500,
specttra,fakemusiccaps,sonics,unseen_brand_seen_class,0,2500,
specttra,fakemusiccaps,sonics,seen_brand_unseen_class,0,2500,
specttra,fakemusiccaps,sonics,strict_unseen,2500,2500,0.9620528800000001
specttra,fakemusiccaps,sonics,strict_unseen_disclosed,0,2500,
specttra,fakemusiccaps,music8k,all,3614,1102,0.47407088987472595
specttra,fakemusiccaps,music8k,seen_brand_seen_class,0,1102,
specttra,fakemusiccaps,music8k,unseen_brand_seen_class,1651,1102,0.47900051775253627
specttra,fakemusiccaps,music8k,seen_brand_unseen_class,0,1102,
specttra,fakemusiccaps,music8k,strict_unseen,1963,1102,0.46992477901060736
specttra,fakemusiccaps,music8k,strict_unseen_disclosed,1293,1102,0.40447270869388846
specttra,sonics,artifactbench,all,1258,670,0.611853688631564
specttra,sonics,artifactbench,seen_brand_seen_class,658,670,0.6223699133511773
specttra,sonics,artifactbench,unseen_brand_seen_class,80,670,1.0
specttra,sonics,artifactbench,seen_brand_unseen_class,0,670,
specttra,sonics,artifactbench,strict_unseen,520,670,0.5388318025258323
specttra,sonics,artifactbench,strict_unseen_disclosed,520,670,0.5388318025258323
specttra,sonics,echoes,all,742,59,0.6997807117730367
specttra,sonics,echoes,seen_brand_seen_class,136,59,0.4821784646061814
specttra,sonics,echoes,unseen_brand_seen_class,136,59,0.44890329012961117
specttra,sonics,echoes,seen_brand_unseen_class,0,59,
specttra,sonics,echoes,strict_unseen,470,59,0.8353407861521818
specttra,sonics,echoes,strict_unseen_disclosed,470,59,0.8353407861521818
specttra,sonics,fakemusiccaps,all,5520,1102,0.661757197059365
specttra,sonics,fakemusiccaps,seen_brand_seen_class,0,1102,
specttra,sonics,fakemusiccaps,unseen_brand_seen_class,0,1102,
specttra,sonics,fakemusiccaps,seen_brand_unseen_class,0,1102,
specttra,sonics,fakemusiccaps,strict_unseen,5520,1102,0.661757197059365
specttra,sonics,fakemusiccaps,strict_unseen_disclosed,5520,1102,0.661757197059365
specttra,sonics,music8k,all,3614,1102,0.244702492926781
specttra,sonics,music8k,seen_brand_seen_class,670,1102,0.23344191023105887
specttra,sonics,music8k,unseen_brand_seen_class,0,1102,
specttra,sonics,music8k,seen_brand_unseen_class,0,1102,
specttra,sonics,music8k,strict_unseen,2944,1102,0.24726519347234277
specttra,sonics,music8k,strict_unseen_disclosed,2944,1102,0.24726519347234277
sofia_vag,artifactbench,echoes,all,742,59,0.7889807665950933
sofia_vag,artifactbench,echoes,seen_brand_seen_class,359,59,0.7871205325527596
sofia_vag,artifactbench,echoes,unseen_brand_seen_class,179,59,0.7517280560552977
sofia_vag,artifactbench,echoes,seen_brand_unseen_class,0,59,
sofia_vag,artifactbench,echoes,strict_unseen,204,59,0.824941841143237
sofia_vag,artifactbench,echoes,strict_unseen_disclosed,204,59,0.824941841143237
sofia_vag,artifactbench,fakemusiccaps,all,5520,1102,0.7587133242589232
sofia_vag,artifactbench,fakemusiccaps,seen_brand_seen_class,2208,1102,0.7528758236013572
sofia_vag,artifactbench,fakemusiccaps,unseen_brand_seen_class,0,1102,
sofia_vag,artifactbench,fakemusiccaps,seen_brand_unseen_class,0,1102,
sofia_vag,artifactbench,fakemusiccaps,strict_unseen,3312,1102,0.7626049913639672
sofia_vag,artifactbench,fakemusiccaps,strict_unseen_disclosed,3312,1102,0.7626049913639672
sofia_vag,artifactbench,sonics,all,2500,2500,0.9602452
sofia_vag,artifactbench,sonics,seen_brand_seen_class,2500,2500,0.9602452
sofia_vag,artifactbench,sonics,unseen_brand_seen_class,0,2500,
sofia_vag,artifactbench,sonics,seen_brand_unseen_class,0,2500,
sofia_vag,artifactbench,sonics,strict_unseen,0,2500,
sofia_vag,artifactbench,sonics,strict_unseen_disclosed,0,2500,
sofia_vag,artifactbench,music8k,all,3614,1102,0.577248113557179
sofia_vag,artifactbench,music8k,seen_brand_seen_class,670,1102,0.5408565159682531
sofia_vag,artifactbench,music8k,unseen_brand_seen_class,1651,1102,0.5758609147401179
sofia_vag,artifactbench,music8k,seen_brand_unseen_class,0,1102,
sofia_vag,artifactbench,music8k,strict_unseen,1293,1102,0.5978766020579892
sofia_vag,artifactbench,music8k,strict_unseen_disclosed,1293,1102,0.5978766020579892
sofia_vag,echoes,artifactbench,all,1405,864,0.8632772340846184
sofia_vag,echoes,artifactbench,seen_brand_seen_class,1005,864,0.8582325640316935
sofia_vag,echoes,artifactbench,unseen_brand_seen_class,180,864,0.8934092078189301
sofia_vag,echoes,artifactbench,seen_brand_unseen_class,130,864,0.8988782051282052
sofia_vag,echoes,artifactbench,strict_unseen,90,864,0.8079218106995886
sofia_vag,echoes,artifactbench,strict_unseen_disclosed,90,864,0.8079218106995886
sofia_vag,echoes,fakemusiccaps,all,5520,1102,0.8020774974354927
sofia_vag,echoes,fakemusiccaps,seen_brand_seen_class,2208,1102,0.8404350456350772
sofia_vag,echoes,fakemusiccaps,unseen_brand_seen_class,2208,1102,0.7971719321260422
sofia_vag,echoes,fakemusiccaps,seen_brand_unseen_class,0,1102,
sofia_vag,echoes,fakemusiccaps,strict_unseen,1104,1102,0.735173531655225
sofia_vag,echoes,fakemusiccaps,strict_unseen_disclosed,1104,1102,0.735173531655225
sofia_vag,echoes,sonics,all,2500,2500,0.9743061599999999
sofia_vag,echoes,sonics,seen_brand_seen_class,1702,2500,0.9861486486486486
sofia_vag,echoes,sonics,unseen_brand_seen_class,798,2500,0.9490481203007518
sofia_vag,echoes,sonics,seen_brand_unseen_class,0,2500,
sofia_vag,echoes,sonics,strict_unseen,0,2500,
sofia_vag,echoes,sonics,strict_unseen_disclosed,0,2500,
sofia_vag,echoes,music8k,all,3614,1102,0.8130048801946854
sofia_vag,echoes,music8k,seen_brand_seen_class,1659,1102,0.82392909379516
sofia_vag,echoes,music8k,unseen_brand_seen_class,662,1102,0.7259151172545386
sofia_vag,echoes,music8k,seen_brand_unseen_class,0,1102,
sofia_vag,echoes,music8k,strict_unseen,1293,1102,0.8435773107462632
sofia_vag,echoes,music8k,strict_unseen_disclosed,1293,1102,0.8435773107462632
sofia_vag,fakemusiccaps,artifactbench,all,1405,864,0.8395944543297746
sofia_vag,fakemusiccaps,artifactbench,seen_brand_seen_class,190,864,0.9985319200779728
sofia_vag,fakemusiccaps,artifactbench,unseen_brand_seen_class,100,864,0.9338194444444444
sofia_vag,fakemusiccaps,artifactbench,seen_brand_unseen_class,0,864,
sofia_vag,fakemusiccaps,artifactbench,strict_unseen,1115,864,0.8040602682278692
sofia_vag,fakemusiccaps,artifactbench,strict_unseen_disclosed,230,864,0.8203653381642512
sofia_vag,fakemusiccaps,echoes,all,742,59,0.8371099639088126
sofia_vag,fakemusiccaps,echoes,seen_brand_seen_class,150,59,0.9685875706214688
sofia_vag,fakemusiccaps,echoes,unseen_brand_seen_class,177,59,0.9826678157617543
sofia_vag,fakemusiccaps,echoes,seen_brand_unseen_class,0,59,
sofia_vag,fakemusiccaps,echoes,strict_unseen,415,59,0.727506636716357
sofia_vag,fakemusiccaps,echoes,strict_unseen_disclosed,143,59,0.9080241792106198
sofia_vag,fakemusiccaps,sonics,all,2500,2500,0.91742664
sofia_vag,fakemusiccaps,sonics,seen_brand_seen_class,0,2500,
sofia_vag,fakemusiccaps,sonics,unseen_brand_seen_class,0,2500,
sofia_vag,fakemusiccaps,sonics,seen_brand_unseen_class,0,2500,
sofia_vag,fakemusiccaps,sonics,strict_unseen,2500,2500,0.91742664
sofia_vag,fakemusiccaps,sonics,strict_unseen_disclosed,0,2500,
sofia_vag,fakemusiccaps,music8k,all,3614,1102,0.5862764486163408
sofia_vag,fakemusiccaps,music8k,seen_brand_seen_class,0,1102,
sofia_vag,fakemusiccaps,music8k,unseen_brand_seen_class,1651,1102,0.6409056382261864
sofia_vag,fakemusiccaps,music8k,seen_brand_unseen_class,0,1102,
sofia_vag,fakemusiccaps,music8k,strict_unseen,1963,1102,0.5403300441100468
sofia_vag,fakemusiccaps,music8k,strict_unseen_disclosed,1293,1102,0.5365959101289506
sofia_vag,sonics,artifactbench,all,1259,672,0.7199047808162186
sofia_vag,sonics,artifactbench,seen_brand_seen_class,659,672,0.7358574499602573
sofia_vag,sonics,artifactbench,unseen_brand_seen_class,80,672,1.0
sofia_vag,sonics,artifactbench,seen_brand_unseen_class,0,672,
sofia_vag,sonics,artifactbench,strict_unseen,520,672,0.6565962683150183
sofia_vag,sonics,artifactbench,strict_unseen_disclosed,520,672,0.6565962683150183
sofia_vag,sonics,echoes,all,742,59,0.6207455799716752
sofia_vag,sonics,echoes,seen_brand_seen_class,136,59,0.37499999999999994
sofia_vag,sonics,echoes,unseen_brand_seen_class,136,59,0.40017447657028915
sofia_vag,sonics,echoes,seen_brand_unseen_class,0,59,
sofia_vag,sonics,echoes,strict_unseen,470,59,0.7556797692030292
sofia_vag,sonics,echoes,strict_unseen_disclosed,470,59,0.7556797692030292
sofia_vag,sonics,fakemusiccaps,all,5520,1102,0.5359939273784161
sofia_vag,sonics,fakemusiccaps,seen_brand_seen_class,0,1102,
sofia_vag,sonics,fakemusiccaps,unseen_brand_seen_class,0,1102,
sofia_vag,sonics,fakemusiccaps,seen_brand_unseen_class,0,1102,
sofia_vag,sonics,fakemusiccaps,strict_unseen,5520,1102,0.5359939273784161
sofia_vag,sonics,fakemusiccaps,strict_unseen_disclosed,5520,1102,0.5359939273784161
sofia_vag,sonics,music8k,all,3614,1102,0.33552807342287555
sofia_vag,sonics,music8k,seen_brand_seen_class,670,1102,0.2321599804967901
sofia_vag,sonics,music8k,unseen_brand_seen_class,0,1102,
sofia_vag,sonics,music8k,seen_brand_unseen_class,0,1102,
sofia_vag,sonics,music8k,strict_unseen,2944,1102,0.35905274131026593
sofia_vag,sonics,music8k,strict_unseen_disclosed,2944,1102,0.35905274131026593
musicdet,artifactbench,echoes,all,742,59,0.6630042487093974
musicdet,artifactbench,echoes,seen_brand_seen_class,359,59,0.6725839195505405
musicdet,artifactbench,echoes,unseen_brand_seen_class,179,59,0.7328851434523245
musicdet,artifactbench,echoes,seen_brand_unseen_class,0,59,
musicdet,artifactbench,echoes,strict_unseen,204,59,0.5848288467929544
musicdet,artifactbench,echoes,strict_unseen_disclosed,204,59,0.5848288467929544
musicdet,artifactbench,fakemusiccaps,all,5520,1102,0.503012556221889
musicdet,artifactbench,fakemusiccaps,seen_brand_seen_class,2208,1102,0.5626931599989479
musicdet,artifactbench,fakemusiccaps,unseen_brand_seen_class,0,1102,
musicdet,artifactbench,fakemusiccaps,seen_brand_unseen_class,0,1102,
musicdet,artifactbench,fakemusiccaps,strict_unseen,3312,1102,0.4632254870371832
musicdet,artifactbench,fakemusiccaps,strict_unseen_disclosed,3312,1102,0.4632254870371832
musicdet,artifactbench,sonics,all,2500,2500,0.8325835199999999
musicdet,artifactbench,sonics,seen_brand_seen_class,2500,2500,0.8325835199999999
musicdet,artifactbench,sonics,unseen_brand_seen_class,0,2500,
musicdet,artifactbench,sonics,seen_brand_unseen_class,0,2500,
musicdet,artifactbench,sonics,strict_unseen,0,2500,
musicdet,artifactbench,sonics,strict_unseen_disclosed,0,2500,
musicdet,artifactbench,music8k,all,3614,1102,0.6206818713673484
musicdet,artifactbench,music8k,seen_brand_seen_class,670,1102,0.6232900831595201
musicdet,artifactbench,music8k,unseen_brand_seen_class,1651,1102,0.604168567474368
musicdet,artifactbench,music8k,seen_brand_unseen_class,0,1102,
musicdet,artifactbench,music8k,strict_unseen,1293,1102,0.6404157946670822
musicdet,artifactbench,music8k,strict_unseen_disclosed,1293,1102,0.6404157946670822
musicdet,echoes,artifactbench,all,1404,862,0.7279706308128582
musicdet,echoes,artifactbench,seen_brand_seen_class,1004,862,0.7092049435668001
musicdet,echoes,artifactbench,unseen_brand_seen_class,180,862,0.7217646300592937
musicdet,echoes,artifactbench,seen_brand_unseen_class,130,862,0.8453417811886489
musicdet,echoes,artifactbench,strict_unseen,90,862,0.7801881928332045
musicdet,echoes,artifactbench,strict_unseen_disclosed,90,862,0.7801881928332045
musicdet,echoes,fakemusiccaps,all,5520,1102,0.5383619867697731
musicdet,echoes,fakemusiccaps,seen_brand_seen_class,2208,1102,0.5435199752097635
musicdet,echoes,fakemusiccaps,unseen_brand_seen_class,2208,1102,0.46051090408742995
musicdet,echoes,fakemusiccaps,seen_brand_unseen_class,0,1102,
musicdet,echoes,fakemusiccaps,strict_unseen,1104,1102,0.6837481752544781
musicdet,echoes,fakemusiccaps,strict_unseen_disclosed,1104,1102,0.6837481752544781
musicdet,echoes,sonics,all,2500,2500,0.8835476
musicdet,echoes,sonics,seen_brand_seen_class,1702,2500,0.8698383078730905
musicdet,echoes,sonics,unseen_brand_seen_class,798,2500,0.9127872180451128
musicdet,echoes,sonics,seen_brand_unseen_class,0,2500,
musicdet,echoes,sonics,strict_unseen,0,2500,
musicdet,echoes,sonics,strict_unseen_disclosed,0,2500,
musicdet,echoes,music8k,all,3614,1102,0.5704433102966182
musicdet,echoes,music8k,seen_brand_seen_class,1659,1102,0.6018371441480175
musicdet,echoes,music8k,unseen_brand_seen_class,662,1102,0.5091929806284646
musicdet,echoes,music8k,seen_brand_unseen_class,0,1102,
musicdet,echoes,music8k,strict_unseen,1293,1102,0.5615224656569017
musicdet,echoes,music8k,strict_unseen_disclosed,1293,1102,0.5615224656569017
musicdet,fakemusiccaps,artifactbench,all,1404,862,0.6668889351603968
musicdet,fakemusiccaps,artifactbench,seen_brand_seen_class,190,862,0.5682195628281842
musicdet,fakemusiccaps,artifactbench,unseen_brand_seen_class,100,862,0.7170533642691415
musicdet,fakemusiccaps,artifactbench,seen_brand_unseen_class,0,862,
musicdet,fakemusiccaps,artifactbench,strict_unseen,1114,862,0.6792145526040647
musicdet,fakemusiccaps,artifactbench,strict_unseen_disclosed,230,862,0.6749974780591144
musicdet,fakemusiccaps,echoes,all,742,59,0.6692174151400245
musicdet,fakemusiccaps,echoes,seen_brand_seen_class,150,59,0.6225988700564972
musicdet,fakemusiccaps,echoes,unseen_brand_seen_class,177,59,0.621373168629704
musicdet,fakemusiccaps,echoes,seen_brand_unseen_class,0,59,
musicdet,fakemusiccaps,echoes,strict_unseen,415,59,0.7064733510312435
musicdet,fakemusiccaps,echoes,strict_unseen_disclosed,143,59,0.8248192485480621
musicdet,fakemusiccaps,sonics,all,2500,2500,0.75905512
musicdet,fakemusiccaps,sonics,seen_brand_seen_class,0,2500,
musicdet,fakemusiccaps,sonics,unseen_brand_seen_class,0,2500,
musicdet,fakemusiccaps,sonics,seen_brand_unseen_class,0,2500,
musicdet,fakemusiccaps,sonics,strict_unseen,2500,2500,0.75905512
musicdet,fakemusiccaps,sonics,strict_unseen_disclosed,0,2500,
musicdet,fakemusiccaps,music8k,all,3614,1102,0.7180789920625276
musicdet,fakemusiccaps,music8k,seen_brand_seen_class,0,1102,
musicdet,fakemusiccaps,music8k,unseen_brand_seen_class,1651,1102,0.6901218092538097
musicdet,fakemusiccaps,music8k,seen_brand_unseen_class,0,1102,
musicdet,fakemusiccaps,music8k,strict_unseen,1963,1102,0.7415926491268134
musicdet,fakemusiccaps,music8k,strict_unseen_disclosed,1293,1102,0.7691145116170697
musicdet,sonics,artifactbench,all,1258,670,0.6883058870986878
musicdet,sonics,artifactbench,seen_brand_seen_class,658,670,0.6819341741142313
musicdet,sonics,artifactbench,unseen_brand_seen_class,80,670,0.8992723880597016
musicdet,sonics,artifactbench,seen_brand_unseen_class,0,670,
musicdet,sonics,artifactbench,strict_unseen,520,670,0.6639121699196326
musicdet,sonics,artifactbench,strict_unseen_disclosed,520,670,0.6639121699196326
musicdet,sonics,echoes,all,742,59,0.7091004614189775
musicdet,sonics,echoes,seen_brand_seen_class,136,59,0.6440677966101694
musicdet,sonics,echoes,unseen_brand_seen_class,136,59,0.6429461615154536
musicdet,sonics,echoes,seen_brand_unseen_class,0,59,
musicdet,sonics,echoes,strict_unseen,470,59,0.7470609448250992
musicdet,sonics,echoes,strict_unseen_disclosed,470,59,0.7470609448250992
musicdet,sonics,fakemusiccaps,all,5520,1102,0.517774172124464
musicdet,sonics,fakemusiccaps,seen_brand_seen_class,0,1102,
musicdet,sonics,fakemusiccaps,unseen_brand_seen_class,0,1102,
musicdet,sonics,fakemusiccaps,seen_brand_unseen_class,0,1102,
musicdet,sonics,fakemusiccaps,strict_unseen,5520,1102,0.517774172124464
musicdet,sonics,fakemusiccaps,strict_unseen_disclosed,5520,1102,0.517774172124464
musicdet,sonics,music8k,all,3614,1102,0.6081480620334111
musicdet,sonics,music8k,seen_brand_seen_class,670,1102,0.6131308069453097
musicdet,sonics,music8k,unseen_brand_seen_class,0,1102,
musicdet,sonics,music8k,seen_brand_unseen_class,0,1102,
musicdet,sonics,music8k,strict_unseen,2944,1102,0.6070140813639233
musicdet,sonics,music8k,strict_unseen_disclosed,2944,1102,0.6070140813639233
clam_released,mom,artifactbench,all,1404,862,0.9446187888763296
clam_released,mom,artifactbench,seen_brand_seen_class,904,862,0.9469835020429953
clam_released,mom,artifactbench,unseen_brand_seen_class,180,862,0.8796919309100284
clam_released,mom,artifactbench,seen_brand_unseen_class,0,862,
clam_released,mom,artifactbench,strict_unseen,320,862,0.9744598317865429
clam_released,mom,artifactbench,strict_unseen_disclosed,320,862,0.9744598317865429
clam_released,mom,echoes,all,742,59,0.8984878249348989
clam_released,mom,echoes,seen_brand_seen_class,256,59,0.9164459745762711
clam_released,mom,echoes,unseen_brand_seen_class,171,59,0.8327881851521458
clam_released,mom,echoes,seen_brand_unseen_class,0,59,
clam_released,mom,echoes,strict_unseen,315,59,0.9195587839655636
clam_released,mom,echoes,strict_unseen_disclosed,315,59,0.9195587839655636
clam_released,mom,fakemusiccaps,all,5520,1102,0.7150852205476209
clam_released,mom,fakemusiccaps,seen_brand_seen_class,0,1102,
clam_released,mom,fakemusiccaps,unseen_brand_seen_class,1104,1102,0.7602226847102764
clam_released,mom,fakemusiccaps,seen_brand_unseen_class,0,1102,
clam_released,mom,fakemusiccaps,strict_unseen,4416,1102,0.7038008545069571
clam_released,mom,fakemusiccaps,strict_unseen_disclosed,4416,1102,0.7038008545069571
clam_released,mom,sonics,all,2500,2500,0.9816824000000001
clam_released,mom,sonics,seen_brand_seen_class,1702,2500,0.989835017626322
clam_released,mom,sonics,unseen_brand_seen_class,798,2500,0.9642942355889724
clam_released,mom,sonics,seen_brand_unseen_class,0,2500,
clam_released,mom,sonics,strict_unseen,0,2500,
clam_released,mom,sonics,strict_unseen_disclosed,0,2500,
clam_released,mom,music8k,all,3614,1102,0.7386007430269661
clam_released,mom,music8k,seen_brand_seen_class,670,1102,0.6264877969499146
clam_released,mom,music8k,unseen_brand_seen_class,1651,1102,0.6644117132992048
clam_released,mom,music8k,seen_brand_unseen_class,0,1102,
clam_released,mom,music8k,strict_unseen,1293,1102,0.8914249982103831
clam_released,mom,music8k,strict_unseen_disclosed,1293,1102,0.8914249982103831
sofia_vag_released,sonics,artifactbench,all,1259,672,0.8926089299897879
sofia_vag_released,sonics,artifactbench,seen_brand_seen_class,659,672,0.8809252836187587
sofia_vag_released,sonics,artifactbench,unseen_brand_seen_class,80,672,0.8014694940476191
sofia_vag_released,sonics,artifactbench,seen_brand_unseen_class,0,672,
sofia_vag_released,sonics,artifactbench,strict_unseen,520,672,0.9214371565934066
sofia_vag_released,sonics,artifactbench,strict_unseen_disclosed,520,672,0.9214371565934066
sofia_vag_released,sonics,echoes,all,742,59,0.8384348302800494
sofia_vag_released,sonics,echoes,seen_brand_seen_class,136,59,0.8769940179461615
sofia_vag_released,sonics,echoes,unseen_brand_seen_class,136,59,0.8966849451645066
sofia_vag_released,sonics,echoes,seen_brand_unseen_class,0,59,
sofia_vag_released,sonics,echoes,strict_unseen,470,59,0.8104219257122249
sofia_vag_released,sonics,echoes,strict_unseen_disclosed,470,59,0.8104219257122249
sofia_vag_released,sonics,fakemusiccaps,all,5520,1102,0.7657427865014862
sofia_vag_released,sonics,fakemusiccaps,seen_brand_seen_class,0,1102,
sofia_vag_released,sonics,fakemusiccaps,unseen_brand_seen_class,0,1102,
sofia_vag_released,sonics,fakemusiccaps,seen_brand_unseen_class,0,1102,
sofia_vag_released,sonics,fakemusiccaps,strict_unseen,5520,1102,0.7657427865014862
sofia_vag_released,sonics,fakemusiccaps,strict_unseen_disclosed,5520,1102,0.7657427865014862
sofia_vag_released,sonics,music8k,all,3614,1102,0.8089223999831268
sofia_vag_released,sonics,music8k,seen_brand_seen_class,670,1102,0.7228106292493972
sofia_vag_released,sonics,music8k,unseen_brand_seen_class,0,1102,
sofia_vag_released,sonics,music8k,seen_brand_unseen_class,0,1102,
sofia_vag_released,sonics,music8k,strict_unseen,2944,1102,0.82851984780636
sofia_vag_released,sonics,music8k,strict_unseen_disclosed,2944,1102,0.82851984780636
specttra_released,sonics,artifactbench,all,1259,672,0.7523710238662582
specttra_released,sonics,artifactbench,seen_brand_seen_class,659,672,0.7631354324734445
specttra_released,sonics,artifactbench,unseen_brand_seen_class,80,672,0.6587983630952381
specttra_released,sonics,artifactbench,seen_brand_unseen_class,0,672,
specttra_released,sonics,artifactbench,strict_unseen,520,672,0.7531249999999999
specttra_released,sonics,artifactbench,strict_unseen_disclosed,520,672,0.7531249999999999
specttra_released,sonics,echoes,all,742,59,0.6147151537301841
specttra_released,sonics,echoes,seen_brand_seen_class,136,59,0.6412013958125622
specttra_released,sonics,echoes,unseen_brand_seen_class,136,59,0.5149551345962113
specttra_released,sonics,echoes,seen_brand_unseen_class,0,59,
specttra_released,sonics,echoes,strict_unseen,470,59,0.6359177785791561
specttra_released,sonics,echoes,strict_unseen_disclosed,470,59,0.6359177785791561
specttra_released,sonics,fakemusiccaps,all,5520,1102,0.5564305018543361
specttra_released,sonics,fakemusiccaps,seen_brand_seen_class,0,1102,
specttra_released,sonics,fakemusiccaps,unseen_brand_seen_class,0,1102,
specttra_released,sonics,fakemusiccaps,seen_brand_unseen_class,0,1102,
specttra_released,sonics,fakemusiccaps,strict_unseen,5520,1102,0.5564305018543361
specttra_released,sonics,fakemusiccaps,strict_unseen_disclosed,5520,1102,0.5564305018543361
specttra_released,sonics,music8k,all,3614,1102,0.6392803947544184
specttra_released,sonics,music8k,seen_brand_seen_class,670,1102,0.7303478072432755
specttra_released,sonics,music8k,unseen_brand_seen_class,0,1102,
specttra_released,sonics,music8k,seen_brand_unseen_class,0,1102,
specttra_released,sonics,music8k,strict_unseen,2944,1102,0.6185551344393593
specttra_released,sonics,music8k,strict_unseen_disclosed,2944,1102,0.6185551344393593
handcrafted,artifactbench,echoes,all,742,59,0.797523870437206
handcrafted,artifactbench,echoes,seen_brand_seen_class,359,59,0.7746565317973655
handcrafted,artifactbench,echoes,unseen_brand_seen_class,179,59,0.7423539437553262
handcrafted,artifactbench,echoes,seen_brand_unseen_class,0,59,
handcrafted,artifactbench,echoes,strict_unseen,204,59,0.8861748089066135
handcrafted,artifactbench,echoes,strict_unseen_disclosed,204,59,0.8861748089066135
handcrafted,artifactbench,fakemusiccaps,all,5520,1102,0.7331319537599621
handcrafted,artifactbench,fakemusiccaps,seen_brand_seen_class,2208,1102,0.7651778551513717
handcrafted,artifactbench,fakemusiccaps,unseen_brand_seen_class,0,1102,
handcrafted,artifactbench,fakemusiccaps,seen_brand_unseen_class,0,1102,
handcrafted,artifactbench,fakemusiccaps,strict_unseen,3312,1102,0.7117680194990224
handcrafted,artifactbench,fakemusiccaps,strict_unseen_disclosed,3312,1102,0.7117680194990224
handcrafted,artifactbench,sonics,all,12778,6882,0.9205291748309233
handcrafted,artifactbench,sonics,seen_brand_seen_class,12778,6882,0.9205291748309233
handcrafted,artifactbench,sonics,unseen_brand_seen_class,0,6882,
handcrafted,artifactbench,sonics,seen_brand_unseen_class,0,6882,
handcrafted,artifactbench,sonics,strict_unseen,0,6882,
handcrafted,artifactbench,sonics,strict_unseen_disclosed,0,6882,
handcrafted,artifactbench,music8k,all,3614,1102,0.6340200490731245
handcrafted,artifactbench,music8k,seen_brand_seen_class,670,1102,0.642015873445838
handcrafted,artifactbench,music8k,unseen_brand_seen_class,1651,1102,0.7351019730658754
handcrafted,artifactbench,music8k,seen_brand_unseen_class,0,1102,
handcrafted,artifactbench,music8k,strict_unseen,1293,1102,0.5008077839209593
handcrafted,artifactbench,music8k,strict_unseen_disclosed,1293,1102,0.5008077839209593
handcrafted,echoes,artifactbench,all,1405,864,0.8574617767233426
handcrafted,echoes,artifactbench,seen_brand_seen_class,1005,864,0.8613495024875621
handcrafted,echoes,artifactbench,unseen_brand_seen_class,180,864,0.8589248971193415
handcrafted,echoes,artifactbench,seen_brand_unseen_class,130,864,0.7947115384615384
handcrafted,echoes,artifactbench,strict_unseen,90,864,0.9017618312757201
handcrafted,echoes,artifactbench,strict_unseen_disclosed,90,864,0.9017618312757201
handcrafted,echoes,fakemusiccaps,all,5520,1102,0.7208902127883428
handcrafted,echoes,fakemusiccaps,seen_brand_seen_class,2208,1102,0.7377121472158656
handcrafted,echoes,fakemusiccaps,unseen_brand_seen_class,2208,1102,0.6922303650806174
handcrafted,echoes,fakemusiccaps,seen_brand_unseen_class,0,1102,
handcrafted,echoes,fakemusiccaps,strict_unseen,1104,1102,0.7445660393487467
handcrafted,echoes,fakemusiccaps,strict_unseen_disclosed,1104,1102,0.7445660393487467
handcrafted,echoes,sonics,all,12778,6882,0.8859378011347878
handcrafted,echoes,sonics,seen_brand_seen_class,8605,6882,0.8998726604244777
handcrafted,echoes,sonics,unseen_brand_seen_class,4173,6882,0.8572032063138485
handcrafted,echoes,sonics,seen_brand_unseen_class,0,6882,
handcrafted,echoes,sonics,strict_unseen,0,6882,
handcrafted,echoes,sonics,strict_unseen_disclosed,0,6882,
handcrafted,echoes,music8k,all,3614,1102,0.6347693030832907
handcrafted,echoes,music8k,seen_brand_seen_class,1659,1102,0.696190498069705
handcrafted,echoes,music8k,unseen_brand_seen_class,662,1102,0.6507818796914152
handcrafted,echoes,music8k,seen_brand_unseen_class,0,1102,
handcrafted,echoes,music8k,strict_unseen,1293,1102,0.5477638211056884
handcrafted,echoes,music8k,strict_unseen_disclosed,1293,1102,0.5477638211056884
handcrafted,fakemusiccaps,artifactbench,all,1405,864,0.8583984117569525
handcrafted,fakemusiccaps,artifactbench,seen_brand_seen_class,190,864,0.9038072612085769
handcrafted,fakemusiccaps,artifactbench,unseen_brand_seen_class,100,864,0.9082291666666666
handcrafted,fakemusiccaps,artifactbench,seen_brand_unseen_class,0,864,
handcrafted,fakemusiccaps,artifactbench,strict_unseen,1115,864,0.8461914549078227
handcrafted,fakemusiccaps,artifactbench,strict_unseen_disclosed,230,864,0.8731280193236715
handcrafted,fakemusiccaps,echoes,all,742,59,0.7907396409155284
handcrafted,fakemusiccaps,echoes,seen_brand_seen_class,150,59,0.868587570621469
handcrafted,fakemusiccaps,echoes,unseen_brand_seen_class,177,59,0.8430527626161065
handcrafted,fakemusiccaps,echoes,seen_brand_unseen_class,0,59,
handcrafted,fakemusiccaps,echoes,strict_unseen,415,59,0.7402899734531345
handcrafted,fakemusiccaps,echoes,strict_unseen_disclosed,143,59,0.6631504089131208
handcrafted,fakemusiccaps,sonics,all,12778,6882,0.8788558273358258
handcrafted,fakemusiccaps,sonics,seen_brand_seen_class,0,6882,
handcrafted,fakemusiccaps,sonics,unseen_brand_seen_class,0,6882,
handcrafted,fakemusiccaps,sonics,seen_brand_unseen_class,0,6882,
handcrafted,fakemusiccaps,sonics,strict_unseen,12778,6882,0.8788558273358258
handcrafted,fakemusiccaps,sonics,strict_unseen_disclosed,0,6882,
handcrafted,fakemusiccaps,music8k,all,3614,1102,0.697377962491099
handcrafted,fakemusiccaps,music8k,seen_brand_seen_class,0,1102,
handcrafted,fakemusiccaps,music8k,unseen_brand_seen_class,1651,1102,0.7650123502117729
handcrafted,fakemusiccaps,music8k,seen_brand_unseen_class,0,1102,
handcrafted,fakemusiccaps,music8k,strict_unseen,1963,1102,0.6404934112293399
handcrafted,fakemusiccaps,music8k,strict_unseen_disclosed,1293,1102,0.5784013598280845
handcrafted,sonics,artifactbench,all,1259,672,0.6929606830818109
handcrafted,sonics,artifactbench,seen_brand_seen_class,659,672,0.7079381638846738
handcrafted,sonics,artifactbench,unseen_brand_seen_class,80,672,0.9485863095238095
handcrafted,sonics,artifactbench,seen_brand_unseen_class,0,672,
handcrafted,sonics,artifactbench,strict_unseen,520,672,0.634652586996337
handcrafted,sonics,artifactbench,strict_unseen_disclosed,520,672,0.634652586996337
handcrafted,sonics,echoes,all,742,59,0.6330805427383617
handcrafted,sonics,echoes,seen_brand_seen_class,136,59,0.5051096709870389
handcrafted,sonics,echoes,unseen_brand_seen_class,136,59,0.5695413758723827
handcrafted,sonics,echoes,seen_brand_unseen_class,0,59,
handcrafted,sonics,echoes,strict_unseen,470,59,0.6884962134871979
handcrafted,sonics,echoes,strict_unseen_disclosed,470,59,0.6884962134871979
handcrafted,sonics,fakemusiccaps,all,5520,1102,0.5734892422209947
handcrafted,sonics,fakemusiccaps,seen_brand_seen_class,0,1102,
handcrafted,sonics,fakemusiccaps,unseen_brand_seen_class,0,1102,
handcrafted,sonics,fakemusiccaps,seen_brand_unseen_class,0,1102,
handcrafted,sonics,fakemusiccaps,strict_unseen,5520,1102,0.5734892422209947
handcrafted,sonics,fakemusiccaps,strict_unseen_disclosed,5520,1102,0.5734892422209947
handcrafted,sonics,music8k,all,3614,1102,0.4454360286725248
handcrafted,sonics,music8k,seen_brand_seen_class,670,1102,0.36182517539345016
handcrafted,sonics,music8k,unseen_brand_seen_class,0,1102,
handcrafted,sonics,music8k,seen_brand_unseen_class,0,1102,
handcrafted,sonics,music8k,strict_unseen,2944,1102,0.46446431389568377
handcrafted,sonics,music8k,strict_unseen_disclosed,2944,1102,0.46446431389568377
