system,trainer,target,generator,brand,decoder_class,seen_brand,seen_class,n_generated,n_human,auroc
fixed_fusion,artifactbench,echoes,acestep,AceStep,mel_vae_hifigan,False,False,57,59,0.992268807612251
fixed_fusion,artifactbench,echoes,audioldm,AudioLDM,mel_vae_hifigan,False,False,115,59,0.9858511422254974
fixed_fusion,artifactbench,echoes,brev,Brev,unknown_proprietary,False,True,68,59,0.9656031904287139
fixed_fusion,artifactbench,echoes,diffrhythm,DiffRhythm,continuous_vae,True,True,120,59,0.9918079096045198
fixed_fusion,artifactbench,echoes,mubert,Mubert,non_neural,False,False,32,59,0.5423728813559322
fixed_fusion,artifactbench,echoes,producer,Riffusion,unknown_proprietary,True,True,68,59,0.9810568295114656
fixed_fusion,artifactbench,echoes,songgen,SongGen,rvq_xcodec,False,True,111,59,0.996488013437166
fixed_fusion,artifactbench,echoes,stableaudio,StableAudio,continuous_vae,True,True,35,59,0.8290556900726392
fixed_fusion,artifactbench,echoes,suno,Suno,unknown_proprietary,True,True,68,59,0.9481555333998006
fixed_fusion,artifactbench,echoes,udio,Udio,unknown_proprietary,True,True,68,59,0.9351944167497508
fixed_fusion,artifactbench,fakemusiccaps,MusicGen_medium,MusicGen,rvq_encodec,True,True,1104,1102,0.9905614626897079
fixed_fusion,artifactbench,fakemusiccaps,audioldm2,AudioLDM,mel_vae_hifigan,False,False,1104,1102,0.9340629849548912
fixed_fusion,artifactbench,fakemusiccaps,musicldm,MusicLDM,mel_vae_hifigan,False,False,1104,1102,0.9036978221415608
fixed_fusion,artifactbench,fakemusiccaps,mustango,Mustango,mel_vae_hifigan,False,False,1104,1102,0.9765754458297168
fixed_fusion,artifactbench,fakemusiccaps,stable_audio_open,StableAudio,continuous_vae,True,True,1104,1102,0.9698641633130803
fixed_fusion,artifactbench,sonics,chirp-v2-xxl-alpha,Suno,unknown_proprietary,True,True,1759,6882,0.9995911754700657
fixed_fusion,artifactbench,sonics,chirp-v3,Suno,unknown_proprietary,True,True,3637,6882,0.999606130028669
fixed_fusion,artifactbench,sonics,chirp-v3.5,Suno,unknown_proprietary,True,True,1590,6882,0.9991813481162234
fixed_fusion,artifactbench,sonics,udio-120s,Udio,unknown_proprietary,True,True,1619,6882,0.9896652365769104
fixed_fusion,artifactbench,sonics,udio-30s,Udio-32,unknown_proprietary,True,True,4173,6882,0.9883436113463248
fixed_fusion,artifactbench,music8k,acestep1.5,AceStep,continuous_vae,False,True,989,1102,0.9732245260478696
fixed_fusion,artifactbench,music8k,heartmula,HeartMuLa,hybrid_rvq_flow,False,False,989,1102,0.9850767700605022
fixed_fusion,artifactbench,music8k,minimax_2.6,MiniMax,hybrid_rvq_flow,False,False,304,1102,0.7974242406151495
fixed_fusion,artifactbench,music8k,mureka_v9,Mureka,continuous_vae,False,True,662,1102,0.6669718885190892
fixed_fusion,artifactbench,music8k,suno_v5.5,Suno,unknown_proprietary,True,True,330,1102,0.9765701479403839
fixed_fusion,artifactbench,music8k,sunov5_new,Suno,unknown_proprietary,True,True,340,1102,0.9049402156506886
fixed_fusion,echoes,artifactbench,DiffRhythm,DiffRhythm,continuous_vae,True,True,100,862,0.99127030162413
fixed_fusion,echoes,artifactbench,Google Chirp v2 XXL,Suno,unknown_proprietary,True,True,80,862,0.9994272041763341
fixed_fusion,echoes,artifactbench,Google Chirp v3,Suno,unknown_proprietary,True,True,80,862,0.9994779582366589
fixed_fusion,echoes,artifactbench,Google Chirp v3.5,Suno,unknown_proprietary,True,True,80,862,0.9975928074245939
fixed_fusion,echoes,artifactbench,MusicGen Large,MusicGen,rvq_encodec,False,False,30,862,0.9722351121423047
fixed_fusion,echoes,artifactbench,MusicGen Medium,MusicGen,rvq_encodec,False,False,30,862,0.9589520494972932
fixed_fusion,echoes,artifactbench,MusicGen Small,MusicGen,rvq_encodec,False,False,30,862,0.9789443155452436
fixed_fusion,echoes,artifactbench,Riffusion,Riffusion,griffin_lim,True,False,100,862,0.9716879350348028
fixed_fusion,echoes,artifactbench,Riffusion (AIME),Riffusion,griffin_lim,True,False,30,862,0.7094160866202629
fixed_fusion,echoes,artifactbench,Stable Audio v1,StableAudio,continuous_vae,True,True,50,862,0.9723781902552204
fixed_fusion,echoes,artifactbench,Stable Audio v2,StableAudio,continuous_vae,True,True,50,862,0.9864501160092807
fixed_fusion,echoes,artifactbench,Suno (mixed),Suno,unknown_proprietary,True,True,80,862,0.984498259860789
fixed_fusion,echoes,artifactbench,Suno v3,Suno,unknown_proprietary,True,True,30,862,0.999168600154679
fixed_fusion,echoes,artifactbench,Suno v3.5,Suno,unknown_proprietary,True,True,29,862,0.9989599167933435
fixed_fusion,echoes,artifactbench,Suno v4,Suno,unknown_proprietary,True,True,100,862,0.9429524361948955
fixed_fusion,echoes,artifactbench,Udio,Udio,unknown_proprietary,True,True,100,862,0.8211658932714617
fixed_fusion,echoes,artifactbench,Udio (AIME),Udio,unknown_proprietary,True,True,30,862,0.8584493426140759
fixed_fusion,echoes,artifactbench,Udio (SONICS 120s),Udio,unknown_proprietary,True,True,80,862,0.8537122969837587
fixed_fusion,echoes,artifactbench,Udio (SONICS 30s),Udio-32,unknown_proprietary,False,True,80,862,0.8482743619489559
fixed_fusion,echoes,artifactbench,Udio (mixed),Udio,unknown_proprietary,True,True,80,862,0.7185107308584687
fixed_fusion,echoes,artifactbench,Udio CDN,Udio,unknown_proprietary,True,True,18,862,0.8096803299819542
fixed_fusion,echoes,artifactbench,Udio CDN Latest,Udio,unknown_proprietary,True,True,17,862,0.8289545516582503
fixed_fusion,echoes,artifactbench,Yue,Yue,rvq_xcodec,False,True,100,862,0.9929234338747099
fixed_fusion,echoes,fakemusiccaps,MusicGen_medium,MusicGen,rvq_encodec,False,False,1104,1102,0.9636933178147767
fixed_fusion,echoes,fakemusiccaps,audioldm2,AudioLDM,mel_vae_hifigan,True,True,1104,1102,0.9499062146558301
fixed_fusion,echoes,fakemusiccaps,musicldm,MusicLDM,mel_vae_hifigan,False,True,1104,1102,0.9099023678949998
fixed_fusion,echoes,fakemusiccaps,mustango,Mustango,mel_vae_hifigan,False,True,1104,1102,0.9552826382861201
fixed_fusion,echoes,fakemusiccaps,stable_audio_open,StableAudio,continuous_vae,True,True,1104,1102,0.9781938800336675
fixed_fusion,echoes,sonics,chirp-v2-xxl-alpha,Suno,unknown_proprietary,True,True,1759,6882,0.9984111686004257
fixed_fusion,echoes,sonics,chirp-v3,Suno,unknown_proprietary,True,True,3637,6882,0.9979171655712937
fixed_fusion,echoes,sonics,chirp-v3.5,Suno,unknown_proprietary,True,True,1590,6882,0.9968054024809959
fixed_fusion,echoes,sonics,udio-120s,Udio,unknown_proprietary,True,True,1619,6882,0.8321980301846408
fixed_fusion,echoes,sonics,udio-30s,Udio-32,unknown_proprietary,False,True,4173,6882,0.8194385510484394
fixed_fusion,echoes,music8k,acestep1.5,AceStep,continuous_vae,True,True,989,1102,0.9759463903299268
fixed_fusion,echoes,music8k,heartmula,HeartMuLa,hybrid_rvq_flow,False,False,989,1102,0.9679615516599105
fixed_fusion,echoes,music8k,minimax_2.6,MiniMax,hybrid_rvq_flow,False,False,304,1102,0.8492006161046901
fixed_fusion,echoes,music8k,mureka_v9,Mureka,continuous_vae,False,True,662,1102,0.7028377407734359
fixed_fusion,echoes,music8k,suno_v5.5,Suno,unknown_proprietary,True,True,330,1102,0.9813685860419072
fixed_fusion,echoes,music8k,sunov5_new,Suno,unknown_proprietary,True,True,340,1102,0.9460846589089356
fixed_fusion,fakemusiccaps,artifactbench,DiffRhythm,DiffRhythm,continuous_vae,False,True,100,862,0.9996867749419953
fixed_fusion,fakemusiccaps,artifactbench,Google Chirp v2 XXL,Suno,unknown_proprietary,False,False,80,862,0.9984121229698375
fixed_fusion,fakemusiccaps,artifactbench,Google Chirp v3,Suno,unknown_proprietary,False,False,80,862,0.9972810324825986
fixed_fusion,fakemusiccaps,artifactbench,Google Chirp v3.5,Suno,unknown_proprietary,False,False,80,862,0.995780162412993
fixed_fusion,fakemusiccaps,artifactbench,MusicGen Large,MusicGen,rvq_encodec,True,True,30,862,0.9999613302397525
fixed_fusion,fakemusiccaps,artifactbench,MusicGen Medium,MusicGen,rvq_encodec,True,True,30,862,1.0
fixed_fusion,fakemusiccaps,artifactbench,MusicGen Small,MusicGen,rvq_encodec,True,True,30,862,0.9995746326372776
fixed_fusion,fakemusiccaps,artifactbench,Riffusion,Riffusion,griffin_lim,False,False,100,862,0.9739327146171695
fixed_fusion,fakemusiccaps,artifactbench,Riffusion (AIME),Riffusion,griffin_lim,False,False,30,862,0.7898105181747873
fixed_fusion,fakemusiccaps,artifactbench,Stable Audio v1,StableAudio,continuous_vae,True,True,50,862,0.9996287703016241
fixed_fusion,fakemusiccaps,artifactbench,Stable Audio v2,StableAudio,continuous_vae,True,True,50,862,0.9997911832946635
fixed_fusion,fakemusiccaps,artifactbench,Suno (mixed),Suno,unknown_proprietary,False,False,80,862,0.9748404872389791
fixed_fusion,fakemusiccaps,artifactbench,Suno v3,Suno,unknown_proprietary,False,False,30,862,0.9999613302397525
fixed_fusion,fakemusiccaps,artifactbench,Suno v3.5,Suno,unknown_proprietary,False,False,29,862,0.9999599967997439
fixed_fusion,fakemusiccaps,artifactbench,Suno v4,Suno,unknown_proprietary,False,False,100,862,0.9320533642691415
fixed_fusion,fakemusiccaps,artifactbench,Udio,Udio,unknown_proprietary,False,False,100,862,0.626699535962877
fixed_fusion,fakemusiccaps,artifactbench,Udio (AIME),Udio,unknown_proprietary,False,False,30,862,0.6935034802784222
fixed_fusion,fakemusiccaps,artifactbench,Udio (SONICS 120s),Udio,unknown_proprietary,False,False,80,862,0.6010440835266821
fixed_fusion,fakemusiccaps,artifactbench,Udio (SONICS 30s),Udio-32,unknown_proprietary,False,False,80,862,0.6054669373549884
fixed_fusion,fakemusiccaps,artifactbench,Udio (mixed),Udio,unknown_proprietary,False,False,80,862,0.5426406612529002
fixed_fusion,fakemusiccaps,artifactbench,Udio CDN,Udio,unknown_proprietary,False,False,18,862,0.4196635730858469
fixed_fusion,fakemusiccaps,artifactbench,Udio CDN Latest,Udio,unknown_proprietary,False,False,17,862,0.6379145625767709
fixed_fusion,fakemusiccaps,artifactbench,Yue,Yue,rvq_xcodec,False,False,100,862,0.9977842227378191
fixed_fusion,fakemusiccaps,echoes,acestep,AceStep,mel_vae_hifigan,False,True,57,59,1.0
fixed_fusion,fakemusiccaps,echoes,audioldm,AudioLDM,mel_vae_hifigan,True,True,115,59,1.0
fixed_fusion,fakemusiccaps,echoes,brev,Brev,unknown_proprietary,False,False,68,59,0.9541375872382851
fixed_fusion,fakemusiccaps,echoes,diffrhythm,DiffRhythm,continuous_vae,False,True,120,59,0.9994350282485875
fixed_fusion,fakemusiccaps,echoes,mubert,Mubert,non_neural,False,False,32,59,0.5746822033898304
fixed_fusion,fakemusiccaps,echoes,producer,Riffusion,unknown_proprietary,False,False,68,59,0.9877866400797607
fixed_fusion,fakemusiccaps,echoes,songgen,SongGen,rvq_xcodec,False,False,111,59,0.9946556726217743
fixed_fusion,fakemusiccaps,echoes,stableaudio,StableAudio,continuous_vae,True,True,35,59,0.8978208232445521
fixed_fusion,fakemusiccaps,echoes,suno,Suno,unknown_proprietary,False,False,68,59,0.9356929212362911
fixed_fusion,fakemusiccaps,echoes,udio,Udio,unknown_proprietary,False,False,68,59,0.5505982053838485
fixed_fusion,fakemusiccaps,sonics,chirp-v2-xxl-alpha,Suno,unknown_proprietary,False,False,1759,6882,0.9953913687385785
fixed_fusion,fakemusiccaps,sonics,chirp-v3,Suno,unknown_proprietary,False,False,3637,6882,0.9930173727880096
fixed_fusion,fakemusiccaps,sonics,chirp-v3.5,Suno,unknown_proprietary,False,False,1590,6882,0.9845980947472123
fixed_fusion,fakemusiccaps,sonics,udio-120s,Udio,unknown_proprietary,False,False,1619,6882,0.6246049841509006
fixed_fusion,fakemusiccaps,sonics,udio-30s,Udio-32,unknown_proprietary,False,False,4173,6882,0.6341550033138819
fixed_fusion,fakemusiccaps,music8k,acestep1.5,AceStep,continuous_vae,False,True,989,1102,0.9846771840517929
fixed_fusion,fakemusiccaps,music8k,heartmula,HeartMuLa,hybrid_rvq_flow,False,False,989,1102,0.9830774637161223
fixed_fusion,fakemusiccaps,music8k,minimax_2.6,MiniMax,hybrid_rvq_flow,False,False,304,1102,0.8091985863024167
fixed_fusion,fakemusiccaps,music8k,mureka_v9,Mureka,continuous_vae,False,True,662,1102,0.641222906991408
fixed_fusion,fakemusiccaps,music8k,suno_v5.5,Suno,unknown_proprietary,False,False,330,1102,0.9623590716603422
fixed_fusion,fakemusiccaps,music8k,sunov5_new,Suno,unknown_proprietary,False,False,340,1102,0.9007513077826411
fixed_fusion,sonics,artifactbench,DiffRhythm,DiffRhythm,continuous_vae,False,False,100,670,0.7756417910447763
fixed_fusion,sonics,artifactbench,Google Chirp v2 XXL,Suno,unknown_proprietary,True,True,80,670,1.0
fixed_fusion,sonics,artifactbench,Google Chirp v3,Suno,unknown_proprietary,True,True,80,670,1.0
fixed_fusion,sonics,artifactbench,Google Chirp v3.5,Suno,unknown_proprietary,True,True,6,670,1.0
fixed_fusion,sonics,artifactbench,MusicGen Large,MusicGen,rvq_encodec,False,False,30,670,0.8276616915422885
fixed_fusion,sonics,artifactbench,MusicGen Medium,MusicGen,rvq_encodec,False,False,30,670,0.8158955223880597
fixed_fusion,sonics,artifactbench,MusicGen Small,MusicGen,rvq_encodec,False,False,30,670,0.8245771144278607
fixed_fusion,sonics,artifactbench,Riffusion,Riffusion,griffin_lim,False,False,100,670,0.7558059701492537
fixed_fusion,sonics,artifactbench,Riffusion (AIME),Riffusion,griffin_lim,False,False,30,670,0.6523383084577115
fixed_fusion,sonics,artifactbench,Stable Audio v1,StableAudio,continuous_vae,False,False,50,670,0.7194029850746269
fixed_fusion,sonics,artifactbench,Stable Audio v2,StableAudio,continuous_vae,False,False,50,670,0.6909850746268656
fixed_fusion,sonics,artifactbench,Suno (mixed),Suno,unknown_proprietary,True,True,80,670,0.8783488805970149
fixed_fusion,sonics,artifactbench,Suno v3,Suno,unknown_proprietary,True,True,30,670,0.9488059701492537
fixed_fusion,sonics,artifactbench,Suno v3.5,Suno,unknown_proprietary,True,True,29,670,0.9701492537313433
fixed_fusion,sonics,artifactbench,Suno v4,Suno,unknown_proprietary,True,True,100,670,0.8477761194029851
fixed_fusion,sonics,artifactbench,Udio,Udio,unknown_proprietary,True,True,100,670,0.9514477611940297
fixed_fusion,sonics,artifactbench,Udio (AIME),Udio,unknown_proprietary,True,True,30,670,0.9478109452736317
fixed_fusion,sonics,artifactbench,Udio (SONICS 120s),Udio,unknown_proprietary,True,True,8,670,0.9998134328358209
fixed_fusion,sonics,artifactbench,Udio (SONICS 30s),Udio-32,unknown_proprietary,False,True,80,670,0.9986380597014926
fixed_fusion,sonics,artifactbench,Udio (mixed),Udio,unknown_proprietary,True,True,80,670,0.8543097014925373
fixed_fusion,sonics,artifactbench,Udio CDN,Udio,unknown_proprietary,True,True,18,670,0.8565505804311775
fixed_fusion,sonics,artifactbench,Udio CDN Latest,Udio,unknown_proprietary,True,True,17,670,0.9232660228270413
fixed_fusion,sonics,artifactbench,Yue,Yue,rvq_xcodec,False,False,100,670,0.9729402985074627
fixed_fusion,sonics,echoes,acestep,AceStep,mel_vae_hifigan,False,False,57,59,0.8905738923580137
fixed_fusion,sonics,echoes,audioldm,AudioLDM,mel_vae_hifigan,False,False,115,59,0.9969049373618275
fixed_fusion,sonics,echoes,brev,Brev,unknown_proprietary,False,True,68,59,0.8950648055832502
fixed_fusion,sonics,echoes,diffrhythm,DiffRhythm,continuous_vae,False,False,120,59,0.7492937853107344
fixed_fusion,sonics,echoes,mubert,Mubert,non_neural,False,False,32,59,0.40889830508474573
fixed_fusion,sonics,echoes,producer,Riffusion,unknown_proprietary,False,True,68,59,0.7861415752741775
fixed_fusion,sonics,echoes,songgen,SongGen,rvq_xcodec,False,False,111,59,0.9996946098641014
fixed_fusion,sonics,echoes,stableaudio,StableAudio,continuous_vae,False,False,35,59,0.8498789346246973
fixed_fusion,sonics,echoes,suno,Suno,unknown_proprietary,True,True,68,59,0.8930707876370888
fixed_fusion,sonics,echoes,udio,Udio,unknown_proprietary,True,True,68,59,0.8641575274177468
fixed_fusion,sonics,fakemusiccaps,MusicGen_medium,MusicGen,rvq_encodec,False,False,1104,1102,0.8602627140377179
fixed_fusion,sonics,fakemusiccaps,audioldm2,AudioLDM,mel_vae_hifigan,False,False,1104,1102,0.8629139377679582
fixed_fusion,sonics,fakemusiccaps,musicldm,MusicLDM,mel_vae_hifigan,False,False,1104,1102,0.9020834977248219
fixed_fusion,sonics,fakemusiccaps,mustango,Mustango,mel_vae_hifigan,False,False,1104,1102,0.9547627502038454
fixed_fusion,sonics,fakemusiccaps,stable_audio_open,StableAudio,continuous_vae,False,False,1104,1102,0.695933694337042
fixed_fusion,sonics,music8k,acestep1.5,AceStep,continuous_vae,False,False,989,1102,0.8215635144484063
fixed_fusion,sonics,music8k,heartmula,HeartMuLa,hybrid_rvq_flow,False,False,989,1102,0.9332865696894515
fixed_fusion,sonics,music8k,minimax_2.6,MiniMax,hybrid_rvq_flow,False,False,304,1102,0.7152276960550197
fixed_fusion,sonics,music8k,mureka_v9,Mureka,continuous_vae,False,False,662,1102,0.6231316584512642
fixed_fusion,sonics,music8k,suno_v5.5,Suno,unknown_proprietary,True,True,330,1102,0.8705631633943793
fixed_fusion,sonics,music8k,sunov5_new,Suno,unknown_proprietary,True,True,340,1102,0.7663486174869222
learned_fusion,artifactbench,echoes,acestep,AceStep,mel_vae_hifigan,False,False,57,59,0.9958370502527505
learned_fusion,artifactbench,echoes,audioldm,AudioLDM,mel_vae_hifigan,False,False,115,59,0.9921886514369934
learned_fusion,artifactbench,echoes,brev,Brev,unknown_proprietary,False,True,68,59,0.9705882352941176
learned_fusion,artifactbench,echoes,diffrhythm,DiffRhythm,continuous_vae,True,True,120,59,0.9959039548022599
learned_fusion,artifactbench,echoes,mubert,Mubert,non_neural,False,False,32,59,0.6244703389830508
learned_fusion,artifactbench,echoes,producer,Riffusion,unknown_proprietary,True,True,68,59,0.9785643070787637
learned_fusion,artifactbench,echoes,songgen,SongGen,rvq_xcodec,False,True,111,59,0.998014964116659
learned_fusion,artifactbench,echoes,stableaudio,StableAudio,continuous_vae,True,True,35,59,0.886682808716707
learned_fusion,artifactbench,echoes,suno,Suno,unknown_proprietary,True,True,68,59,0.9608673978065803
learned_fusion,artifactbench,echoes,udio,Udio,unknown_proprietary,True,True,68,59,0.9700897308075773
learned_fusion,artifactbench,fakemusiccaps,MusicGen_medium,MusicGen,rvq_encodec,True,True,1104,1102,0.9991024224729741
learned_fusion,artifactbench,fakemusiccaps,audioldm2,AudioLDM,mel_vae_hifigan,False,False,1104,1102,0.9577933072937215
learned_fusion,artifactbench,fakemusiccaps,musicldm,MusicLDM,mel_vae_hifigan,False,False,1104,1102,0.9401590323259423
learned_fusion,artifactbench,fakemusiccaps,mustango,Mustango,mel_vae_hifigan,False,False,1104,1102,0.9888082274652148
learned_fusion,artifactbench,fakemusiccaps,stable_audio_open,StableAudio,continuous_vae,True,True,1104,1102,0.9731524040611274
learned_fusion,artifactbench,sonics,chirp-v2-xxl-alpha,Suno,unknown_proprietary,True,True,326,2500,1.0
learned_fusion,artifactbench,sonics,chirp-v3,Suno,unknown_proprietary,True,True,711,2500,1.0
learned_fusion,artifactbench,sonics,chirp-v3.5,Suno,unknown_proprietary,True,True,341,2500,1.0
learned_fusion,artifactbench,sonics,udio-120s,Udio,unknown_proprietary,True,True,324,2500,1.0
learned_fusion,artifactbench,sonics,udio-30s,Udio-32,unknown_proprietary,True,True,798,2500,0.9999924812030075
learned_fusion,artifactbench,music8k,acestep1.5,AceStep,continuous_vae,False,True,989,1102,0.9988136286813754
learned_fusion,artifactbench,music8k,heartmula,HeartMuLa,hybrid_rvq_flow,False,False,989,1102,0.9969840661064816
learned_fusion,artifactbench,music8k,minimax_2.6,MiniMax,hybrid_rvq_flow,False,False,304,1102,0.8940055162861783
learned_fusion,artifactbench,music8k,mureka_v9,Mureka,continuous_vae,False,True,662,1102,0.655661773978649
learned_fusion,artifactbench,music8k,suno_v5.5,Suno,unknown_proprietary,True,True,330,1102,0.9964032337898037
learned_fusion,artifactbench,music8k,sunov5_new,Suno,unknown_proprietary,True,True,340,1102,0.9593359666915767
learned_fusion,echoes,artifactbench,DiffRhythm,DiffRhythm,continuous_vae,True,True,100,862,0.9990835266821347
learned_fusion,echoes,artifactbench,Google Chirp v2 XXL,Suno,unknown_proprietary,True,True,80,862,0.9995214617169375
learned_fusion,echoes,artifactbench,Google Chirp v3,Suno,unknown_proprietary,True,True,80,862,0.99917343387471
learned_fusion,echoes,artifactbench,Google Chirp v3.5,Suno,unknown_proprietary,True,True,80,862,0.9980713457076567
learned_fusion,echoes,artifactbench,MusicGen Large,MusicGen,rvq_encodec,False,False,30,862,0.9919566898685228
learned_fusion,echoes,artifactbench,MusicGen Medium,MusicGen,rvq_encodec,False,False,30,862,0.9970224284609437
learned_fusion,echoes,artifactbench,MusicGen Small,MusicGen,rvq_encodec,False,False,30,862,0.9920726991492654
learned_fusion,echoes,artifactbench,Riffusion,Riffusion,griffin_lim,True,False,100,862,0.9872041763341068
learned_fusion,echoes,artifactbench,Riffusion (AIME),Riffusion,griffin_lim,True,False,30,862,0.9320572312451663
learned_fusion,echoes,artifactbench,Stable Audio v1,StableAudio,continuous_vae,True,True,50,862,0.9903016241299305
learned_fusion,echoes,artifactbench,Stable Audio v2,StableAudio,continuous_vae,True,True,50,862,0.9980278422273783
learned_fusion,echoes,artifactbench,Suno (mixed),Suno,unknown_proprietary,True,True,80,862,0.9890951276102089
learned_fusion,echoes,artifactbench,Suno v3,Suno,unknown_proprietary,True,True,30,862,0.9993812838360403
learned_fusion,echoes,artifactbench,Suno v3.5,Suno,unknown_proprietary,True,True,29,862,0.9970397631810546
learned_fusion,echoes,artifactbench,Suno v4,Suno,unknown_proprietary,True,True,100,862,0.954953596287703
learned_fusion,echoes,artifactbench,Udio,Udio,unknown_proprietary,True,True,100,862,0.7681322505800465
learned_fusion,echoes,artifactbench,Udio (AIME),Udio,unknown_proprietary,True,True,30,862,0.8587393658159319
learned_fusion,echoes,artifactbench,Udio (SONICS 120s),Udio,unknown_proprietary,True,True,80,862,0.8695185614849189
learned_fusion,echoes,artifactbench,Udio (SONICS 30s),Udio-32,unknown_proprietary,False,True,80,862,0.8027697215777262
learned_fusion,echoes,artifactbench,Udio (mixed),Udio,unknown_proprietary,True,True,80,862,0.6978103248259862
learned_fusion,echoes,artifactbench,Udio CDN,Udio,unknown_proprietary,True,True,18,862,0.7328564062902809
learned_fusion,echoes,artifactbench,Udio CDN Latest,Udio,unknown_proprietary,True,True,17,862,0.7637505118056505
learned_fusion,echoes,artifactbench,Yue,Yue,rvq_xcodec,False,True,100,862,0.992030162412993
learned_fusion,echoes,fakemusiccaps,MusicGen_medium,MusicGen,rvq_encodec,False,False,1104,1102,0.9929739077829507
learned_fusion,echoes,fakemusiccaps,audioldm2,AudioLDM,mel_vae_hifigan,True,True,1104,1102,0.998070865882848
learned_fusion,echoes,fakemusiccaps,musicldm,MusicLDM,mel_vae_hifigan,False,True,1104,1102,0.9574842512954049
learned_fusion,echoes,fakemusiccaps,mustango,Mustango,mel_vae_hifigan,False,True,1104,1102,0.9995027157473895
learned_fusion,echoes,fakemusiccaps,stable_audio_open,StableAudio,continuous_vae,True,True,1104,1102,0.9907184565611931
learned_fusion,echoes,sonics,chirp-v2-xxl-alpha,Suno,unknown_proprietary,True,True,326,2500,0.9997865030674847
learned_fusion,echoes,sonics,chirp-v3,Suno,unknown_proprietary,True,True,711,2500,0.9995032348804501
learned_fusion,echoes,sonics,chirp-v3.5,Suno,unknown_proprietary,True,True,341,2500,0.999082697947214
learned_fusion,echoes,sonics,udio-120s,Udio,unknown_proprietary,True,True,324,2500,0.8915197530864197
learned_fusion,echoes,sonics,udio-30s,Udio-32,unknown_proprietary,False,True,798,2500,0.8502210526315789
learned_fusion,echoes,music8k,acestep1.5,AceStep,continuous_vae,True,True,989,1102,0.9988026182747061
learned_fusion,echoes,music8k,heartmula,HeartMuLa,hybrid_rvq_flow,False,False,989,1102,0.9969124984631308
learned_fusion,echoes,music8k,minimax_2.6,MiniMax,hybrid_rvq_flow,False,False,304,1102,0.8077299646575605
learned_fusion,echoes,music8k,mureka_v9,Mureka,continuous_vae,False,True,662,1102,0.6554767218076445
learned_fusion,echoes,music8k,suno_v5.5,Suno,unknown_proprietary,True,True,330,1102,0.9960402573832701
learned_fusion,echoes,music8k,sunov5_new,Suno,unknown_proprietary,True,True,340,1102,0.9707697234973844
learned_fusion,fakemusiccaps,artifactbench,DiffRhythm,DiffRhythm,continuous_vae,False,True,100,862,0.9994083526682135
learned_fusion,fakemusiccaps,artifactbench,Google Chirp v2 XXL,Suno,unknown_proprietary,False,False,80,862,0.9998984918793503
learned_fusion,fakemusiccaps,artifactbench,Google Chirp v3,Suno,unknown_proprietary,False,False,80,862,0.9989269141531323
learned_fusion,fakemusiccaps,artifactbench,Google Chirp v3.5,Suno,unknown_proprietary,False,False,80,862,0.9981148491879351
learned_fusion,fakemusiccaps,artifactbench,MusicGen Large,MusicGen,rvq_encodec,True,True,30,862,1.0
learned_fusion,fakemusiccaps,artifactbench,MusicGen Medium,MusicGen,rvq_encodec,True,True,30,862,1.0
learned_fusion,fakemusiccaps,artifactbench,MusicGen Small,MusicGen,rvq_encodec,True,True,30,862,1.0
learned_fusion,fakemusiccaps,artifactbench,Riffusion,Riffusion,griffin_lim,False,False,100,862,0.8406380510440835
learned_fusion,fakemusiccaps,artifactbench,Riffusion (AIME),Riffusion,griffin_lim,False,False,30,862,0.6658546017014695
learned_fusion,fakemusiccaps,artifactbench,Stable Audio v1,StableAudio,continuous_vae,True,True,50,862,0.9998839907192575
learned_fusion,fakemusiccaps,artifactbench,Stable Audio v2,StableAudio,continuous_vae,True,True,50,862,0.9999303944315546
learned_fusion,fakemusiccaps,artifactbench,Suno (mixed),Suno,unknown_proprietary,False,False,80,862,0.8860498839907193
learned_fusion,fakemusiccaps,artifactbench,Suno v3,Suno,unknown_proprietary,False,False,30,862,0.99984532095901
learned_fusion,fakemusiccaps,artifactbench,Suno v3.5,Suno,unknown_proprietary,False,False,29,862,0.9989999199935995
learned_fusion,fakemusiccaps,artifactbench,Suno v4,Suno,unknown_proprietary,False,False,100,862,0.8993387470997679
learned_fusion,fakemusiccaps,artifactbench,Udio,Udio,unknown_proprietary,False,False,100,862,0.7128422273781903
learned_fusion,fakemusiccaps,artifactbench,Udio (AIME),Udio,unknown_proprietary,False,False,30,862,0.7858081979891725
learned_fusion,fakemusiccaps,artifactbench,Udio (SONICS 120s),Udio,unknown_proprietary,False,False,80,862,0.8067430394431554
learned_fusion,fakemusiccaps,artifactbench,Udio (SONICS 30s),Udio-32,unknown_proprietary,False,False,80,862,0.8478393271461717
learned_fusion,fakemusiccaps,artifactbench,Udio (mixed),Udio,unknown_proprietary,False,False,80,862,0.38966067285382827
learned_fusion,fakemusiccaps,artifactbench,Udio CDN,Udio,unknown_proprietary,False,False,18,862,0.3321087909254963
learned_fusion,fakemusiccaps,artifactbench,Udio CDN Latest,Udio,unknown_proprietary,False,False,17,862,0.3553296028388154
learned_fusion,fakemusiccaps,artifactbench,Yue,Yue,rvq_xcodec,False,False,100,862,0.9869721577726217
learned_fusion,fakemusiccaps,echoes,acestep,AceStep,mel_vae_hifigan,False,True,57,59,1.0
learned_fusion,fakemusiccaps,echoes,audioldm,AudioLDM,mel_vae_hifigan,True,True,115,59,1.0
learned_fusion,fakemusiccaps,echoes,brev,Brev,unknown_proprietary,False,False,68,59,0.7662013958125624
learned_fusion,fakemusiccaps,echoes,diffrhythm,DiffRhythm,continuous_vae,False,True,120,59,0.9998587570621469
learned_fusion,fakemusiccaps,echoes,mubert,Mubert,non_neural,False,False,32,59,0.5286016949152542
learned_fusion,fakemusiccaps,echoes,producer,Riffusion,unknown_proprietary,False,False,68,59,0.9768195413758725
learned_fusion,fakemusiccaps,echoes,songgen,SongGen,rvq_xcodec,False,False,111,59,0.9992365246602535
learned_fusion,fakemusiccaps,echoes,stableaudio,StableAudio,continuous_vae,True,True,35,59,0.8217917675544795
learned_fusion,fakemusiccaps,echoes,suno,Suno,unknown_proprietary,False,False,68,59,0.7976071784646062
learned_fusion,fakemusiccaps,echoes,udio,Udio,unknown_proprietary,False,False,68,59,0.34147557328015954
learned_fusion,fakemusiccaps,sonics,chirp-v2-xxl-alpha,Suno,unknown_proprietary,False,False,326,2500,0.9998049079754601
learned_fusion,fakemusiccaps,sonics,chirp-v3,Suno,unknown_proprietary,False,False,711,2500,0.9997383966244726
learned_fusion,fakemusiccaps,sonics,chirp-v3.5,Suno,unknown_proprietary,False,False,341,2500,0.9992574780058652
learned_fusion,fakemusiccaps,sonics,udio-120s,Udio,unknown_proprietary,False,False,324,2500,0.8191382716049384
learned_fusion,fakemusiccaps,sonics,udio-30s,Udio-32,unknown_proprietary,False,False,798,2500,0.8683714285714286
learned_fusion,fakemusiccaps,music8k,acestep1.5,AceStep,continuous_vae,False,True,989,1102,0.998088776908975
learned_fusion,fakemusiccaps,music8k,heartmula,HeartMuLa,hybrid_rvq_flow,False,False,989,1102,0.960805704858709
learned_fusion,fakemusiccaps,music8k,minimax_2.6,MiniMax,hybrid_rvq_flow,False,False,304,1102,0.7720591747062757
learned_fusion,fakemusiccaps,music8k,mureka_v9,Mureka,continuous_vae,False,True,662,1102,0.4141947351971971
learned_fusion,fakemusiccaps,music8k,suno_v5.5,Suno,unknown_proprietary,False,False,330,1102,0.9718418302810318
learned_fusion,fakemusiccaps,music8k,sunov5_new,Suno,unknown_proprietary,False,False,340,1102,0.7943765346428953
learned_fusion,sonics,artifactbench,DiffRhythm,DiffRhythm,continuous_vae,False,False,100,670,0.9856567164179104
learned_fusion,sonics,artifactbench,Google Chirp v2 XXL,Suno,unknown_proprietary,True,True,80,670,1.0
learned_fusion,sonics,artifactbench,Google Chirp v3,Suno,unknown_proprietary,True,True,80,670,1.0
learned_fusion,sonics,artifactbench,Google Chirp v3.5,Suno,unknown_proprietary,True,True,6,670,1.0
learned_fusion,sonics,artifactbench,MusicGen Large,MusicGen,rvq_encodec,False,False,30,670,0.996318407960199
learned_fusion,sonics,artifactbench,MusicGen Medium,MusicGen,rvq_encodec,False,False,30,670,0.9970646766169154
learned_fusion,sonics,artifactbench,MusicGen Small,MusicGen,rvq_encodec,False,False,30,670,0.9975621890547264
learned_fusion,sonics,artifactbench,Riffusion,Riffusion,griffin_lim,False,False,100,670,0.9004626865671642
learned_fusion,sonics,artifactbench,Riffusion (AIME),Riffusion,griffin_lim,False,False,30,670,0.7035820895522388
learned_fusion,sonics,artifactbench,Stable Audio v1,StableAudio,continuous_vae,False,False,50,670,0.968
learned_fusion,sonics,artifactbench,Stable Audio v2,StableAudio,continuous_vae,False,False,50,670,0.9195223880597014
learned_fusion,sonics,artifactbench,Suno (mixed),Suno,unknown_proprietary,True,True,80,670,0.5699813432835821
learned_fusion,sonics,artifactbench,Suno v3,Suno,unknown_proprietary,True,True,30,670,0.9999502487562189
learned_fusion,sonics,artifactbench,Suno v3.5,Suno,unknown_proprietary,True,True,29,670,0.9999485331960885
learned_fusion,sonics,artifactbench,Suno v4,Suno,unknown_proprietary,True,True,100,670,0.7551343283582089
learned_fusion,sonics,artifactbench,Udio,Udio,unknown_proprietary,True,True,100,670,0.9925671641791045
learned_fusion,sonics,artifactbench,Udio (AIME),Udio,unknown_proprietary,True,True,30,670,0.9755223880597015
learned_fusion,sonics,artifactbench,Udio (SONICS 120s),Udio,unknown_proprietary,True,True,8,670,1.0
learned_fusion,sonics,artifactbench,Udio (SONICS 30s),Udio-32,unknown_proprietary,False,True,80,670,1.0
learned_fusion,sonics,artifactbench,Udio (mixed),Udio,unknown_proprietary,True,True,80,670,0.9249253731343284
learned_fusion,sonics,artifactbench,Udio CDN,Udio,unknown_proprietary,True,True,18,670,0.8252072968490879
learned_fusion,sonics,artifactbench,Udio CDN Latest,Udio,unknown_proprietary,True,True,17,670,0.8054433713784022
learned_fusion,sonics,artifactbench,Yue,Yue,rvq_xcodec,False,False,100,670,0.9988805970149254
learned_fusion,sonics,echoes,acestep,AceStep,mel_vae_hifigan,False,False,57,59,0.9399345822182575
learned_fusion,sonics,echoes,audioldm,AudioLDM,mel_vae_hifigan,False,False,115,59,1.0
learned_fusion,sonics,echoes,brev,Brev,unknown_proprietary,False,True,68,59,0.8108175473579262
learned_fusion,sonics,echoes,diffrhythm,DiffRhythm,continuous_vae,False,False,120,59,0.938276836158192
learned_fusion,sonics,echoes,mubert,Mubert,non_neural,False,False,32,59,0.4719279661016949
learned_fusion,sonics,echoes,producer,Riffusion,unknown_proprietary,False,True,68,59,0.8985543369890329
learned_fusion,sonics,echoes,songgen,SongGen,rvq_xcodec,False,False,111,59,1.0
learned_fusion,sonics,echoes,stableaudio,StableAudio,continuous_vae,False,False,35,59,0.7559322033898306
learned_fusion,sonics,echoes,suno,Suno,unknown_proprietary,True,True,68,59,0.6994017946161515
learned_fusion,sonics,echoes,udio,Udio,unknown_proprietary,True,True,68,59,0.8955633100697905
learned_fusion,sonics,fakemusiccaps,MusicGen_medium,MusicGen,rvq_encodec,False,False,1104,1102,0.9857299968436835
learned_fusion,sonics,fakemusiccaps,audioldm2,AudioLDM,mel_vae_hifigan,False,False,1104,1102,0.9490295970435835
learned_fusion,sonics,fakemusiccaps,musicldm,MusicLDM,mel_vae_hifigan,False,False,1104,1102,0.9640031957705357
learned_fusion,sonics,fakemusiccaps,mustango,Mustango,mel_vae_hifigan,False,False,1104,1102,0.994437813987743
learned_fusion,sonics,fakemusiccaps,stable_audio_open,StableAudio,continuous_vae,False,False,1104,1102,0.8628342078960519
learned_fusion,sonics,music8k,acestep1.5,AceStep,continuous_vae,False,False,989,1102,0.9833063884214563
learned_fusion,sonics,music8k,heartmula,HeartMuLa,hybrid_rvq_flow,False,False,989,1102,0.9573401793595246
learned_fusion,sonics,music8k,minimax_2.6,MiniMax,hybrid_rvq_flow,False,False,304,1102,0.6751808912025983
learned_fusion,sonics,music8k,mureka_v9,Mureka,continuous_vae,False,False,662,1102,0.43131137563671657
learned_fusion,sonics,music8k,suno_v5.5,Suno,unknown_proprietary,True,True,330,1102,0.947681900676456
learned_fusion,sonics,music8k,sunov5_new,Suno,unknown_proprietary,True,True,340,1102,0.515632005978435
three_support,artifactbench,echoes,acestep,AceStep,mel_vae_hifigan,False,False,57,59,0.9634255129348797
three_support,artifactbench,echoes,audioldm,AudioLDM,mel_vae_hifigan,False,False,115,59,0.8677966101694915
three_support,artifactbench,echoes,brev,Brev,unknown_proprietary,False,True,68,59,0.9366899302093719
three_support,artifactbench,echoes,diffrhythm,DiffRhythm,continuous_vae,True,True,120,59,0.9834745762711863
three_support,artifactbench,echoes,mubert,Mubert,non_neural,False,False,32,59,0.4157838983050847
three_support,artifactbench,echoes,producer,Riffusion,unknown_proprietary,True,True,68,59,0.9172482552342971
three_support,artifactbench,echoes,songgen,SongGen,rvq_xcodec,False,True,111,59,0.9471675064895404
three_support,artifactbench,echoes,stableaudio,StableAudio,continuous_vae,True,True,35,59,0.6508474576271187
three_support,artifactbench,echoes,suno,Suno,unknown_proprietary,True,True,68,59,0.88160518444666
three_support,artifactbench,echoes,udio,Udio,unknown_proprietary,True,True,68,59,0.9601196410767696
three_support,artifactbench,fakemusiccaps,MusicGen_medium,MusicGen,rvq_encodec,True,True,1104,1102,0.9962872182329888
three_support,artifactbench,fakemusiccaps,audioldm2,AudioLDM,mel_vae_hifigan,False,False,1104,1102,0.9103803361477155
three_support,artifactbench,fakemusiccaps,musicldm,MusicLDM,mel_vae_hifigan,False,False,1104,1102,0.8761556721639181
three_support,artifactbench,fakemusiccaps,mustango,Mustango,mel_vae_hifigan,False,False,1104,1102,0.9791658447092243
three_support,artifactbench,fakemusiccaps,stable_audio_open,StableAudio,continuous_vae,True,True,1104,1102,0.96258038743786
three_support,artifactbench,sonics,chirp-v2-xxl-alpha,Suno,unknown_proprietary,True,True,1759,6882,0.9990208532727192
three_support,artifactbench,sonics,chirp-v3,Suno,unknown_proprietary,True,True,3637,6882,0.9985461349843551
three_support,artifactbench,sonics,chirp-v3.5,Suno,unknown_proprietary,True,True,1590,6882,0.9980871620250805
three_support,artifactbench,sonics,udio-120s,Udio,unknown_proprietary,True,True,1619,6882,0.9967907795021307
three_support,artifactbench,sonics,udio-30s,Udio-32,unknown_proprietary,True,True,4173,6882,0.9954671166609665
three_support,artifactbench,music8k,acestep1.5,AceStep,continuous_vae,False,True,989,1102,0.9974428330510386
three_support,artifactbench,music8k,heartmula,HeartMuLa,hybrid_rvq_flow,False,False,989,1102,0.9945186525464319
three_support,artifactbench,music8k,minimax_2.6,MiniMax,hybrid_rvq_flow,False,False,304,1102,0.686431368803133
three_support,artifactbench,music8k,mureka_v9,Mureka,continuous_vae,False,True,662,1102,0.46821077853504484
three_support,artifactbench,music8k,suno_v5.5,Suno,unknown_proprietary,True,True,330,1102,0.984337018093824
three_support,artifactbench,music8k,sunov5_new,Suno,unknown_proprietary,True,True,340,1102,0.9108118928152024
three_support,echoes,artifactbench,DiffRhythm,DiffRhythm,continuous_vae,True,True,100,864,0.9954398148148148
three_support,echoes,artifactbench,Google Chirp v2 XXL,Suno,unknown_proprietary,True,True,80,864,0.9982204861111111
three_support,echoes,artifactbench,Google Chirp v3,Suno,unknown_proprietary,True,True,80,864,0.9923900462962963
three_support,echoes,artifactbench,Google Chirp v3.5,Suno,unknown_proprietary,True,True,80,864,0.9895543981481482
three_support,echoes,artifactbench,MusicGen Large,MusicGen,rvq_encodec,False,False,30,864,0.9911265432098766
three_support,echoes,artifactbench,MusicGen Medium,MusicGen,rvq_encodec,False,False,30,864,0.9961033950617284
three_support,echoes,artifactbench,MusicGen Small,MusicGen,rvq_encodec,False,False,30,864,0.9874228395061728
three_support,echoes,artifactbench,Riffusion,Riffusion,griffin_lim,True,False,100,864,0.9568634259259258
three_support,echoes,artifactbench,Riffusion (AIME),Riffusion,griffin_lim,True,False,30,864,0.9221836419753087
three_support,echoes,artifactbench,Stable Audio v1,StableAudio,continuous_vae,True,True,50,864,0.983287037037037
three_support,echoes,artifactbench,Stable Audio v2,StableAudio,continuous_vae,True,True,50,864,0.9965046296296296
three_support,echoes,artifactbench,Suno (mixed),Suno,unknown_proprietary,True,True,80,864,0.9795862268518518
three_support,echoes,artifactbench,Suno v3,Suno,unknown_proprietary,True,True,30,864,0.998996913580247
three_support,echoes,artifactbench,Suno v3.5,Suno,unknown_proprietary,True,True,30,864,0.9950231481481482
three_support,echoes,artifactbench,Suno v4,Suno,unknown_proprietary,True,True,100,864,0.9394212962962962
three_support,echoes,artifactbench,Udio,Udio,unknown_proprietary,True,True,100,864,0.7040162037037037
three_support,echoes,artifactbench,Udio (AIME),Udio,unknown_proprietary,True,True,30,864,0.8157407407407408
three_support,echoes,artifactbench,Udio (SONICS 120s),Udio,unknown_proprietary,True,True,80,864,0.5853732638888889
three_support,echoes,artifactbench,Udio (SONICS 30s),Udio-32,unknown_proprietary,False,True,80,864,0.5223813657407408
three_support,echoes,artifactbench,Udio (mixed),Udio,unknown_proprietary,True,True,80,864,0.634765625
three_support,echoes,artifactbench,Udio CDN,Udio,unknown_proprietary,True,True,18,864,0.6498199588477367
three_support,echoes,artifactbench,Udio CDN Latest,Udio,unknown_proprietary,True,True,17,864,0.6850490196078431
three_support,echoes,artifactbench,Yue,Yue,rvq_xcodec,False,True,100,864,0.9858101851851852
three_support,echoes,fakemusiccaps,MusicGen_medium,MusicGen,rvq_encodec,False,False,1104,1102,0.9887778150398485
three_support,echoes,fakemusiccaps,audioldm2,AudioLDM,mel_vae_hifigan,True,True,1104,1102,0.996944784186854
three_support,echoes,fakemusiccaps,musicldm,MusicLDM,mel_vae_hifigan,False,True,1104,1102,0.9393124161603408
three_support,echoes,fakemusiccaps,mustango,Mustango,mel_vae_hifigan,False,True,1104,1102,0.9993465438333464
three_support,echoes,fakemusiccaps,stable_audio_open,StableAudio,continuous_vae,True,True,1104,1102,0.9854077895262896
three_support,echoes,sonics,chirp-v2-xxl-alpha,Suno,unknown_proprietary,True,True,1759,6882,0.9986302850008401
three_support,echoes,sonics,chirp-v3,Suno,unknown_proprietary,True,True,3637,6882,0.9942071929042758
three_support,echoes,sonics,chirp-v3.5,Suno,unknown_proprietary,True,True,1590,6882,0.9944453583224125
three_support,echoes,sonics,udio-120s,Udio,unknown_proprietary,True,True,1619,6882,0.6161455643613089
three_support,echoes,sonics,udio-30s,Udio-32,unknown_proprietary,False,True,4173,6882,0.5999201527540388
three_support,echoes,music8k,acestep1.5,AceStep,continuous_vae,True,True,989,1102,0.998561306861869
three_support,echoes,music8k,heartmula,HeartMuLa,hybrid_rvq_flow,False,False,989,1102,0.994415888750851
three_support,echoes,music8k,minimax_2.6,MiniMax,hybrid_rvq_flow,False,False,304,1102,0.7161620021014423
three_support,echoes,music8k,mureka_v9,Mureka,continuous_vae,False,True,662,1102,0.4758116251144582
three_support,echoes,music8k,suno_v5.5,Suno,unknown_proprietary,True,True,330,1102,0.9937771544849585
three_support,echoes,music8k,sunov5_new,Suno,unknown_proprietary,True,True,340,1102,0.9548040994982385
three_support,fakemusiccaps,artifactbench,DiffRhythm,DiffRhythm,continuous_vae,False,True,100,864,0.9981018518518519
three_support,fakemusiccaps,artifactbench,Google Chirp v2 XXL,Suno,unknown_proprietary,False,False,80,864,0.999291087962963
three_support,fakemusiccaps,artifactbench,Google Chirp v3,Suno,unknown_proprietary,False,False,80,864,0.9969762731481482
three_support,fakemusiccaps,artifactbench,Google Chirp v3.5,Suno,unknown_proprietary,False,False,80,864,0.9911892361111111
three_support,fakemusiccaps,artifactbench,MusicGen Large,MusicGen,rvq_encodec,True,True,30,864,1.0
three_support,fakemusiccaps,artifactbench,MusicGen Medium,MusicGen,rvq_encodec,True,True,30,864,1.0
three_support,fakemusiccaps,artifactbench,MusicGen Small,MusicGen,rvq_encodec,True,True,30,864,1.0
three_support,fakemusiccaps,artifactbench,Riffusion,Riffusion,griffin_lim,False,False,100,864,0.9613657407407408
three_support,fakemusiccaps,artifactbench,Riffusion (AIME),Riffusion,griffin_lim,False,False,30,864,0.5292438271604938
three_support,fakemusiccaps,artifactbench,Stable Audio v1,StableAudio,continuous_vae,True,True,50,864,0.9886574074074075
three_support,fakemusiccaps,artifactbench,Stable Audio v2,StableAudio,continuous_vae,True,True,50,864,0.9938425925925927
three_support,fakemusiccaps,artifactbench,Suno (mixed),Suno,unknown_proprietary,False,False,80,864,0.9444299768518519
three_support,fakemusiccaps,artifactbench,Suno v3,Suno,unknown_proprietary,False,False,30,864,0.9996527777777777
three_support,fakemusiccaps,artifactbench,Suno v3.5,Suno,unknown_proprietary,False,False,30,864,0.9984567901234568
three_support,fakemusiccaps,artifactbench,Suno v4,Suno,unknown_proprietary,False,False,100,864,0.9150810185185185
three_support,fakemusiccaps,artifactbench,Udio,Udio,unknown_proprietary,False,False,100,864,0.48056712962962955
three_support,fakemusiccaps,artifactbench,Udio (AIME),Udio,unknown_proprietary,False,False,30,864,0.4740354938271605
three_support,fakemusiccaps,artifactbench,Udio (SONICS 120s),Udio,unknown_proprietary,False,False,80,864,0.45978009259259267
three_support,fakemusiccaps,artifactbench,Udio (SONICS 30s),Udio-32,unknown_proprietary,False,False,80,864,0.40512152777777777
three_support,fakemusiccaps,artifactbench,Udio (mixed),Udio,unknown_proprietary,False,False,80,864,0.4511574074074074
three_support,fakemusiccaps,artifactbench,Udio CDN,Udio,unknown_proprietary,False,False,18,864,0.33127572016460904
three_support,fakemusiccaps,artifactbench,Udio CDN Latest,Udio,unknown_proprietary,False,False,17,864,0.39671840958605664
three_support,fakemusiccaps,artifactbench,Yue,Yue,rvq_xcodec,False,False,100,864,0.9925462962962963
three_support,fakemusiccaps,echoes,acestep,AceStep,mel_vae_hifigan,False,True,57,59,0.9934582218257508
three_support,fakemusiccaps,echoes,audioldm,AudioLDM,mel_vae_hifigan,True,True,115,59,0.9995578481945468
three_support,fakemusiccaps,echoes,brev,Brev,unknown_proprietary,False,False,68,59,0.9299601196410767
three_support,fakemusiccaps,echoes,diffrhythm,DiffRhythm,continuous_vae,False,True,120,59,0.9943502824858756
three_support,fakemusiccaps,echoes,mubert,Mubert,non_neural,False,False,32,59,0.48252118644067793
three_support,fakemusiccaps,echoes,producer,Riffusion,unknown_proprietary,False,False,68,59,0.9675972083748754
three_support,fakemusiccaps,echoes,songgen,SongGen,rvq_xcodec,False,False,111,59,0.9677813406626966
three_support,fakemusiccaps,echoes,stableaudio,StableAudio,continuous_vae,True,True,35,59,0.6150121065375302
three_support,fakemusiccaps,echoes,suno,Suno,unknown_proprietary,False,False,68,59,0.8835992023928215
three_support,fakemusiccaps,echoes,udio,Udio,unknown_proprietary,False,False,68,59,0.3529411764705882
three_support,fakemusiccaps,sonics,chirp-v2-xxl-alpha,Suno,unknown_proprietary,False,False,1759,6882,0.9981722263994083
three_support,fakemusiccaps,sonics,chirp-v3,Suno,unknown_proprietary,False,False,3637,6882,0.9967231504611657
three_support,fakemusiccaps,sonics,chirp-v3.5,Suno,unknown_proprietary,False,False,1590,6882,0.9946833321452919
three_support,fakemusiccaps,sonics,udio-120s,Udio,unknown_proprietary,False,False,1619,6882,0.5184805938058643
three_support,fakemusiccaps,sonics,udio-30s,Udio-32,unknown_proprietary,False,False,4173,6882,0.42388558057837533
three_support,fakemusiccaps,music8k,acestep1.5,AceStep,continuous_vae,False,True,989,1102,0.9982456752040136
three_support,fakemusiccaps,music8k,heartmula,HeartMuLa,hybrid_rvq_flow,False,False,989,1102,0.9948719030937407
three_support,fakemusiccaps,music8k,minimax_2.6,MiniMax,hybrid_rvq_flow,False,False,304,1102,0.778611257044608
three_support,fakemusiccaps,music8k,mureka_v9,Mureka,continuous_vae,False,True,662,1102,0.6124013740466385
three_support,fakemusiccaps,music8k,suno_v5.5,Suno,unknown_proprietary,False,False,330,1102,0.9957707748996314
three_support,fakemusiccaps,music8k,sunov5_new,Suno,unknown_proprietary,False,False,340,1102,0.9291208497918224
three_support,sonics,artifactbench,DiffRhythm,DiffRhythm,continuous_vae,False,False,100,672,0.7351190476190476
three_support,sonics,artifactbench,Google Chirp v2 XXL,Suno,unknown_proprietary,True,True,80,672,0.9988467261904762
three_support,sonics,artifactbench,Google Chirp v3,Suno,unknown_proprietary,True,True,80,672,0.9998511904761905
three_support,sonics,artifactbench,Google Chirp v3.5,Suno,unknown_proprietary,True,True,6,672,1.0
three_support,sonics,artifactbench,MusicGen Large,MusicGen,rvq_encodec,False,False,30,672,0.9913690476190476
three_support,sonics,artifactbench,MusicGen Medium,MusicGen,rvq_encodec,False,False,30,672,0.9952380952380953
three_support,sonics,artifactbench,MusicGen Small,MusicGen,rvq_encodec,False,False,30,672,0.9879960317460318
three_support,sonics,artifactbench,Riffusion,Riffusion,griffin_lim,False,False,100,672,0.6281845238095238
three_support,sonics,artifactbench,Riffusion (AIME),Riffusion,griffin_lim,False,False,30,672,0.8354166666666667
three_support,sonics,artifactbench,Stable Audio v1,StableAudio,continuous_vae,False,False,50,672,0.8670535714285714
three_support,sonics,artifactbench,Stable Audio v2,StableAudio,continuous_vae,False,False,50,672,0.80625
three_support,sonics,artifactbench,Suno (mixed),Suno,unknown_proprietary,True,True,80,672,0.9435267857142857
three_support,sonics,artifactbench,Suno v3,Suno,unknown_proprietary,True,True,30,672,1.0
three_support,sonics,artifactbench,Suno v3.5,Suno,unknown_proprietary,True,True,30,672,0.9998015873015873
three_support,sonics,artifactbench,Suno v4,Suno,unknown_proprietary,True,True,100,672,0.8878869047619048
three_support,sonics,artifactbench,Udio,Udio,unknown_proprietary,True,True,100,672,0.9969345238095239
three_support,sonics,artifactbench,Udio (AIME),Udio,unknown_proprietary,True,True,30,672,0.9912698412698413
three_support,sonics,artifactbench,Udio (SONICS 120s),Udio,unknown_proprietary,True,True,8,672,1.0
three_support,sonics,artifactbench,Udio (SONICS 30s),Udio-32,unknown_proprietary,False,True,80,672,0.9896205357142858
three_support,sonics,artifactbench,Udio (mixed),Udio,unknown_proprietary,True,True,80,672,0.9806175595238096
three_support,sonics,artifactbench,Udio CDN,Udio,unknown_proprietary,True,True,18,672,0.9614748677248677
three_support,sonics,artifactbench,Udio CDN Latest,Udio,unknown_proprietary,True,True,17,672,0.967874649859944
three_support,sonics,artifactbench,Yue,Yue,rvq_xcodec,False,False,100,672,0.9984821428571429
three_support,sonics,echoes,acestep,AceStep,mel_vae_hifigan,False,False,57,59,0.7326791555159085
three_support,sonics,echoes,audioldm,AudioLDM,mel_vae_hifigan,False,False,115,59,0.9044952100221076
three_support,sonics,echoes,brev,Brev,unknown_proprietary,False,True,68,59,0.8639082751744765
three_support,sonics,echoes,diffrhythm,DiffRhythm,continuous_vae,False,False,120,59,0.6097457627118643
three_support,sonics,echoes,mubert,Mubert,non_neural,False,False,32,59,0.3972457627118644
three_support,sonics,echoes,producer,Riffusion,unknown_proprietary,False,True,68,59,0.5797607178464605
three_support,sonics,echoes,songgen,SongGen,rvq_xcodec,False,False,111,59,0.9548022598870057
three_support,sonics,echoes,stableaudio,StableAudio,continuous_vae,False,False,35,59,0.4765133171912833
three_support,sonics,echoes,suno,Suno,unknown_proprietary,True,True,68,59,0.8013459621136592
three_support,sonics,echoes,udio,Udio,unknown_proprietary,True,True,68,59,0.9738285144566301
three_support,sonics,fakemusiccaps,MusicGen_medium,MusicGen,rvq_encodec,False,False,1104,1102,0.9816728149083354
three_support,sonics,fakemusiccaps,audioldm2,AudioLDM,mel_vae_hifigan,False,False,1104,1102,0.9309868092269653
three_support,sonics,fakemusiccaps,musicldm,MusicLDM,mel_vae_hifigan,False,False,1104,1102,0.9047388312422735
three_support,sonics,fakemusiccaps,mustango,Mustango,mel_vae_hifigan,False,False,1104,1102,0.9908902456666404
three_support,sonics,fakemusiccaps,stable_audio_open,StableAudio,continuous_vae,False,False,1104,1102,0.7901633065046425
three_support,sonics,music8k,acestep1.5,AceStep,continuous_vae,False,False,989,1102,0.9979410539528277
three_support,sonics,music8k,heartmula,HeartMuLa,hybrid_rvq_flow,False,False,989,1102,0.9925578826253948
three_support,sonics,music8k,minimax_2.6,MiniMax,hybrid_rvq_flow,False,False,304,1102,0.5530852994555353
three_support,sonics,music8k,mureka_v9,Mureka,continuous_vae,False,False,662,1102,0.4059153639907666
three_support,sonics,music8k,suno_v5.5,Suno,unknown_proprietary,True,True,330,1102,0.9832893361931474
three_support,sonics,music8k,sunov5_new,Suno,unknown_proprietary,True,True,340,1102,0.8316536778050603
single_support,artifactbench,echoes,acestep,AceStep,mel_vae_hifigan,False,False,57,59,0.9771037763901278
single_support,artifactbench,echoes,audioldm,AudioLDM,mel_vae_hifigan,False,False,115,59,0.6753131908621959
single_support,artifactbench,echoes,brev,Brev,unknown_proprietary,False,True,68,59,0.8651545363908276
single_support,artifactbench,echoes,diffrhythm,DiffRhythm,continuous_vae,True,True,120,59,0.9394067796610169
single_support,artifactbench,echoes,mubert,Mubert,non_neural,False,False,32,59,0.4666313559322034
single_support,artifactbench,echoes,producer,Riffusion,unknown_proprietary,True,True,68,59,0.8265204386839481
single_support,artifactbench,echoes,songgen,SongGen,rvq_xcodec,False,True,111,59,0.7567567567567568
single_support,artifactbench,echoes,stableaudio,StableAudio,continuous_vae,True,True,35,59,0.6135593220338983
single_support,artifactbench,echoes,suno,Suno,unknown_proprietary,True,True,68,59,0.7769192422731804
single_support,artifactbench,echoes,udio,Udio,unknown_proprietary,True,True,68,59,0.9097706879361913
single_support,artifactbench,fakemusiccaps,MusicGen_medium,MusicGen,rvq_encodec,True,True,1104,1102,0.9883865632972987
single_support,artifactbench,fakemusiccaps,audioldm2,AudioLDM,mel_vae_hifigan,False,False,1104,1102,0.7540177279781163
single_support,artifactbench,fakemusiccaps,musicldm,MusicLDM,mel_vae_hifigan,False,False,1104,1102,0.7774566664036402
single_support,artifactbench,fakemusiccaps,mustango,Mustango,mel_vae_hifigan,False,False,1104,1102,0.8697049501565006
single_support,artifactbench,fakemusiccaps,stable_audio_open,StableAudio,continuous_vae,True,True,1104,1102,0.8936929561535022
single_support,artifactbench,sonics,chirp-v2-xxl-alpha,Suno,unknown_proprietary,True,True,1759,6882,0.9918124399959753
single_support,artifactbench,sonics,chirp-v3,Suno,unknown_proprietary,True,True,3637,6882,0.9927758410223576
single_support,artifactbench,sonics,chirp-v3.5,Suno,unknown_proprietary,True,True,1590,6882,0.9904494269071262
single_support,artifactbench,sonics,udio-120s,Udio,unknown_proprietary,True,True,1619,6882,0.9693565529505676
single_support,artifactbench,sonics,udio-30s,Udio-32,unknown_proprietary,True,True,4173,6882,0.9710267420547795
single_support,artifactbench,music8k,acestep1.5,AceStep,continuous_vae,False,True,989,1102,0.9860819284360267
single_support,artifactbench,music8k,heartmula,HeartMuLa,hybrid_rvq_flow,False,False,989,1102,0.9393299066501022
single_support,artifactbench,music8k,minimax_2.6,MiniMax,hybrid_rvq_flow,False,False,304,1102,0.6418443738656987
single_support,artifactbench,music8k,mureka_v9,Mureka,continuous_vae,False,True,662,1102,0.43263826824066104
single_support,artifactbench,music8k,suno_v5.5,Suno,unknown_proprietary,True,True,330,1102,0.9193449925754826
single_support,artifactbench,music8k,sunov5_new,Suno,unknown_proprietary,True,True,340,1102,0.8100138785096616
single_support,echoes,artifactbench,DiffRhythm,DiffRhythm,continuous_vae,True,True,100,864,0.9969444444444444
single_support,echoes,artifactbench,Google Chirp v2 XXL,Suno,unknown_proprietary,True,True,80,864,0.993041087962963
single_support,echoes,artifactbench,Google Chirp v3,Suno,unknown_proprietary,True,True,80,864,0.9705873842592593
single_support,echoes,artifactbench,Google Chirp v3.5,Suno,unknown_proprietary,True,True,80,864,0.956857638888889
single_support,echoes,artifactbench,MusicGen Large,MusicGen,rvq_encodec,False,False,30,864,0.927854938271605
single_support,echoes,artifactbench,MusicGen Medium,MusicGen,rvq_encodec,False,False,30,864,0.9474151234567901
single_support,echoes,artifactbench,MusicGen Small,MusicGen,rvq_encodec,False,False,30,864,0.8994598765432098
single_support,echoes,artifactbench,Riffusion,Riffusion,griffin_lim,True,False,100,864,0.9173726851851851
single_support,echoes,artifactbench,Riffusion (AIME),Riffusion,griffin_lim,True,False,30,864,0.8839506172839506
single_support,echoes,artifactbench,Stable Audio v1,StableAudio,continuous_vae,True,True,50,864,0.975625
single_support,echoes,artifactbench,Stable Audio v2,StableAudio,continuous_vae,True,True,50,864,0.9912268518518519
single_support,echoes,artifactbench,Suno (mixed),Suno,unknown_proprietary,True,True,80,864,0.9570167824074075
single_support,echoes,artifactbench,Suno v3,Suno,unknown_proprietary,True,True,30,864,0.9940586419753086
single_support,echoes,artifactbench,Suno v3.5,Suno,unknown_proprietary,True,True,30,864,0.9818672839506173
single_support,echoes,artifactbench,Suno v4,Suno,unknown_proprietary,True,True,100,864,0.9076041666666668
single_support,echoes,artifactbench,Udio,Udio,unknown_proprietary,True,True,100,864,0.5847453703703703
single_support,echoes,artifactbench,Udio (AIME),Udio,unknown_proprietary,True,True,30,864,0.7210648148148148
single_support,echoes,artifactbench,Udio (SONICS 120s),Udio,unknown_proprietary,True,True,80,864,0.5148726851851851
single_support,echoes,artifactbench,Udio (SONICS 30s),Udio-32,unknown_proprietary,False,True,80,864,0.4534866898148148
single_support,echoes,artifactbench,Udio (mixed),Udio,unknown_proprietary,True,True,80,864,0.586009837962963
single_support,echoes,artifactbench,Udio CDN,Udio,unknown_proprietary,True,True,18,864,0.6168338477366254
single_support,echoes,artifactbench,Udio CDN Latest,Udio,unknown_proprietary,True,True,17,864,0.5519471677559913
single_support,echoes,artifactbench,Yue,Yue,rvq_xcodec,False,True,100,864,0.9280555555555556
single_support,echoes,fakemusiccaps,MusicGen_medium,MusicGen,rvq_encodec,False,False,1104,1102,0.9443756740051027
single_support,echoes,fakemusiccaps,audioldm2,AudioLDM,mel_vae_hifigan,True,True,1104,1102,0.9922415437018334
single_support,echoes,fakemusiccaps,musicldm,MusicLDM,mel_vae_hifigan,False,True,1104,1102,0.7830065230542623
single_support,echoes,fakemusiccaps,mustango,Mustango,mel_vae_hifigan,False,True,1104,1102,0.999422163918041
single_support,echoes,fakemusiccaps,stable_audio_open,StableAudio,continuous_vae,True,True,1104,1102,0.9686217746389963
single_support,echoes,sonics,chirp-v2-xxl-alpha,Suno,unknown_proprietary,True,True,1759,6882,0.9896179716917306
single_support,echoes,sonics,chirp-v3,Suno,unknown_proprietary,True,True,3637,6882,0.9650273749318514
single_support,echoes,sonics,chirp-v3.5,Suno,unknown_proprietary,True,True,1590,6882,0.9627438454888243
single_support,echoes,sonics,udio-120s,Udio,unknown_proprietary,True,True,1619,6882,0.5309973345797928
single_support,echoes,sonics,udio-30s,Udio-32,unknown_proprietary,False,True,4173,6882,0.5234542188114693
single_support,echoes,music8k,acestep1.5,AceStep,continuous_vae,True,True,989,1102,0.9941011746268849
single_support,echoes,music8k,heartmula,HeartMuLa,hybrid_rvq_flow,False,False,989,1102,0.9518074500081661
single_support,echoes,music8k,minimax_2.6,MiniMax,hybrid_rvq_flow,False,False,304,1102,0.6726257283408157
single_support,echoes,music8k,mureka_v9,Mureka,continuous_vae,False,True,662,1102,0.45660183900735274
single_support,echoes,music8k,suno_v5.5,Suno,unknown_proprietary,True,True,330,1102,0.9781966672166309
single_support,echoes,music8k,sunov5_new,Suno,unknown_proprietary,True,True,340,1102,0.9245516173801644
single_support,fakemusiccaps,artifactbench,DiffRhythm,DiffRhythm,continuous_vae,False,True,100,864,0.9898148148148148
single_support,fakemusiccaps,artifactbench,Google Chirp v2 XXL,Suno,unknown_proprietary,False,False,80,864,0.9893663194444444
single_support,fakemusiccaps,artifactbench,Google Chirp v3,Suno,unknown_proprietary,False,False,80,864,0.9860243055555555
single_support,fakemusiccaps,artifactbench,Google Chirp v3.5,Suno,unknown_proprietary,False,False,80,864,0.9794126157407408
single_support,fakemusiccaps,artifactbench,MusicGen Large,MusicGen,rvq_encodec,True,True,30,864,0.9999614197530864
single_support,fakemusiccaps,artifactbench,MusicGen Medium,MusicGen,rvq_encodec,True,True,30,864,0.9999228395061728
single_support,fakemusiccaps,artifactbench,MusicGen Small,MusicGen,rvq_encodec,True,True,30,864,1.0
single_support,fakemusiccaps,artifactbench,Riffusion,Riffusion,griffin_lim,False,False,100,864,0.9065393518518517
single_support,fakemusiccaps,artifactbench,Riffusion (AIME),Riffusion,griffin_lim,False,False,30,864,0.7965663580246913
single_support,fakemusiccaps,artifactbench,Stable Audio v1,StableAudio,continuous_vae,True,True,50,864,0.9628009259259259
single_support,fakemusiccaps,artifactbench,Stable Audio v2,StableAudio,continuous_vae,True,True,50,864,0.9778935185185185
single_support,fakemusiccaps,artifactbench,Suno (mixed),Suno,unknown_proprietary,False,False,80,864,0.8818287037037037
single_support,fakemusiccaps,artifactbench,Suno v3,Suno,unknown_proprietary,False,False,30,864,0.9981095679012346
single_support,fakemusiccaps,artifactbench,Suno v3.5,Suno,unknown_proprietary,False,False,30,864,0.9898148148148148
single_support,fakemusiccaps,artifactbench,Suno v4,Suno,unknown_proprietary,False,False,100,864,0.8318865740740741
single_support,fakemusiccaps,artifactbench,Udio,Udio,unknown_proprietary,False,False,100,864,0.457326388888889
single_support,fakemusiccaps,artifactbench,Udio (AIME),Udio,unknown_proprietary,False,False,30,864,0.47611882716049386
single_support,fakemusiccaps,artifactbench,Udio (SONICS 120s),Udio,unknown_proprietary,False,False,80,864,0.40345775462962963
single_support,fakemusiccaps,artifactbench,Udio (SONICS 30s),Udio-32,unknown_proprietary,False,False,80,864,0.4364728009259259
single_support,fakemusiccaps,artifactbench,Udio (mixed),Udio,unknown_proprietary,False,False,80,864,0.4513888888888889
single_support,fakemusiccaps,artifactbench,Udio CDN,Udio,unknown_proprietary,False,False,18,864,0.4146090534979424
single_support,fakemusiccaps,artifactbench,Udio CDN Latest,Udio,unknown_proprietary,False,False,17,864,0.37969771241830064
single_support,fakemusiccaps,artifactbench,Yue,Yue,rvq_xcodec,False,False,100,864,0.9657638888888889
single_support,fakemusiccaps,echoes,acestep,AceStep,mel_vae_hifigan,False,True,57,59,0.9979185251263752
single_support,fakemusiccaps,echoes,audioldm,AudioLDM,mel_vae_hifigan,True,True,115,59,1.0
single_support,fakemusiccaps,echoes,brev,Brev,unknown_proprietary,False,False,68,59,0.8339980059820539
single_support,fakemusiccaps,echoes,diffrhythm,DiffRhythm,continuous_vae,False,True,120,59,0.9846045197740113
single_support,fakemusiccaps,echoes,mubert,Mubert,non_neural,False,False,32,59,0.423728813559322
single_support,fakemusiccaps,echoes,producer,Riffusion,unknown_proprietary,False,False,68,59,0.8771186440677966
single_support,fakemusiccaps,echoes,songgen,SongGen,rvq_xcodec,False,False,111,59,0.8656283402046114
single_support,fakemusiccaps,echoes,stableaudio,StableAudio,continuous_vae,True,True,35,59,0.4871670702179177
single_support,fakemusiccaps,echoes,suno,Suno,unknown_proprietary,False,False,68,59,0.7308075772681955
single_support,fakemusiccaps,echoes,udio,Udio,unknown_proprietary,False,False,68,59,0.35892323030907275
single_support,fakemusiccaps,sonics,chirp-v2-xxl-alpha,Suno,unknown_proprietary,False,False,1759,6882,0.9870954689950088
single_support,fakemusiccaps,sonics,chirp-v3,Suno,unknown_proprietary,False,False,3637,6882,0.9890300910505441
single_support,fakemusiccaps,sonics,chirp-v3.5,Suno,unknown_proprietary,False,False,1590,6882,0.9757806802542044
single_support,fakemusiccaps,sonics,udio-120s,Udio,unknown_proprietary,False,False,1619,6882,0.449666387182576
single_support,fakemusiccaps,sonics,udio-30s,Udio-32,unknown_proprietary,False,False,4173,6882,0.46829796912703153
single_support,fakemusiccaps,music8k,acestep1.5,AceStep,continuous_vae,False,True,989,1102,0.991594472041825
single_support,fakemusiccaps,music8k,heartmula,HeartMuLa,hybrid_rvq_flow,False,False,989,1102,0.9711655800006973
single_support,fakemusiccaps,music8k,minimax_2.6,MiniMax,hybrid_rvq_flow,False,False,304,1102,0.6556380743146433
single_support,fakemusiccaps,music8k,mureka_v9,Mureka,continuous_vae,False,True,662,1102,0.47245738317039604
single_support,fakemusiccaps,music8k,suno_v5.5,Suno,unknown_proprietary,False,False,330,1102,0.9717235879667822
single_support,fakemusiccaps,music8k,sunov5_new,Suno,unknown_proprietary,False,False,340,1102,0.8339729902850433
single_support,sonics,artifactbench,DiffRhythm,DiffRhythm,continuous_vae,False,False,100,672,0.7456994047619048
single_support,sonics,artifactbench,Google Chirp v2 XXL,Suno,unknown_proprietary,True,True,80,672,0.9966145833333333
single_support,sonics,artifactbench,Google Chirp v3,Suno,unknown_proprietary,True,True,80,672,0.9999069940476191
single_support,sonics,artifactbench,Google Chirp v3.5,Suno,unknown_proprietary,True,True,6,672,1.0
single_support,sonics,artifactbench,MusicGen Large,MusicGen,rvq_encodec,False,False,30,672,0.9339781746031746
single_support,sonics,artifactbench,MusicGen Medium,MusicGen,rvq_encodec,False,False,30,672,0.9577380952380952
single_support,sonics,artifactbench,MusicGen Small,MusicGen,rvq_encodec,False,False,30,672,0.8992559523809525
single_support,sonics,artifactbench,Riffusion,Riffusion,griffin_lim,False,False,100,672,0.5905357142857143
single_support,sonics,artifactbench,Riffusion (AIME),Riffusion,griffin_lim,False,False,30,672,0.8791170634920635
single_support,sonics,artifactbench,Stable Audio v1,StableAudio,continuous_vae,False,False,50,672,0.8723511904761905
single_support,sonics,artifactbench,Stable Audio v2,StableAudio,continuous_vae,False,False,50,672,0.7999404761904761
single_support,sonics,artifactbench,Suno (mixed),Suno,unknown_proprietary,True,True,80,672,0.8831659226190476
single_support,sonics,artifactbench,Suno v3,Suno,unknown_proprietary,True,True,30,672,1.0
single_support,sonics,artifactbench,Suno v3.5,Suno,unknown_proprietary,True,True,30,672,0.9996031746031746
single_support,sonics,artifactbench,Suno v4,Suno,unknown_proprietary,True,True,100,672,0.8131845238095239
single_support,sonics,artifactbench,Udio,Udio,unknown_proprietary,True,True,100,672,0.9983779761904762
single_support,sonics,artifactbench,Udio (AIME),Udio,unknown_proprietary,True,True,30,672,0.9919146825396825
single_support,sonics,artifactbench,Udio (SONICS 120s),Udio,unknown_proprietary,True,True,8,672,1.0
single_support,sonics,artifactbench,Udio (SONICS 30s),Udio-32,unknown_proprietary,False,True,80,672,0.9917596726190476
single_support,sonics,artifactbench,Udio (mixed),Udio,unknown_proprietary,True,True,80,672,0.9812686011904761
single_support,sonics,artifactbench,Udio CDN,Udio,unknown_proprietary,True,True,18,672,0.980489417989418
single_support,sonics,artifactbench,Udio CDN Latest,Udio,unknown_proprietary,True,True,17,672,0.9769782913165266
single_support,sonics,artifactbench,Yue,Yue,rvq_xcodec,False,False,100,672,0.995
single_support,sonics,echoes,acestep,AceStep,mel_vae_hifigan,False,False,57,59,0.7977995837050251
single_support,sonics,echoes,audioldm,AudioLDM,mel_vae_hifigan,False,False,115,59,0.7954310980103169
single_support,sonics,echoes,brev,Brev,unknown_proprietary,False,True,68,59,0.8083250249252244
single_support,sonics,echoes,diffrhythm,DiffRhythm,continuous_vae,False,False,120,59,0.6781073446327684
single_support,sonics,echoes,mubert,Mubert,non_neural,False,False,32,59,0.4666313559322034
single_support,sonics,echoes,producer,Riffusion,unknown_proprietary,False,True,68,59,0.5844965104685942
single_support,sonics,echoes,songgen,SongGen,rvq_xcodec,False,False,111,59,0.8076042143838753
single_support,sonics,echoes,stableaudio,StableAudio,continuous_vae,False,False,35,59,0.5777239709443098
single_support,sonics,echoes,suno,Suno,unknown_proprietary,True,True,68,59,0.6916749750747756
single_support,sonics,echoes,udio,Udio,unknown_proprietary,True,True,68,59,0.979062811565304
single_support,sonics,fakemusiccaps,MusicGen_medium,MusicGen,rvq_encodec,False,False,1104,1102,0.9157468962886978
single_support,sonics,fakemusiccaps,audioldm2,AudioLDM,mel_vae_hifigan,False,False,1104,1102,0.8112682967726663
single_support,sonics,fakemusiccaps,musicldm,MusicLDM,mel_vae_hifigan,False,False,1104,1102,0.7596563560325101
single_support,sonics,fakemusiccaps,mustango,Mustango,mel_vae_hifigan,False,False,1104,1102,0.9513828612009784
single_support,sonics,fakemusiccaps,stable_audio_open,StableAudio,continuous_vae,False,False,1104,1102,0.7510553933559536
single_support,sonics,music8k,acestep1.5,AceStep,continuous_vae,False,False,989,1102,0.9746246827626577
single_support,sonics,music8k,heartmula,HeartMuLa,hybrid_rvq_flow,False,False,989,1102,0.9153419006531006
single_support,sonics,music8k,minimax_2.6,MiniMax,hybrid_rvq_flow,False,False,304,1102,0.45603090075460884
single_support,sonics,music8k,mureka_v9,Mureka,continuous_vae,False,False,662,1102,0.33979142564192544
single_support,sonics,music8k,suno_v5.5,Suno,unknown_proprietary,True,True,330,1102,0.9358301710388826
single_support,sonics,music8k,sunov5_new,Suno,unknown_proprietary,True,True,340,1102,0.7240578627095121
fingerprint,artifactbench,echoes,acestep,AceStep,mel_vae_hifigan,False,False,57,59,0.8102884329467737
fingerprint,artifactbench,echoes,audioldm,AudioLDM,mel_vae_hifigan,False,False,115,59,0.9459100957995579
fingerprint,artifactbench,echoes,brev,Brev,unknown_proprietary,False,True,68,59,0.755234297108674
fingerprint,artifactbench,echoes,diffrhythm,DiffRhythm,continuous_vae,True,True,120,59,0.902683615819209
fingerprint,artifactbench,echoes,mubert,Mubert,non_neural,False,False,32,59,0.4120762711864407
fingerprint,artifactbench,echoes,producer,Riffusion,unknown_proprietary,True,True,68,59,0.8320039880358924
fingerprint,artifactbench,echoes,songgen,SongGen,rvq_xcodec,False,True,111,59,0.9447243854023515
fingerprint,artifactbench,echoes,stableaudio,StableAudio,continuous_vae,True,True,35,59,0.5346246973365617
fingerprint,artifactbench,echoes,suno,Suno,unknown_proprietary,True,True,68,59,0.7833998005982055
fingerprint,artifactbench,echoes,udio,Udio,unknown_proprietary,True,True,68,59,0.5994516450648055
fingerprint,artifactbench,fakemusiccaps,MusicGen_medium,MusicGen,rvq_encodec,True,True,1104,1102,0.9443510152818329
fingerprint,artifactbench,fakemusiccaps,audioldm2,AudioLDM,mel_vae_hifigan,False,False,1104,1102,0.8315036560667034
fingerprint,artifactbench,fakemusiccaps,musicldm,MusicLDM,mel_vae_hifigan,False,False,1104,1102,0.8176799758015729
fingerprint,artifactbench,fakemusiccaps,mustango,Mustango,mel_vae_hifigan,False,False,1104,1102,0.8727420829059154
fingerprint,artifactbench,fakemusiccaps,stable_audio_open,StableAudio,continuous_vae,True,True,1104,1102,0.8905021173623714
fingerprint,artifactbench,sonics,chirp-v2-xxl-alpha,Suno,unknown_proprietary,True,True,1759,6882,0.9794932657537876
fingerprint,artifactbench,sonics,chirp-v3,Suno,unknown_proprietary,True,True,3637,6882,0.9846818800316456
fingerprint,artifactbench,sonics,chirp-v3.5,Suno,unknown_proprietary,True,True,1590,6882,0.9813781828084932
fingerprint,artifactbench,sonics,udio-120s,Udio,unknown_proprietary,True,True,1619,6882,0.9278535244882453
fingerprint,artifactbench,sonics,udio-30s,Udio-32,unknown_proprietary,True,True,4173,6882,0.9290114074557849
fingerprint,artifactbench,music8k,acestep1.5,AceStep,continuous_vae,False,True,989,1102,0.857365686801642
fingerprint,artifactbench,music8k,heartmula,HeartMuLa,hybrid_rvq_flow,False,False,989,1102,0.8859789811336681
fingerprint,artifactbench,music8k,minimax_2.6,MiniMax,hybrid_rvq_flow,False,False,304,1102,0.541607961600917
fingerprint,artifactbench,music8k,mureka_v9,Mureka,continuous_vae,False,True,662,1102,0.4746876045202077
fingerprint,artifactbench,music8k,suno_v5.5,Suno,unknown_proprietary,True,True,330,1102,0.8791261068030578
fingerprint,artifactbench,music8k,sunov5_new,Suno,unknown_proprietary,True,True,340,1102,0.728832603821928
fingerprint,echoes,artifactbench,DiffRhythm,DiffRhythm,continuous_vae,True,True,100,864,0.897523148148148
fingerprint,echoes,artifactbench,Google Chirp v2 XXL,Suno,unknown_proprietary,True,True,80,864,0.9687789351851852
fingerprint,echoes,artifactbench,Google Chirp v3,Suno,unknown_proprietary,True,True,80,864,0.9789641203703704
fingerprint,echoes,artifactbench,Google Chirp v3.5,Suno,unknown_proprietary,True,True,80,864,0.9574797453703704
fingerprint,echoes,artifactbench,MusicGen Large,MusicGen,rvq_encodec,False,False,30,864,0.7653163580246913
fingerprint,echoes,artifactbench,MusicGen Medium,MusicGen,rvq_encodec,False,False,30,864,0.8075231481481482
fingerprint,echoes,artifactbench,MusicGen Small,MusicGen,rvq_encodec,False,False,30,864,0.8133487654320988
fingerprint,echoes,artifactbench,Riffusion,Riffusion,griffin_lim,True,False,100,864,0.7635069444444443
fingerprint,echoes,artifactbench,Riffusion (AIME),Riffusion,griffin_lim,True,False,30,864,0.6904706790123456
fingerprint,echoes,artifactbench,Stable Audio v1,StableAudio,continuous_vae,True,True,50,864,0.8571990740740741
fingerprint,echoes,artifactbench,Stable Audio v2,StableAudio,continuous_vae,True,True,50,864,0.9000925925925926
fingerprint,echoes,artifactbench,Suno (mixed),Suno,unknown_proprietary,True,True,80,864,0.8535445601851851
fingerprint,echoes,artifactbench,Suno v3,Suno,unknown_proprietary,True,True,30,864,0.9376929012345679
fingerprint,echoes,artifactbench,Suno v3.5,Suno,unknown_proprietary,True,True,30,864,0.9571373456790124
fingerprint,echoes,artifactbench,Suno v4,Suno,unknown_proprietary,True,True,100,864,0.7990509259259259
fingerprint,echoes,artifactbench,Udio,Udio,unknown_proprietary,True,True,100,864,0.6627199074074075
fingerprint,echoes,artifactbench,Udio (AIME),Udio,unknown_proprietary,True,True,30,864,0.6935185185185185
fingerprint,echoes,artifactbench,Udio (SONICS 120s),Udio,unknown_proprietary,True,True,80,864,0.8600549768518518
fingerprint,echoes,artifactbench,Udio (SONICS 30s),Udio-32,unknown_proprietary,False,True,80,864,0.8918402777777777
fingerprint,echoes,artifactbench,Udio (mixed),Udio,unknown_proprietary,True,True,80,864,0.5898871527777777
fingerprint,echoes,artifactbench,Udio CDN,Udio,unknown_proprietary,True,True,18,864,0.6102752057613169
fingerprint,echoes,artifactbench,Udio CDN Latest,Udio,unknown_proprietary,True,True,17,864,0.6708877995642701
fingerprint,echoes,artifactbench,Yue,Yue,rvq_xcodec,False,True,100,864,0.8938078703703702
fingerprint,echoes,fakemusiccaps,MusicGen_medium,MusicGen,rvq_encodec,False,False,1104,1102,0.8468652187064363
fingerprint,echoes,fakemusiccaps,audioldm2,AudioLDM,mel_vae_hifigan,True,True,1104,1102,0.8082348628317421
fingerprint,echoes,fakemusiccaps,musicldm,MusicLDM,mel_vae_hifigan,False,True,1104,1102,0.790670454246561
fingerprint,echoes,fakemusiccaps,mustango,Mustango,mel_vae_hifigan,False,True,1104,1102,0.8546598411320656
fingerprint,echoes,fakemusiccaps,stable_audio_open,StableAudio,continuous_vae,True,True,1104,1102,0.8715370932954576
fingerprint,echoes,sonics,chirp-v2-xxl-alpha,Suno,unknown_proprietary,True,True,1759,6882,0.9658366760459225
fingerprint,echoes,sonics,chirp-v3,Suno,unknown_proprietary,True,True,3637,6882,0.973296986308419
fingerprint,echoes,sonics,chirp-v3.5,Suno,unknown_proprietary,True,True,1590,6882,0.9744121479970537
fingerprint,echoes,sonics,udio-120s,Udio,unknown_proprietary,True,True,1619,6882,0.8649468971252628
fingerprint,echoes,sonics,udio-30s,Udio-32,unknown_proprietary,False,True,4173,6882,0.8541795546619182
fingerprint,echoes,music8k,acestep1.5,AceStep,continuous_vae,True,True,989,1102,0.7964799729878023
fingerprint,echoes,music8k,heartmula,HeartMuLa,hybrid_rvq_flow,False,False,989,1102,0.7360502735168524
fingerprint,echoes,music8k,minimax_2.6,MiniMax,hybrid_rvq_flow,False,False,304,1102,0.6964818750597
fingerprint,echoes,music8k,mureka_v9,Mureka,continuous_vae,False,True,662,1102,0.553253902544673
fingerprint,echoes,music8k,suno_v5.5,Suno,unknown_proprietary,True,True,330,1102,0.8861711488753231
fingerprint,echoes,music8k,sunov5_new,Suno,unknown_proprietary,True,True,340,1102,0.798638838475499
fingerprint,fakemusiccaps,artifactbench,DiffRhythm,DiffRhythm,continuous_vae,False,True,100,864,0.9855787037037037
fingerprint,fakemusiccaps,artifactbench,Google Chirp v2 XXL,Suno,unknown_proprietary,False,False,80,864,0.989525462962963
fingerprint,fakemusiccaps,artifactbench,Google Chirp v3,Suno,unknown_proprietary,False,False,80,864,0.9830873842592593
fingerprint,fakemusiccaps,artifactbench,Google Chirp v3.5,Suno,unknown_proprietary,False,False,80,864,0.9858506944444444
fingerprint,fakemusiccaps,artifactbench,MusicGen Large,MusicGen,rvq_encodec,True,True,30,864,0.9972608024691358
fingerprint,fakemusiccaps,artifactbench,MusicGen Medium,MusicGen,rvq_encodec,True,True,30,864,1.0
fingerprint,fakemusiccaps,artifactbench,MusicGen Small,MusicGen,rvq_encodec,True,True,30,864,0.9998070987654321
fingerprint,fakemusiccaps,artifactbench,Riffusion,Riffusion,griffin_lim,False,False,100,864,0.8924884259259259
fingerprint,fakemusiccaps,artifactbench,Riffusion (AIME),Riffusion,griffin_lim,False,False,30,864,0.628125
fingerprint,fakemusiccaps,artifactbench,Stable Audio v1,StableAudio,continuous_vae,True,True,50,864,0.9756712962962963
fingerprint,fakemusiccaps,artifactbench,Stable Audio v2,StableAudio,continuous_vae,True,True,50,864,0.9935879629629629
fingerprint,fakemusiccaps,artifactbench,Suno (mixed),Suno,unknown_proprietary,False,False,80,864,0.93359375
fingerprint,fakemusiccaps,artifactbench,Suno v3,Suno,unknown_proprietary,False,False,30,864,0.9981481481481482
fingerprint,fakemusiccaps,artifactbench,Suno v3.5,Suno,unknown_proprietary,False,False,30,864,0.9718364197530864
fingerprint,fakemusiccaps,artifactbench,Suno v4,Suno,unknown_proprietary,False,False,100,864,0.8986689814814813
fingerprint,fakemusiccaps,artifactbench,Udio,Udio,unknown_proprietary,False,False,100,864,0.5224074074074074
fingerprint,fakemusiccaps,artifactbench,Udio (AIME),Udio,unknown_proprietary,False,False,30,864,0.5097993827160494
fingerprint,fakemusiccaps,artifactbench,Udio (SONICS 120s),Udio,unknown_proprietary,False,False,80,864,0.5027922453703704
fingerprint,fakemusiccaps,artifactbench,Udio (SONICS 30s),Udio-32,unknown_proprietary,False,False,80,864,0.5364149305555556
fingerprint,fakemusiccaps,artifactbench,Udio (mixed),Udio,unknown_proprietary,False,False,80,864,0.55078125
fingerprint,fakemusiccaps,artifactbench,Udio CDN,Udio,unknown_proprietary,False,False,18,864,0.4493312757201646
fingerprint,fakemusiccaps,artifactbench,Udio CDN Latest,Udio,unknown_proprietary,False,False,17,864,0.6575435729847494
fingerprint,fakemusiccaps,artifactbench,Yue,Yue,rvq_xcodec,False,False,100,864,0.9935532407407407
fingerprint,fakemusiccaps,echoes,acestep,AceStep,mel_vae_hifigan,False,True,57,59,0.9815640796907523
fingerprint,fakemusiccaps,echoes,audioldm,AudioLDM,mel_vae_hifigan,True,True,115,59,0.9946941783345615
fingerprint,fakemusiccaps,echoes,brev,Brev,unknown_proprietary,False,False,68,59,0.9130109670987039
fingerprint,fakemusiccaps,echoes,diffrhythm,DiffRhythm,continuous_vae,False,True,120,59,0.9956214689265537
fingerprint,fakemusiccaps,echoes,mubert,Mubert,non_neural,False,False,32,59,0.5651483050847458
fingerprint,fakemusiccaps,echoes,producer,Riffusion,unknown_proprietary,False,False,68,59,0.9364406779661016
fingerprint,fakemusiccaps,echoes,songgen,SongGen,rvq_xcodec,False,False,111,59,0.9648801343716599
fingerprint,fakemusiccaps,echoes,stableaudio,StableAudio,continuous_vae,True,True,35,59,0.8561743341404359
fingerprint,fakemusiccaps,echoes,suno,Suno,unknown_proprietary,False,False,68,59,0.9322033898305085
fingerprint,fakemusiccaps,echoes,udio,Udio,unknown_proprietary,False,False,68,59,0.5633100697906281
fingerprint,fakemusiccaps,sonics,chirp-v2-xxl-alpha,Suno,unknown_proprietary,False,False,1759,6882,0.9847143077350857
fingerprint,fakemusiccaps,sonics,chirp-v3,Suno,unknown_proprietary,False,False,3637,6882,0.9803112557598265
fingerprint,fakemusiccaps,sonics,chirp-v3.5,Suno,unknown_proprietary,False,False,1590,6882,0.9656318826434468
fingerprint,fakemusiccaps,sonics,udio-120s,Udio,unknown_proprietary,False,False,1619,6882,0.5188646376157584
fingerprint,fakemusiccaps,sonics,udio-30s,Udio-32,unknown_proprietary,False,False,4173,6882,0.5156591971484947
fingerprint,fakemusiccaps,music8k,acestep1.5,AceStep,continuous_vae,False,True,989,1102,0.9829632307469276
fingerprint,fakemusiccaps,music8k,heartmula,HeartMuLa,hybrid_rvq_flow,False,False,989,1102,0.9914256458062277
fingerprint,fakemusiccaps,music8k,minimax_2.6,MiniMax,hybrid_rvq_flow,False,False,304,1102,0.7488656987295825
fingerprint,fakemusiccaps,music8k,mureka_v9,Mureka,continuous_vae,False,True,662,1102,0.5231822393780053
fingerprint,fakemusiccaps,music8k,suno_v5.5,Suno,unknown_proprietary,False,False,330,1102,0.9757603255788374
fingerprint,fakemusiccaps,music8k,sunov5_new,Suno,unknown_proprietary,False,False,340,1102,0.8775435037899006
fingerprint,sonics,artifactbench,DiffRhythm,DiffRhythm,continuous_vae,False,False,100,672,0.3538839285714286
fingerprint,sonics,artifactbench,Google Chirp v2 XXL,Suno,unknown_proprietary,True,True,80,672,0.9989769345238095
fingerprint,sonics,artifactbench,Google Chirp v3,Suno,unknown_proprietary,True,True,80,672,0.9994791666666667
fingerprint,sonics,artifactbench,Google Chirp v3.5,Suno,unknown_proprietary,True,True,6,672,0.9997519841269842
fingerprint,sonics,artifactbench,MusicGen Large,MusicGen,rvq_encodec,False,False,30,672,0.4380952380952381
fingerprint,sonics,artifactbench,MusicGen Medium,MusicGen,rvq_encodec,False,False,30,672,0.45590277777777777
fingerprint,sonics,artifactbench,MusicGen Small,MusicGen,rvq_encodec,False,False,30,672,0.4776289682539682
fingerprint,sonics,artifactbench,Riffusion,Riffusion,griffin_lim,False,False,100,672,0.5025744047619047
fingerprint,sonics,artifactbench,Riffusion (AIME),Riffusion,griffin_lim,False,False,30,672,0.8038194444444445
fingerprint,sonics,artifactbench,Stable Audio v1,StableAudio,continuous_vae,False,False,50,672,0.5194345238095238
fingerprint,sonics,artifactbench,Stable Audio v2,StableAudio,continuous_vae,False,False,50,672,0.511875
fingerprint,sonics,artifactbench,Suno (mixed),Suno,unknown_proprietary,True,True,80,672,0.6624813988095238
fingerprint,sonics,artifactbench,Suno v3,Suno,unknown_proprietary,True,True,30,672,0.6362599206349207
fingerprint,sonics,artifactbench,Suno v3.5,Suno,unknown_proprietary,True,True,30,672,0.7384920634920635
fingerprint,sonics,artifactbench,Suno v4,Suno,unknown_proprietary,True,True,100,672,0.6160565476190477
fingerprint,sonics,artifactbench,Udio,Udio,unknown_proprietary,True,True,100,672,0.6857738095238095
fingerprint,sonics,artifactbench,Udio (AIME),Udio,unknown_proprietary,True,True,30,672,0.6888888888888889
fingerprint,sonics,artifactbench,Udio (SONICS 120s),Udio,unknown_proprietary,True,True,8,672,0.9992559523809524
fingerprint,sonics,artifactbench,Udio (SONICS 30s),Udio-32,unknown_proprietary,False,True,80,672,0.9984747023809524
fingerprint,sonics,artifactbench,Udio (mixed),Udio,unknown_proprietary,True,True,80,672,0.7175595238095238
fingerprint,sonics,artifactbench,Udio CDN,Udio,unknown_proprietary,True,True,18,672,0.7005621693121693
fingerprint,sonics,artifactbench,Udio CDN Latest,Udio,unknown_proprietary,True,True,17,672,0.7207633053221288
fingerprint,sonics,artifactbench,Yue,Yue,rvq_xcodec,False,False,100,672,0.7017857142857142
fingerprint,sonics,echoes,acestep,AceStep,mel_vae_hifigan,False,False,57,59,0.6577460600654177
fingerprint,sonics,echoes,audioldm,AudioLDM,mel_vae_hifigan,False,False,115,59,0.9991156963890936
fingerprint,sonics,echoes,brev,Brev,unknown_proprietary,False,True,68,59,0.7574775672981057
fingerprint,sonics,echoes,diffrhythm,DiffRhythm,continuous_vae,False,False,120,59,0.3357344632768361
fingerprint,sonics,echoes,mubert,Mubert,non_neural,False,False,32,59,0.4984110169491526
fingerprint,sonics,echoes,producer,Riffusion,unknown_proprietary,False,True,68,59,0.53938185443669
fingerprint,sonics,echoes,songgen,SongGen,rvq_xcodec,False,False,111,59,0.9987784394564057
fingerprint,sonics,echoes,stableaudio,StableAudio,continuous_vae,False,False,35,59,0.8358353510895884
fingerprint,sonics,echoes,suno,Suno,unknown_proprietary,True,True,68,59,0.7701894317048854
fingerprint,sonics,echoes,udio,Udio,unknown_proprietary,True,True,68,59,0.782901296111665
fingerprint,sonics,fakemusiccaps,MusicGen_medium,MusicGen,rvq_encodec,False,False,1104,1102,0.5563969659906889
fingerprint,sonics,fakemusiccaps,audioldm2,AudioLDM,mel_vae_hifigan,False,False,1104,1102,0.5984894066124832
fingerprint,sonics,fakemusiccaps,musicldm,MusicLDM,mel_vae_hifigan,False,False,1104,1102,0.7419102948525738
fingerprint,sonics,fakemusiccaps,mustango,Mustango,mel_vae_hifigan,False,False,1104,1102,0.7511162182066862
fingerprint,sonics,fakemusiccaps,stable_audio_open,StableAudio,continuous_vae,False,False,1104,1102,0.4109433769957126
fingerprint,sonics,music8k,acestep1.5,AceStep,continuous_vae,False,False,989,1102,0.49947975828487223
fingerprint,sonics,music8k,heartmula,HeartMuLa,hybrid_rvq_flow,False,False,989,1102,0.6923912584711317
fingerprint,sonics,music8k,minimax_2.6,MiniMax,hybrid_rvq_flow,False,False,304,1102,0.6026154599293152
fingerprint,sonics,music8k,mureka_v9,Mureka,continuous_vae,False,False,662,1102,0.5898613342398604
fingerprint,sonics,music8k,suno_v5.5,Suno,unknown_proprietary,True,True,330,1102,0.6248666336688116
fingerprint,sonics,music8k,sunov5_new,Suno,unknown_proprietary,True,True,340,1102,0.6281199957296894
trajectory,artifactbench,echoes,acestep,AceStep,mel_vae_hifigan,False,False,57,59,0.9848349687778768
trajectory,artifactbench,echoes,audioldm,AudioLDM,mel_vae_hifigan,False,False,115,59,0.9709653647752394
trajectory,artifactbench,echoes,brev,Brev,unknown_proprietary,False,True,68,59,0.8885842472582253
trajectory,artifactbench,echoes,diffrhythm,DiffRhythm,continuous_vae,True,True,120,59,0.9645480225988701
trajectory,artifactbench,echoes,mubert,Mubert,non_neural,False,False,32,59,0.6324152542372882
trajectory,artifactbench,echoes,producer,Riffusion,unknown_proprietary,True,True,68,59,0.9808075772681955
trajectory,artifactbench,echoes,songgen,SongGen,rvq_xcodec,False,True,111,59,0.9906856008550924
trajectory,artifactbench,echoes,stableaudio,StableAudio,continuous_vae,True,True,35,59,0.9254237288135594
trajectory,artifactbench,echoes,suno,Suno,unknown_proprietary,True,True,68,59,0.8718843469591226
trajectory,artifactbench,echoes,udio,Udio,unknown_proprietary,True,True,68,59,0.8322532402791625
trajectory,artifactbench,fakemusiccaps,MusicGen_medium,MusicGen,rvq_encodec,True,True,1104,1102,0.9181971514242878
trajectory,artifactbench,fakemusiccaps,audioldm2,AudioLDM,mel_vae_hifigan,False,False,1104,1102,0.825644743417765
trajectory,artifactbench,fakemusiccaps,musicldm,MusicLDM,mel_vae_hifigan,False,False,1104,1102,0.7851863541913253
trajectory,artifactbench,fakemusiccaps,mustango,Mustango,mel_vae_hifigan,False,False,1104,1102,0.8787374404902811
trajectory,artifactbench,fakemusiccaps,stable_audio_open,StableAudio,continuous_vae,True,True,1104,1102,0.8896439937925774
trajectory,artifactbench,sonics,chirp-v2-xxl-alpha,Suno,unknown_proprietary,True,True,1759,6882,0.9872521754272748
trajectory,artifactbench,sonics,chirp-v3,Suno,unknown_proprietary,True,True,3637,6882,0.9898600605980845
trajectory,artifactbench,sonics,chirp-v3.5,Suno,unknown_proprietary,True,True,1590,6882,0.9836575772363964
trajectory,artifactbench,sonics,udio-120s,Udio,unknown_proprietary,True,True,1619,6882,0.911709414090414
trajectory,artifactbench,sonics,udio-30s,Udio-32,unknown_proprietary,True,True,4173,6882,0.9097037716271963
trajectory,artifactbench,music8k,acestep1.5,AceStep,continuous_vae,False,True,989,1102,0.8380708666474597
trajectory,artifactbench,music8k,heartmula,HeartMuLa,hybrid_rvq_flow,False,False,989,1102,0.8718535469107551
trajectory,artifactbench,music8k,minimax_2.6,MiniMax,hybrid_rvq_flow,False,False,304,1102,0.7619071783360398
trajectory,artifactbench,music8k,mureka_v9,Mureka,continuous_vae,False,True,662,1102,0.7386926269732045
trajectory,artifactbench,music8k,suno_v5.5,Suno,unknown_proprietary,True,True,330,1102,0.8396854204476709
trajectory,artifactbench,music8k,sunov5_new,Suno,unknown_proprietary,True,True,340,1102,0.7363643642574997
trajectory,echoes,artifactbench,DiffRhythm,DiffRhythm,continuous_vae,True,True,100,862,0.9349303944315546
trajectory,echoes,artifactbench,Google Chirp v2 XXL,Suno,unknown_proprietary,True,True,80,862,0.9925174013921113
trajectory,echoes,artifactbench,Google Chirp v3,Suno,unknown_proprietary,True,True,80,862,0.991719837587007
trajectory,echoes,artifactbench,Google Chirp v3.5,Suno,unknown_proprietary,True,True,80,862,0.9816560324825985
trajectory,echoes,artifactbench,MusicGen Large,MusicGen,rvq_encodec,False,False,30,862,0.9797370456303172
trajectory,echoes,artifactbench,MusicGen Medium,MusicGen,rvq_encodec,False,False,30,862,0.8697215777262182
trajectory,echoes,artifactbench,MusicGen Small,MusicGen,rvq_encodec,False,False,30,862,0.9645784996133023
trajectory,echoes,artifactbench,Riffusion,Riffusion,griffin_lim,True,False,100,862,0.9812180974477958
trajectory,echoes,artifactbench,Riffusion (AIME),Riffusion,griffin_lim,True,False,30,862,0.44292343387471
trajectory,echoes,artifactbench,Stable Audio v1,StableAudio,continuous_vae,True,True,50,862,0.9164965197215776
trajectory,echoes,artifactbench,Stable Audio v2,StableAudio,continuous_vae,True,True,50,862,0.918584686774942
trajectory,echoes,artifactbench,Suno (mixed),Suno,unknown_proprietary,True,True,80,862,0.89669373549884
trajectory,echoes,artifactbench,Suno v3,Suno,unknown_proprietary,True,True,30,862,0.9897525135344162
trajectory,echoes,artifactbench,Suno v3.5,Suno,unknown_proprietary,True,True,29,862,0.9769981598527883
trajectory,echoes,artifactbench,Suno v4,Suno,unknown_proprietary,True,True,100,862,0.875046403712297
trajectory,echoes,artifactbench,Udio,Udio,unknown_proprietary,True,True,100,862,0.7858700696055685
trajectory,echoes,artifactbench,Udio (AIME),Udio,unknown_proprietary,True,True,30,862,0.7739365815931941
trajectory,echoes,artifactbench,Udio (SONICS 120s),Udio,unknown_proprietary,True,True,80,862,0.7795823665893271
trajectory,echoes,artifactbench,Udio (SONICS 30s),Udio-32,unknown_proprietary,False,True,80,862,0.8258120649651972
trajectory,echoes,artifactbench,Udio (mixed),Udio,unknown_proprietary,True,True,80,862,0.7004930394431553
trajectory,echoes,artifactbench,Udio CDN,Udio,unknown_proprietary,True,True,18,862,0.8250837844805362
trajectory,echoes,artifactbench,Udio CDN Latest,Udio,unknown_proprietary,True,True,17,862,0.8571038624266413
trajectory,echoes,artifactbench,Yue,Yue,rvq_xcodec,False,True,100,862,0.9734222737819025
trajectory,echoes,fakemusiccaps,MusicGen_medium,MusicGen,rvq_encodec,False,False,1104,1102,0.796679374128725
trajectory,echoes,fakemusiccaps,audioldm2,AudioLDM,mel_vae_hifigan,True,True,1104,1102,0.7483371800941633
trajectory,echoes,fakemusiccaps,musicldm,MusicLDM,mel_vae_hifigan,False,True,1104,1102,0.7117518543359899
trajectory,echoes,fakemusiccaps,mustango,Mustango,mel_vae_hifigan,False,True,1104,1102,0.7123773639496042
trajectory,echoes,fakemusiccaps,stable_audio_open,StableAudio,continuous_vae,True,True,1104,1102,0.8599709191456902
trajectory,echoes,sonics,chirp-v2-xxl-alpha,Suno,unknown_proprietary,True,True,1759,6882,0.9219459056334848
trajectory,echoes,sonics,chirp-v3,Suno,unknown_proprietary,True,True,3637,6882,0.9340717161767833
trajectory,echoes,sonics,chirp-v3.5,Suno,unknown_proprietary,True,True,1590,6882,0.9119699736254817
trajectory,echoes,sonics,udio-120s,Udio,unknown_proprietary,True,True,1619,6882,0.7097641186584979
trajectory,echoes,sonics,udio-30s,Udio-32,unknown_proprietary,False,True,4173,6882,0.7392335750792188
trajectory,echoes,music8k,acestep1.5,AceStep,continuous_vae,True,True,989,1102,0.8188641297466321
trajectory,echoes,music8k,heartmula,HeartMuLa,hybrid_rvq_flow,False,False,989,1102,0.8216369171595351
trajectory,echoes,music8k,minimax_2.6,MiniMax,hybrid_rvq_flow,False,False,304,1102,0.7452687697010222
trajectory,echoes,music8k,mureka_v9,Mureka,continuous_vae,False,True,662,1102,0.7662023456390744
trajectory,echoes,music8k,suno_v5.5,Suno,unknown_proprietary,True,True,330,1102,0.7808694934829237
trajectory,echoes,music8k,sunov5_new,Suno,unknown_proprietary,True,True,340,1102,0.7386836767374826
trajectory,fakemusiccaps,artifactbench,DiffRhythm,DiffRhythm,continuous_vae,False,True,100,862,0.9969489559164733
trajectory,fakemusiccaps,artifactbench,Google Chirp v2 XXL,Suno,unknown_proprietary,False,False,80,862,0.9148491879350348
trajectory,fakemusiccaps,artifactbench,Google Chirp v3,Suno,unknown_proprietary,False,False,80,862,0.8786977958236659
trajectory,fakemusiccaps,artifactbench,Google Chirp v3.5,Suno,unknown_proprietary,False,False,80,862,0.8355858468677494
trajectory,fakemusiccaps,artifactbench,MusicGen Large,MusicGen,rvq_encodec,True,True,30,862,0.9904098994586233
trajectory,fakemusiccaps,artifactbench,MusicGen Medium,MusicGen,rvq_encodec,True,True,30,862,0.9979505027068832
trajectory,fakemusiccaps,artifactbench,MusicGen Small,MusicGen,rvq_encodec,True,True,30,862,0.9866976024748647
trajectory,fakemusiccaps,artifactbench,Riffusion,Riffusion,griffin_lim,False,False,100,862,0.7857308584686775
trajectory,fakemusiccaps,artifactbench,Riffusion (AIME),Riffusion,griffin_lim,False,False,30,862,0.8894044856921888
trajectory,fakemusiccaps,artifactbench,Stable Audio v1,StableAudio,continuous_vae,True,True,50,862,0.9906960556844547
trajectory,fakemusiccaps,artifactbench,Stable Audio v2,StableAudio,continuous_vae,True,True,50,862,0.9841067285382832
trajectory,fakemusiccaps,artifactbench,Suno (mixed),Suno,unknown_proprietary,False,False,80,862,0.7494199535962878
trajectory,fakemusiccaps,artifactbench,Suno v3,Suno,unknown_proprietary,False,False,30,862,0.988553750966744
trajectory,fakemusiccaps,artifactbench,Suno v3.5,Suno,unknown_proprietary,False,False,29,862,0.9757180574445955
trajectory,fakemusiccaps,artifactbench,Suno v4,Suno,unknown_proprietary,False,False,100,862,0.6429118329466358
trajectory,fakemusiccaps,artifactbench,Udio,Udio,unknown_proprietary,False,False,100,862,0.7292691415313224
trajectory,fakemusiccaps,artifactbench,Udio (AIME),Udio,unknown_proprietary,False,False,30,862,0.845707656612529
trajectory,fakemusiccaps,artifactbench,Udio (SONICS 120s),Udio,unknown_proprietary,False,False,80,862,0.7058584686774942
trajectory,fakemusiccaps,artifactbench,Udio (SONICS 30s),Udio-32,unknown_proprietary,False,False,80,862,0.7635875870069606
trajectory,fakemusiccaps,artifactbench,Udio (mixed),Udio,unknown_proprietary,False,False,80,862,0.5730568445475639
trajectory,fakemusiccaps,artifactbench,Udio CDN,Udio,unknown_proprietary,False,False,18,862,0.5737303428718742
trajectory,fakemusiccaps,artifactbench,Udio CDN Latest,Udio,unknown_proprietary,False,False,17,862,0.6604340111914835
trajectory,fakemusiccaps,artifactbench,Yue,Yue,rvq_xcodec,False,False,100,862,0.8936890951276102
trajectory,fakemusiccaps,echoes,acestep,AceStep,mel_vae_hifigan,False,True,57,59,0.9937555753791258
trajectory,fakemusiccaps,echoes,audioldm,AudioLDM,mel_vae_hifigan,True,True,115,59,0.9997052321296979
trajectory,fakemusiccaps,echoes,brev,Brev,unknown_proprietary,False,False,68,59,0.7622133599202393
trajectory,fakemusiccaps,echoes,diffrhythm,DiffRhythm,continuous_vae,False,True,120,59,0.9929378531073447
trajectory,fakemusiccaps,echoes,mubert,Mubert,non_neural,False,False,32,59,0.5932203389830508
trajectory,fakemusiccaps,echoes,producer,Riffusion,unknown_proprietary,False,False,68,59,0.9322033898305085
trajectory,fakemusiccaps,echoes,songgen,SongGen,rvq_xcodec,False,False,111,59,0.9972514887769126
trajectory,fakemusiccaps,echoes,stableaudio,StableAudio,continuous_vae,True,True,35,59,0.9128329297820823
trajectory,fakemusiccaps,echoes,suno,Suno,unknown_proprietary,False,False,68,59,0.6879361914257229
trajectory,fakemusiccaps,echoes,udio,Udio,unknown_proprietary,False,False,68,59,0.6600199401794616
trajectory,fakemusiccaps,sonics,chirp-v2-xxl-alpha,Suno,unknown_proprietary,False,False,1759,6882,0.8966598317219087
trajectory,fakemusiccaps,sonics,chirp-v3,Suno,unknown_proprietary,False,False,3637,6882,0.874347828275649
trajectory,fakemusiccaps,sonics,chirp-v3.5,Suno,unknown_proprietary,False,False,1590,6882,0.8090480315982448
trajectory,fakemusiccaps,sonics,udio-120s,Udio,unknown_proprietary,False,False,1619,6882,0.6555229341198378
trajectory,fakemusiccaps,sonics,udio-30s,Udio-32,unknown_proprietary,False,False,4173,6882,0.7429019659951224
trajectory,fakemusiccaps,music8k,acestep1.5,AceStep,continuous_vae,False,True,989,1102,0.7668280302932989
trajectory,fakemusiccaps,music8k,heartmula,HeartMuLa,hybrid_rvq_flow,False,False,989,1102,0.7348473865882236
trajectory,fakemusiccaps,music8k,minimax_2.6,MiniMax,hybrid_rvq_flow,False,False,304,1102,0.5883650539688604
trajectory,fakemusiccaps,music8k,mureka_v9,Mureka,continuous_vae,False,True,662,1102,0.6033893333187119
trajectory,fakemusiccaps,music8k,suno_v5.5,Suno,unknown_proprietary,False,False,330,1102,0.6401006434581752
trajectory,fakemusiccaps,music8k,sunov5_new,Suno,unknown_proprietary,False,False,340,1102,0.5693498452012384
trajectory,sonics,artifactbench,DiffRhythm,DiffRhythm,continuous_vae,False,False,100,670,0.9873880597014926
trajectory,sonics,artifactbench,Google Chirp v2 XXL,Suno,unknown_proprietary,True,True,80,670,0.9993470149253731
trajectory,sonics,artifactbench,Google Chirp v3,Suno,unknown_proprietary,True,True,80,670,0.9997388059701492
trajectory,sonics,artifactbench,Google Chirp v3.5,Suno,unknown_proprietary,True,True,6,670,0.9987562189054726
trajectory,sonics,artifactbench,MusicGen Large,MusicGen,rvq_encodec,False,False,30,670,0.7682089552238806
trajectory,sonics,artifactbench,MusicGen Medium,MusicGen,rvq_encodec,False,False,30,670,0.7916417910447762
trajectory,sonics,artifactbench,MusicGen Small,MusicGen,rvq_encodec,False,False,30,670,0.8349253731343284
trajectory,sonics,artifactbench,Riffusion,Riffusion,griffin_lim,False,False,100,670,0.8749850746268656
trajectory,sonics,artifactbench,Riffusion (AIME),Riffusion,griffin_lim,False,False,30,670,0.3466169154228856
trajectory,sonics,artifactbench,Stable Audio v1,StableAudio,continuous_vae,False,False,50,670,0.6227462686567163
trajectory,sonics,artifactbench,Stable Audio v2,StableAudio,continuous_vae,False,False,50,670,0.6277611940298508
trajectory,sonics,artifactbench,Suno (mixed),Suno,unknown_proprietary,True,True,80,670,0.6180597014925373
trajectory,sonics,artifactbench,Suno v3,Suno,unknown_proprietary,True,True,30,670,0.9395522388059702
trajectory,sonics,artifactbench,Suno v3.5,Suno,unknown_proprietary,True,True,29,670,0.9816263510036027
trajectory,sonics,artifactbench,Suno v4,Suno,unknown_proprietary,True,True,100,670,0.6864029850746268
trajectory,sonics,artifactbench,Udio,Udio,unknown_proprietary,True,True,100,670,0.867268656716418
trajectory,sonics,artifactbench,Udio (AIME),Udio,unknown_proprietary,True,True,30,670,0.7816915422885572
trajectory,sonics,artifactbench,Udio (SONICS 120s),Udio,unknown_proprietary,True,True,8,670,0.9968283582089552
trajectory,sonics,artifactbench,Udio (SONICS 30s),Udio-32,unknown_proprietary,False,True,80,670,0.9838805970149253
trajectory,sonics,artifactbench,Udio (mixed),Udio,unknown_proprietary,True,True,80,670,0.5574067164179104
trajectory,sonics,artifactbench,Udio CDN,Udio,unknown_proprietary,True,True,18,670,0.5633499170812603
trajectory,sonics,artifactbench,Udio CDN Latest,Udio,unknown_proprietary,True,True,17,670,0.6536435469710272
trajectory,sonics,artifactbench,Yue,Yue,rvq_xcodec,False,False,100,670,0.9614029850746268
trajectory,sonics,echoes,acestep,AceStep,mel_vae_hifigan,False,False,57,59,0.9325007433838834
trajectory,sonics,echoes,audioldm,AudioLDM,mel_vae_hifigan,False,False,115,59,0.987177597641857
trajectory,sonics,echoes,brev,Brev,unknown_proprietary,False,True,68,59,0.7938683948155535
trajectory,sonics,echoes,diffrhythm,DiffRhythm,continuous_vae,False,False,120,59,0.9107344632768362
trajectory,sonics,echoes,mubert,Mubert,non_neural,False,False,32,59,0.43114406779661013
trajectory,sonics,echoes,producer,Riffusion,unknown_proprietary,False,True,68,59,0.884097706879362
trajectory,sonics,echoes,songgen,SongGen,rvq_xcodec,False,False,111,59,0.9900748205832952
trajectory,sonics,echoes,stableaudio,StableAudio,continuous_vae,False,False,35,59,0.8513317191283293
trajectory,sonics,echoes,suno,Suno,unknown_proprietary,True,True,68,59,0.7781655034895314
trajectory,sonics,echoes,udio,Udio,unknown_proprietary,True,True,68,59,0.6358424725822532
trajectory,sonics,fakemusiccaps,MusicGen_medium,MusicGen,rvq_encodec,False,False,1104,1102,0.7833780478181961
trajectory,sonics,fakemusiccaps,audioldm2,AudioLDM,mel_vae_hifigan,False,False,1104,1102,0.7551092874615324
trajectory,sonics,fakemusiccaps,musicldm,MusicLDM,mel_vae_hifigan,False,False,1104,1102,0.7833418816907336
trajectory,sonics,fakemusiccaps,mustango,Mustango,mel_vae_hifigan,False,False,1104,1102,0.8579156145611405
trajectory,sonics,fakemusiccaps,stable_audio_open,StableAudio,continuous_vae,False,False,1104,1102,0.6815284791814619
trajectory,sonics,music8k,acestep1.5,AceStep,continuous_vae,False,False,989,1102,0.6531272307542679
trajectory,sonics,music8k,heartmula,HeartMuLa,hybrid_rvq_flow,False,False,989,1102,0.7788596521812533
trajectory,sonics,music8k,minimax_2.6,MiniMax,hybrid_rvq_flow,False,False,304,1102,0.6760047521253225
trajectory,sonics,music8k,mureka_v9,Mureka,continuous_vae,False,False,662,1102,0.6469040086412511
trajectory,sonics,music8k,suno_v5.5,Suno,unknown_proprietary,True,True,330,1102,0.657911235769675
trajectory,sonics,music8k,sunov5_new,Suno,unknown_proprietary,True,True,340,1102,0.5564054659976514
mean_pooling,artifactbench,echoes,acestep,AceStep,mel_vae_hifigan,False,False,57,59,0.9973238180196254
mean_pooling,artifactbench,echoes,audioldm,AudioLDM,mel_vae_hifigan,False,False,115,59,1.0
mean_pooling,artifactbench,echoes,brev,Brev,unknown_proprietary,False,True,68,59,0.9045363908275175
mean_pooling,artifactbench,echoes,diffrhythm,DiffRhythm,continuous_vae,True,True,120,59,0.9497175141242937
mean_pooling,artifactbench,echoes,mubert,Mubert,non_neural,False,False,32,59,0.7960805084745762
mean_pooling,artifactbench,echoes,producer,Riffusion,unknown_proprietary,True,True,68,59,0.9720837487537388
mean_pooling,artifactbench,echoes,songgen,SongGen,rvq_xcodec,False,True,111,59,1.0
mean_pooling,artifactbench,echoes,stableaudio,StableAudio,continuous_vae,True,True,35,59,0.946731234866828
mean_pooling,artifactbench,echoes,suno,Suno,unknown_proprietary,True,True,68,59,0.9214855433698903
mean_pooling,artifactbench,echoes,udio,Udio,unknown_proprietary,True,True,68,59,0.8501994017946162
mean_pooling,artifactbench,fakemusiccaps,MusicGen_medium,MusicGen,rvq_encodec,True,True,1104,1102,0.95570923419869
mean_pooling,artifactbench,fakemusiccaps,audioldm2,AudioLDM,mel_vae_hifigan,False,False,1104,1102,0.8516395585102186
mean_pooling,artifactbench,fakemusiccaps,musicldm,MusicLDM,mel_vae_hifigan,False,False,1104,1102,0.8899978464715009
mean_pooling,artifactbench,fakemusiccaps,mustango,Mustango,mel_vae_hifigan,False,False,1104,1102,0.8735648623056893
mean_pooling,artifactbench,fakemusiccaps,stable_audio_open,StableAudio,continuous_vae,True,True,1104,1102,0.8876528018885294
mean_pooling,artifactbench,sonics,chirp-v2-xxl-alpha,Suno,unknown_proprietary,True,True,326,2500,0.99999754601227
mean_pooling,artifactbench,sonics,chirp-v3,Suno,unknown_proprietary,True,True,711,2500,1.0
mean_pooling,artifactbench,sonics,chirp-v3.5,Suno,unknown_proprietary,True,True,341,2500,1.0
mean_pooling,artifactbench,sonics,udio-120s,Udio,unknown_proprietary,True,True,324,2500,0.9996895061728395
mean_pooling,artifactbench,sonics,udio-30s,Udio-32,unknown_proprietary,True,True,798,2500,0.9998343358395989
mean_pooling,artifactbench,music8k,acestep1.5,AceStep,continuous_vae,False,True,989,1102,0.9768877801001581
mean_pooling,artifactbench,music8k,heartmula,HeartMuLa,hybrid_rvq_flow,False,False,989,1102,0.8764448864918826
mean_pooling,artifactbench,music8k,minimax_2.6,MiniMax,hybrid_rvq_flow,False,False,304,1102,0.8963174013754897
mean_pooling,artifactbench,music8k,mureka_v9,Mureka,continuous_vae,False,True,662,1102,0.7098450496488121
mean_pooling,artifactbench,music8k,suno_v5.5,Suno,unknown_proprietary,True,True,330,1102,0.9574245174063687
mean_pooling,artifactbench,music8k,sunov5_new,Suno,unknown_proprietary,True,True,340,1102,0.8369341838368741
mean_pooling,echoes,artifactbench,DiffRhythm,DiffRhythm,continuous_vae,True,True,100,864,0.9740451388888889
mean_pooling,echoes,artifactbench,Google Chirp v2 XXL,Suno,unknown_proprietary,True,True,80,864,0.9999710648148148
mean_pooling,echoes,artifactbench,Google Chirp v3,Suno,unknown_proprietary,True,True,80,864,1.0
mean_pooling,echoes,artifactbench,Google Chirp v3.5,Suno,unknown_proprietary,True,True,80,864,1.0
mean_pooling,echoes,artifactbench,MusicGen Large,MusicGen,rvq_encodec,False,False,30,864,0.8347029320987653
mean_pooling,echoes,artifactbench,MusicGen Medium,MusicGen,rvq_encodec,False,False,30,864,0.7804976851851851
mean_pooling,echoes,artifactbench,MusicGen Small,MusicGen,rvq_encodec,False,False,30,864,0.8456597222222222
mean_pooling,echoes,artifactbench,Riffusion,Riffusion,griffin_lim,True,False,100,864,0.9930613425925926
mean_pooling,echoes,artifactbench,Riffusion (AIME),Riffusion,griffin_lim,True,False,30,864,0.8373842592592592
mean_pooling,echoes,artifactbench,Stable Audio v1,StableAudio,continuous_vae,True,True,50,864,0.873912037037037
mean_pooling,echoes,artifactbench,Stable Audio v2,StableAudio,continuous_vae,True,True,50,864,0.9266435185185184
mean_pooling,echoes,artifactbench,Suno (mixed),Suno,unknown_proprietary,True,True,80,864,0.9363570601851852
mean_pooling,echoes,artifactbench,Suno v3,Suno,unknown_proprietary,True,True,30,864,0.9554012345679012
mean_pooling,echoes,artifactbench,Suno v3.5,Suno,unknown_proprietary,True,True,30,864,0.9541087962962963
mean_pooling,echoes,artifactbench,Suno v4,Suno,unknown_proprietary,True,True,100,864,0.876087962962963
mean_pooling,echoes,artifactbench,Udio,Udio,unknown_proprietary,True,True,100,864,0.7563715277777778
mean_pooling,echoes,artifactbench,Udio (AIME),Udio,unknown_proprietary,True,True,30,864,0.7650655864197532
mean_pooling,echoes,artifactbench,Udio (SONICS 120s),Udio,unknown_proprietary,True,True,80,864,0.9983506944444445
mean_pooling,echoes,artifactbench,Udio (SONICS 30s),Udio-32,unknown_proprietary,False,True,80,864,0.9883174189814814
mean_pooling,echoes,artifactbench,Udio (mixed),Udio,unknown_proprietary,True,True,80,864,0.7278356481481482
mean_pooling,echoes,artifactbench,Udio CDN,Udio,unknown_proprietary,True,True,18,864,0.807838220164609
mean_pooling,echoes,artifactbench,Udio CDN Latest,Udio,unknown_proprietary,True,True,17,864,0.7802287581699346
mean_pooling,echoes,artifactbench,Yue,Yue,rvq_xcodec,False,True,100,864,0.9437789351851852
mean_pooling,echoes,fakemusiccaps,MusicGen_medium,MusicGen,rvq_encodec,False,False,1104,1102,0.7344489761698099
mean_pooling,echoes,fakemusiccaps,audioldm2,AudioLDM,mel_vae_hifigan,True,True,1104,1102,0.8306858084115836
mean_pooling,echoes,fakemusiccaps,musicldm,MusicLDM,mel_vae_hifigan,False,True,1104,1102,0.7939459546542518
mean_pooling,echoes,fakemusiccaps,mustango,Mustango,mel_vae_hifigan,False,True,1104,1102,0.8990837640390331
mean_pooling,echoes,fakemusiccaps,stable_audio_open,StableAudio,continuous_vae,True,True,1104,1102,0.8875775927825561
mean_pooling,echoes,sonics,chirp-v2-xxl-alpha,Suno,unknown_proprietary,True,True,326,2500,0.99990245398773
mean_pooling,echoes,sonics,chirp-v3,Suno,unknown_proprietary,True,True,711,2500,0.9999856540084389
mean_pooling,echoes,sonics,chirp-v3.5,Suno,unknown_proprietary,True,True,341,2500,0.9999724340175953
mean_pooling,echoes,sonics,udio-120s,Udio,unknown_proprietary,True,True,324,2500,0.9976808641975308
mean_pooling,echoes,sonics,udio-30s,Udio-32,unknown_proprietary,False,True,798,2500,0.9922809523809524
mean_pooling,echoes,music8k,acestep1.5,AceStep,continuous_vae,True,True,989,1102,0.9305624115726714
mean_pooling,echoes,music8k,heartmula,HeartMuLa,hybrid_rvq_flow,False,False,989,1102,0.9614846799366533
mean_pooling,echoes,music8k,minimax_2.6,MiniMax,hybrid_rvq_flow,False,False,304,1102,0.8176536082720413
mean_pooling,echoes,music8k,mureka_v9,Mureka,continuous_vae,False,True,662,1102,0.8547875052774138
mean_pooling,echoes,music8k,suno_v5.5,Suno,unknown_proprietary,True,True,330,1102,0.9082150910190838
mean_pooling,echoes,music8k,sunov5_new,Suno,unknown_proprietary,True,True,340,1102,0.8565589302871783
mean_pooling,fakemusiccaps,artifactbench,DiffRhythm,DiffRhythm,continuous_vae,False,True,100,864,0.9699074074074074
mean_pooling,fakemusiccaps,artifactbench,Google Chirp v2 XXL,Suno,unknown_proprietary,False,False,80,864,0.9291594328703703
mean_pooling,fakemusiccaps,artifactbench,Google Chirp v3,Suno,unknown_proprietary,False,False,80,864,0.9362413194444446
mean_pooling,fakemusiccaps,artifactbench,Google Chirp v3.5,Suno,unknown_proprietary,False,False,80,864,0.8667100694444444
mean_pooling,fakemusiccaps,artifactbench,MusicGen Large,MusicGen,rvq_encodec,True,True,30,864,0.9995756172839506
mean_pooling,fakemusiccaps,artifactbench,MusicGen Medium,MusicGen,rvq_encodec,True,True,30,864,0.9996141975308642
mean_pooling,fakemusiccaps,artifactbench,MusicGen Small,MusicGen,rvq_encodec,True,True,30,864,0.999170524691358
mean_pooling,fakemusiccaps,artifactbench,Riffusion,Riffusion,griffin_lim,False,False,100,864,0.44700231481481484
mean_pooling,fakemusiccaps,artifactbench,Riffusion (AIME),Riffusion,griffin_lim,False,False,30,864,0.7113425925925927
mean_pooling,fakemusiccaps,artifactbench,Stable Audio v1,StableAudio,continuous_vae,True,True,50,864,0.9982407407407408
mean_pooling,fakemusiccaps,artifactbench,Stable Audio v2,StableAudio,continuous_vae,True,True,50,864,0.9954282407407409
mean_pooling,fakemusiccaps,artifactbench,Suno (mixed),Suno,unknown_proprietary,False,False,80,864,0.6608796296296298
mean_pooling,fakemusiccaps,artifactbench,Suno v3,Suno,unknown_proprietary,False,False,30,864,0.9618441358024692
mean_pooling,fakemusiccaps,artifactbench,Suno v3.5,Suno,unknown_proprietary,False,False,30,864,0.8908179012345678
mean_pooling,fakemusiccaps,artifactbench,Suno v4,Suno,unknown_proprietary,False,False,100,864,0.6658333333333334
mean_pooling,fakemusiccaps,artifactbench,Udio,Udio,unknown_proprietary,False,False,100,864,0.7196875
mean_pooling,fakemusiccaps,artifactbench,Udio (AIME),Udio,unknown_proprietary,False,False,30,864,0.8033179012345679
mean_pooling,fakemusiccaps,artifactbench,Udio (SONICS 120s),Udio,unknown_proprietary,False,False,80,864,0.7493272569444445
mean_pooling,fakemusiccaps,artifactbench,Udio (SONICS 30s),Udio-32,unknown_proprietary,False,False,80,864,0.8399594907407406
mean_pooling,fakemusiccaps,artifactbench,Udio (mixed),Udio,unknown_proprietary,False,False,80,864,0.4108000578703704
mean_pooling,fakemusiccaps,artifactbench,Udio CDN,Udio,unknown_proprietary,False,False,18,864,0.3843235596707819
mean_pooling,fakemusiccaps,artifactbench,Udio CDN Latest,Udio,unknown_proprietary,False,False,17,864,0.3982843137254902
mean_pooling,fakemusiccaps,artifactbench,Yue,Yue,rvq_xcodec,False,False,100,864,0.6965856481481482
mean_pooling,fakemusiccaps,echoes,acestep,AceStep,mel_vae_hifigan,False,True,57,59,0.9940529289325007
mean_pooling,fakemusiccaps,echoes,audioldm,AudioLDM,mel_vae_hifigan,True,True,115,59,1.0
mean_pooling,fakemusiccaps,echoes,brev,Brev,unknown_proprietary,False,False,68,59,0.38472083748753744
mean_pooling,fakemusiccaps,echoes,diffrhythm,DiffRhythm,continuous_vae,False,True,120,59,0.9881355932203391
mean_pooling,fakemusiccaps,echoes,mubert,Mubert,non_neural,False,False,32,59,0.541313559322034
mean_pooling,fakemusiccaps,echoes,producer,Riffusion,unknown_proprietary,False,False,68,59,0.8549351944167498
mean_pooling,fakemusiccaps,echoes,songgen,SongGen,rvq_xcodec,False,False,111,59,0.9996946098641013
mean_pooling,fakemusiccaps,echoes,stableaudio,StableAudio,continuous_vae,True,True,35,59,0.7634382566585957
mean_pooling,fakemusiccaps,echoes,suno,Suno,unknown_proprietary,False,False,68,59,0.489406779661017
mean_pooling,fakemusiccaps,echoes,udio,Udio,unknown_proprietary,False,False,68,59,0.37811565304087735
mean_pooling,fakemusiccaps,sonics,chirp-v2-xxl-alpha,Suno,unknown_proprietary,False,False,326,2500,0.9573251533742331
mean_pooling,fakemusiccaps,sonics,chirp-v3,Suno,unknown_proprietary,False,False,711,2500,0.9715066104078762
mean_pooling,fakemusiccaps,sonics,chirp-v3.5,Suno,unknown_proprietary,False,False,341,2500,0.9280879765395893
mean_pooling,fakemusiccaps,sonics,udio-120s,Udio,unknown_proprietary,False,False,324,2500,0.7513080246913579
mean_pooling,fakemusiccaps,sonics,udio-30s,Udio-32,unknown_proprietary,False,False,798,2500,0.8647380952380952
mean_pooling,fakemusiccaps,music8k,acestep1.5,AceStep,continuous_vae,False,True,989,1102,0.8851238395490137
mean_pooling,fakemusiccaps,music8k,heartmula,HeartMuLa,hybrid_rvq_flow,False,False,989,1102,0.4909145794299912
mean_pooling,fakemusiccaps,music8k,minimax_2.6,MiniMax,hybrid_rvq_flow,False,False,304,1102,0.6396444264017576
mean_pooling,fakemusiccaps,music8k,mureka_v9,Mureka,continuous_vae,False,True,662,1102,0.33805741826177066
mean_pooling,fakemusiccaps,music8k,suno_v5.5,Suno,unknown_proprietary,False,False,330,1102,0.5961749986250894
mean_pooling,fakemusiccaps,music8k,sunov5_new,Suno,unknown_proprietary,False,False,340,1102,0.4800883420518843
mean_pooling,sonics,artifactbench,DiffRhythm,DiffRhythm,continuous_vae,False,False,100,672,0.9914508928571428
mean_pooling,sonics,artifactbench,Google Chirp v2 XXL,Suno,unknown_proprietary,True,True,80,672,1.0
mean_pooling,sonics,artifactbench,Google Chirp v3,Suno,unknown_proprietary,True,True,80,672,1.0
mean_pooling,sonics,artifactbench,Google Chirp v3.5,Suno,unknown_proprietary,True,True,6,672,1.0
mean_pooling,sonics,artifactbench,MusicGen Large,MusicGen,rvq_encodec,False,False,30,672,0.9239583333333333
mean_pooling,sonics,artifactbench,MusicGen Medium,MusicGen,rvq_encodec,False,False,30,672,0.9097718253968254
mean_pooling,sonics,artifactbench,MusicGen Small,MusicGen,rvq_encodec,False,False,30,672,0.9551835317460318
mean_pooling,sonics,artifactbench,Riffusion,Riffusion,griffin_lim,False,False,100,672,0.878735119047619
mean_pooling,sonics,artifactbench,Riffusion (AIME),Riffusion,griffin_lim,False,False,30,672,0.592485119047619
mean_pooling,sonics,artifactbench,Stable Audio v1,StableAudio,continuous_vae,False,False,50,672,0.9358333333333334
mean_pooling,sonics,artifactbench,Stable Audio v2,StableAudio,continuous_vae,False,False,50,672,0.8861160714285714
mean_pooling,sonics,artifactbench,Suno (mixed),Suno,unknown_proprietary,True,True,80,672,0.23913690476190474
mean_pooling,sonics,artifactbench,Suno v3,Suno,unknown_proprietary,True,True,30,672,0.9612103174603175
mean_pooling,sonics,artifactbench,Suno v3.5,Suno,unknown_proprietary,True,True,30,672,0.9748263888888888
mean_pooling,sonics,artifactbench,Suno v4,Suno,unknown_proprietary,True,True,100,672,0.479233630952381
mean_pooling,sonics,artifactbench,Udio,Udio,unknown_proprietary,True,True,100,672,0.8641964285714286
mean_pooling,sonics,artifactbench,Udio (AIME),Udio,unknown_proprietary,True,True,30,672,0.7878968253968255
mean_pooling,sonics,artifactbench,Udio (SONICS 120s),Udio,unknown_proprietary,True,True,8,672,1.0
mean_pooling,sonics,artifactbench,Udio (SONICS 30s),Udio-32,unknown_proprietary,False,True,80,672,1.0
mean_pooling,sonics,artifactbench,Udio (mixed),Udio,unknown_proprietary,True,True,80,672,0.6373139880952381
mean_pooling,sonics,artifactbench,Udio CDN,Udio,unknown_proprietary,True,True,18,672,0.546875
mean_pooling,sonics,artifactbench,Udio CDN Latest,Udio,unknown_proprietary,True,True,17,672,0.5251663165266106
mean_pooling,sonics,artifactbench,Yue,Yue,rvq_xcodec,False,False,100,672,0.9510639880952382
mean_pooling,sonics,echoes,acestep,AceStep,mel_vae_hifigan,False,False,57,59,0.9253642581028844
mean_pooling,sonics,echoes,audioldm,AudioLDM,mel_vae_hifigan,False,False,115,59,1.0
mean_pooling,sonics,echoes,brev,Brev,unknown_proprietary,False,True,68,59,0.605309072781655
mean_pooling,sonics,echoes,diffrhythm,DiffRhythm,continuous_vae,False,False,120,59,0.9419491525423729
mean_pooling,sonics,echoes,mubert,Mubert,non_neural,False,False,32,59,0.4883474576271186
mean_pooling,sonics,echoes,producer,Riffusion,unknown_proprietary,False,True,68,59,0.9115154536390827
mean_pooling,sonics,echoes,songgen,SongGen,rvq_xcodec,False,False,111,59,1.0
mean_pooling,sonics,echoes,stableaudio,StableAudio,continuous_vae,False,False,35,59,0.8041162227602905
mean_pooling,sonics,echoes,suno,Suno,unknown_proprietary,True,True,68,59,0.4754486540378863
mean_pooling,sonics,echoes,udio,Udio,unknown_proprietary,True,True,68,59,0.656655034895314
mean_pooling,sonics,fakemusiccaps,MusicGen_medium,MusicGen,rvq_encodec,False,False,1104,1102,0.8346410676240827
mean_pooling,sonics,fakemusiccaps,audioldm2,AudioLDM,mel_vae_hifigan,False,False,1104,1102,0.8294035548015466
mean_pooling,sonics,fakemusiccaps,musicldm,MusicLDM,mel_vae_hifigan,False,False,1104,1102,0.9217763651069202
mean_pooling,sonics,fakemusiccaps,mustango,Mustango,mel_vae_hifigan,False,False,1104,1102,0.9407438550461612
mean_pooling,sonics,fakemusiccaps,stable_audio_open,StableAudio,continuous_vae,False,False,1104,1102,0.8464082103685
mean_pooling,sonics,music8k,acestep1.5,AceStep,continuous_vae,False,False,989,1102,0.622994041534924
mean_pooling,sonics,music8k,heartmula,HeartMuLa,hybrid_rvq_flow,False,False,989,1102,0.5870225841791467
mean_pooling,sonics,music8k,minimax_2.6,MiniMax,hybrid_rvq_flow,False,False,304,1102,0.6361594349985672
mean_pooling,sonics,music8k,mureka_v9,Mureka,continuous_vae,False,False,662,1102,0.47405637100355846
mean_pooling,sonics,music8k,suno_v5.5,Suno,unknown_proprietary,True,True,330,1102,0.578081174723643
mean_pooling,sonics,music8k,sunov5_new,Suno,unknown_proprietary,True,True,340,1102,0.22695633607344934
attention_pooling,artifactbench,echoes,acestep,AceStep,mel_vae_hifigan,False,False,57,59,0.9985132322331252
attention_pooling,artifactbench,echoes,audioldm,AudioLDM,mel_vae_hifigan,False,False,115,59,1.0
attention_pooling,artifactbench,echoes,brev,Brev,unknown_proprietary,False,True,68,59,0.9506480558325026
attention_pooling,artifactbench,echoes,diffrhythm,DiffRhythm,continuous_vae,True,True,120,59,0.9716101694915255
attention_pooling,artifactbench,echoes,mubert,Mubert,non_neural,False,False,32,59,0.7873411016949152
attention_pooling,artifactbench,echoes,producer,Riffusion,unknown_proprietary,True,True,68,59,0.9840478564307079
attention_pooling,artifactbench,echoes,songgen,SongGen,rvq_xcodec,False,True,111,59,1.0
attention_pooling,artifactbench,echoes,stableaudio,StableAudio,continuous_vae,True,True,35,59,0.9656174334140436
attention_pooling,artifactbench,echoes,suno,Suno,unknown_proprietary,True,True,68,59,0.9678464606181456
attention_pooling,artifactbench,echoes,udio,Udio,unknown_proprietary,True,True,68,59,0.893320039880359
attention_pooling,artifactbench,fakemusiccaps,MusicGen_medium,MusicGen,rvq_encodec,True,True,1104,1102,0.9590513131592098
attention_pooling,artifactbench,fakemusiccaps,audioldm2,AudioLDM,mel_vae_hifigan,False,False,1104,1102,0.8588896341303032
attention_pooling,artifactbench,fakemusiccaps,musicldm,MusicLDM,mel_vae_hifigan,False,False,1104,1102,0.8970527071990322
attention_pooling,artifactbench,fakemusiccaps,mustango,Mustango,mel_vae_hifigan,False,False,1104,1102,0.8789569031273836
attention_pooling,artifactbench,fakemusiccaps,stable_audio_open,StableAudio,continuous_vae,True,True,1104,1102,0.876830088245351
attention_pooling,artifactbench,sonics,chirp-v2-xxl-alpha,Suno,unknown_proprietary,True,True,326,2500,1.0
attention_pooling,artifactbench,sonics,chirp-v3,Suno,unknown_proprietary,True,True,711,2500,1.0
attention_pooling,artifactbench,sonics,chirp-v3.5,Suno,unknown_proprietary,True,True,341,2500,1.0
attention_pooling,artifactbench,sonics,udio-120s,Udio,unknown_proprietary,True,True,324,2500,0.9999740740740741
attention_pooling,artifactbench,sonics,udio-30s,Udio-32,unknown_proprietary,True,True,798,2500,0.9999681704260652
attention_pooling,artifactbench,music8k,acestep1.5,AceStep,continuous_vae,False,True,989,1102,0.9830444324961143
attention_pooling,artifactbench,music8k,heartmula,HeartMuLa,hybrid_rvq_flow,False,False,989,1102,0.9393592677345538
attention_pooling,artifactbench,music8k,minimax_2.6,MiniMax,hybrid_rvq_flow,False,False,304,1102,0.9434729916897507
attention_pooling,artifactbench,music8k,mureka_v9,Mureka,continuous_vae,False,True,662,1102,0.7788996660836381
attention_pooling,artifactbench,music8k,suno_v5.5,Suno,unknown_proprietary,True,True,330,1102,0.9814758290711103
attention_pooling,artifactbench,music8k,sunov5_new,Suno,unknown_proprietary,True,True,340,1102,0.8982278210739831
attention_pooling,echoes,artifactbench,DiffRhythm,DiffRhythm,continuous_vae,True,True,100,864,0.9806944444444445
attention_pooling,echoes,artifactbench,Google Chirp v2 XXL,Suno,unknown_proprietary,True,True,80,864,0.9996310763888889
attention_pooling,echoes,artifactbench,Google Chirp v3,Suno,unknown_proprietary,True,True,80,864,1.0
attention_pooling,echoes,artifactbench,Google Chirp v3.5,Suno,unknown_proprietary,True,True,80,864,1.0
attention_pooling,echoes,artifactbench,MusicGen Large,MusicGen,rvq_encodec,False,False,30,864,0.8228587962962963
attention_pooling,echoes,artifactbench,MusicGen Medium,MusicGen,rvq_encodec,False,False,30,864,0.7716435185185185
attention_pooling,echoes,artifactbench,MusicGen Small,MusicGen,rvq_encodec,False,False,30,864,0.8445216049382716
attention_pooling,echoes,artifactbench,Riffusion,Riffusion,griffin_lim,True,False,100,864,0.9907349537037038
attention_pooling,echoes,artifactbench,Riffusion (AIME),Riffusion,griffin_lim,True,False,30,864,0.8104938271604938
attention_pooling,echoes,artifactbench,Stable Audio v1,StableAudio,continuous_vae,True,True,50,864,0.9028472222222222
attention_pooling,echoes,artifactbench,Stable Audio v2,StableAudio,continuous_vae,True,True,50,864,0.9122569444444445
attention_pooling,echoes,artifactbench,Suno (mixed),Suno,unknown_proprietary,True,True,80,864,0.9323350694444444
attention_pooling,echoes,artifactbench,Suno v3,Suno,unknown_proprietary,True,True,30,864,0.954224537037037
attention_pooling,echoes,artifactbench,Suno v3.5,Suno,unknown_proprietary,True,True,30,864,0.913329475308642
attention_pooling,echoes,artifactbench,Suno v4,Suno,unknown_proprietary,True,True,100,864,0.8871990740740742
attention_pooling,echoes,artifactbench,Udio,Udio,unknown_proprietary,True,True,100,864,0.7819444444444444
attention_pooling,echoes,artifactbench,Udio (AIME),Udio,unknown_proprietary,True,True,30,864,0.7495177469135803
attention_pooling,echoes,artifactbench,Udio (SONICS 120s),Udio,unknown_proprietary,True,True,80,864,0.997974537037037
attention_pooling,echoes,artifactbench,Udio (SONICS 30s),Udio-32,unknown_proprietary,False,True,80,864,0.9801432291666667
attention_pooling,echoes,artifactbench,Udio (mixed),Udio,unknown_proprietary,True,True,80,864,0.7126302083333333
attention_pooling,echoes,artifactbench,Udio CDN,Udio,unknown_proprietary,True,True,18,864,0.8078060699588477
attention_pooling,echoes,artifactbench,Udio CDN Latest,Udio,unknown_proprietary,True,True,17,864,0.7605187908496732
attention_pooling,echoes,artifactbench,Yue,Yue,rvq_xcodec,False,True,100,864,0.9433333333333334
attention_pooling,echoes,fakemusiccaps,MusicGen_medium,MusicGen,rvq_encodec,False,False,1104,1102,0.7541718449985534
attention_pooling,echoes,fakemusiccaps,audioldm2,AudioLDM,mel_vae_hifigan,True,True,1104,1102,0.8732385452010836
attention_pooling,echoes,fakemusiccaps,musicldm,MusicLDM,mel_vae_hifigan,False,True,1104,1102,0.8168095228701439
attention_pooling,echoes,fakemusiccaps,mustango,Mustango,mel_vae_hifigan,False,True,1104,1102,0.9037907033325443
attention_pooling,echoes,fakemusiccaps,stable_audio_open,StableAudio,continuous_vae,True,True,1104,1102,0.8843953845445698
attention_pooling,echoes,sonics,chirp-v2-xxl-alpha,Suno,unknown_proprietary,True,True,326,2500,0.999839263803681
attention_pooling,echoes,sonics,chirp-v3,Suno,unknown_proprietary,True,True,711,2500,0.9999974683544304
attention_pooling,echoes,sonics,chirp-v3.5,Suno,unknown_proprietary,True,True,341,2500,0.9999589442815249
attention_pooling,echoes,sonics,udio-120s,Udio,unknown_proprietary,True,True,324,2500,0.9963895061728395
attention_pooling,echoes,sonics,udio-30s,Udio-32,unknown_proprietary,False,True,798,2500,0.986801754385965
attention_pooling,echoes,music8k,acestep1.5,AceStep,continuous_vae,True,True,989,1102,0.9001911223091024
attention_pooling,echoes,music8k,heartmula,HeartMuLa,hybrid_rvq_flow,False,False,989,1102,0.9571355693022521
attention_pooling,echoes,music8k,minimax_2.6,MiniMax,hybrid_rvq_flow,False,False,304,1102,0.8207595042506446
attention_pooling,echoes,music8k,mureka_v9,Mureka,continuous_vae,False,True,662,1102,0.8639729467433559
attention_pooling,echoes,music8k,suno_v5.5,Suno,unknown_proprietary,True,True,330,1102,0.9206676566023209
attention_pooling,echoes,music8k,sunov5_new,Suno,unknown_proprietary,True,True,340,1102,0.8678699156613644
attention_pooling,fakemusiccaps,artifactbench,DiffRhythm,DiffRhythm,continuous_vae,False,True,100,864,0.9729571759259259
attention_pooling,fakemusiccaps,artifactbench,Google Chirp v2 XXL,Suno,unknown_proprietary,False,False,80,864,0.9629846643518518
attention_pooling,fakemusiccaps,artifactbench,Google Chirp v3,Suno,unknown_proprietary,False,False,80,864,0.9737485532407407
attention_pooling,fakemusiccaps,artifactbench,Google Chirp v3.5,Suno,unknown_proprietary,False,False,80,864,0.9372323495370372
attention_pooling,fakemusiccaps,artifactbench,MusicGen Large,MusicGen,rvq_encodec,True,True,30,864,0.9997878086419754
attention_pooling,fakemusiccaps,artifactbench,MusicGen Medium,MusicGen,rvq_encodec,True,True,30,864,0.9998456790123456
attention_pooling,fakemusiccaps,artifactbench,MusicGen Small,MusicGen,rvq_encodec,True,True,30,864,0.999729938271605
attention_pooling,fakemusiccaps,artifactbench,Riffusion,Riffusion,griffin_lim,False,False,100,864,0.4742881944444444
attention_pooling,fakemusiccaps,artifactbench,Riffusion (AIME),Riffusion,griffin_lim,False,False,30,864,0.6720100308641976
attention_pooling,fakemusiccaps,artifactbench,Stable Audio v1,StableAudio,continuous_vae,True,True,50,864,0.9977314814814814
attention_pooling,fakemusiccaps,artifactbench,Stable Audio v2,StableAudio,continuous_vae,True,True,50,864,0.9976157407407407
attention_pooling,fakemusiccaps,artifactbench,Suno (mixed),Suno,unknown_proprietary,False,False,80,864,0.6716869212962963
attention_pooling,fakemusiccaps,artifactbench,Suno v3,Suno,unknown_proprietary,False,False,30,864,0.979783950617284
attention_pooling,fakemusiccaps,artifactbench,Suno v3.5,Suno,unknown_proprietary,False,False,30,864,0.9383680555555556
attention_pooling,fakemusiccaps,artifactbench,Suno v4,Suno,unknown_proprietary,False,False,100,864,0.7040451388888889
attention_pooling,fakemusiccaps,artifactbench,Udio,Udio,unknown_proprietary,False,False,100,864,0.7425231481481482
attention_pooling,fakemusiccaps,artifactbench,Udio (AIME),Udio,unknown_proprietary,False,False,30,864,0.8176697530864199
attention_pooling,fakemusiccaps,artifactbench,Udio (SONICS 120s),Udio,unknown_proprietary,False,False,80,864,0.8460069444444445
attention_pooling,fakemusiccaps,artifactbench,Udio (SONICS 30s),Udio-32,unknown_proprietary,False,False,80,864,0.8925274884259259
attention_pooling,fakemusiccaps,artifactbench,Udio (mixed),Udio,unknown_proprietary,False,False,80,864,0.40580873842592596
attention_pooling,fakemusiccaps,artifactbench,Udio CDN,Udio,unknown_proprietary,False,False,18,864,0.39088220164609055
attention_pooling,fakemusiccaps,artifactbench,Udio CDN Latest,Udio,unknown_proprietary,False,False,17,864,0.39593545751633985
attention_pooling,fakemusiccaps,artifactbench,Yue,Yue,rvq_xcodec,False,False,100,864,0.7542766203703704
attention_pooling,fakemusiccaps,echoes,acestep,AceStep,mel_vae_hifigan,False,True,57,59,0.9979185251263751
attention_pooling,fakemusiccaps,echoes,audioldm,AudioLDM,mel_vae_hifigan,True,True,115,59,1.0
attention_pooling,fakemusiccaps,echoes,brev,Brev,unknown_proprietary,False,False,68,59,0.41774675972083747
attention_pooling,fakemusiccaps,echoes,diffrhythm,DiffRhythm,continuous_vae,False,True,120,59,0.9925141242937853
attention_pooling,fakemusiccaps,echoes,mubert,Mubert,non_neural,False,False,32,59,0.5423728813559322
attention_pooling,fakemusiccaps,echoes,producer,Riffusion,unknown_proprietary,False,False,68,59,0.8753738783649052
attention_pooling,fakemusiccaps,echoes,songgen,SongGen,rvq_xcodec,False,False,111,59,0.999541914796152
attention_pooling,fakemusiccaps,echoes,stableaudio,StableAudio,continuous_vae,True,True,35,59,0.814043583535109
attention_pooling,fakemusiccaps,echoes,suno,Suno,unknown_proprietary,False,False,68,59,0.5331505483549352
attention_pooling,fakemusiccaps,echoes,udio,Udio,unknown_proprietary,False,False,68,59,0.3919491525423729
attention_pooling,fakemusiccaps,sonics,chirp-v2-xxl-alpha,Suno,unknown_proprietary,False,False,326,2500,0.9816877300613496
attention_pooling,fakemusiccaps,sonics,chirp-v3,Suno,unknown_proprietary,False,False,711,2500,0.9911971870604782
attention_pooling,fakemusiccaps,sonics,chirp-v3.5,Suno,unknown_proprietary,False,False,341,2500,0.9727331378299121
attention_pooling,fakemusiccaps,sonics,udio-120s,Udio,unknown_proprietary,False,False,324,2500,0.8565746913580247
attention_pooling,fakemusiccaps,sonics,udio-30s,Udio-32,unknown_proprietary,False,False,798,2500,0.915564411027569
attention_pooling,fakemusiccaps,music8k,acestep1.5,AceStep,continuous_vae,False,True,989,1102,0.8726944667201284
attention_pooling,fakemusiccaps,music8k,heartmula,HeartMuLa,hybrid_rvq_flow,False,False,989,1102,0.527815957382386
attention_pooling,fakemusiccaps,music8k,minimax_2.6,MiniMax,hybrid_rvq_flow,False,False,304,1102,0.6764465326201164
attention_pooling,fakemusiccaps,music8k,mureka_v9,Mureka,continuous_vae,False,True,662,1102,0.3620490895433186
attention_pooling,fakemusiccaps,music8k,suno_v5.5,Suno,unknown_proprietary,False,False,330,1102,0.6103723257988231
attention_pooling,fakemusiccaps,music8k,sunov5_new,Suno,unknown_proprietary,False,False,340,1102,0.49554820113163234
attention_pooling,sonics,artifactbench,DiffRhythm,DiffRhythm,continuous_vae,False,False,100,672,0.9811830357142857
attention_pooling,sonics,artifactbench,Google Chirp v2 XXL,Suno,unknown_proprietary,True,True,80,672,1.0
attention_pooling,sonics,artifactbench,Google Chirp v3,Suno,unknown_proprietary,True,True,80,672,1.0
attention_pooling,sonics,artifactbench,Google Chirp v3.5,Suno,unknown_proprietary,True,True,6,672,1.0
attention_pooling,sonics,artifactbench,MusicGen Large,MusicGen,rvq_encodec,False,False,30,672,0.9294394841269842
attention_pooling,sonics,artifactbench,MusicGen Medium,MusicGen,rvq_encodec,False,False,30,672,0.9112599206349208
attention_pooling,sonics,artifactbench,MusicGen Small,MusicGen,rvq_encodec,False,False,30,672,0.9377232142857143
attention_pooling,sonics,artifactbench,Riffusion,Riffusion,griffin_lim,False,False,100,672,0.9052157738095239
attention_pooling,sonics,artifactbench,Riffusion (AIME),Riffusion,griffin_lim,False,False,30,672,0.5543650793650793
attention_pooling,sonics,artifactbench,Stable Audio v1,StableAudio,continuous_vae,False,False,50,672,0.9273660714285714
attention_pooling,sonics,artifactbench,Stable Audio v2,StableAudio,continuous_vae,False,False,50,672,0.8768452380952381
attention_pooling,sonics,artifactbench,Suno (mixed),Suno,unknown_proprietary,True,True,80,672,0.265336681547619
attention_pooling,sonics,artifactbench,Suno v3,Suno,unknown_proprietary,True,True,30,672,0.9706845238095239
attention_pooling,sonics,artifactbench,Suno v3.5,Suno,unknown_proprietary,True,True,30,672,0.9832093253968255
attention_pooling,sonics,artifactbench,Suno v4,Suno,unknown_proprietary,True,True,100,672,0.5177306547619047
attention_pooling,sonics,artifactbench,Udio,Udio,unknown_proprietary,True,True,100,672,0.8512872023809523
attention_pooling,sonics,artifactbench,Udio (AIME),Udio,unknown_proprietary,True,True,30,672,0.7841517857142857
attention_pooling,sonics,artifactbench,Udio (SONICS 120s),Udio,unknown_proprietary,True,True,8,672,1.0
attention_pooling,sonics,artifactbench,Udio (SONICS 30s),Udio-32,unknown_proprietary,False,True,80,672,1.0
attention_pooling,sonics,artifactbench,Udio (mixed),Udio,unknown_proprietary,True,True,80,672,0.6553292410714286
attention_pooling,sonics,artifactbench,Udio CDN,Udio,unknown_proprietary,True,True,18,672,0.5279844576719577
attention_pooling,sonics,artifactbench,Udio CDN Latest,Udio,unknown_proprietary,True,True,17,672,0.5263480392156863
attention_pooling,sonics,artifactbench,Yue,Yue,rvq_xcodec,False,False,100,672,0.9627306547619048
attention_pooling,sonics,echoes,acestep,AceStep,mel_vae_hifigan,False,False,57,59,0.9170383586083853
attention_pooling,sonics,echoes,audioldm,AudioLDM,mel_vae_hifigan,False,False,115,59,1.0
attention_pooling,sonics,echoes,brev,Brev,unknown_proprietary,False,True,68,59,0.5982053838484547
attention_pooling,sonics,echoes,diffrhythm,DiffRhythm,continuous_vae,False,False,120,59,0.9443502824858757
attention_pooling,sonics,echoes,mubert,Mubert,non_neural,False,False,32,59,0.5074152542372881
attention_pooling,sonics,echoes,producer,Riffusion,unknown_proprietary,False,True,68,59,0.8969341974077767
attention_pooling,sonics,echoes,songgen,SongGen,rvq_xcodec,False,False,111,59,1.0
attention_pooling,sonics,echoes,stableaudio,StableAudio,continuous_vae,False,False,35,59,0.7815980629539951
attention_pooling,sonics,echoes,suno,Suno,unknown_proprietary,True,True,68,59,0.4753240279162513
attention_pooling,sonics,echoes,udio,Udio,unknown_proprietary,True,True,68,59,0.6129112662013957
attention_pooling,sonics,fakemusiccaps,MusicGen_medium,MusicGen,rvq_encodec,False,False,1104,1102,0.8217096221626029
attention_pooling,sonics,fakemusiccaps,audioldm2,AudioLDM,mel_vae_hifigan,False,False,1104,1102,0.7938707455482785
attention_pooling,sonics,fakemusiccaps,musicldm,MusicLDM,mel_vae_hifigan,False,False,1104,1102,0.8963774691601567
attention_pooling,sonics,fakemusiccaps,mustango,Mustango,mel_vae_hifigan,False,False,1104,1102,0.9103782812541099
attention_pooling,sonics,fakemusiccaps,stable_audio_open,StableAudio,continuous_vae,False,False,1104,1102,0.8020973066098529
attention_pooling,sonics,music8k,acestep1.5,AceStep,continuous_vae,False,False,989,1102,0.7366443767100537
attention_pooling,sonics,music8k,heartmula,HeartMuLa,hybrid_rvq_flow,False,False,989,1102,0.63905868363248
attention_pooling,sonics,music8k,minimax_2.6,MiniMax,hybrid_rvq_flow,False,False,304,1102,0.6745540405005254
attention_pooling,sonics,music8k,mureka_v9,Mureka,continuous_vae,False,False,662,1102,0.4736650199308042
attention_pooling,sonics,music8k,suno_v5.5,Suno,unknown_proprietary,True,True,330,1102,0.6424063685860419
attention_pooling,sonics,music8k,sunov5_new,Suno,unknown_proprietary,True,True,340,1102,0.29295265293050066
fst_mert,artifactbench,echoes,acestep,AceStep,mel_vae_hifigan,False,False,57,59,0.9964317573595004
fst_mert,artifactbench,echoes,audioldm,AudioLDM,mel_vae_hifigan,False,False,115,59,0.9065585851142226
fst_mert,artifactbench,echoes,brev,Brev,unknown_proprietary,False,True,68,59,0.9232303090727817
fst_mert,artifactbench,echoes,diffrhythm,DiffRhythm,continuous_vae,True,True,120,59,0.9385593220338984
fst_mert,artifactbench,echoes,mubert,Mubert,non_neural,False,False,32,59,0.8580508474576272
fst_mert,artifactbench,echoes,producer,Riffusion,unknown_proprietary,True,True,68,59,0.964606181455633
fst_mert,artifactbench,echoes,songgen,SongGen,rvq_xcodec,False,True,111,59,0.8622690487097266
fst_mert,artifactbench,echoes,stableaudio,StableAudio,continuous_vae,True,True,35,59,0.9133171912832929
fst_mert,artifactbench,echoes,suno,Suno,unknown_proprietary,True,True,68,59,0.922233300099701
fst_mert,artifactbench,echoes,udio,Udio,unknown_proprietary,True,True,68,59,0.8748753738783649
fst_mert,artifactbench,fakemusiccaps,MusicGen_medium,MusicGen,rvq_encodec,True,True,1104,1102,0.933393500618112
fst_mert,artifactbench,fakemusiccaps,audioldm2,AudioLDM,mel_vae_hifigan,False,False,1104,1102,0.7543769233804151
fst_mert,artifactbench,fakemusiccaps,musicldm,MusicLDM,mel_vae_hifigan,False,False,1104,1102,0.8253291117599093
fst_mert,artifactbench,fakemusiccaps,mustango,Mustango,mel_vae_hifigan,False,False,1104,1102,0.6241205055367054
fst_mert,artifactbench,fakemusiccaps,stable_audio_open,StableAudio,continuous_vae,True,True,1104,1102,0.7866909472895132
fst_mert,artifactbench,sonics,chirp-v2-xxl-alpha,Suno,unknown_proprietary,True,True,326,2500,0.9838674846625767
fst_mert,artifactbench,sonics,chirp-v3,Suno,unknown_proprietary,True,True,711,2500,0.9958886075949366
fst_mert,artifactbench,sonics,chirp-v3.5,Suno,unknown_proprietary,True,True,341,2500,0.9948621700879765
fst_mert,artifactbench,sonics,udio-120s,Udio,unknown_proprietary,True,True,324,2500,0.9711691358024691
fst_mert,artifactbench,sonics,udio-30s,Udio-32,unknown_proprietary,True,True,798,2500,0.9687859649122808
fst_mert,artifactbench,music8k,acestep1.5,AceStep,continuous_vae,False,True,989,1102,0.8669887822306717
fst_mert,artifactbench,music8k,heartmula,HeartMuLa,hybrid_rvq_flow,False,False,989,1102,0.878473553920714
fst_mert,artifactbench,music8k,minimax_2.6,MiniMax,hybrid_rvq_flow,False,False,304,1102,0.832563699971344
fst_mert,artifactbench,music8k,mureka_v9,Mureka,continuous_vae,False,True,662,1102,0.7852791683344208
fst_mert,artifactbench,music8k,suno_v5.5,Suno,unknown_proprietary,True,True,330,1102,0.8960388824726392
fst_mert,artifactbench,music8k,sunov5_new,Suno,unknown_proprietary,True,True,340,1102,0.7764999466211165
fst_mert,echoes,artifactbench,DiffRhythm,DiffRhythm,continuous_vae,True,True,100,864,0.9779745370370371
fst_mert,echoes,artifactbench,Google Chirp v2 XXL,Suno,unknown_proprietary,True,True,80,864,0.9396701388888888
fst_mert,echoes,artifactbench,Google Chirp v3,Suno,unknown_proprietary,True,True,80,864,0.994212962962963
fst_mert,echoes,artifactbench,Google Chirp v3.5,Suno,unknown_proprietary,True,True,80,864,0.9832031250000001
fst_mert,echoes,artifactbench,MusicGen Large,MusicGen,rvq_encodec,False,False,30,864,0.9387345679012346
fst_mert,echoes,artifactbench,MusicGen Medium,MusicGen,rvq_encodec,False,False,30,864,0.9396604938271605
fst_mert,echoes,artifactbench,MusicGen Small,MusicGen,rvq_encodec,False,False,30,864,0.8809027777777777
fst_mert,echoes,artifactbench,Riffusion,Riffusion,griffin_lim,True,False,100,864,0.9698148148148148
fst_mert,echoes,artifactbench,Riffusion (AIME),Riffusion,griffin_lim,True,False,30,864,0.7838348765432099
fst_mert,echoes,artifactbench,Stable Audio v1,StableAudio,continuous_vae,True,True,50,864,0.8613194444444445
fst_mert,echoes,artifactbench,Stable Audio v2,StableAudio,continuous_vae,True,True,50,864,0.9231481481481482
fst_mert,echoes,artifactbench,Suno (mixed),Suno,unknown_proprietary,True,True,80,864,0.9603732638888889
fst_mert,echoes,artifactbench,Suno v3,Suno,unknown_proprietary,True,True,30,864,0.9415895061728394
fst_mert,echoes,artifactbench,Suno v3.5,Suno,unknown_proprietary,True,True,30,864,0.9287808641975308
fst_mert,echoes,artifactbench,Suno v4,Suno,unknown_proprietary,True,True,100,864,0.917673611111111
fst_mert,echoes,artifactbench,Udio,Udio,unknown_proprietary,True,True,100,864,0.9229976851851852
fst_mert,echoes,artifactbench,Udio (AIME),Udio,unknown_proprietary,True,True,30,864,0.9153549382716049
fst_mert,echoes,artifactbench,Udio (SONICS 120s),Udio,unknown_proprietary,True,True,80,864,0.9062934027777778
fst_mert,echoes,artifactbench,Udio (SONICS 30s),Udio-32,unknown_proprietary,False,True,80,864,0.9223090277777778
fst_mert,echoes,artifactbench,Udio (mixed),Udio,unknown_proprietary,True,True,80,864,0.9233362268518519
fst_mert,echoes,artifactbench,Udio CDN,Udio,unknown_proprietary,True,True,18,864,0.9417438271604939
fst_mert,echoes,artifactbench,Udio CDN Latest,Udio,unknown_proprietary,True,True,17,864,0.9008033769063181
fst_mert,echoes,artifactbench,Yue,Yue,rvq_xcodec,False,True,100,864,0.9635763888888889
fst_mert,echoes,fakemusiccaps,MusicGen_medium,MusicGen,rvq_encodec,False,False,1104,1102,0.793968558483916
fst_mert,echoes,fakemusiccaps,audioldm2,AudioLDM,mel_vae_hifigan,True,True,1104,1102,0.7241268346090113
fst_mert,echoes,fakemusiccaps,musicldm,MusicLDM,mel_vae_hifigan,False,True,1104,1102,0.6957524527210078
fst_mert,echoes,fakemusiccaps,mustango,Mustango,mel_vae_hifigan,False,True,1104,1102,0.6716621130224361
fst_mert,echoes,fakemusiccaps,stable_audio_open,StableAudio,continuous_vae,True,True,1104,1102,0.7359876805018544
fst_mert,echoes,sonics,chirp-v2-xxl-alpha,Suno,unknown_proprietary,True,True,326,2500,0.9071705521472392
fst_mert,echoes,sonics,chirp-v3,Suno,unknown_proprietary,True,True,711,2500,0.9798635724331926
fst_mert,echoes,sonics,chirp-v3.5,Suno,unknown_proprietary,True,True,341,2500,0.9699724340175951
fst_mert,echoes,sonics,udio-120s,Udio,unknown_proprietary,True,True,324,2500,0.9015524691358024
fst_mert,echoes,sonics,udio-30s,Udio-32,unknown_proprietary,False,True,798,2500,0.8556726817042606
fst_mert,echoes,music8k,acestep1.5,AceStep,continuous_vae,True,True,989,1102,0.8528656418424815
fst_mert,echoes,music8k,heartmula,HeartMuLa,hybrid_rvq_flow,False,False,989,1102,0.9353056030124473
fst_mert,echoes,music8k,minimax_2.6,MiniMax,hybrid_rvq_flow,False,False,304,1102,0.9208959189034291
fst_mert,echoes,music8k,mureka_v9,Mureka,continuous_vae,False,True,662,1102,0.8227049418524957
fst_mert,echoes,music8k,suno_v5.5,Suno,unknown_proprietary,True,True,330,1102,0.8950956937799043
fst_mert,echoes,music8k,sunov5_new,Suno,unknown_proprietary,True,True,340,1102,0.8621170065122238
fst_mert,fakemusiccaps,artifactbench,DiffRhythm,DiffRhythm,continuous_vae,False,True,100,864,0.8321990740740741
fst_mert,fakemusiccaps,artifactbench,Google Chirp v2 XXL,Suno,unknown_proprietary,False,False,80,864,0.7786747685185185
fst_mert,fakemusiccaps,artifactbench,Google Chirp v3,Suno,unknown_proprietary,False,False,80,864,0.8480034722222222
fst_mert,fakemusiccaps,artifactbench,Google Chirp v3.5,Suno,unknown_proprietary,False,False,80,864,0.8763165509259259
fst_mert,fakemusiccaps,artifactbench,MusicGen Large,MusicGen,rvq_encodec,True,True,30,864,0.9982638888888888
fst_mert,fakemusiccaps,artifactbench,MusicGen Medium,MusicGen,rvq_encodec,True,True,30,864,0.9993055555555556
fst_mert,fakemusiccaps,artifactbench,MusicGen Small,MusicGen,rvq_encodec,True,True,30,864,0.9996527777777777
fst_mert,fakemusiccaps,artifactbench,Riffusion,Riffusion,griffin_lim,False,False,100,864,0.8305555555555555
fst_mert,fakemusiccaps,artifactbench,Riffusion (AIME),Riffusion,griffin_lim,False,False,30,864,0.6104552469135802
fst_mert,fakemusiccaps,artifactbench,Stable Audio v1,StableAudio,continuous_vae,True,True,50,864,0.9783101851851851
fst_mert,fakemusiccaps,artifactbench,Stable Audio v2,StableAudio,continuous_vae,True,True,50,864,0.9790972222222223
fst_mert,fakemusiccaps,artifactbench,Suno (mixed),Suno,unknown_proprietary,False,False,80,864,0.7499710648148149
fst_mert,fakemusiccaps,artifactbench,Suno v3,Suno,unknown_proprietary,False,False,30,864,0.9922453703703704
fst_mert,fakemusiccaps,artifactbench,Suno v3.5,Suno,unknown_proprietary,False,False,30,864,0.9875
fst_mert,fakemusiccaps,artifactbench,Suno v4,Suno,unknown_proprietary,False,False,100,864,0.6266666666666667
fst_mert,fakemusiccaps,artifactbench,Udio,Udio,unknown_proprietary,False,False,100,864,0.5594791666666667
fst_mert,fakemusiccaps,artifactbench,Udio (AIME),Udio,unknown_proprietary,False,False,30,864,0.8369984567901235
fst_mert,fakemusiccaps,artifactbench,Udio (SONICS 120s),Udio,unknown_proprietary,False,False,80,864,0.5753761574074074
fst_mert,fakemusiccaps,artifactbench,Udio (SONICS 30s),Udio-32,unknown_proprietary,False,False,80,864,0.6289641203703704
fst_mert,fakemusiccaps,artifactbench,Udio (mixed),Udio,unknown_proprietary,False,False,80,864,0.5832465277777779
fst_mert,fakemusiccaps,artifactbench,Udio CDN,Udio,unknown_proprietary,False,False,18,864,0.5248842592592593
fst_mert,fakemusiccaps,artifactbench,Udio CDN Latest,Udio,unknown_proprietary,False,False,17,864,0.6552287581699346
fst_mert,fakemusiccaps,artifactbench,Yue,Yue,rvq_xcodec,False,False,100,864,0.7864583333333334
fst_mert,fakemusiccaps,echoes,acestep,AceStep,mel_vae_hifigan,False,True,57,59,0.9982158786797503
fst_mert,fakemusiccaps,echoes,audioldm,AudioLDM,mel_vae_hifigan,True,True,115,59,0.997936624907885
fst_mert,fakemusiccaps,echoes,brev,Brev,unknown_proprietary,False,False,68,59,0.8000997008973081
fst_mert,fakemusiccaps,echoes,diffrhythm,DiffRhythm,continuous_vae,False,True,120,59,0.9570621468926553
fst_mert,fakemusiccaps,echoes,mubert,Mubert,non_neural,False,False,32,59,0.8283898305084746
fst_mert,fakemusiccaps,echoes,producer,Riffusion,unknown_proprietary,False,False,68,59,0.957876370887338
fst_mert,fakemusiccaps,echoes,songgen,SongGen,rvq_xcodec,False,False,111,59,0.9354099862574439
fst_mert,fakemusiccaps,echoes,stableaudio,StableAudio,continuous_vae,True,True,35,59,0.9278450363196127
fst_mert,fakemusiccaps,echoes,suno,Suno,unknown_proprietary,False,False,68,59,0.8073280159521435
fst_mert,fakemusiccaps,echoes,udio,Udio,unknown_proprietary,False,False,68,59,0.7891326021934197
fst_mert,fakemusiccaps,sonics,chirp-v2-xxl-alpha,Suno,unknown_proprietary,False,False,326,2500,0.9715742331288344
fst_mert,fakemusiccaps,sonics,chirp-v3,Suno,unknown_proprietary,False,False,711,2500,0.9786227848101264
fst_mert,fakemusiccaps,sonics,chirp-v3.5,Suno,unknown_proprietary,False,False,341,2500,0.9752058651026393
fst_mert,fakemusiccaps,sonics,udio-120s,Udio,unknown_proprietary,False,False,324,2500,0.7985351851851851
fst_mert,fakemusiccaps,sonics,udio-30s,Udio-32,unknown_proprietary,False,False,798,2500,0.8969924812030075
fst_mert,fakemusiccaps,music8k,acestep1.5,AceStep,continuous_vae,False,True,989,1102,0.8182429593037019
fst_mert,fakemusiccaps,music8k,heartmula,HeartMuLa,hybrid_rvq_flow,False,False,989,1102,0.6527900370500184
fst_mert,fakemusiccaps,music8k,minimax_2.6,MiniMax,hybrid_rvq_flow,False,False,304,1102,0.6740077848887192
fst_mert,fakemusiccaps,music8k,mureka_v9,Mureka,continuous_vae,False,True,662,1102,0.3853766291444833
fst_mert,fakemusiccaps,music8k,suno_v5.5,Suno,unknown_proprietary,False,False,330,1102,0.6948633338832976
fst_mert,fakemusiccaps,music8k,sunov5_new,Suno,unknown_proprietary,False,False,340,1102,0.4840156933916943
fst_mert,sonics,artifactbench,DiffRhythm,DiffRhythm,continuous_vae,False,False,100,672,0.8405208333333334
fst_mert,sonics,artifactbench,Google Chirp v2 XXL,Suno,unknown_proprietary,True,True,80,672,0.9968936011904763
fst_mert,sonics,artifactbench,Google Chirp v3,Suno,unknown_proprietary,True,True,80,672,1.0
fst_mert,sonics,artifactbench,Google Chirp v3.5,Suno,unknown_proprietary,True,True,6,672,1.0
fst_mert,sonics,artifactbench,MusicGen Large,MusicGen,rvq_encodec,False,False,30,672,0.6997519841269841
fst_mert,sonics,artifactbench,MusicGen Medium,MusicGen,rvq_encodec,False,False,30,672,0.696875
fst_mert,sonics,artifactbench,MusicGen Small,MusicGen,rvq_encodec,False,False,30,672,0.6994543650793651
fst_mert,sonics,artifactbench,Riffusion,Riffusion,griffin_lim,False,False,100,672,0.8353422619047619
fst_mert,sonics,artifactbench,Riffusion (AIME),Riffusion,griffin_lim,False,False,30,672,0.2768353174603175
fst_mert,sonics,artifactbench,Stable Audio v1,StableAudio,continuous_vae,False,False,50,672,0.5580654761904762
fst_mert,sonics,artifactbench,Stable Audio v2,StableAudio,continuous_vae,False,False,50,672,0.6889583333333332
fst_mert,sonics,artifactbench,Suno (mixed),Suno,unknown_proprietary,True,True,80,672,0.5886532738095238
fst_mert,sonics,artifactbench,Suno v3,Suno,unknown_proprietary,True,True,30,672,0.923611111111111
fst_mert,sonics,artifactbench,Suno v3.5,Suno,unknown_proprietary,True,True,30,672,0.9837797619047619
fst_mert,sonics,artifactbench,Suno v4,Suno,unknown_proprietary,True,True,100,672,0.6208779761904762
fst_mert,sonics,artifactbench,Udio,Udio,unknown_proprietary,True,True,100,672,0.7892559523809525
fst_mert,sonics,artifactbench,Udio (AIME),Udio,unknown_proprietary,True,True,30,672,0.7640376984126984
fst_mert,sonics,artifactbench,Udio (SONICS 120s),Udio,unknown_proprietary,True,True,8,672,1.0
fst_mert,sonics,artifactbench,Udio (SONICS 30s),Udio-32,unknown_proprietary,False,True,80,672,0.9720796130952382
fst_mert,sonics,artifactbench,Udio (mixed),Udio,unknown_proprietary,True,True,80,672,0.7438988095238096
fst_mert,sonics,artifactbench,Udio CDN,Udio,unknown_proprietary,True,True,18,672,0.7943948412698413
fst_mert,sonics,artifactbench,Udio CDN Latest,Udio,unknown_proprietary,True,True,17,672,0.6692927170868348
fst_mert,sonics,artifactbench,Yue,Yue,rvq_xcodec,False,False,100,672,0.9356696428571428
fst_mert,sonics,echoes,acestep,AceStep,mel_vae_hifigan,False,False,57,59,0.9256616116562593
fst_mert,sonics,echoes,audioldm,AudioLDM,mel_vae_hifigan,False,False,115,59,0.9709653647752395
fst_mert,sonics,echoes,brev,Brev,unknown_proprietary,False,True,68,59,0.7108673978065801
fst_mert,sonics,echoes,diffrhythm,DiffRhythm,continuous_vae,False,False,120,59,0.9059322033898305
fst_mert,sonics,echoes,mubert,Mubert,non_neural,False,False,32,59,0.7335805084745763
fst_mert,sonics,echoes,producer,Riffusion,unknown_proprietary,False,True,68,59,0.8487038883349951
fst_mert,sonics,echoes,songgen,SongGen,rvq_xcodec,False,False,111,59,0.9668651702550007
fst_mert,sonics,echoes,stableaudio,StableAudio,continuous_vae,False,False,35,59,0.8445520581113801
fst_mert,sonics,echoes,suno,Suno,unknown_proprietary,True,True,68,59,0.7422731804586241
fst_mert,sonics,echoes,udio,Udio,unknown_proprietary,True,True,68,59,0.8170488534396809
fst_mert,sonics,fakemusiccaps,MusicGen_medium,MusicGen,rvq_encodec,False,False,1104,1102,0.6773217009916095
fst_mert,sonics,fakemusiccaps,audioldm2,AudioLDM,mel_vae_hifigan,False,False,1104,1102,0.6066539098871616
fst_mert,sonics,fakemusiccaps,musicldm,MusicLDM,mel_vae_hifigan,False,False,1104,1102,0.7549037981009495
fst_mert,sonics,fakemusiccaps,mustango,Mustango,mel_vae_hifigan,False,False,1104,1102,0.8493680791183356
fst_mert,sonics,fakemusiccaps,stable_audio_open,StableAudio,continuous_vae,False,False,1104,1102,0.7395340158867933
fst_mert,sonics,music8k,acestep1.5,AceStep,continuous_vae,False,False,989,1102,0.5639135756479166
fst_mert,sonics,music8k,heartmula,HeartMuLa,hybrid_rvq_flow,False,False,989,1102,0.5335129252998959
fst_mert,sonics,music8k,minimax_2.6,MiniMax,hybrid_rvq_flow,False,False,304,1102,0.5028178431559843
fst_mert,sonics,music8k,mureka_v9,Mureka,continuous_vae,False,False,662,1102,0.4764572515777411
fst_mert,sonics,music8k,suno_v5.5,Suno,unknown_proprietary,True,True,330,1102,0.5762841665291756
fst_mert,sonics,music8k,sunov5_new,Suno,unknown_proprietary,True,True,340,1102,0.28142948649514254
fst_muq_frozen,artifactbench,echoes,acestep,AceStep,mel_vae_hifigan,False,False,57,59,0.9726434730895035
fst_muq_frozen,artifactbench,echoes,audioldm,AudioLDM,mel_vae_hifigan,False,False,115,59,0.9976418570375829
fst_muq_frozen,artifactbench,echoes,brev,Brev,unknown_proprietary,False,True,68,59,0.8900797607178463
fst_muq_frozen,artifactbench,echoes,diffrhythm,DiffRhythm,continuous_vae,True,True,120,59,0.938135593220339
fst_muq_frozen,artifactbench,echoes,mubert,Mubert,non_neural,False,False,32,59,0.7997881355932204
fst_muq_frozen,artifactbench,echoes,producer,Riffusion,unknown_proprietary,True,True,68,59,0.9431704885343969
fst_muq_frozen,artifactbench,echoes,songgen,SongGen,rvq_xcodec,False,True,111,59,0.998014964116659
fst_muq_frozen,artifactbench,echoes,stableaudio,StableAudio,continuous_vae,True,True,35,59,0.9336561743341405
fst_muq_frozen,artifactbench,echoes,suno,Suno,unknown_proprietary,True,True,68,59,0.8753738783649053
fst_muq_frozen,artifactbench,echoes,udio,Udio,unknown_proprietary,True,True,68,59,0.786889332003988
fst_muq_frozen,artifactbench,fakemusiccaps,MusicGen_medium,MusicGen,rvq_encodec,True,True,1104,1102,0.9310147557800047
fst_muq_frozen,artifactbench,fakemusiccaps,audioldm2,AudioLDM,mel_vae_hifigan,False,False,1104,1102,0.831453105684
fst_muq_frozen,artifactbench,fakemusiccaps,musicldm,MusicLDM,mel_vae_hifigan,False,False,1104,1102,0.8632821747021227
fst_muq_frozen,artifactbench,fakemusiccaps,mustango,Mustango,mel_vae_hifigan,False,False,1104,1102,0.7807206594071385
fst_muq_frozen,artifactbench,fakemusiccaps,stable_audio_open,StableAudio,continuous_vae,True,True,1104,1102,0.833779245245798
fst_muq_frozen,artifactbench,sonics,chirp-v2-xxl-alpha,Suno,unknown_proprietary,True,True,326,2500,0.9999877300613497
fst_muq_frozen,artifactbench,sonics,chirp-v3,Suno,unknown_proprietary,True,True,711,2500,0.9999974683544304
fst_muq_frozen,artifactbench,sonics,chirp-v3.5,Suno,unknown_proprietary,True,True,341,2500,0.9999988269794722
fst_muq_frozen,artifactbench,sonics,udio-120s,Udio,unknown_proprietary,True,True,324,2500,0.9990722222222221
fst_muq_frozen,artifactbench,sonics,udio-30s,Udio-32,unknown_proprietary,True,True,798,2500,0.998775939849624
fst_muq_frozen,artifactbench,music8k,acestep1.5,AceStep,continuous_vae,False,True,989,1102,0.9721097223725959
fst_muq_frozen,artifactbench,music8k,heartmula,HeartMuLa,hybrid_rvq_flow,False,False,989,1102,0.8272008426631239
fst_muq_frozen,artifactbench,music8k,minimax_2.6,MiniMax,hybrid_rvq_flow,False,False,304,1102,0.9062873125417901
fst_muq_frozen,artifactbench,music8k,mureka_v9,Mureka,continuous_vae,False,True,662,1102,0.5902609098535484
fst_muq_frozen,artifactbench,music8k,suno_v5.5,Suno,unknown_proprietary,True,True,330,1102,0.9490403123796953
fst_muq_frozen,artifactbench,music8k,sunov5_new,Suno,unknown_proprietary,True,True,340,1102,0.8050082737269137
fst_muq_frozen,echoes,artifactbench,DiffRhythm,DiffRhythm,continuous_vae,True,True,100,864,0.9845254629629631
fst_muq_frozen,echoes,artifactbench,Google Chirp v2 XXL,Suno,unknown_proprietary,True,True,80,864,0.9977575231481481
fst_muq_frozen,echoes,artifactbench,Google Chirp v3,Suno,unknown_proprietary,True,True,80,864,0.9998553240740742
fst_muq_frozen,echoes,artifactbench,Google Chirp v3.5,Suno,unknown_proprietary,True,True,80,864,0.9995081018518519
fst_muq_frozen,echoes,artifactbench,MusicGen Large,MusicGen,rvq_encodec,False,False,30,864,0.8709876543209878
fst_muq_frozen,echoes,artifactbench,MusicGen Medium,MusicGen,rvq_encodec,False,False,30,864,0.8238811728395062
fst_muq_frozen,echoes,artifactbench,MusicGen Small,MusicGen,rvq_encodec,False,False,30,864,0.8869212962962963
fst_muq_frozen,echoes,artifactbench,Riffusion,Riffusion,griffin_lim,True,False,100,864,0.9889699074074074
fst_muq_frozen,echoes,artifactbench,Riffusion (AIME),Riffusion,griffin_lim,True,False,30,864,0.6314814814814814
fst_muq_frozen,echoes,artifactbench,Stable Audio v1,StableAudio,continuous_vae,True,True,50,864,0.8549537037037038
fst_muq_frozen,echoes,artifactbench,Stable Audio v2,StableAudio,continuous_vae,True,True,50,864,0.877523148148148
fst_muq_frozen,echoes,artifactbench,Suno (mixed),Suno,unknown_proprietary,True,True,80,864,0.960792824074074
fst_muq_frozen,echoes,artifactbench,Suno v3,Suno,unknown_proprietary,True,True,30,864,0.9799382716049383
fst_muq_frozen,echoes,artifactbench,Suno v3.5,Suno,unknown_proprietary,True,True,30,864,0.9447916666666666
fst_muq_frozen,echoes,artifactbench,Suno v4,Suno,unknown_proprietary,True,True,100,864,0.8960300925925925
fst_muq_frozen,echoes,artifactbench,Udio,Udio,unknown_proprietary,True,True,100,864,0.7608217592592592
fst_muq_frozen,echoes,artifactbench,Udio (AIME),Udio,unknown_proprietary,True,True,30,864,0.7092592592592593
fst_muq_frozen,echoes,artifactbench,Udio (SONICS 120s),Udio,unknown_proprietary,True,True,80,864,0.9855902777777779
fst_muq_frozen,echoes,artifactbench,Udio (SONICS 30s),Udio-32,unknown_proprietary,False,True,80,864,0.9488136574074074
fst_muq_frozen,echoes,artifactbench,Udio (mixed),Udio,unknown_proprietary,True,True,80,864,0.6268952546296296
fst_muq_frozen,echoes,artifactbench,Udio CDN,Udio,unknown_proprietary,True,True,18,864,0.647633744855967
fst_muq_frozen,echoes,artifactbench,Udio CDN Latest,Udio,unknown_proprietary,True,True,17,864,0.6982570806100218
fst_muq_frozen,echoes,artifactbench,Yue,Yue,rvq_xcodec,False,True,100,864,0.9485069444444445
fst_muq_frozen,echoes,fakemusiccaps,MusicGen_medium,MusicGen,rvq_encodec,False,False,1104,1102,0.7358097267155896
fst_muq_frozen,echoes,fakemusiccaps,audioldm2,AudioLDM,mel_vae_hifigan,True,True,1104,1102,0.860217917357111
fst_muq_frozen,echoes,fakemusiccaps,musicldm,MusicLDM,mel_vae_hifigan,False,True,1104,1102,0.6970568991819879
fst_muq_frozen,echoes,fakemusiccaps,mustango,Mustango,mel_vae_hifigan,False,True,1104,1102,0.8886358629895579
fst_muq_frozen,echoes,fakemusiccaps,stable_audio_open,StableAudio,continuous_vae,True,True,1104,1102,0.8858136721113128
fst_muq_frozen,echoes,sonics,chirp-v2-xxl-alpha,Suno,unknown_proprietary,True,True,326,2500,0.9926711656441718
fst_muq_frozen,echoes,sonics,chirp-v3,Suno,unknown_proprietary,True,True,711,2500,0.9980036568213784
fst_muq_frozen,echoes,sonics,chirp-v3.5,Suno,unknown_proprietary,True,True,341,2500,0.9972463343108504
fst_muq_frozen,echoes,sonics,udio-120s,Udio,unknown_proprietary,True,True,324,2500,0.9736388888888888
fst_muq_frozen,echoes,sonics,udio-30s,Udio-32,unknown_proprietary,False,True,798,2500,0.9390220551378446
fst_muq_frozen,echoes,music8k,acestep1.5,AceStep,continuous_vae,True,True,989,1102,0.8837383633764513
fst_muq_frozen,echoes,music8k,heartmula,HeartMuLa,hybrid_rvq_flow,False,False,989,1102,0.8896348949148437
fst_muq_frozen,echoes,music8k,minimax_2.6,MiniMax,hybrid_rvq_flow,False,False,304,1102,0.7971361877925304
fst_muq_frozen,echoes,music8k,mureka_v9,Mureka,continuous_vae,False,True,662,1102,0.7999572323871456
fst_muq_frozen,echoes,music8k,suno_v5.5,Suno,unknown_proprietary,True,True,330,1102,0.8172455040422373
fst_muq_frozen,echoes,music8k,sunov5_new,Suno,unknown_proprietary,True,True,340,1102,0.8115685384861748
fst_muq_frozen,fakemusiccaps,artifactbench,DiffRhythm,DiffRhythm,continuous_vae,False,True,100,864,0.9917592592592593
fst_muq_frozen,fakemusiccaps,artifactbench,Google Chirp v2 XXL,Suno,unknown_proprietary,False,False,80,864,0.8992621527777778
fst_muq_frozen,fakemusiccaps,artifactbench,Google Chirp v3,Suno,unknown_proprietary,False,False,80,864,0.9501591435185185
fst_muq_frozen,fakemusiccaps,artifactbench,Google Chirp v3.5,Suno,unknown_proprietary,False,False,80,864,0.939134837962963
fst_muq_frozen,fakemusiccaps,artifactbench,MusicGen Large,MusicGen,rvq_encodec,True,True,30,864,0.9927083333333334
fst_muq_frozen,fakemusiccaps,artifactbench,MusicGen Medium,MusicGen,rvq_encodec,True,True,30,864,0.9994212962962963
fst_muq_frozen,fakemusiccaps,artifactbench,MusicGen Small,MusicGen,rvq_encodec,True,True,30,864,0.9996527777777778
fst_muq_frozen,fakemusiccaps,artifactbench,Riffusion,Riffusion,griffin_lim,False,False,100,864,0.5140509259259259
fst_muq_frozen,fakemusiccaps,artifactbench,Riffusion (AIME),Riffusion,griffin_lim,False,False,30,864,0.7005015432098767
fst_muq_frozen,fakemusiccaps,artifactbench,Stable Audio v1,StableAudio,continuous_vae,True,True,50,864,0.9924074074074075
fst_muq_frozen,fakemusiccaps,artifactbench,Stable Audio v2,StableAudio,continuous_vae,True,True,50,864,0.9562731481481482
fst_muq_frozen,fakemusiccaps,artifactbench,Suno (mixed),Suno,unknown_proprietary,False,False,80,864,0.6577980324074074
fst_muq_frozen,fakemusiccaps,artifactbench,Suno v3,Suno,unknown_proprietary,False,False,30,864,0.9747685185185185
fst_muq_frozen,fakemusiccaps,artifactbench,Suno v3.5,Suno,unknown_proprietary,False,False,30,864,0.9369598765432099
fst_muq_frozen,fakemusiccaps,artifactbench,Suno v4,Suno,unknown_proprietary,False,False,100,864,0.6027893518518518
fst_muq_frozen,fakemusiccaps,artifactbench,Udio,Udio,unknown_proprietary,False,False,100,864,0.5365162037037037
fst_muq_frozen,fakemusiccaps,artifactbench,Udio (AIME),Udio,unknown_proprietary,False,False,30,864,0.6380015432098767
fst_muq_frozen,fakemusiccaps,artifactbench,Udio (SONICS 120s),Udio,unknown_proprietary,False,False,80,864,0.7800347222222223
fst_muq_frozen,fakemusiccaps,artifactbench,Udio (SONICS 30s),Udio-32,unknown_proprietary,False,False,80,864,0.8411892361111111
fst_muq_frozen,fakemusiccaps,artifactbench,Udio (mixed),Udio,unknown_proprietary,False,False,80,864,0.42288773148148145
fst_muq_frozen,fakemusiccaps,artifactbench,Udio CDN,Udio,unknown_proprietary,False,False,18,864,0.38316615226337447
fst_muq_frozen,fakemusiccaps,artifactbench,Udio CDN Latest,Udio,unknown_proprietary,False,False,17,864,0.463167211328976
fst_muq_frozen,fakemusiccaps,artifactbench,Yue,Yue,rvq_xcodec,False,False,100,864,0.7548958333333332
fst_muq_frozen,fakemusiccaps,echoes,acestep,AceStep,mel_vae_hifigan,False,True,57,59,0.9928635147190009
fst_muq_frozen,fakemusiccaps,echoes,audioldm,AudioLDM,mel_vae_hifigan,True,True,115,59,1.0
fst_muq_frozen,fakemusiccaps,echoes,brev,Brev,unknown_proprietary,False,False,68,59,0.6817048853439681
fst_muq_frozen,fakemusiccaps,echoes,diffrhythm,DiffRhythm,continuous_vae,False,True,120,59,0.9598870056497175
fst_muq_frozen,fakemusiccaps,echoes,mubert,Mubert,non_neural,False,False,32,59,0.7447033898305084
fst_muq_frozen,fakemusiccaps,echoes,producer,Riffusion,unknown_proprietary,False,False,68,59,0.9212362911266201
fst_muq_frozen,fakemusiccaps,echoes,songgen,SongGen,rvq_xcodec,False,False,111,59,0.9917544663307376
fst_muq_frozen,fakemusiccaps,echoes,stableaudio,StableAudio,continuous_vae,True,True,35,59,0.8987893462469734
fst_muq_frozen,fakemusiccaps,echoes,suno,Suno,unknown_proprietary,False,False,68,59,0.6749750747756729
fst_muq_frozen,fakemusiccaps,echoes,udio,Udio,unknown_proprietary,False,False,68,59,0.6228813559322035
fst_muq_frozen,fakemusiccaps,sonics,chirp-v2-xxl-alpha,Suno,unknown_proprietary,False,False,326,2500,0.9730312883435585
fst_muq_frozen,fakemusiccaps,sonics,chirp-v3,Suno,unknown_proprietary,False,False,711,2500,0.9862497890295359
fst_muq_frozen,fakemusiccaps,sonics,chirp-v3.5,Suno,unknown_proprietary,False,False,341,2500,0.970374193548387
fst_muq_frozen,fakemusiccaps,sonics,udio-120s,Udio,unknown_proprietary,False,False,324,2500,0.8558864197530864
fst_muq_frozen,fakemusiccaps,sonics,udio-30s,Udio-32,unknown_proprietary,False,False,798,2500,0.9373744360902256
fst_muq_frozen,fakemusiccaps,music8k,acestep1.5,AceStep,continuous_vae,False,True,989,1102,0.7969203892545771
fst_muq_frozen,fakemusiccaps,music8k,heartmula,HeartMuLa,hybrid_rvq_flow,False,False,989,1102,0.534400639337614
fst_muq_frozen,fakemusiccaps,music8k,minimax_2.6,MiniMax,hybrid_rvq_flow,False,False,304,1102,0.6483710836756138
fst_muq_frozen,fakemusiccaps,music8k,mureka_v9,Mureka,continuous_vae,False,True,662,1102,0.33895115170988205
fst_muq_frozen,fakemusiccaps,music8k,suno_v5.5,Suno,unknown_proprietary,False,False,330,1102,0.5904484958477699
fst_muq_frozen,fakemusiccaps,music8k,sunov5_new,Suno,unknown_proprietary,False,False,340,1102,0.4898379950891427
fst_muq_frozen,sonics,artifactbench,DiffRhythm,DiffRhythm,continuous_vae,False,False,100,672,0.9037127976190475
fst_muq_frozen,sonics,artifactbench,Google Chirp v2 XXL,Suno,unknown_proprietary,True,True,80,672,1.0
fst_muq_frozen,sonics,artifactbench,Google Chirp v3,Suno,unknown_proprietary,True,True,80,672,1.0
fst_muq_frozen,sonics,artifactbench,Google Chirp v3.5,Suno,unknown_proprietary,True,True,6,672,1.0
fst_muq_frozen,sonics,artifactbench,MusicGen Large,MusicGen,rvq_encodec,False,False,30,672,0.6172867063492063
fst_muq_frozen,sonics,artifactbench,MusicGen Medium,MusicGen,rvq_encodec,False,False,30,672,0.4836309523809524
fst_muq_frozen,sonics,artifactbench,MusicGen Small,MusicGen,rvq_encodec,False,False,30,672,0.7079117063492064
fst_muq_frozen,sonics,artifactbench,Riffusion,Riffusion,griffin_lim,False,False,100,672,0.6074776785714286
fst_muq_frozen,sonics,artifactbench,Riffusion (AIME),Riffusion,griffin_lim,False,False,30,672,0.7795882936507936
fst_muq_frozen,sonics,artifactbench,Stable Audio v1,StableAudio,continuous_vae,False,False,50,672,0.6007738095238095
fst_muq_frozen,sonics,artifactbench,Stable Audio v2,StableAudio,continuous_vae,False,False,50,672,0.6360565476190476
fst_muq_frozen,sonics,artifactbench,Suno (mixed),Suno,unknown_proprietary,True,True,80,672,0.2011532738095238
fst_muq_frozen,sonics,artifactbench,Suno v3,Suno,unknown_proprietary,True,True,30,672,0.8970238095238096
fst_muq_frozen,sonics,artifactbench,Suno v3.5,Suno,unknown_proprietary,True,True,30,672,0.9740575396825397
fst_muq_frozen,sonics,artifactbench,Suno v4,Suno,unknown_proprietary,True,True,100,672,0.38927827380952384
fst_muq_frozen,sonics,artifactbench,Udio,Udio,unknown_proprietary,True,True,100,672,0.6286458333333333
fst_muq_frozen,sonics,artifactbench,Udio (AIME),Udio,unknown_proprietary,True,True,30,672,0.7090773809523809
fst_muq_frozen,sonics,artifactbench,Udio (SONICS 120s),Udio,unknown_proprietary,True,True,8,672,1.0
fst_muq_frozen,sonics,artifactbench,Udio (SONICS 30s),Udio-32,unknown_proprietary,False,True,80,672,1.0
fst_muq_frozen,sonics,artifactbench,Udio (mixed),Udio,unknown_proprietary,True,True,80,672,0.572553943452381
fst_muq_frozen,sonics,artifactbench,Udio CDN,Udio,unknown_proprietary,True,True,18,672,0.5343915343915343
fst_muq_frozen,sonics,artifactbench,Udio CDN Latest,Udio,unknown_proprietary,True,True,17,672,0.6226365546218487
fst_muq_frozen,sonics,artifactbench,Yue,Yue,rvq_xcodec,False,False,100,672,0.8599553571428571
fst_muq_frozen,sonics,echoes,acestep,AceStep,mel_vae_hifigan,False,False,57,59,0.8660422242045791
fst_muq_frozen,sonics,echoes,audioldm,AudioLDM,mel_vae_hifigan,False,False,115,59,1.0
fst_muq_frozen,sonics,echoes,brev,Brev,unknown_proprietary,False,True,68,59,0.5034895314057827
fst_muq_frozen,sonics,echoes,diffrhythm,DiffRhythm,continuous_vae,False,False,120,59,0.8877118644067796
fst_muq_frozen,sonics,echoes,mubert,Mubert,non_neural,False,False,32,59,0.4788135593220339
fst_muq_frozen,sonics,echoes,producer,Riffusion,unknown_proprietary,False,True,68,59,0.8523180458624128
fst_muq_frozen,sonics,echoes,songgen,SongGen,rvq_xcodec,False,False,111,59,1.0
fst_muq_frozen,sonics,echoes,stableaudio,StableAudio,continuous_vae,False,False,35,59,0.7617433414043584
fst_muq_frozen,sonics,echoes,suno,Suno,unknown_proprietary,True,True,68,59,0.3073280159521436
fst_muq_frozen,sonics,echoes,udio,Udio,unknown_proprietary,True,True,68,59,0.665752741774676
fst_muq_frozen,sonics,fakemusiccaps,MusicGen_medium,MusicGen,rvq_encodec,False,False,1104,1102,0.6361272488755622
fst_muq_frozen,sonics,fakemusiccaps,audioldm2,AudioLDM,mel_vae_hifigan,False,False,1104,1102,0.5416868046240039
fst_muq_frozen,sonics,fakemusiccaps,musicldm,MusicLDM,mel_vae_hifigan,False,False,1104,1102,0.6906846741103133
fst_muq_frozen,sonics,fakemusiccaps,mustango,Mustango,mel_vae_hifigan,False,False,1104,1102,0.825364866908651
fst_muq_frozen,sonics,fakemusiccaps,stable_audio_open,StableAudio,continuous_vae,False,False,1104,1102,0.6445473809148057
fst_muq_frozen,sonics,music8k,acestep1.5,AceStep,continuous_vae,False,False,989,1102,0.5752318149370846
fst_muq_frozen,sonics,music8k,heartmula,HeartMuLa,hybrid_rvq_flow,False,False,989,1102,0.46126676563798874
fst_muq_frozen,sonics,music8k,minimax_2.6,MiniMax,hybrid_rvq_flow,False,False,304,1102,0.522245737415226
fst_muq_frozen,sonics,music8k,mureka_v9,Mureka,continuous_vae,False,False,662,1102,0.38783165461314495
fst_muq_frozen,sonics,music8k,suno_v5.5,Suno,unknown_proprietary,True,True,330,1102,0.44973051751636156
fst_muq_frozen,sonics,music8k,sunov5_new,Suno,unknown_proprietary,True,True,340,1102,0.2720321340877549
muq_fst,artifactbench,echoes,acestep,AceStep,mel_vae_hifigan,False,False,57,59,0.983942908117752
muq_fst,artifactbench,echoes,audioldm,AudioLDM,mel_vae_hifigan,False,False,115,59,0.9983787767133383
muq_fst,artifactbench,echoes,brev,Brev,unknown_proprietary,False,True,68,59,0.9055333998005981
muq_fst,artifactbench,echoes,diffrhythm,DiffRhythm,continuous_vae,True,True,120,59,0.8574858757062147
muq_fst,artifactbench,echoes,mubert,Mubert,non_neural,False,False,32,59,0.8193855932203389
muq_fst,artifactbench,echoes,producer,Riffusion,unknown_proprietary,True,True,68,59,0.9414257228315055
muq_fst,artifactbench,echoes,songgen,SongGen,rvq_xcodec,False,True,111,59,0.9977095739807604
muq_fst,artifactbench,echoes,stableaudio,StableAudio,continuous_vae,True,True,35,59,0.8992736077481841
muq_fst,artifactbench,echoes,suno,Suno,unknown_proprietary,True,True,68,59,0.8793619142572284
muq_fst,artifactbench,echoes,udio,Udio,unknown_proprietary,True,True,68,59,0.7579760717846461
muq_fst,artifactbench,fakemusiccaps,MusicGen_medium,MusicGen,rvq_encodec,True,True,1104,1102,0.9074907447591993
muq_fst,artifactbench,fakemusiccaps,audioldm2,AudioLDM,mel_vae_hifigan,False,False,1104,1102,0.8768905021173624
muq_fst,artifactbench,fakemusiccaps,musicldm,MusicLDM,mel_vae_hifigan,False,False,1104,1102,0.8883572194166075
muq_fst,artifactbench,fakemusiccaps,mustango,Mustango,mel_vae_hifigan,False,False,1104,1102,0.8242494706594072
muq_fst,artifactbench,fakemusiccaps,stable_audio_open,StableAudio,continuous_vae,True,True,1104,1102,0.8063690194376496
muq_fst,artifactbench,sonics,chirp-v2-xxl-alpha,Suno,unknown_proprietary,True,True,326,2500,0.9998760736196319
muq_fst,artifactbench,sonics,chirp-v3,Suno,unknown_proprietary,True,True,711,2500,0.9999423347398031
muq_fst,artifactbench,sonics,chirp-v3.5,Suno,unknown_proprietary,True,True,341,2500,0.999933137829912
muq_fst,artifactbench,sonics,udio-120s,Udio,unknown_proprietary,True,True,324,2500,0.9967222222222222
muq_fst,artifactbench,sonics,udio-30s,Udio-32,unknown_proprietary,True,True,798,2500,0.9922634085213031
muq_fst,artifactbench,music8k,acestep1.5,AceStep,continuous_vae,False,True,989,1102,0.9753908235600682
muq_fst,artifactbench,music8k,heartmula,HeartMuLa,hybrid_rvq_flow,False,False,989,1102,0.8268173134974739
muq_fst,artifactbench,music8k,minimax_2.6,MiniMax,hybrid_rvq_flow,False,False,304,1102,0.9126349221511129
muq_fst,artifactbench,music8k,mureka_v9,Mureka,continuous_vae,False,True,662,1102,0.7020180281937264
muq_fst,artifactbench,music8k,suno_v5.5,Suno,unknown_proprietary,True,True,330,1102,0.954109607875488
muq_fst,artifactbench,music8k,sunov5_new,Suno,unknown_proprietary,True,True,340,1102,0.8541622184263906
muq_fst,echoes,artifactbench,DiffRhythm,DiffRhythm,continuous_vae,True,True,100,864,0.9761689814814815
muq_fst,echoes,artifactbench,Google Chirp v2 XXL,Suno,unknown_proprietary,True,True,80,864,0.9968894675925926
muq_fst,echoes,artifactbench,Google Chirp v3,Suno,unknown_proprietary,True,True,80,864,0.9994936342592592
muq_fst,echoes,artifactbench,Google Chirp v3.5,Suno,unknown_proprietary,True,True,80,864,0.9981336805555555
muq_fst,echoes,artifactbench,MusicGen Large,MusicGen,rvq_encodec,False,False,30,864,0.8745756172839506
muq_fst,echoes,artifactbench,MusicGen Medium,MusicGen,rvq_encodec,False,False,30,864,0.7971836419753087
muq_fst,echoes,artifactbench,MusicGen Small,MusicGen,rvq_encodec,False,False,30,864,0.8706404320987654
muq_fst,echoes,artifactbench,Riffusion,Riffusion,griffin_lim,True,False,100,864,0.9837152777777777
muq_fst,echoes,artifactbench,Riffusion (AIME),Riffusion,griffin_lim,True,False,30,864,0.7657793209876543
muq_fst,echoes,artifactbench,Stable Audio v1,StableAudio,continuous_vae,True,True,50,864,0.8434490740740741
muq_fst,echoes,artifactbench,Stable Audio v2,StableAudio,continuous_vae,True,True,50,864,0.8374537037037036
muq_fst,echoes,artifactbench,Suno (mixed),Suno,unknown_proprietary,True,True,80,864,0.9682581018518519
muq_fst,echoes,artifactbench,Suno v3,Suno,unknown_proprietary,True,True,30,864,0.9868055555555555
muq_fst,echoes,artifactbench,Suno v3.5,Suno,unknown_proprietary,True,True,30,864,0.9324074074074074
muq_fst,echoes,artifactbench,Suno v4,Suno,unknown_proprietary,True,True,100,864,0.8939583333333332
muq_fst,echoes,artifactbench,Udio,Udio,unknown_proprietary,True,True,100,864,0.7429745370370371
muq_fst,echoes,artifactbench,Udio (AIME),Udio,unknown_proprietary,True,True,30,864,0.7518904320987655
muq_fst,echoes,artifactbench,Udio (SONICS 120s),Udio,unknown_proprietary,True,True,80,864,0.973755787037037
muq_fst,echoes,artifactbench,Udio (SONICS 30s),Udio-32,unknown_proprietary,False,True,80,864,0.9298032407407408
muq_fst,echoes,artifactbench,Udio (mixed),Udio,unknown_proprietary,True,True,80,864,0.6755353009259261
muq_fst,echoes,artifactbench,Udio CDN,Udio,unknown_proprietary,True,True,18,864,0.7315457818930041
muq_fst,echoes,artifactbench,Udio CDN Latest,Udio,unknown_proprietary,True,True,17,864,0.749931917211329
muq_fst,echoes,artifactbench,Yue,Yue,rvq_xcodec,False,True,100,864,0.9214699074074073
muq_fst,echoes,fakemusiccaps,MusicGen_medium,MusicGen,rvq_encodec,False,False,1104,1102,0.7491472191535812
muq_fst,echoes,fakemusiccaps,audioldm2,AudioLDM,mel_vae_hifigan,True,True,1104,1102,0.8838812501643915
muq_fst,echoes,fakemusiccaps,musicldm,MusicLDM,mel_vae_hifigan,False,True,1104,1102,0.7335287948131198
muq_fst,echoes,fakemusiccaps,mustango,Mustango,mel_vae_hifigan,False,True,1104,1102,0.8871579835082458
muq_fst,echoes,fakemusiccaps,stable_audio_open,StableAudio,continuous_vae,True,True,1104,1102,0.8718584786554091
muq_fst,echoes,sonics,chirp-v2-xxl-alpha,Suno,unknown_proprietary,True,True,326,2500,0.9914392638036809
muq_fst,echoes,sonics,chirp-v3,Suno,unknown_proprietary,True,True,711,2500,0.9972559774964838
muq_fst,echoes,sonics,chirp-v3.5,Suno,unknown_proprietary,True,True,341,2500,0.9951718475073313
muq_fst,echoes,sonics,udio-120s,Udio,unknown_proprietary,True,True,324,2500,0.9592765432098765
muq_fst,echoes,sonics,udio-30s,Udio-32,unknown_proprietary,False,True,798,2500,0.9179974937343358
muq_fst,echoes,music8k,acestep1.5,AceStep,continuous_vae,True,True,989,1102,0.9197139496347297
muq_fst,echoes,music8k,heartmula,HeartMuLa,hybrid_rvq_flow,False,False,989,1102,0.9004911558908428
muq_fst,echoes,music8k,minimax_2.6,MiniMax,hybrid_rvq_flow,False,False,304,1102,0.8389307121023976
muq_fst,echoes,music8k,mureka_v9,Mureka,continuous_vae,False,True,662,1102,0.8053045547507689
muq_fst,echoes,music8k,suno_v5.5,Suno,unknown_proprietary,True,True,330,1102,0.865484243524171
muq_fst,echoes,music8k,sunov5_new,Suno,unknown_proprietary,True,True,340,1102,0.8635448916408668
muq_fst,fakemusiccaps,artifactbench,DiffRhythm,DiffRhythm,continuous_vae,False,True,100,864,0.9893171296296296
muq_fst,fakemusiccaps,artifactbench,Google Chirp v2 XXL,Suno,unknown_proprietary,False,False,80,864,0.8160445601851852
muq_fst,fakemusiccaps,artifactbench,Google Chirp v3,Suno,unknown_proprietary,False,False,80,864,0.8455005787037037
muq_fst,fakemusiccaps,artifactbench,Google Chirp v3.5,Suno,unknown_proprietary,False,False,80,864,0.8140625000000001
muq_fst,fakemusiccaps,artifactbench,MusicGen Large,MusicGen,rvq_encodec,True,True,30,864,0.9989583333333333
muq_fst,fakemusiccaps,artifactbench,MusicGen Medium,MusicGen,rvq_encodec,True,True,30,864,0.9992283950617283
muq_fst,fakemusiccaps,artifactbench,MusicGen Small,MusicGen,rvq_encodec,True,True,30,864,0.9991512345679012
muq_fst,fakemusiccaps,artifactbench,Riffusion,Riffusion,griffin_lim,False,False,100,864,0.580011574074074
muq_fst,fakemusiccaps,artifactbench,Riffusion (AIME),Riffusion,griffin_lim,False,False,30,864,0.7990740740740742
muq_fst,fakemusiccaps,artifactbench,Stable Audio v1,StableAudio,continuous_vae,True,True,50,864,0.9991435185185185
muq_fst,fakemusiccaps,artifactbench,Stable Audio v2,StableAudio,continuous_vae,True,True,50,864,0.9734259259259259
muq_fst,fakemusiccaps,artifactbench,Suno (mixed),Suno,unknown_proprietary,False,False,80,864,0.6621961805555555
muq_fst,fakemusiccaps,artifactbench,Suno v3,Suno,unknown_proprietary,False,False,30,864,0.9558256172839507
muq_fst,fakemusiccaps,artifactbench,Suno v3.5,Suno,unknown_proprietary,False,False,30,864,0.8444058641975309
muq_fst,fakemusiccaps,artifactbench,Suno v4,Suno,unknown_proprietary,False,False,100,864,0.599710648148148
muq_fst,fakemusiccaps,artifactbench,Udio,Udio,unknown_proprietary,False,False,100,864,0.5613888888888889
muq_fst,fakemusiccaps,artifactbench,Udio (AIME),Udio,unknown_proprietary,False,False,30,864,0.6730324074074074
muq_fst,fakemusiccaps,artifactbench,Udio (SONICS 120s),Udio,unknown_proprietary,False,False,80,864,0.668648726851852
muq_fst,fakemusiccaps,artifactbench,Udio (SONICS 30s),Udio-32,unknown_proprietary,False,False,80,864,0.6557146990740741
muq_fst,fakemusiccaps,artifactbench,Udio (mixed),Udio,unknown_proprietary,False,False,80,864,0.3556712962962963
muq_fst,fakemusiccaps,artifactbench,Udio CDN,Udio,unknown_proprietary,False,False,18,864,0.3575102880658436
muq_fst,fakemusiccaps,artifactbench,Udio CDN Latest,Udio,unknown_proprietary,False,False,17,864,0.4224537037037037
muq_fst,fakemusiccaps,artifactbench,Yue,Yue,rvq_xcodec,False,False,100,864,0.7307870370370371
muq_fst,fakemusiccaps,echoes,acestep,AceStep,mel_vae_hifigan,False,True,57,59,0.9979185251263754
muq_fst,fakemusiccaps,echoes,audioldm,AudioLDM,mel_vae_hifigan,True,True,115,59,0.999852616064849
muq_fst,fakemusiccaps,echoes,brev,Brev,unknown_proprietary,False,False,68,59,0.7108673978065803
muq_fst,fakemusiccaps,echoes,diffrhythm,DiffRhythm,continuous_vae,False,True,120,59,0.9805084745762712
muq_fst,fakemusiccaps,echoes,mubert,Mubert,non_neural,False,False,32,59,0.7547669491525424
muq_fst,fakemusiccaps,echoes,producer,Riffusion,unknown_proprietary,False,False,68,59,0.9324526420737786
muq_fst,fakemusiccaps,echoes,songgen,SongGen,rvq_xcodec,False,False,111,59,0.9857993586807146
muq_fst,fakemusiccaps,echoes,stableaudio,StableAudio,continuous_vae,True,True,35,59,0.9128329297820823
muq_fst,fakemusiccaps,echoes,suno,Suno,unknown_proprietary,False,False,68,59,0.6822033898305085
muq_fst,fakemusiccaps,echoes,udio,Udio,unknown_proprietary,False,False,68,59,0.5867397806580259
muq_fst,fakemusiccaps,sonics,chirp-v2-xxl-alpha,Suno,unknown_proprietary,False,False,326,2500,0.9181582822085891
muq_fst,fakemusiccaps,sonics,chirp-v3,Suno,unknown_proprietary,False,False,711,2500,0.9411153305203939
muq_fst,fakemusiccaps,sonics,chirp-v3.5,Suno,unknown_proprietary,False,False,341,2500,0.8682510263929619
muq_fst,fakemusiccaps,sonics,udio-120s,Udio,unknown_proprietary,False,False,324,2500,0.7031796296296295
muq_fst,fakemusiccaps,sonics,udio-30s,Udio-32,unknown_proprietary,False,False,798,2500,0.8023233082706767
muq_fst,fakemusiccaps,music8k,acestep1.5,AceStep,continuous_vae,False,True,989,1102,0.800218464818998
muq_fst,fakemusiccaps,music8k,heartmula,HeartMuLa,hybrid_rvq_flow,False,False,989,1102,0.5261978863689329
muq_fst,fakemusiccaps,music8k,minimax_2.6,MiniMax,hybrid_rvq_flow,False,False,304,1102,0.5668133298309294
muq_fst,fakemusiccaps,music8k,mureka_v9,Mureka,continuous_vae,False,True,662,1102,0.3605727844457482
muq_fst,fakemusiccaps,music8k,suno_v5.5,Suno,unknown_proprietary,False,False,330,1102,0.5369617224880383
muq_fst,fakemusiccaps,music8k,sunov5_new,Suno,unknown_proprietary,False,False,340,1102,0.4621543717305434
muq_fst,sonics,artifactbench,DiffRhythm,DiffRhythm,continuous_vae,False,False,100,672,0.9623363095238096
muq_fst,sonics,artifactbench,Google Chirp v2 XXL,Suno,unknown_proprietary,True,True,80,672,1.0
muq_fst,sonics,artifactbench,Google Chirp v3,Suno,unknown_proprietary,True,True,80,672,1.0
muq_fst,sonics,artifactbench,Google Chirp v3.5,Suno,unknown_proprietary,True,True,6,672,1.0
muq_fst,sonics,artifactbench,MusicGen Large,MusicGen,rvq_encodec,False,False,30,672,0.8720734126984127
muq_fst,sonics,artifactbench,MusicGen Medium,MusicGen,rvq_encodec,False,False,30,672,0.8112103174603175
muq_fst,sonics,artifactbench,MusicGen Small,MusicGen,rvq_encodec,False,False,30,672,0.8865575396825397
muq_fst,sonics,artifactbench,Riffusion,Riffusion,griffin_lim,False,False,100,672,0.891235119047619
muq_fst,sonics,artifactbench,Riffusion (AIME),Riffusion,griffin_lim,False,False,30,672,0.6613343253968254
muq_fst,sonics,artifactbench,Stable Audio v1,StableAudio,continuous_vae,False,False,50,672,0.8310416666666667
muq_fst,sonics,artifactbench,Stable Audio v2,StableAudio,continuous_vae,False,False,50,672,0.8375297619047619
muq_fst,sonics,artifactbench,Suno (mixed),Suno,unknown_proprietary,True,True,80,672,0.40274367559523805
muq_fst,sonics,artifactbench,Suno v3,Suno,unknown_proprietary,True,True,30,672,0.9520833333333333
muq_fst,sonics,artifactbench,Suno v3.5,Suno,unknown_proprietary,True,True,30,672,0.9931547619047619
muq_fst,sonics,artifactbench,Suno v4,Suno,unknown_proprietary,True,True,100,672,0.5355654761904762
muq_fst,sonics,artifactbench,Udio,Udio,unknown_proprietary,True,True,100,672,0.7565997023809522
muq_fst,sonics,artifactbench,Udio (AIME),Udio,unknown_proprietary,True,True,30,672,0.8092261904761905
muq_fst,sonics,artifactbench,Udio (SONICS 120s),Udio,unknown_proprietary,True,True,8,672,1.0
muq_fst,sonics,artifactbench,Udio (SONICS 30s),Udio-32,unknown_proprietary,False,True,80,672,1.0
muq_fst,sonics,artifactbench,Udio (mixed),Udio,unknown_proprietary,True,True,80,672,0.7178385416666667
muq_fst,sonics,artifactbench,Udio CDN,Udio,unknown_proprietary,True,True,18,672,0.6258267195767195
muq_fst,sonics,artifactbench,Udio CDN Latest,Udio,unknown_proprietary,True,True,17,672,0.6437324929971988
muq_fst,sonics,artifactbench,Yue,Yue,rvq_xcodec,False,False,100,672,0.9565625
muq_fst,sonics,echoes,acestep,AceStep,mel_vae_hifigan,False,False,57,59,0.9640202200416295
muq_fst,sonics,echoes,audioldm,AudioLDM,mel_vae_hifigan,False,False,115,59,1.0
muq_fst,sonics,echoes,brev,Brev,unknown_proprietary,False,True,68,59,0.6797108673978066
muq_fst,sonics,echoes,diffrhythm,DiffRhythm,continuous_vae,False,False,120,59,0.9583333333333334
muq_fst,sonics,echoes,mubert,Mubert,non_neural,False,False,32,59,0.6721398305084746
muq_fst,sonics,echoes,producer,Riffusion,unknown_proprietary,False,True,68,59,0.9297108673978066
muq_fst,sonics,echoes,songgen,SongGen,rvq_xcodec,False,False,111,59,1.0
muq_fst,sonics,echoes,stableaudio,StableAudio,continuous_vae,False,False,35,59,0.8716707021791767
muq_fst,sonics,echoes,suno,Suno,unknown_proprietary,True,True,68,59,0.5752741774675972
muq_fst,sonics,echoes,udio,Udio,unknown_proprietary,True,True,68,59,0.7779162512462613
muq_fst,sonics,fakemusiccaps,MusicGen_medium,MusicGen,rvq_encodec,False,False,1104,1102,0.7837269687524658
muq_fst,sonics,fakemusiccaps,audioldm2,AudioLDM,mel_vae_hifigan,False,False,1104,1102,0.690002038454457
muq_fst,sonics,fakemusiccaps,musicldm,MusicLDM,mel_vae_hifigan,False,False,1104,1102,0.8527118019937401
muq_fst,sonics,fakemusiccaps,mustango,Mustango,mel_vae_hifigan,False,False,1104,1102,0.8981878304268919
muq_fst,sonics,fakemusiccaps,stable_audio_open,StableAudio,continuous_vae,False,False,1104,1102,0.7725417718772194
muq_fst,sonics,music8k,acestep1.5,AceStep,continuous_vae,False,False,989,1102,0.6401565129308051
muq_fst,sonics,music8k,heartmula,HeartMuLa,hybrid_rvq_flow,False,False,989,1102,0.49969813135048147
muq_fst,sonics,music8k,minimax_2.6,MiniMax,hybrid_rvq_flow,False,False,304,1102,0.5810488107746681
muq_fst,sonics,music8k,mureka_v9,Mureka,continuous_vae,False,False,662,1102,0.36699820705007646
muq_fst,sonics,music8k,suno_v5.5,Suno,unknown_proprietary,True,True,330,1102,0.621832205906616
muq_fst,sonics,music8k,sunov5_new,Suno,unknown_proprietary,True,True,340,1102,0.25102754350378986
comoe_xcodec,artifactbench,echoes,acestep,AceStep,mel_vae_hifigan,False,False,57,59,0.9372584002378828
comoe_xcodec,artifactbench,echoes,audioldm,AudioLDM,mel_vae_hifigan,False,False,115,59,0.9737656595431098
comoe_xcodec,artifactbench,echoes,brev,Brev,unknown_proprietary,False,True,68,59,0.8153040877367896
comoe_xcodec,artifactbench,echoes,diffrhythm,DiffRhythm,continuous_vae,True,True,120,59,0.8567796610169491
comoe_xcodec,artifactbench,echoes,mubert,Mubert,non_neural,False,False,32,59,0.795021186440678
comoe_xcodec,artifactbench,echoes,producer,Riffusion,unknown_proprietary,True,True,68,59,0.856679960119641
comoe_xcodec,artifactbench,echoes,songgen,SongGen,rvq_xcodec,False,True,111,59,0.9158650175599329
comoe_xcodec,artifactbench,echoes,stableaudio,StableAudio,continuous_vae,True,True,35,59,0.8232445520581113
comoe_xcodec,artifactbench,echoes,suno,Suno,unknown_proprietary,True,True,68,59,0.7891326021934197
comoe_xcodec,artifactbench,echoes,udio,Udio,unknown_proprietary,True,True,68,59,0.7036390827517448
comoe_xcodec,artifactbench,fakemusiccaps,MusicGen_medium,MusicGen,rvq_encodec,True,True,1104,1102,0.8288483225492517
comoe_xcodec,artifactbench,fakemusiccaps,audioldm2,AudioLDM,mel_vae_hifigan,False,False,1104,1102,0.5924784318367132
comoe_xcodec,artifactbench,fakemusiccaps,musicldm,MusicLDM,mel_vae_hifigan,False,False,1104,1102,0.8352024645571952
comoe_xcodec,artifactbench,fakemusiccaps,mustango,Mustango,mel_vae_hifigan,False,False,1104,1102,0.8473970251716247
comoe_xcodec,artifactbench,fakemusiccaps,stable_audio_open,StableAudio,continuous_vae,True,True,1104,1102,0.7565814132407481
comoe_xcodec,artifactbench,sonics,chirp-v2-xxl-alpha,Suno,unknown_proprietary,True,True,326,2500,0.9902993865030675
comoe_xcodec,artifactbench,sonics,chirp-v3,Suno,unknown_proprietary,True,True,711,2500,0.9983915611814347
comoe_xcodec,artifactbench,sonics,chirp-v3.5,Suno,unknown_proprietary,True,True,341,2500,0.9977888563049853
comoe_xcodec,artifactbench,sonics,udio-120s,Udio,unknown_proprietary,True,True,324,2500,0.9772987654320988
comoe_xcodec,artifactbench,sonics,udio-30s,Udio-32,unknown_proprietary,True,True,798,2500,0.9806112781954887
comoe_xcodec,artifactbench,music8k,acestep1.5,AceStep,continuous_vae,False,True,989,1102,0.8435164302793524
comoe_xcodec,artifactbench,music8k,heartmula,HeartMuLa,hybrid_rvq_flow,False,False,989,1102,0.6460273535203023
comoe_xcodec,artifactbench,music8k,minimax_2.6,MiniMax,hybrid_rvq_flow,False,False,304,1102,0.49194944598337953
comoe_xcodec,artifactbench,music8k,mureka_v9,Mureka,continuous_vae,False,True,662,1102,0.6617671248649805
comoe_xcodec,artifactbench,music8k,suno_v5.5,Suno,unknown_proprietary,True,True,330,1102,0.7583814552054117
comoe_xcodec,artifactbench,music8k,sunov5_new,Suno,unknown_proprietary,True,True,340,1102,0.6697101526636062
comoe_xcodec,echoes,artifactbench,DiffRhythm,DiffRhythm,continuous_vae,True,True,100,862,0.879524361948956
comoe_xcodec,echoes,artifactbench,Google Chirp v2 XXL,Suno,unknown_proprietary,True,True,80,862,0.9941125290023202
comoe_xcodec,echoes,artifactbench,Google Chirp v3,Suno,unknown_proprietary,True,True,80,862,0.9997244779582367
comoe_xcodec,echoes,artifactbench,Google Chirp v3.5,Suno,unknown_proprietary,True,True,80,862,0.999622969837587
comoe_xcodec,echoes,artifactbench,MusicGen Large,MusicGen,rvq_encodec,False,False,30,862,0.7482598607888632
comoe_xcodec,echoes,artifactbench,MusicGen Medium,MusicGen,rvq_encodec,False,False,30,862,0.7063031709203403
comoe_xcodec,echoes,artifactbench,MusicGen Small,MusicGen,rvq_encodec,False,False,30,862,0.8497679814385151
comoe_xcodec,echoes,artifactbench,Riffusion,Riffusion,griffin_lim,True,False,100,862,0.877401392111369
comoe_xcodec,echoes,artifactbench,Riffusion (AIME),Riffusion,griffin_lim,True,False,30,862,0.4867749419953596
comoe_xcodec,echoes,artifactbench,Stable Audio v1,StableAudio,continuous_vae,True,True,50,862,0.8012761020881671
comoe_xcodec,echoes,artifactbench,Stable Audio v2,StableAudio,continuous_vae,True,True,50,862,0.8502784222737819
comoe_xcodec,echoes,artifactbench,Suno (mixed),Suno,unknown_proprietary,True,True,80,862,0.88502030162413
comoe_xcodec,echoes,artifactbench,Suno v3,Suno,unknown_proprietary,True,True,30,862,0.8987238979118329
comoe_xcodec,echoes,artifactbench,Suno v3.5,Suno,unknown_proprietary,True,True,29,862,0.8603888311064884
comoe_xcodec,echoes,artifactbench,Suno v4,Suno,unknown_proprietary,True,True,100,862,0.8077030162412993
comoe_xcodec,echoes,artifactbench,Udio,Udio,unknown_proprietary,True,True,100,862,0.7469605568445477
comoe_xcodec,echoes,artifactbench,Udio (AIME),Udio,unknown_proprietary,True,True,30,862,0.7161252900232018
comoe_xcodec,echoes,artifactbench,Udio (SONICS 120s),Udio,unknown_proprietary,True,True,80,862,0.9760730858468678
comoe_xcodec,echoes,artifactbench,Udio (SONICS 30s),Udio-32,unknown_proprietary,False,True,80,862,0.9723897911832947
comoe_xcodec,echoes,artifactbench,Udio (mixed),Udio,unknown_proprietary,True,True,80,862,0.7444098027842228
comoe_xcodec,echoes,artifactbench,Udio CDN,Udio,unknown_proprietary,True,True,18,862,0.7327919566898685
comoe_xcodec,echoes,artifactbench,Udio CDN Latest,Udio,unknown_proprietary,True,True,17,862,0.7911150539101952
comoe_xcodec,echoes,artifactbench,Yue,Yue,rvq_xcodec,False,True,100,862,0.867685614849188
comoe_xcodec,echoes,fakemusiccaps,MusicGen_medium,MusicGen,rvq_encodec,False,False,1104,1102,0.6557210703858597
comoe_xcodec,echoes,fakemusiccaps,audioldm2,AudioLDM,mel_vae_hifigan,True,True,1104,1102,0.48228106341566057
comoe_xcodec,echoes,fakemusiccaps,musicldm,MusicLDM,mel_vae_hifigan,False,True,1104,1102,0.6804850042084221
comoe_xcodec,echoes,fakemusiccaps,mustango,Mustango,mel_vae_hifigan,False,True,1104,1102,0.839033197217181
comoe_xcodec,echoes,fakemusiccaps,stable_audio_open,StableAudio,continuous_vae,True,True,1104,1102,0.7628656888660933
comoe_xcodec,echoes,sonics,chirp-v2-xxl-alpha,Suno,unknown_proprietary,True,True,326,2500,0.9886319018404908
comoe_xcodec,echoes,sonics,chirp-v3,Suno,unknown_proprietary,True,True,711,2500,0.999129676511955
comoe_xcodec,echoes,sonics,chirp-v3.5,Suno,unknown_proprietary,True,True,341,2500,0.9962979472140763
comoe_xcodec,echoes,sonics,udio-120s,Udio,unknown_proprietary,True,True,324,2500,0.9732216049382715
comoe_xcodec,echoes,sonics,udio-30s,Udio-32,unknown_proprietary,False,True,798,2500,0.9644611528822055
comoe_xcodec,echoes,music8k,acestep1.5,AceStep,continuous_vae,True,True,989,1102,0.6295126610501359
comoe_xcodec,echoes,music8k,heartmula,HeartMuLa,hybrid_rvq_flow,False,False,989,1102,0.7404003016851427
comoe_xcodec,echoes,music8k,minimax_2.6,MiniMax,hybrid_rvq_flow,False,False,304,1102,0.5111340624701499
comoe_xcodec,echoes,music8k,mureka_v9,Mureka,continuous_vae,False,True,662,1102,0.7433237288971988
comoe_xcodec,echoes,music8k,suno_v5.5,Suno,unknown_proprietary,True,True,330,1102,0.7262772919760215
comoe_xcodec,echoes,music8k,sunov5_new,Suno,unknown_proprietary,True,True,340,1102,0.6858172307035337
comoe_xcodec,fakemusiccaps,artifactbench,DiffRhythm,DiffRhythm,continuous_vae,False,True,100,862,0.7245707656612529
comoe_xcodec,fakemusiccaps,artifactbench,Google Chirp v2 XXL,Suno,unknown_proprietary,False,False,80,862,0.9950261020881671
comoe_xcodec,fakemusiccaps,artifactbench,Google Chirp v3,Suno,unknown_proprietary,False,False,80,862,0.9978103248259861
comoe_xcodec,fakemusiccaps,artifactbench,Google Chirp v3.5,Suno,unknown_proprietary,False,False,80,862,0.9973752900232018
comoe_xcodec,fakemusiccaps,artifactbench,MusicGen Large,MusicGen,rvq_encodec,True,True,30,862,0.939752513534416
comoe_xcodec,fakemusiccaps,artifactbench,MusicGen Medium,MusicGen,rvq_encodec,True,True,30,862,0.9440061871616396
comoe_xcodec,fakemusiccaps,artifactbench,MusicGen Small,MusicGen,rvq_encodec,True,True,30,862,0.9669373549883992
comoe_xcodec,fakemusiccaps,artifactbench,Riffusion,Riffusion,griffin_lim,False,False,100,862,0.542401392111369
comoe_xcodec,fakemusiccaps,artifactbench,Riffusion (AIME),Riffusion,griffin_lim,False,False,30,862,0.7248646558391337
comoe_xcodec,fakemusiccaps,artifactbench,Stable Audio v1,StableAudio,continuous_vae,True,True,50,862,0.9569605568445476
comoe_xcodec,fakemusiccaps,artifactbench,Stable Audio v2,StableAudio,continuous_vae,True,True,50,862,0.9548491879350348
comoe_xcodec,fakemusiccaps,artifactbench,Suno (mixed),Suno,unknown_proprietary,False,False,80,862,0.5198375870069606
comoe_xcodec,fakemusiccaps,artifactbench,Suno v3,Suno,unknown_proprietary,False,False,30,862,0.8704949729311678
comoe_xcodec,fakemusiccaps,artifactbench,Suno v3.5,Suno,unknown_proprietary,False,False,29,862,0.9180734458756701
comoe_xcodec,fakemusiccaps,artifactbench,Suno v4,Suno,unknown_proprietary,False,False,100,862,0.6046867749419953
comoe_xcodec,fakemusiccaps,artifactbench,Udio,Udio,unknown_proprietary,False,False,100,862,0.6742343387470997
comoe_xcodec,fakemusiccaps,artifactbench,Udio (AIME),Udio,unknown_proprietary,False,False,30,862,0.8423433874709977
comoe_xcodec,fakemusiccaps,artifactbench,Udio (SONICS 120s),Udio,unknown_proprietary,False,False,80,862,0.993604988399072
comoe_xcodec,fakemusiccaps,artifactbench,Udio (SONICS 30s),Udio-32,unknown_proprietary,False,False,80,862,0.9830191415313225
comoe_xcodec,fakemusiccaps,artifactbench,Udio (mixed),Udio,unknown_proprietary,False,False,80,862,0.5504205336426915
comoe_xcodec,fakemusiccaps,artifactbench,Udio CDN,Udio,unknown_proprietary,False,False,18,862,0.6447538025264243
comoe_xcodec,fakemusiccaps,artifactbench,Udio CDN Latest,Udio,unknown_proprietary,False,False,17,862,0.4667667531049543
comoe_xcodec,fakemusiccaps,artifactbench,Yue,Yue,rvq_xcodec,False,False,100,862,0.7289675174013921
comoe_xcodec,fakemusiccaps,echoes,acestep,AceStep,mel_vae_hifigan,False,True,57,59,0.8760035682426405
comoe_xcodec,fakemusiccaps,echoes,audioldm,AudioLDM,mel_vae_hifigan,True,True,115,59,0.9967575534266766
comoe_xcodec,fakemusiccaps,echoes,brev,Brev,unknown_proprietary,False,False,68,59,0.4945164506480559
comoe_xcodec,fakemusiccaps,echoes,diffrhythm,DiffRhythm,continuous_vae,False,True,120,59,0.5772598870056497
comoe_xcodec,fakemusiccaps,echoes,mubert,Mubert,non_neural,False,False,32,59,0.6800847457627118
comoe_xcodec,fakemusiccaps,echoes,producer,Riffusion,unknown_proprietary,False,False,68,59,0.6817048853439682
comoe_xcodec,fakemusiccaps,echoes,songgen,SongGen,rvq_xcodec,False,False,111,59,0.9819819819819819
comoe_xcodec,fakemusiccaps,echoes,stableaudio,StableAudio,continuous_vae,True,True,35,59,0.6523002421307506
comoe_xcodec,fakemusiccaps,echoes,suno,Suno,unknown_proprietary,False,False,68,59,0.38434695912263206
comoe_xcodec,fakemusiccaps,echoes,udio,Udio,unknown_proprietary,False,False,68,59,0.4872881355932204
comoe_xcodec,fakemusiccaps,sonics,chirp-v2-xxl-alpha,Suno,unknown_proprietary,False,False,326,2500,0.997679754601227
comoe_xcodec,fakemusiccaps,sonics,chirp-v3,Suno,unknown_proprietary,False,False,711,2500,0.9993175808720113
comoe_xcodec,fakemusiccaps,sonics,chirp-v3.5,Suno,unknown_proprietary,False,False,341,2500,0.9988152492668622
comoe_xcodec,fakemusiccaps,sonics,udio-120s,Udio,unknown_proprietary,False,False,324,2500,0.9955271604938271
comoe_xcodec,fakemusiccaps,sonics,udio-30s,Udio-32,unknown_proprietary,False,False,798,2500,0.9917744360902255
comoe_xcodec,fakemusiccaps,music8k,acestep1.5,AceStep,continuous_vae,False,True,989,1102,0.6639807391285998
comoe_xcodec,fakemusiccaps,music8k,heartmula,HeartMuLa,hybrid_rvq_flow,False,False,989,1102,0.5358663997254738
comoe_xcodec,fakemusiccaps,music8k,minimax_2.6,MiniMax,hybrid_rvq_flow,False,False,304,1102,0.4992059891107078
comoe_xcodec,fakemusiccaps,music8k,mureka_v9,Mureka,continuous_vae,False,True,662,1102,0.4752578393582665
comoe_xcodec,fakemusiccaps,music8k,suno_v5.5,Suno,unknown_proprietary,False,False,330,1102,0.7245861519001265
comoe_xcodec,fakemusiccaps,music8k,sunov5_new,Suno,unknown_proprietary,False,False,340,1102,0.43070086473790975
comoe_xcodec,sonics,artifactbench,DiffRhythm,DiffRhythm,continuous_vae,False,False,100,670,0.5231044776119402
comoe_xcodec,sonics,artifactbench,Google Chirp v2 XXL,Suno,unknown_proprietary,True,True,80,670,1.0
comoe_xcodec,sonics,artifactbench,Google Chirp v3,Suno,unknown_proprietary,True,True,80,670,1.0
comoe_xcodec,sonics,artifactbench,Google Chirp v3.5,Suno,unknown_proprietary,True,True,6,670,1.0
comoe_xcodec,sonics,artifactbench,MusicGen Large,MusicGen,rvq_encodec,False,False,30,670,0.6797512437810944
comoe_xcodec,sonics,artifactbench,MusicGen Medium,MusicGen,rvq_encodec,False,False,30,670,0.6574129353233831
comoe_xcodec,sonics,artifactbench,MusicGen Small,MusicGen,rvq_encodec,False,False,30,670,0.8136318407960199
comoe_xcodec,sonics,artifactbench,Riffusion,Riffusion,griffin_lim,False,False,100,670,0.38926119402985077
comoe_xcodec,sonics,artifactbench,Riffusion (AIME),Riffusion,griffin_lim,False,False,30,670,0.6851741293532339
comoe_xcodec,sonics,artifactbench,Stable Audio v1,StableAudio,continuous_vae,False,False,50,670,0.7712537313432837
comoe_xcodec,sonics,artifactbench,Stable Audio v2,StableAudio,continuous_vae,False,False,50,670,0.7691641791044775
comoe_xcodec,sonics,artifactbench,Suno (mixed),Suno,unknown_proprietary,True,True,80,670,0.4772761194029851
comoe_xcodec,sonics,artifactbench,Suno v3,Suno,unknown_proprietary,True,True,30,670,0.7669651741293533
comoe_xcodec,sonics,artifactbench,Suno v3.5,Suno,unknown_proprietary,True,True,29,670,0.8731600617601647
comoe_xcodec,sonics,artifactbench,Suno v4,Suno,unknown_proprietary,True,True,100,670,0.4041865671641791
comoe_xcodec,sonics,artifactbench,Udio,Udio,unknown_proprietary,True,True,100,670,0.5468955223880596
comoe_xcodec,sonics,artifactbench,Udio (AIME),Udio,unknown_proprietary,True,True,30,670,0.6104975124378109
comoe_xcodec,sonics,artifactbench,Udio (SONICS 120s),Udio,unknown_proprietary,True,True,8,670,1.0
comoe_xcodec,sonics,artifactbench,Udio (SONICS 30s),Udio-32,unknown_proprietary,False,True,80,670,0.999384328358209
comoe_xcodec,sonics,artifactbench,Udio (mixed),Udio,unknown_proprietary,True,True,80,670,0.6160634328358208
comoe_xcodec,sonics,artifactbench,Udio CDN,Udio,unknown_proprietary,True,True,18,670,0.6836650082918739
comoe_xcodec,sonics,artifactbench,Udio CDN Latest,Udio,unknown_proprietary,True,True,17,670,0.48691834942932405
comoe_xcodec,sonics,artifactbench,Yue,Yue,rvq_xcodec,False,False,100,670,0.6470223880597016
comoe_xcodec,sonics,echoes,acestep,AceStep,mel_vae_hifigan,False,False,57,59,0.7294082664287838
comoe_xcodec,sonics,echoes,audioldm,AudioLDM,mel_vae_hifigan,False,False,115,59,0.9989683124539425
comoe_xcodec,sonics,echoes,brev,Brev,unknown_proprietary,False,True,68,59,0.5416251246261217
comoe_xcodec,sonics,echoes,diffrhythm,DiffRhythm,continuous_vae,False,False,120,59,0.519774011299435
comoe_xcodec,sonics,echoes,mubert,Mubert,non_neural,False,False,32,59,0.506885593220339
comoe_xcodec,sonics,echoes,producer,Riffusion,unknown_proprietary,False,True,68,59,0.6640079760717846
comoe_xcodec,sonics,echoes,songgen,SongGen,rvq_xcodec,False,False,111,59,0.9998473049320508
comoe_xcodec,sonics,echoes,stableaudio,StableAudio,continuous_vae,False,False,35,59,0.685230024213075
comoe_xcodec,sonics,echoes,suno,Suno,unknown_proprietary,True,True,68,59,0.4596211365902293
comoe_xcodec,sonics,echoes,udio,Udio,unknown_proprietary,True,True,68,59,0.6026919242273182
comoe_xcodec,sonics,fakemusiccaps,MusicGen_medium,MusicGen,rvq_encodec,False,False,1104,1102,0.5726713123701307
comoe_xcodec,sonics,fakemusiccaps,audioldm2,AudioLDM,mel_vae_hifigan,False,False,1104,1102,0.3312155599831663
comoe_xcodec,sonics,fakemusiccaps,musicldm,MusicLDM,mel_vae_hifigan,False,False,1104,1102,0.9353308543096873
comoe_xcodec,sonics,fakemusiccaps,mustango,Mustango,mel_vae_hifigan,False,False,1104,1102,0.977377265314711
comoe_xcodec,sonics,fakemusiccaps,stable_audio_open,StableAudio,continuous_vae,False,False,1104,1102,0.5665896492543202
comoe_xcodec,sonics,music8k,acestep1.5,AceStep,continuous_vae,False,False,989,1102,0.5168092208485721
comoe_xcodec,sonics,music8k,heartmula,HeartMuLa,hybrid_rvq_flow,False,False,989,1102,0.48136626301292434
comoe_xcodec,sonics,music8k,minimax_2.6,MiniMax,hybrid_rvq_flow,False,False,304,1102,0.36837777008310246
comoe_xcodec,sonics,music8k,mureka_v9,Mureka,continuous_vae,False,False,662,1102,0.5389212692111569
comoe_xcodec,sonics,music8k,suno_v5.5,Suno,unknown_proprietary,True,True,330,1102,0.31838942968707035
comoe_xcodec,sonics,music8k,sunov5_new,Suno,unknown_proprietary,True,True,340,1102,0.3491392655065656
clam,artifactbench,echoes,acestep,AceStep,mel_vae_hifigan,False,False,57,59,0.9063336306868868
clam,artifactbench,echoes,audioldm,AudioLDM,mel_vae_hifigan,False,False,115,59,0.8222549742078114
clam,artifactbench,echoes,brev,Brev,unknown_proprietary,False,True,68,59,0.7013958125623131
clam,artifactbench,echoes,diffrhythm,DiffRhythm,continuous_vae,True,True,120,59,0.8481638418079096
clam,artifactbench,echoes,mubert,Mubert,non_neural,False,False,32,59,0.7876059322033898
clam,artifactbench,echoes,producer,Riffusion,unknown_proprietary,True,True,68,59,0.8432203389830508
clam,artifactbench,echoes,songgen,SongGen,rvq_xcodec,False,True,111,59,0.9001374255611543
clam,artifactbench,echoes,stableaudio,StableAudio,continuous_vae,True,True,35,59,0.7999999999999999
clam,artifactbench,echoes,suno,Suno,unknown_proprietary,True,True,68,59,0.6625124626121635
clam,artifactbench,echoes,udio,Udio,unknown_proprietary,True,True,68,59,0.8195413758723828
clam,artifactbench,fakemusiccaps,MusicGen_medium,MusicGen,rvq_encodec,True,True,1104,1102,0.8030072134985139
clam,artifactbench,fakemusiccaps,audioldm2,AudioLDM,mel_vae_hifigan,False,False,1104,1102,0.5432801691259633
clam,artifactbench,fakemusiccaps,musicldm,MusicLDM,mel_vae_hifigan,False,False,1104,1102,0.7157194429101238
clam,artifactbench,fakemusiccaps,mustango,Mustango,mel_vae_hifigan,False,False,1104,1102,0.6462533535863646
clam,artifactbench,fakemusiccaps,stable_audio_open,StableAudio,continuous_vae,True,True,1104,1102,0.793867046739788
clam,artifactbench,sonics,chirp-v2-xxl-alpha,Suno,unknown_proprietary,True,True,326,2500,0.9456932515337423
clam,artifactbench,sonics,chirp-v3,Suno,unknown_proprietary,True,True,711,2500,0.9697029535864978
clam,artifactbench,sonics,chirp-v3.5,Suno,unknown_proprietary,True,True,341,2500,0.9537958944281525
clam,artifactbench,sonics,udio-120s,Udio,unknown_proprietary,True,True,324,2500,0.8988345679012345
clam,artifactbench,sonics,udio-30s,Udio-32,unknown_proprietary,True,True,798,2500,0.9147112781954887
clam,artifactbench,music8k,acestep1.5,AceStep,continuous_vae,False,True,989,1102,0.7134504962940805
clam,artifactbench,music8k,heartmula,HeartMuLa,hybrid_rvq_flow,False,False,989,1102,0.743889683065444
clam,artifactbench,music8k,minimax_2.6,MiniMax,hybrid_rvq_flow,False,False,304,1102,0.7275050148056167
clam,artifactbench,music8k,mureka_v9,Mureka,continuous_vae,False,True,662,1102,0.5271121991874154
clam,artifactbench,music8k,suno_v5.5,Suno,unknown_proprietary,True,True,330,1102,0.6078259913105648
clam,artifactbench,music8k,sunov5_new,Suno,unknown_proprietary,True,True,340,1102,0.49854275648553437
clam,echoes,artifactbench,DiffRhythm,DiffRhythm,continuous_vae,True,True,100,862,0.7012877030162412
clam,echoes,artifactbench,Google Chirp v2 XXL,Suno,unknown_proprietary,True,True,80,862,0.8194605568445475
clam,echoes,artifactbench,Google Chirp v3,Suno,unknown_proprietary,True,True,80,862,0.8251595127610208
clam,echoes,artifactbench,Google Chirp v3.5,Suno,unknown_proprietary,True,True,80,862,0.6977523201856148
clam,echoes,artifactbench,MusicGen Large,MusicGen,rvq_encodec,False,False,30,862,0.6812451662799691
clam,echoes,artifactbench,MusicGen Medium,MusicGen,rvq_encodec,False,False,30,862,0.7398298530549111
clam,echoes,artifactbench,MusicGen Small,MusicGen,rvq_encodec,False,False,30,862,0.7387470997679815
clam,echoes,artifactbench,Riffusion,Riffusion,griffin_lim,True,False,100,862,0.8175058004640372
clam,echoes,artifactbench,Riffusion (AIME),Riffusion,griffin_lim,True,False,30,862,0.5495746326372776
clam,echoes,artifactbench,Stable Audio v1,StableAudio,continuous_vae,True,True,50,862,0.3973781902552205
clam,echoes,artifactbench,Stable Audio v2,StableAudio,continuous_vae,True,True,50,862,0.633828306264501
clam,echoes,artifactbench,Suno (mixed),Suno,unknown_proprietary,True,True,80,862,0.7573375870069605
clam,echoes,artifactbench,Suno v3,Suno,unknown_proprietary,True,True,30,862,0.8025522041763341
clam,echoes,artifactbench,Suno v3.5,Suno,unknown_proprietary,True,True,29,862,0.7731418513481079
clam,echoes,artifactbench,Suno v4,Suno,unknown_proprietary,True,True,100,862,0.6402552204176335
clam,echoes,artifactbench,Udio,Udio,unknown_proprietary,True,True,100,862,0.6941299303944315
clam,echoes,artifactbench,Udio (AIME),Udio,unknown_proprietary,True,True,30,862,0.6845707656612529
clam,echoes,artifactbench,Udio (SONICS 120s),Udio,unknown_proprietary,True,True,80,862,0.7506090487238979
clam,echoes,artifactbench,Udio (SONICS 30s),Udio-32,unknown_proprietary,False,True,80,862,0.6873549883990719
clam,echoes,artifactbench,Udio (mixed),Udio,unknown_proprietary,True,True,80,862,0.7420823665893271
clam,echoes,artifactbench,Udio CDN,Udio,unknown_proprietary,True,True,18,862,0.7868651714359371
clam,echoes,artifactbench,Udio CDN Latest,Udio,unknown_proprietary,True,True,17,862,0.7688685683089942
clam,echoes,artifactbench,Yue,Yue,rvq_xcodec,False,True,100,862,0.6713805104408352
clam,echoes,fakemusiccaps,MusicGen_medium,MusicGen,rvq_encodec,False,False,1104,1102,0.6360429982377233
clam,echoes,fakemusiccaps,audioldm2,AudioLDM,mel_vae_hifigan,True,True,1104,1102,0.534795924406218
clam,echoes,fakemusiccaps,musicldm,MusicLDM,mel_vae_hifigan,False,True,1104,1102,0.6174922407217444
clam,echoes,fakemusiccaps,mustango,Mustango,mel_vae_hifigan,False,True,1104,1102,0.592750499750125
clam,echoes,fakemusiccaps,stable_audio_open,StableAudio,continuous_vae,True,True,1104,1102,0.6504231436913123
clam,echoes,sonics,chirp-v2-xxl-alpha,Suno,unknown_proprietary,True,True,326,2500,0.7108503067484663
clam,echoes,sonics,chirp-v3,Suno,unknown_proprietary,True,True,711,2500,0.7199707454289734
clam,echoes,sonics,chirp-v3.5,Suno,unknown_proprietary,True,True,341,2500,0.6239096774193549
clam,echoes,sonics,udio-120s,Udio,unknown_proprietary,True,True,324,2500,0.6666617283950618
clam,echoes,sonics,udio-30s,Udio-32,unknown_proprietary,False,True,798,2500,0.6454804511278195
clam,echoes,music8k,acestep1.5,AceStep,continuous_vae,True,True,989,1102,0.5544528837172601
clam,echoes,music8k,heartmula,HeartMuLa,hybrid_rvq_flow,False,False,989,1102,0.697087196915618
clam,echoes,music8k,minimax_2.6,MiniMax,hybrid_rvq_flow,False,False,304,1102,0.6801628617824051
clam,echoes,music8k,mureka_v9,Mureka,continuous_vae,False,True,662,1102,0.5965506275324732
clam,echoes,music8k,suno_v5.5,Suno,unknown_proprietary,True,True,330,1102,0.6561815981961173
clam,echoes,music8k,sunov5_new,Suno,unknown_proprietary,True,True,340,1102,0.5788406106544252
clam,fakemusiccaps,artifactbench,DiffRhythm,DiffRhythm,continuous_vae,False,True,100,862,0.9172041763341067
clam,fakemusiccaps,artifactbench,Google Chirp v2 XXL,Suno,unknown_proprietary,False,False,80,862,0.9636600928074246
clam,fakemusiccaps,artifactbench,Google Chirp v3,Suno,unknown_proprietary,False,False,80,862,0.9748404872389791
clam,fakemusiccaps,artifactbench,Google Chirp v3.5,Suno,unknown_proprietary,False,False,80,862,0.9643996519721577
clam,fakemusiccaps,artifactbench,MusicGen Large,MusicGen,rvq_encodec,True,True,30,862,0.9935421500386699
clam,fakemusiccaps,artifactbench,MusicGen Medium,MusicGen,rvq_encodec,True,True,30,862,0.9951276102088167
clam,fakemusiccaps,artifactbench,MusicGen Small,MusicGen,rvq_encodec,True,True,30,862,0.9938515081206496
clam,fakemusiccaps,artifactbench,Riffusion,Riffusion,griffin_lim,False,False,100,862,0.6855452436194895
clam,fakemusiccaps,artifactbench,Riffusion (AIME),Riffusion,griffin_lim,False,False,30,862,0.8746326372776488
clam,fakemusiccaps,artifactbench,Stable Audio v1,StableAudio,continuous_vae,True,True,50,862,0.9658700696055684
clam,fakemusiccaps,artifactbench,Stable Audio v2,StableAudio,continuous_vae,True,True,50,862,0.962737819025522
clam,fakemusiccaps,artifactbench,Suno (mixed),Suno,unknown_proprietary,False,False,80,862,0.492691415313225
clam,fakemusiccaps,artifactbench,Suno v3,Suno,unknown_proprietary,False,False,30,862,0.9774941995359628
clam,fakemusiccaps,artifactbench,Suno v3.5,Suno,unknown_proprietary,False,False,29,862,0.9769181534522762
clam,fakemusiccaps,artifactbench,Suno v4,Suno,unknown_proprietary,False,False,100,862,0.4913921113689095
clam,fakemusiccaps,artifactbench,Udio,Udio,unknown_proprietary,False,False,100,862,0.8000928074245939
clam,fakemusiccaps,artifactbench,Udio (AIME),Udio,unknown_proprietary,False,False,30,862,0.9482598607888632
clam,fakemusiccaps,artifactbench,Udio (SONICS 120s),Udio,unknown_proprietary,False,False,80,862,0.942169373549884
clam,fakemusiccaps,artifactbench,Udio (SONICS 30s),Udio-32,unknown_proprietary,False,False,80,862,0.9732018561484919
clam,fakemusiccaps,artifactbench,Udio (mixed),Udio,unknown_proprietary,False,False,80,862,0.7890516241299305
clam,fakemusiccaps,artifactbench,Udio CDN,Udio,unknown_proprietary,False,False,18,862,0.6717581850992523
clam,fakemusiccaps,artifactbench,Udio CDN Latest,Udio,unknown_proprietary,False,False,17,862,0.6845229971338883
clam,fakemusiccaps,artifactbench,Yue,Yue,rvq_xcodec,False,False,100,862,0.8041647331786543
clam,fakemusiccaps,echoes,acestep,AceStep,mel_vae_hifigan,False,True,57,59,0.9869164436515017
clam,fakemusiccaps,echoes,audioldm,AudioLDM,mel_vae_hifigan,True,True,115,59,0.997936624907885
clam,fakemusiccaps,echoes,brev,Brev,unknown_proprietary,False,False,68,59,0.46460618145563304
clam,fakemusiccaps,echoes,diffrhythm,DiffRhythm,continuous_vae,False,True,120,59,0.9333333333333332
clam,fakemusiccaps,echoes,mubert,Mubert,non_neural,False,False,32,59,0.6504237288135593
clam,fakemusiccaps,echoes,producer,Riffusion,unknown_proprietary,False,False,68,59,0.8621635094715853
clam,fakemusiccaps,echoes,songgen,SongGen,rvq_xcodec,False,False,111,59,0.967475950526798
clam,fakemusiccaps,echoes,stableaudio,StableAudio,continuous_vae,True,True,35,59,0.7786924939467312
clam,fakemusiccaps,echoes,suno,Suno,unknown_proprietary,False,False,68,59,0.3813559322033898
clam,fakemusiccaps,echoes,udio,Udio,unknown_proprietary,False,False,68,59,0.7452642073778665
clam,fakemusiccaps,sonics,chirp-v2-xxl-alpha,Suno,unknown_proprietary,False,False,326,2500,0.9221926380368098
clam,fakemusiccaps,sonics,chirp-v3,Suno,unknown_proprietary,False,False,711,2500,0.9465355836849508
clam,fakemusiccaps,sonics,chirp-v3.5,Suno,unknown_proprietary,False,False,341,2500,0.9129290322580645
clam,fakemusiccaps,sonics,udio-120s,Udio,unknown_proprietary,False,False,324,2500,0.8899296296296297
clam,fakemusiccaps,sonics,udio-30s,Udio-32,unknown_proprietary,False,False,798,2500,0.94365664160401
clam,fakemusiccaps,music8k,acestep1.5,AceStep,continuous_vae,False,True,989,1102,0.6773060838002052
clam,fakemusiccaps,music8k,heartmula,HeartMuLa,hybrid_rvq_flow,False,False,989,1102,0.47576701245460495
clam,fakemusiccaps,music8k,minimax_2.6,MiniMax,hybrid_rvq_flow,False,False,304,1102,0.5204830929410641
clam,fakemusiccaps,music8k,mureka_v9,Mureka,continuous_vae,False,True,662,1102,0.356983457706669
clam,fakemusiccaps,music8k,suno_v5.5,Suno,unknown_proprietary,False,False,330,1102,0.4365066270692405
clam,fakemusiccaps,music8k,sunov5_new,Suno,unknown_proprietary,False,False,340,1102,0.28274260702466103
clam,sonics,artifactbench,DiffRhythm,DiffRhythm,continuous_vae,False,False,100,670,0.6370149253731344
clam,sonics,artifactbench,Google Chirp v2 XXL,Suno,unknown_proprietary,True,True,80,670,1.0
clam,sonics,artifactbench,Google Chirp v3,Suno,unknown_proprietary,True,True,80,670,1.0
clam,sonics,artifactbench,Google Chirp v3.5,Suno,unknown_proprietary,True,True,6,670,1.0
clam,sonics,artifactbench,MusicGen Large,MusicGen,rvq_encodec,False,False,30,670,0.7106965174129353
clam,sonics,artifactbench,MusicGen Medium,MusicGen,rvq_encodec,False,False,30,670,0.7145273631840796
clam,sonics,artifactbench,MusicGen Small,MusicGen,rvq_encodec,False,False,30,670,0.8672636815920398
clam,sonics,artifactbench,Riffusion,Riffusion,griffin_lim,False,False,100,670,0.5525522388059702
clam,sonics,artifactbench,Riffusion (AIME),Riffusion,griffin_lim,False,False,30,670,0.774179104477612
clam,sonics,artifactbench,Stable Audio v1,StableAudio,continuous_vae,False,False,50,670,0.7672537313432836
clam,sonics,artifactbench,Stable Audio v2,StableAudio,continuous_vae,False,False,50,670,0.7440298507462687
clam,sonics,artifactbench,Suno (mixed),Suno,unknown_proprietary,True,True,80,670,0.38166044776119407
clam,sonics,artifactbench,Suno v3,Suno,unknown_proprietary,True,True,30,670,0.965820895522388
clam,sonics,artifactbench,Suno v3.5,Suno,unknown_proprietary,True,True,29,670,0.974420998455996
clam,sonics,artifactbench,Suno v4,Suno,unknown_proprietary,True,True,100,670,0.3954925373134328
clam,sonics,artifactbench,Udio,Udio,unknown_proprietary,True,True,100,670,0.7857462686567165
clam,sonics,artifactbench,Udio (AIME),Udio,unknown_proprietary,True,True,30,670,0.7830348258706467
clam,sonics,artifactbench,Udio (SONICS 120s),Udio,unknown_proprietary,True,True,8,670,1.0
clam,sonics,artifactbench,Udio (SONICS 30s),Udio-32,unknown_proprietary,False,True,80,670,0.9999626865671641
clam,sonics,artifactbench,Udio (mixed),Udio,unknown_proprietary,True,True,80,670,0.8453917910447761
clam,sonics,artifactbench,Udio CDN,Udio,unknown_proprietary,True,True,18,670,0.8102819237147596
clam,sonics,artifactbench,Udio CDN Latest,Udio,unknown_proprietary,True,True,17,670,0.7907813871817383
clam,sonics,artifactbench,Yue,Yue,rvq_xcodec,False,False,100,670,0.8617462686567164
clam,sonics,echoes,acestep,AceStep,mel_vae_hifigan,False,False,57,59,0.7415997621171573
clam,sonics,echoes,audioldm,AudioLDM,mel_vae_hifigan,False,False,115,59,0.9964627855563744
clam,sonics,echoes,brev,Brev,unknown_proprietary,False,True,68,59,0.4658524426719841
clam,sonics,echoes,diffrhythm,DiffRhythm,continuous_vae,False,False,120,59,0.4814971751412429
clam,sonics,echoes,mubert,Mubert,non_neural,False,False,32,59,0.6038135593220338
clam,sonics,echoes,producer,Riffusion,unknown_proprietary,False,True,68,59,0.6961615154536391
clam,sonics,echoes,songgen,SongGen,rvq_xcodec,False,False,111,59,0.9983203542525576
clam,sonics,echoes,stableaudio,StableAudio,continuous_vae,False,False,35,59,0.640677966101695
clam,sonics,echoes,suno,Suno,unknown_proprietary,True,True,68,59,0.3863409770687936
clam,sonics,echoes,udio,Udio,unknown_proprietary,True,True,68,59,0.6714855433698903
clam,sonics,fakemusiccaps,MusicGen_medium,MusicGen,rvq_encodec,False,False,1104,1102,0.5492533338593861
clam,sonics,fakemusiccaps,audioldm2,AudioLDM,mel_vae_hifigan,False,False,1104,1102,0.2452901838554407
clam,sonics,fakemusiccaps,musicldm,MusicLDM,mel_vae_hifigan,False,False,1104,1102,0.9155874365448855
clam,sonics,fakemusiccaps,mustango,Mustango,mel_vae_hifigan,False,False,1104,1102,0.908920539730135
clam,sonics,fakemusiccaps,stable_audio_open,StableAudio,continuous_vae,False,False,1104,1102,0.608574002472448
clam,sonics,music8k,acestep1.5,AceStep,continuous_vae,False,False,989,1102,0.5854884675165477
clam,sonics,music8k,heartmula,HeartMuLa,hybrid_rvq_flow,False,False,989,1102,0.6803651417865118
clam,sonics,music8k,minimax_2.6,MiniMax,hybrid_rvq_flow,False,False,304,1102,0.5939738752507403
clam,sonics,music8k,mureka_v9,Mureka,continuous_vae,False,False,662,1102,0.6138742522521534
clam,sonics,music8k,suno_v5.5,Suno,unknown_proprietary,True,True,330,1102,0.3655227410218336
clam,sonics,music8k,sunov5_new,Suno,unknown_proprietary,True,True,340,1102,0.37950784669584714
specttra,artifactbench,echoes,acestep,AceStep,mel_vae_hifigan,False,False,57,59,0.8522152839726433
specttra,artifactbench,echoes,audioldm,AudioLDM,mel_vae_hifigan,False,False,115,59,0.9264554163596168
specttra,artifactbench,echoes,brev,Brev,unknown_proprietary,False,True,68,59,0.746011964107677
specttra,artifactbench,echoes,diffrhythm,DiffRhythm,continuous_vae,True,True,120,59,0.7632768361581921
specttra,artifactbench,echoes,mubert,Mubert,non_neural,False,False,32,59,0.621292372881356
specttra,artifactbench,echoes,producer,Riffusion,unknown_proprietary,True,True,68,59,0.7497507477567297
specttra,artifactbench,echoes,songgen,SongGen,rvq_xcodec,False,True,111,59,0.938005802412582
specttra,artifactbench,echoes,stableaudio,StableAudio,continuous_vae,True,True,35,59,0.7234866828087168
specttra,artifactbench,echoes,suno,Suno,unknown_proprietary,True,True,68,59,0.7442671984047857
specttra,artifactbench,echoes,udio,Udio,unknown_proprietary,True,True,68,59,0.6769690927218345
specttra,artifactbench,fakemusiccaps,MusicGen_medium,MusicGen,rvq_encodec,True,True,1104,1102,0.8438515117441279
specttra,artifactbench,fakemusiccaps,audioldm2,AudioLDM,mel_vae_hifigan,False,False,1104,1102,0.6457712755464373
specttra,artifactbench,fakemusiccaps,musicldm,MusicLDM,mel_vae_hifigan,False,False,1104,1102,0.6213168087009127
specttra,artifactbench,fakemusiccaps,mustango,Mustango,mel_vae_hifigan,False,False,1104,1102,0.6637622800441885
specttra,artifactbench,fakemusiccaps,stable_audio_open,StableAudio,continuous_vae,True,True,1104,1102,0.7024809963439334
specttra,artifactbench,sonics,chirp-v2-xxl-alpha,Suno,unknown_proprietary,True,True,326,2500,0.9911723926380368
specttra,artifactbench,sonics,chirp-v3,Suno,unknown_proprietary,True,True,711,2500,0.9895983122362869
specttra,artifactbench,sonics,chirp-v3.5,Suno,unknown_proprietary,True,True,341,2500,0.9878269794721407
specttra,artifactbench,sonics,udio-120s,Udio,unknown_proprietary,True,True,324,2500,0.985729012345679
specttra,artifactbench,sonics,udio-30s,Udio-32,unknown_proprietary,True,True,798,2500,0.9747839598997493
specttra,artifactbench,music8k,acestep1.5,AceStep,continuous_vae,False,True,989,1102,0.8090543161711677
specttra,artifactbench,music8k,heartmula,HeartMuLa,hybrid_rvq_flow,False,False,989,1102,0.5232191125979238
specttra,artifactbench,music8k,minimax_2.6,MiniMax,hybrid_rvq_flow,False,False,304,1102,0.6527172485433184
specttra,artifactbench,music8k,mureka_v9,Mureka,continuous_vae,False,True,662,1102,0.5041506516577933
specttra,artifactbench,music8k,suno_v5.5,Suno,unknown_proprietary,True,True,330,1102,0.7832109662871914
specttra,artifactbench,music8k,sunov5_new,Suno,unknown_proprietary,True,True,340,1102,0.6998612149033842
specttra,echoes,artifactbench,DiffRhythm,DiffRhythm,continuous_vae,True,True,100,862,0.8276566125290022
specttra,echoes,artifactbench,Google Chirp v2 XXL,Suno,unknown_proprietary,True,True,80,862,0.9523056844547564
specttra,echoes,artifactbench,Google Chirp v3,Suno,unknown_proprietary,True,True,80,862,0.9733033642691415
specttra,echoes,artifactbench,Google Chirp v3.5,Suno,unknown_proprietary,True,True,80,862,0.9472447795823666
specttra,echoes,artifactbench,MusicGen Large,MusicGen,rvq_encodec,False,False,30,862,0.6708043310131477
specttra,echoes,artifactbench,MusicGen Medium,MusicGen,rvq_encodec,False,False,30,862,0.6317478731631864
specttra,echoes,artifactbench,MusicGen Small,MusicGen,rvq_encodec,False,False,30,862,0.6517788089713844
specttra,echoes,artifactbench,Riffusion,Riffusion,griffin_lim,True,False,100,862,0.6956380510440835
specttra,echoes,artifactbench,Riffusion (AIME),Riffusion,griffin_lim,True,False,30,862,0.8693348801237433
specttra,echoes,artifactbench,Stable Audio v1,StableAudio,continuous_vae,True,True,50,862,0.6706728538283063
specttra,echoes,artifactbench,Stable Audio v2,StableAudio,continuous_vae,True,True,50,862,0.7768677494199536
specttra,echoes,artifactbench,Suno (mixed),Suno,unknown_proprietary,True,True,80,862,0.8259860788863109
specttra,echoes,artifactbench,Suno v3,Suno,unknown_proprietary,True,True,30,862,0.6590100541376644
specttra,echoes,artifactbench,Suno v3.5,Suno,unknown_proprietary,True,True,29,862,0.605568445475638
specttra,echoes,artifactbench,Suno v4,Suno,unknown_proprietary,True,True,100,862,0.8629930394431554
specttra,echoes,artifactbench,Udio,Udio,unknown_proprietary,True,True,100,862,0.5345707656612528
specttra,echoes,artifactbench,Udio (AIME),Udio,unknown_proprietary,True,True,30,862,0.7311678267594741
specttra,echoes,artifactbench,Udio (SONICS 120s),Udio,unknown_proprietary,True,True,80,862,0.8695620649651973
specttra,echoes,artifactbench,Udio (SONICS 30s),Udio-32,unknown_proprietary,False,True,80,862,0.7037558004640372
specttra,echoes,artifactbench,Udio (mixed),Udio,unknown_proprietary,True,True,80,862,0.6230278422273782
specttra,echoes,artifactbench,Udio CDN,Udio,unknown_proprietary,True,True,18,862,0.509860788863109
specttra,echoes,artifactbench,Udio CDN Latest,Udio,unknown_proprietary,True,True,17,862,0.719462262863382
specttra,echoes,artifactbench,Yue,Yue,rvq_xcodec,False,True,100,862,0.574199535962877
specttra,echoes,fakemusiccaps,MusicGen_medium,MusicGen,rvq_encodec,False,False,1104,1102,0.5206578454193955
specttra,echoes,fakemusiccaps,audioldm2,AudioLDM,mel_vae_hifigan,True,True,1104,1102,0.6709930396643783
specttra,echoes,fakemusiccaps,musicldm,MusicLDM,mel_vae_hifigan,False,True,1104,1102,0.3774034035613772
specttra,echoes,fakemusiccaps,mustango,Mustango,mel_vae_hifigan,False,True,1104,1102,0.7375136444935426
specttra,echoes,fakemusiccaps,stable_audio_open,StableAudio,continuous_vae,True,True,1104,1102,0.774353366080118
specttra,echoes,sonics,chirp-v2-xxl-alpha,Suno,unknown_proprietary,True,True,326,2500,0.8405067484662577
specttra,echoes,sonics,chirp-v3,Suno,unknown_proprietary,True,True,711,2500,0.8966284106891702
specttra,echoes,sonics,chirp-v3.5,Suno,unknown_proprietary,True,True,341,2500,0.8656293255131965
specttra,echoes,sonics,udio-120s,Udio,unknown_proprietary,True,True,324,2500,0.8048197530864198
specttra,echoes,sonics,udio-30s,Udio-32,unknown_proprietary,False,True,798,2500,0.6482822055137845
specttra,echoes,music8k,acestep1.5,AceStep,continuous_vae,True,True,989,1102,0.7522511693969416
specttra,echoes,music8k,heartmula,HeartMuLa,hybrid_rvq_flow,False,False,989,1102,0.6088112614439414
specttra,echoes,music8k,minimax_2.6,MiniMax,hybrid_rvq_flow,False,False,304,1102,0.6290834845735027
specttra,echoes,music8k,mureka_v9,Mureka,continuous_vae,False,True,662,1102,0.5666749825913884
specttra,echoes,music8k,suno_v5.5,Suno,unknown_proprietary,True,True,330,1102,0.7611189022713525
specttra,echoes,music8k,sunov5_new,Suno,unknown_proprietary,True,True,340,1102,0.7364457670545532
specttra,fakemusiccaps,artifactbench,DiffRhythm,DiffRhythm,continuous_vae,False,True,100,862,0.6860788863109049
specttra,fakemusiccaps,artifactbench,Google Chirp v2 XXL,Suno,unknown_proprietary,False,False,80,862,0.9981728538283062
specttra,fakemusiccaps,artifactbench,Google Chirp v3,Suno,unknown_proprietary,False,False,80,862,0.998651392111369
specttra,fakemusiccaps,artifactbench,Google Chirp v3.5,Suno,unknown_proprietary,False,False,80,862,0.9988834106728538
specttra,fakemusiccaps,artifactbench,MusicGen Large,MusicGen,rvq_encodec,True,True,30,862,0.9946635730858469
specttra,fakemusiccaps,artifactbench,MusicGen Medium,MusicGen,rvq_encodec,True,True,30,862,1.0
specttra,fakemusiccaps,artifactbench,MusicGen Small,MusicGen,rvq_encodec,True,True,30,862,0.9993039443155453
specttra,fakemusiccaps,artifactbench,Riffusion,Riffusion,griffin_lim,False,False,100,862,0.7201740139211137
specttra,fakemusiccaps,artifactbench,Riffusion (AIME),Riffusion,griffin_lim,False,False,30,862,0.6437354988399072
specttra,fakemusiccaps,artifactbench,Stable Audio v1,StableAudio,continuous_vae,True,True,50,862,0.7451740139211137
specttra,fakemusiccaps,artifactbench,Stable Audio v2,StableAudio,continuous_vae,True,True,50,862,0.6550580046403712
specttra,fakemusiccaps,artifactbench,Suno (mixed),Suno,unknown_proprietary,False,False,80,862,0.6254060324825986
specttra,fakemusiccaps,artifactbench,Suno v3,Suno,unknown_proprietary,False,False,30,862,0.8047177107501933
specttra,fakemusiccaps,artifactbench,Suno v3.5,Suno,unknown_proprietary,False,False,29,862,0.7573805904472358
specttra,fakemusiccaps,artifactbench,Suno v4,Suno,unknown_proprietary,False,False,100,862,0.6522505800464038
specttra,fakemusiccaps,artifactbench,Udio,Udio,unknown_proprietary,False,False,100,862,0.5612412993039443
specttra,fakemusiccaps,artifactbench,Udio (AIME),Udio,unknown_proprietary,False,False,30,862,0.6637664346481051
specttra,fakemusiccaps,artifactbench,Udio (SONICS 120s),Udio,unknown_proprietary,False,False,80,862,0.9926334106728538
specttra,fakemusiccaps,artifactbench,Udio (SONICS 30s),Udio-32,unknown_proprietary,False,False,80,862,0.9800899071925753
specttra,fakemusiccaps,artifactbench,Udio (mixed),Udio,unknown_proprietary,False,False,80,862,0.5268416473317865
specttra,fakemusiccaps,artifactbench,Udio CDN,Udio,unknown_proprietary,False,False,18,862,0.6934777004382573
specttra,fakemusiccaps,artifactbench,Udio CDN Latest,Udio,unknown_proprietary,False,False,17,862,0.5891906646649379
specttra,fakemusiccaps,artifactbench,Yue,Yue,rvq_xcodec,False,False,100,862,0.5196867749419953
specttra,fakemusiccaps,echoes,acestep,AceStep,mel_vae_hifigan,False,True,57,59,0.8058281296461492
specttra,fakemusiccaps,echoes,audioldm,AudioLDM,mel_vae_hifigan,True,True,115,59,0.9992630803242446
specttra,fakemusiccaps,echoes,brev,Brev,unknown_proprietary,False,False,68,59,0.7091226321036889
specttra,fakemusiccaps,echoes,diffrhythm,DiffRhythm,continuous_vae,False,True,120,59,0.6769774011299434
specttra,fakemusiccaps,echoes,mubert,Mubert,non_neural,False,False,32,59,0.6302966101694915
specttra,fakemusiccaps,echoes,producer,Riffusion,unknown_proprietary,False,False,68,59,0.8033399800598205
specttra,fakemusiccaps,echoes,songgen,SongGen,rvq_xcodec,False,False,111,59,0.9483890670331347
specttra,fakemusiccaps,echoes,stableaudio,StableAudio,continuous_vae,True,True,35,59,0.7956416464891041
specttra,fakemusiccaps,echoes,suno,Suno,unknown_proprietary,False,False,68,59,0.6979062811565304
specttra,fakemusiccaps,echoes,udio,Udio,unknown_proprietary,False,False,68,59,0.6343469591226321
specttra,fakemusiccaps,sonics,chirp-v2-xxl-alpha,Suno,unknown_proprietary,False,False,326,2500,0.9877723926380367
specttra,fakemusiccaps,sonics,chirp-v3,Suno,unknown_proprietary,False,False,711,2500,0.979745428973277
specttra,fakemusiccaps,sonics,chirp-v3.5,Suno,unknown_proprietary,False,False,341,2500,0.9823524926686217
specttra,fakemusiccaps,sonics,udio-120s,Udio,unknown_proprietary,False,False,324,2500,0.9677154320987654
specttra,fakemusiccaps,sonics,udio-30s,Udio-32,unknown_proprietary,False,False,798,2500,0.9248087719298245
specttra,fakemusiccaps,music8k,acestep1.5,AceStep,continuous_vae,False,True,989,1102,0.48206817643809674
specttra,fakemusiccaps,music8k,heartmula,HeartMuLa,hybrid_rvq_flow,False,False,989,1102,0.3556948575895651
specttra,fakemusiccaps,music8k,minimax_2.6,MiniMax,hybrid_rvq_flow,False,False,304,1102,0.5631611782405196
specttra,fakemusiccaps,music8k,mureka_v9,Mureka,continuous_vae,False,True,662,1102,0.47441756542622315
specttra,fakemusiccaps,music8k,suno_v5.5,Suno,unknown_proprietary,False,False,330,1102,0.7267021393609416
specttra,fakemusiccaps,music8k,sunov5_new,Suno,unknown_proprietary,False,False,340,1102,0.469610067257393
specttra,sonics,artifactbench,DiffRhythm,DiffRhythm,continuous_vae,False,False,100,670,0.5344776119402985
specttra,sonics,artifactbench,Google Chirp v2 XXL,Suno,unknown_proprietary,True,True,80,670,1.0
specttra,sonics,artifactbench,Google Chirp v3,Suno,unknown_proprietary,True,True,80,670,1.0
specttra,sonics,artifactbench,Google Chirp v3.5,Suno,unknown_proprietary,True,True,6,670,1.0
specttra,sonics,artifactbench,MusicGen Large,MusicGen,rvq_encodec,False,False,30,670,0.6686567164179105
specttra,sonics,artifactbench,MusicGen Medium,MusicGen,rvq_encodec,False,False,30,670,0.5429850746268656
specttra,sonics,artifactbench,MusicGen Small,MusicGen,rvq_encodec,False,False,30,670,0.6289552238805971
specttra,sonics,artifactbench,Riffusion,Riffusion,griffin_lim,False,False,100,670,0.3933432835820896
specttra,sonics,artifactbench,Riffusion (AIME),Riffusion,griffin_lim,False,False,30,670,0.5528855721393034
specttra,sonics,artifactbench,Stable Audio v1,StableAudio,continuous_vae,False,False,50,670,0.5005820895522388
specttra,sonics,artifactbench,Stable Audio v2,StableAudio,continuous_vae,False,False,50,670,0.6069402985074627
specttra,sonics,artifactbench,Suno (mixed),Suno,unknown_proprietary,True,True,80,670,0.25417910447761194
specttra,sonics,artifactbench,Suno v3,Suno,unknown_proprietary,True,True,30,670,0.7866169154228856
specttra,sonics,artifactbench,Suno v3.5,Suno,unknown_proprietary,True,True,29,670,0.8968090581574883
specttra,sonics,artifactbench,Suno v4,Suno,unknown_proprietary,True,True,100,670,0.35032835820895525
specttra,sonics,artifactbench,Udio,Udio,unknown_proprietary,True,True,100,670,0.5428955223880597
specttra,sonics,artifactbench,Udio (AIME),Udio,unknown_proprietary,True,True,30,670,0.6382587064676617
specttra,sonics,artifactbench,Udio (SONICS 120s),Udio,unknown_proprietary,True,True,8,670,1.0
specttra,sonics,artifactbench,Udio (SONICS 30s),Udio-32,unknown_proprietary,False,True,80,670,1.0
specttra,sonics,artifactbench,Udio (mixed),Udio,unknown_proprietary,True,True,80,670,0.48328358208955224
specttra,sonics,artifactbench,Udio CDN,Udio,unknown_proprietary,True,True,18,670,0.5806799336650083
specttra,sonics,artifactbench,Udio CDN Latest,Udio,unknown_proprietary,True,True,17,670,0.47023705004389815
specttra,sonics,artifactbench,Yue,Yue,rvq_xcodec,False,False,100,670,0.6022985074626865
specttra,sonics,echoes,acestep,AceStep,mel_vae_hifigan,False,False,57,59,0.6134403806125484
specttra,sonics,echoes,audioldm,AudioLDM,mel_vae_hifigan,False,False,115,59,1.0
specttra,sonics,echoes,brev,Brev,unknown_proprietary,False,True,68,59,0.4005483549351944
specttra,sonics,echoes,diffrhythm,DiffRhythm,continuous_vae,False,False,120,59,0.7412429378531074
specttra,sonics,echoes,mubert,Mubert,non_neural,False,False,32,59,0.5360169491525424
specttra,sonics,echoes,producer,Riffusion,unknown_proprietary,False,True,68,59,0.4972582253240279
specttra,sonics,echoes,songgen,SongGen,rvq_xcodec,False,False,111,59,0.997098793708963
specttra,sonics,echoes,stableaudio,StableAudio,continuous_vae,False,False,35,59,0.7389830508474576
specttra,sonics,echoes,suno,Suno,unknown_proprietary,True,True,68,59,0.36415752741774676
specttra,sonics,echoes,udio,Udio,unknown_proprietary,True,True,68,59,0.6001994017946162
specttra,sonics,fakemusiccaps,MusicGen_medium,MusicGen,rvq_encodec,False,False,1104,1102,0.5142991826455194
specttra,sonics,fakemusiccaps,audioldm2,AudioLDM,mel_vae_hifigan,False,False,1104,1102,0.5463933329387938
specttra,sonics,fakemusiccaps,musicldm,MusicLDM,mel_vae_hifigan,False,False,1104,1102,0.7890064014045609
specttra,sonics,fakemusiccaps,mustango,Mustango,mel_vae_hifigan,False,False,1104,1102,0.9639304525368895
specttra,sonics,fakemusiccaps,stable_audio_open,StableAudio,continuous_vae,False,False,1104,1102,0.49515661577106185
specttra,sonics,music8k,acestep1.5,AceStep,continuous_vae,False,False,989,1102,0.32787293623689995
specttra,sonics,music8k,heartmula,HeartMuLa,hybrid_rvq_flow,False,False,989,1102,0.1637091490974219
specttra,sonics,music8k,minimax_2.6,MiniMax,hybrid_rvq_flow,False,False,304,1102,0.17295557121023974
specttra,sonics,music8k,mureka_v9,Mureka,continuous_vae,False,False,662,1102,0.28579388752117824
specttra,sonics,music8k,suno_v5.5,Suno,unknown_proprietary,True,True,330,1102,0.2564277071990321
specttra,sonics,music8k,sunov5_new,Suno,unknown_proprietary,True,True,340,1102,0.2111321661150849
sofia_vag,artifactbench,echoes,acestep,AceStep,mel_vae_hifigan,False,False,57,59,0.9217960154623848
sofia_vag,artifactbench,echoes,audioldm,AudioLDM,mel_vae_hifigan,False,False,115,59,0.8316875460574797
sofia_vag,artifactbench,echoes,brev,Brev,unknown_proprietary,False,True,68,59,0.7425224327018944
sofia_vag,artifactbench,echoes,diffrhythm,DiffRhythm,continuous_vae,True,True,120,59,0.8559322033898304
sofia_vag,artifactbench,echoes,mubert,Mubert,non_neural,False,False,32,59,0.628177966101695
sofia_vag,artifactbench,echoes,producer,Riffusion,unknown_proprietary,True,True,68,59,0.8255234297108675
sofia_vag,artifactbench,echoes,songgen,SongGen,rvq_xcodec,False,True,111,59,0.757367537028554
sofia_vag,artifactbench,echoes,stableaudio,StableAudio,continuous_vae,True,True,35,59,0.7980629539951574
sofia_vag,artifactbench,echoes,suno,Suno,unknown_proprietary,True,True,68,59,0.6966600199401795
sofia_vag,artifactbench,echoes,udio,Udio,unknown_proprietary,True,True,68,59,0.7121136590229312
sofia_vag,artifactbench,fakemusiccaps,MusicGen_medium,MusicGen,rvq_encodec,True,True,1104,1102,0.8155371327494148
sofia_vag,artifactbench,fakemusiccaps,audioldm2,AudioLDM,mel_vae_hifigan,False,False,1104,1102,0.7328864350719378
sofia_vag,artifactbench,fakemusiccaps,musicldm,MusicLDM,mel_vae_hifigan,False,False,1104,1102,0.8158133104500382
sofia_vag,artifactbench,fakemusiccaps,mustango,Mustango,mel_vae_hifigan,False,False,1104,1102,0.7391152285699256
sofia_vag,artifactbench,fakemusiccaps,stable_audio_open,StableAudio,continuous_vae,True,True,1104,1102,0.6902145144532997
sofia_vag,artifactbench,sonics,chirp-v2-xxl-alpha,Suno,unknown_proprietary,True,True,326,2500,0.9473895705521473
sofia_vag,artifactbench,sonics,chirp-v3,Suno,unknown_proprietary,True,True,711,2500,0.9688886075949367
sofia_vag,artifactbench,sonics,chirp-v3.5,Suno,unknown_proprietary,True,True,341,2500,0.9674604105571848
sofia_vag,artifactbench,sonics,udio-120s,Udio,unknown_proprietary,True,True,324,2500,0.9417413580246914
sofia_vag,artifactbench,sonics,udio-30s,Udio-32,unknown_proprietary,True,True,798,2500,0.9622255639097745
sofia_vag,artifactbench,music8k,acestep1.5,AceStep,continuous_vae,False,True,989,1102,0.640432231864484
sofia_vag,artifactbench,music8k,heartmula,HeartMuLa,hybrid_rvq_flow,False,False,989,1102,0.6133030485981
sofia_vag,artifactbench,music8k,minimax_2.6,MiniMax,hybrid_rvq_flow,False,False,304,1102,0.5476899059126946
sofia_vag,artifactbench,music8k,mureka_v9,Mureka,continuous_vae,False,True,662,1102,0.47939409806942607
sofia_vag,artifactbench,music8k,suno_v5.5,Suno,unknown_proprietary,True,True,330,1102,0.6007245779024363
sofia_vag,artifactbench,music8k,sunov5_new,Suno,unknown_proprietary,True,True,340,1102,0.4827492793850753
sofia_vag,echoes,artifactbench,DiffRhythm,DiffRhythm,continuous_vae,True,True,100,864,0.8974652777777777
sofia_vag,echoes,artifactbench,Google Chirp v2 XXL,Suno,unknown_proprietary,True,True,80,864,0.9787760416666667
sofia_vag,echoes,artifactbench,Google Chirp v3,Suno,unknown_proprietary,True,True,80,864,0.9945746527777778
sofia_vag,echoes,artifactbench,Google Chirp v3.5,Suno,unknown_proprietary,True,True,80,864,0.9864872685185185
sofia_vag,echoes,artifactbench,MusicGen Large,MusicGen,rvq_encodec,False,False,30,864,0.8248070987654321
sofia_vag,echoes,artifactbench,MusicGen Medium,MusicGen,rvq_encodec,False,False,30,864,0.7797839506172839
sofia_vag,echoes,artifactbench,MusicGen Small,MusicGen,rvq_encodec,False,False,30,864,0.8191743827160494
sofia_vag,echoes,artifactbench,Riffusion,Riffusion,griffin_lim,True,False,100,864,0.9338194444444444
sofia_vag,echoes,artifactbench,Riffusion (AIME),Riffusion,griffin_lim,True,False,30,864,0.7824074074074074
sofia_vag,echoes,artifactbench,Stable Audio v1,StableAudio,continuous_vae,True,True,50,864,0.774699074074074
sofia_vag,echoes,artifactbench,Stable Audio v2,StableAudio,continuous_vae,True,True,50,864,0.7768055555555555
sofia_vag,echoes,artifactbench,Suno (mixed),Suno,unknown_proprietary,True,True,80,864,0.8830150462962963
sofia_vag,echoes,artifactbench,Suno v3,Suno,unknown_proprietary,True,True,30,864,0.9555169753086421
sofia_vag,echoes,artifactbench,Suno v3.5,Suno,unknown_proprietary,True,True,30,864,0.9030092592592592
sofia_vag,echoes,artifactbench,Suno v4,Suno,unknown_proprietary,True,True,100,864,0.842482638888889
sofia_vag,echoes,artifactbench,Udio,Udio,unknown_proprietary,True,True,100,864,0.7045717592592592
sofia_vag,echoes,artifactbench,Udio (AIME),Udio,unknown_proprietary,True,True,30,864,0.6941358024691359
sofia_vag,echoes,artifactbench,Udio (SONICS 120s),Udio,unknown_proprietary,True,True,80,864,0.9783420138888889
sofia_vag,echoes,artifactbench,Udio (SONICS 30s),Udio-32,unknown_proprietary,False,True,80,864,0.9489583333333333
sofia_vag,echoes,artifactbench,Udio (mixed),Udio,unknown_proprietary,True,True,80,864,0.652097800925926
sofia_vag,echoes,artifactbench,Udio CDN,Udio,unknown_proprietary,True,True,18,864,0.7301954732510288
sofia_vag,echoes,artifactbench,Udio CDN Latest,Udio,unknown_proprietary,True,True,17,864,0.7593954248366013
sofia_vag,echoes,artifactbench,Yue,Yue,rvq_xcodec,False,True,100,864,0.8489699074074074
sofia_vag,echoes,fakemusiccaps,MusicGen_medium,MusicGen,rvq_encodec,False,False,1104,1102,0.735173531655225
sofia_vag,echoes,fakemusiccaps,audioldm2,AudioLDM,mel_vae_hifigan,True,True,1104,1102,0.8225689786685606
sofia_vag,echoes,fakemusiccaps,musicldm,MusicLDM,mel_vae_hifigan,False,True,1104,1102,0.7315930850364291
sofia_vag,echoes,fakemusiccaps,mustango,Mustango,mel_vae_hifigan,False,True,1104,1102,0.8627507792156554
sofia_vag,echoes,fakemusiccaps,stable_audio_open,StableAudio,continuous_vae,True,True,1104,1102,0.8583011126015938
sofia_vag,echoes,sonics,chirp-v2-xxl-alpha,Suno,unknown_proprietary,True,True,326,2500,0.9783950920245399
sofia_vag,echoes,sonics,chirp-v3,Suno,unknown_proprietary,True,True,711,2500,0.9910587904360056
sofia_vag,echoes,sonics,chirp-v3.5,Suno,unknown_proprietary,True,True,341,2500,0.9898129032258065
sofia_vag,echoes,sonics,udio-120s,Udio,unknown_proprietary,True,True,324,2500,0.9793185185185185
sofia_vag,echoes,sonics,udio-30s,Udio-32,unknown_proprietary,False,True,798,2500,0.9490481203007518
sofia_vag,echoes,music8k,acestep1.5,AceStep,continuous_vae,True,True,989,1102,0.8539593422383055
sofia_vag,echoes,music8k,heartmula,HeartMuLa,hybrid_rvq_flow,False,False,989,1102,0.8474145730072541
sofia_vag,echoes,music8k,minimax_2.6,MiniMax,hybrid_rvq_flow,False,False,304,1102,0.8310935858248161
sofia_vag,echoes,music8k,mureka_v9,Mureka,continuous_vae,False,True,662,1102,0.7259151172545386
sofia_vag,echoes,music8k,suno_v5.5,Suno,unknown_proprietary,True,True,330,1102,0.7822402793818402
sofia_vag,echoes,music8k,sunov5_new,Suno,unknown_proprietary,True,True,340,1102,0.7770390733425857
sofia_vag,fakemusiccaps,artifactbench,DiffRhythm,DiffRhythm,continuous_vae,False,True,100,864,0.9338194444444444
sofia_vag,fakemusiccaps,artifactbench,Google Chirp v2 XXL,Suno,unknown_proprietary,False,False,80,864,0.9271846064814815
sofia_vag,fakemusiccaps,artifactbench,Google Chirp v3,Suno,unknown_proprietary,False,False,80,864,0.8825086805555556
sofia_vag,fakemusiccaps,artifactbench,Google Chirp v3.5,Suno,unknown_proprietary,False,False,80,864,0.8515335648148149
sofia_vag,fakemusiccaps,artifactbench,MusicGen Large,MusicGen,rvq_encodec,True,True,30,864,0.9996913580246913
sofia_vag,fakemusiccaps,artifactbench,MusicGen Medium,MusicGen,rvq_encodec,True,True,30,864,0.9994598765432099
sofia_vag,fakemusiccaps,artifactbench,MusicGen Small,MusicGen,rvq_encodec,True,True,30,864,0.9999228395061728
sofia_vag,fakemusiccaps,artifactbench,Riffusion,Riffusion,griffin_lim,False,False,100,864,0.8058680555555556
sofia_vag,fakemusiccaps,artifactbench,Riffusion (AIME),Riffusion,griffin_lim,False,False,30,864,0.971682098765432
sofia_vag,fakemusiccaps,artifactbench,Stable Audio v1,StableAudio,continuous_vae,True,True,50,864,0.9985416666666667
sofia_vag,fakemusiccaps,artifactbench,Stable Audio v2,StableAudio,continuous_vae,True,True,50,864,0.9964351851851853
sofia_vag,fakemusiccaps,artifactbench,Suno (mixed),Suno,unknown_proprietary,False,False,80,864,0.7889756944444444
sofia_vag,fakemusiccaps,artifactbench,Suno v3,Suno,unknown_proprietary,False,False,30,864,0.9855324074074074
sofia_vag,fakemusiccaps,artifactbench,Suno v3.5,Suno,unknown_proprietary,False,False,30,864,0.9667052469135802
sofia_vag,fakemusiccaps,artifactbench,Suno v4,Suno,unknown_proprietary,False,False,100,864,0.7568229166666666
sofia_vag,fakemusiccaps,artifactbench,Udio,Udio,unknown_proprietary,False,False,100,864,0.661238425925926
sofia_vag,fakemusiccaps,artifactbench,Udio (AIME),Udio,unknown_proprietary,False,False,30,864,0.8707175925925925
sofia_vag,fakemusiccaps,artifactbench,Udio (SONICS 120s),Udio,unknown_proprietary,False,False,80,864,0.7734230324074074
sofia_vag,fakemusiccaps,artifactbench,Udio (SONICS 30s),Udio-32,unknown_proprietary,False,False,80,864,0.8565827546296296
sofia_vag,fakemusiccaps,artifactbench,Udio (mixed),Udio,unknown_proprietary,False,False,80,864,0.6457609953703703
sofia_vag,fakemusiccaps,artifactbench,Udio CDN,Udio,unknown_proprietary,False,False,18,864,0.6351594650205761
sofia_vag,fakemusiccaps,artifactbench,Udio CDN Latest,Udio,unknown_proprietary,False,False,17,864,0.6963507625272332
sofia_vag,fakemusiccaps,artifactbench,Yue,Yue,rvq_xcodec,False,False,100,864,0.7894675925925926
sofia_vag,fakemusiccaps,echoes,acestep,AceStep,mel_vae_hifigan,False,True,57,59,0.983645554564377
sofia_vag,fakemusiccaps,echoes,audioldm,AudioLDM,mel_vae_hifigan,True,True,115,59,0.9992630803242447
sofia_vag,fakemusiccaps,echoes,brev,Brev,unknown_proprietary,False,False,68,59,0.5760219341974079
sofia_vag,fakemusiccaps,echoes,diffrhythm,DiffRhythm,continuous_vae,False,True,120,59,0.9822033898305085
sofia_vag,fakemusiccaps,echoes,mubert,Mubert,non_neural,False,False,32,59,0.6684322033898304
sofia_vag,fakemusiccaps,echoes,producer,Riffusion,unknown_proprietary,False,False,68,59,0.8267696909272183
sofia_vag,fakemusiccaps,echoes,songgen,SongGen,rvq_xcodec,False,False,111,59,0.9770957398076041
sofia_vag,fakemusiccaps,echoes,stableaudio,StableAudio,continuous_vae,True,True,35,59,0.8677966101694915
sofia_vag,fakemusiccaps,echoes,suno,Suno,unknown_proprietary,False,False,68,59,0.5705383848454637
sofia_vag,fakemusiccaps,echoes,udio,Udio,unknown_proprietary,False,False,68,59,0.5570787637088734
sofia_vag,fakemusiccaps,sonics,chirp-v2-xxl-alpha,Suno,unknown_proprietary,False,False,326,2500,0.9638564417177913
sofia_vag,fakemusiccaps,sonics,chirp-v3,Suno,unknown_proprietary,False,False,711,2500,0.9537372714486638
sofia_vag,fakemusiccaps,sonics,chirp-v3.5,Suno,unknown_proprietary,False,False,341,2500,0.9209900293255131
sofia_vag,fakemusiccaps,sonics,udio-120s,Udio,unknown_proprietary,False,False,324,2500,0.8192222222222223
sofia_vag,fakemusiccaps,sonics,udio-30s,Udio-32,unknown_proprietary,False,False,798,2500,0.9044568922305765
sofia_vag,fakemusiccaps,music8k,acestep1.5,AceStep,continuous_vae,False,True,989,1102,0.7941512719772306
sofia_vag,fakemusiccaps,music8k,heartmula,HeartMuLa,hybrid_rvq_flow,False,False,989,1102,0.5347662765924259
sofia_vag,fakemusiccaps,music8k,minimax_2.6,MiniMax,hybrid_rvq_flow,False,False,304,1102,0.5425482376540262
sofia_vag,fakemusiccaps,music8k,mureka_v9,Mureka,continuous_vae,False,True,662,1102,0.4119631430905632
sofia_vag,fakemusiccaps,music8k,suno_v5.5,Suno,unknown_proprietary,False,False,330,1102,0.6422317549359291
sofia_vag,fakemusiccaps,music8k,sunov5_new,Suno,unknown_proprietary,False,False,340,1102,0.45562613430127036
sofia_vag,sonics,artifactbench,DiffRhythm,DiffRhythm,continuous_vae,False,False,100,672,0.55375
sofia_vag,sonics,artifactbench,Google Chirp v2 XXL,Suno,unknown_proprietary,True,True,80,672,1.0
sofia_vag,sonics,artifactbench,Google Chirp v3,Suno,unknown_proprietary,True,True,80,672,1.0
sofia_vag,sonics,artifactbench,Google Chirp v3.5,Suno,unknown_proprietary,True,True,6,672,1.0
sofia_vag,sonics,artifactbench,MusicGen Large,MusicGen,rvq_encodec,False,False,30,672,0.7777281746031746
sofia_vag,sonics,artifactbench,MusicGen Medium,MusicGen,rvq_encodec,False,False,30,672,0.7703373015873016
sofia_vag,sonics,artifactbench,MusicGen Small,MusicGen,rvq_encodec,False,False,30,672,0.8510416666666667
sofia_vag,sonics,artifactbench,Riffusion,Riffusion,griffin_lim,False,False,100,672,0.48132440476190474
sofia_vag,sonics,artifactbench,Riffusion (AIME),Riffusion,griffin_lim,False,False,30,672,0.603720238095238
sofia_vag,sonics,artifactbench,Stable Audio v1,StableAudio,continuous_vae,False,False,50,672,0.7720535714285715
sofia_vag,sonics,artifactbench,Stable Audio v2,StableAudio,continuous_vae,False,False,50,672,0.7881845238095239
sofia_vag,sonics,artifactbench,Suno (mixed),Suno,unknown_proprietary,True,True,80,672,0.5022321428571429
sofia_vag,sonics,artifactbench,Suno v3,Suno,unknown_proprietary,True,True,30,672,0.900595238095238
sofia_vag,sonics,artifactbench,Suno v3.5,Suno,unknown_proprietary,True,True,30,672,0.8993055555555556
sofia_vag,sonics,artifactbench,Suno v4,Suno,unknown_proprietary,True,True,100,672,0.41982142857142857
sofia_vag,sonics,artifactbench,Udio,Udio,unknown_proprietary,True,True,100,672,0.6837946428571429
sofia_vag,sonics,artifactbench,Udio (AIME),Udio,unknown_proprietary,True,True,30,672,0.8452876984126984
sofia_vag,sonics,artifactbench,Udio (SONICS 120s),Udio,unknown_proprietary,True,True,8,672,1.0
sofia_vag,sonics,artifactbench,Udio (SONICS 30s),Udio-32,unknown_proprietary,False,True,80,672,1.0
sofia_vag,sonics,artifactbench,Udio (mixed),Udio,unknown_proprietary,True,True,80,672,0.7163132440476191
sofia_vag,sonics,artifactbench,Udio CDN,Udio,unknown_proprietary,True,True,18,672,0.6827050264550264
sofia_vag,sonics,artifactbench,Udio CDN Latest,Udio,unknown_proprietary,True,True,17,672,0.67296918767507
sofia_vag,sonics,artifactbench,Yue,Yue,rvq_xcodec,False,False,100,672,0.6982589285714287
sofia_vag,sonics,echoes,acestep,AceStep,mel_vae_hifigan,False,False,57,59,0.783823966696402
sofia_vag,sonics,echoes,audioldm,AudioLDM,mel_vae_hifigan,False,False,115,59,1.0
sofia_vag,sonics,echoes,brev,Brev,unknown_proprietary,False,True,68,59,0.30608175473579263
sofia_vag,sonics,echoes,diffrhythm,DiffRhythm,continuous_vae,False,False,120,59,0.41483050847457625
sofia_vag,sonics,echoes,mubert,Mubert,non_neural,False,False,32,59,0.4629237288135593
sofia_vag,sonics,echoes,producer,Riffusion,unknown_proprietary,False,True,68,59,0.4942671984047857
sofia_vag,sonics,echoes,songgen,SongGen,rvq_xcodec,False,False,111,59,1.0
sofia_vag,sonics,echoes,stableaudio,StableAudio,continuous_vae,False,False,35,59,0.5685230024213075
sofia_vag,sonics,echoes,suno,Suno,unknown_proprietary,True,True,68,59,0.1792123629112662
sofia_vag,sonics,echoes,udio,Udio,unknown_proprietary,True,True,68,59,0.5707876370887338
sofia_vag,sonics,fakemusiccaps,MusicGen_medium,MusicGen,rvq_encodec,False,False,1104,1102,0.6221190391646283
sofia_vag,sonics,fakemusiccaps,audioldm2,AudioLDM,mel_vae_hifigan,False,False,1104,1102,0.4407446770036035
sofia_vag,sonics,fakemusiccaps,musicldm,MusicLDM,mel_vae_hifigan,False,False,1104,1102,0.549220866540414
sofia_vag,sonics,fakemusiccaps,mustango,Mustango,mel_vae_hifigan,False,False,1104,1102,0.3121317630658355
sofia_vag,sonics,fakemusiccaps,stable_audio_open,StableAudio,continuous_vae,False,False,1104,1102,0.7557532911175991
sofia_vag,sonics,music8k,acestep1.5,AceStep,continuous_vae,False,False,989,1102,0.41600711272270846
sofia_vag,sonics,music8k,heartmula,HeartMuLa,hybrid_rvq_flow,False,False,989,1102,0.4031006222714836
sofia_vag,sonics,music8k,minimax_2.6,MiniMax,hybrid_rvq_flow,False,False,304,1102,0.2346361877925303
sofia_vag,sonics,music8k,mureka_v9,Mureka,continuous_vae,False,False,662,1102,0.2652935338659181
sofia_vag,sonics,music8k,suno_v5.5,Suno,unknown_proprietary,True,True,330,1102,0.24612825166364188
sofia_vag,sonics,music8k,sunov5_new,Suno,unknown_proprietary,True,True,340,1102,0.21860254083484576
musicdet,artifactbench,echoes,acestep,AceStep,mel_vae_hifigan,False,False,57,59,0.4124293785310734
musicdet,artifactbench,echoes,audioldm,AudioLDM,mel_vae_hifigan,False,False,115,59,0.6505526897568166
musicdet,artifactbench,echoes,brev,Brev,unknown_proprietary,False,True,68,59,0.603938185443669
musicdet,artifactbench,echoes,diffrhythm,DiffRhythm,continuous_vae,True,True,120,59,0.7607344632768361
musicdet,artifactbench,echoes,mubert,Mubert,non_neural,False,False,32,59,0.6557203389830508
musicdet,artifactbench,echoes,producer,Riffusion,unknown_proprietary,True,True,68,59,0.6338484546360917
musicdet,artifactbench,echoes,songgen,SongGen,rvq_xcodec,False,True,111,59,0.811879676286456
musicdet,artifactbench,echoes,stableaudio,StableAudio,continuous_vae,True,True,35,59,0.639225181598063
musicdet,artifactbench,echoes,suno,Suno,unknown_proprietary,True,True,68,59,0.6303589232303091
musicdet,artifactbench,echoes,udio,Udio,unknown_proprietary,True,True,68,59,0.6151545363908275
musicdet,artifactbench,fakemusiccaps,MusicGen_medium,MusicGen,rvq_encodec,True,True,1104,1102,0.5446951688629369
musicdet,artifactbench,fakemusiccaps,audioldm2,AudioLDM,mel_vae_hifigan,False,False,1104,1102,0.5191713353849392
musicdet,artifactbench,fakemusiccaps,musicldm,MusicLDM,mel_vae_hifigan,False,False,1104,1102,0.43036705331544756
musicdet,artifactbench,fakemusiccaps,mustango,Mustango,mel_vae_hifigan,False,False,1104,1102,0.4401380724111628
musicdet,artifactbench,fakemusiccaps,stable_audio_open,StableAudio,continuous_vae,True,True,1104,1102,0.5806911511349588
musicdet,artifactbench,sonics,chirp-v2-xxl-alpha,Suno,unknown_proprietary,True,True,326,2500,0.8854981595092025
musicdet,artifactbench,sonics,chirp-v3,Suno,unknown_proprietary,True,True,711,2500,0.8176517580872011
musicdet,artifactbench,sonics,chirp-v3.5,Suno,unknown_proprietary,True,True,341,2500,0.8332199413489737
musicdet,artifactbench,sonics,udio-120s,Udio,unknown_proprietary,True,True,324,2500,0.8853993827160495
musicdet,artifactbench,sonics,udio-30s,Udio-32,unknown_proprietary,True,True,798,2500,0.8025546365914787
musicdet,artifactbench,music8k,acestep1.5,AceStep,continuous_vae,False,True,989,1102,0.5887172692723406
musicdet,artifactbench,music8k,heartmula,HeartMuLa,hybrid_rvq_flow,False,False,989,1102,0.6470123261502664
musicdet,artifactbench,music8k,minimax_2.6,MiniMax,hybrid_rvq_flow,False,False,304,1102,0.6189553682300124
musicdet,artifactbench,music8k,mureka_v9,Mureka,continuous_vae,False,True,662,1102,0.6272521534589677
musicdet,artifactbench,music8k,suno_v5.5,Suno,unknown_proprietary,True,True,330,1102,0.6542374745641534
musicdet,artifactbench,music8k,sunov5_new,Suno,unknown_proprietary,True,True,340,1102,0.5932529091491406
musicdet,echoes,artifactbench,DiffRhythm,DiffRhythm,continuous_vae,True,True,100,862,0.6904408352668214
musicdet,echoes,artifactbench,Google Chirp v2 XXL,Suno,unknown_proprietary,True,True,80,862,0.9103103248259861
musicdet,echoes,artifactbench,Google Chirp v3,Suno,unknown_proprietary,True,True,80,862,0.8945330626450115
musicdet,echoes,artifactbench,Google Chirp v3.5,Suno,unknown_proprietary,True,True,80,862,0.915951276102088
musicdet,echoes,artifactbench,MusicGen Large,MusicGen,rvq_encodec,False,False,30,862,0.7065351894818253
musicdet,echoes,artifactbench,MusicGen Medium,MusicGen,rvq_encodec,False,False,30,862,0.8617556071152359
musicdet,echoes,artifactbench,MusicGen Small,MusicGen,rvq_encodec,False,False,30,862,0.7722737819025521
musicdet,echoes,artifactbench,Riffusion,Riffusion,griffin_lim,True,False,100,862,0.8247795823665893
musicdet,echoes,artifactbench,Riffusion (AIME),Riffusion,griffin_lim,True,False,30,862,0.9138824439288477
musicdet,echoes,artifactbench,Stable Audio v1,StableAudio,continuous_vae,True,True,50,862,0.6839211136890951
musicdet,echoes,artifactbench,Stable Audio v2,StableAudio,continuous_vae,True,True,50,862,0.7080742459396752
musicdet,echoes,artifactbench,Suno (mixed),Suno,unknown_proprietary,True,True,80,862,0.4540168213457077
musicdet,echoes,artifactbench,Suno v3,Suno,unknown_proprietary,True,True,30,862,0.7319798917246713
musicdet,echoes,artifactbench,Suno v3.5,Suno,unknown_proprietary,True,True,29,862,0.7203376270101608
musicdet,echoes,artifactbench,Suno v4,Suno,unknown_proprietary,True,True,100,862,0.6325406032482599
musicdet,echoes,artifactbench,Udio,Udio,unknown_proprietary,True,True,100,862,0.43756380510440834
musicdet,echoes,artifactbench,Udio (AIME),Udio,unknown_proprietary,True,True,30,862,0.5238592420726992
musicdet,echoes,artifactbench,Udio (SONICS 120s),Udio,unknown_proprietary,True,True,80,862,0.9168503480278423
musicdet,echoes,artifactbench,Udio (SONICS 30s),Udio-32,unknown_proprietary,False,True,80,862,0.9409802784222738
musicdet,echoes,artifactbench,Udio (mixed),Udio,unknown_proprietary,True,True,80,862,0.737267981438515
musicdet,echoes,artifactbench,Udio CDN,Udio,unknown_proprietary,True,True,18,862,0.6118845063160608
musicdet,echoes,artifactbench,Udio CDN Latest,Udio,unknown_proprietary,True,True,17,862,0.6173058550566398
musicdet,echoes,artifactbench,Yue,Yue,rvq_xcodec,False,True,100,862,0.5463921113689095
musicdet,echoes,fakemusiccaps,MusicGen_medium,MusicGen,rvq_encodec,False,False,1104,1102,0.6837481752544781
musicdet,echoes,fakemusiccaps,audioldm2,AudioLDM,mel_vae_hifigan,True,True,1104,1102,0.42190212459559695
musicdet,echoes,fakemusiccaps,musicldm,MusicLDM,mel_vae_hifigan,False,True,1104,1102,0.4914841099187248
musicdet,echoes,fakemusiccaps,mustango,Mustango,mel_vae_hifigan,False,True,1104,1102,0.4295376982561351
musicdet,echoes,fakemusiccaps,stable_audio_open,StableAudio,continuous_vae,True,True,1104,1102,0.6651378258239301
musicdet,echoes,sonics,chirp-v2-xxl-alpha,Suno,unknown_proprietary,True,True,326,2500,0.8815822085889571
musicdet,echoes,sonics,chirp-v3,Suno,unknown_proprietary,True,True,711,2500,0.8560748241912797
musicdet,echoes,sonics,chirp-v3.5,Suno,unknown_proprietary,True,True,341,2500,0.8627595307917889
musicdet,echoes,sonics,udio-120s,Udio,unknown_proprietary,True,True,324,2500,0.8956753086419753
musicdet,echoes,sonics,udio-30s,Udio-32,unknown_proprietary,False,True,798,2500,0.9127872180451128
musicdet,echoes,music8k,acestep1.5,AceStep,continuous_vae,True,True,989,1102,0.6398018860826624
musicdet,echoes,music8k,heartmula,HeartMuLa,hybrid_rvq_flow,False,False,989,1102,0.5619349138160418
musicdet,echoes,music8k,minimax_2.6,MiniMax,hybrid_rvq_flow,False,False,304,1102,0.5601806524023307
musicdet,echoes,music8k,mureka_v9,Mureka,continuous_vae,False,True,662,1102,0.5091929806284646
musicdet,echoes,music8k,suno_v5.5,Suno,unknown_proprietary,True,True,330,1102,0.5734573502722323
musicdet,echoes,music8k,sunov5_new,Suno,unknown_proprietary,True,True,340,1102,0.5189495035763851
musicdet,fakemusiccaps,artifactbench,DiffRhythm,DiffRhythm,continuous_vae,False,True,100,862,0.7170533642691415
musicdet,fakemusiccaps,artifactbench,Google Chirp v2 XXL,Suno,unknown_proprietary,False,False,80,862,0.9030887470997679
musicdet,fakemusiccaps,artifactbench,Google Chirp v3,Suno,unknown_proprietary,False,False,80,862,0.8502465197215777
musicdet,fakemusiccaps,artifactbench,Google Chirp v3.5,Suno,unknown_proprietary,False,False,80,862,0.8481003480278423
musicdet,fakemusiccaps,artifactbench,MusicGen Large,MusicGen,rvq_encodec,True,True,30,862,0.5337200309358081
musicdet,fakemusiccaps,artifactbench,MusicGen Medium,MusicGen,rvq_encodec,True,True,30,862,0.6635730858468678
musicdet,fakemusiccaps,artifactbench,MusicGen Small,MusicGen,rvq_encodec,True,True,30,862,0.5057231245166282
musicdet,fakemusiccaps,artifactbench,Riffusion,Riffusion,griffin_lim,False,False,100,862,0.8562761020881671
musicdet,fakemusiccaps,artifactbench,Riffusion (AIME),Riffusion,griffin_lim,False,False,30,862,0.8150038669760248
musicdet,fakemusiccaps,artifactbench,Stable Audio v1,StableAudio,continuous_vae,True,True,50,862,0.6184222737819025
musicdet,fakemusiccaps,artifactbench,Stable Audio v2,StableAudio,continuous_vae,True,True,50,862,0.5190023201856149
musicdet,fakemusiccaps,artifactbench,Suno (mixed),Suno,unknown_proprietary,False,False,80,862,0.5185614849187935
musicdet,fakemusiccaps,artifactbench,Suno v3,Suno,unknown_proprietary,False,False,30,862,0.4099767981438515
musicdet,fakemusiccaps,artifactbench,Suno v3.5,Suno,unknown_proprietary,False,False,29,862,0.289063125050004
musicdet,fakemusiccaps,artifactbench,Suno v4,Suno,unknown_proprietary,False,False,100,862,0.6688747099767982
musicdet,fakemusiccaps,artifactbench,Udio,Udio,unknown_proprietary,False,False,100,862,0.4445591647331787
musicdet,fakemusiccaps,artifactbench,Udio (AIME),Udio,unknown_proprietary,False,False,30,862,0.4049497293116783
musicdet,fakemusiccaps,artifactbench,Udio (SONICS 120s),Udio,unknown_proprietary,False,False,80,862,0.8930249419953596
musicdet,fakemusiccaps,artifactbench,Udio (SONICS 30s),Udio-32,unknown_proprietary,False,False,80,862,0.735469837587007
musicdet,fakemusiccaps,artifactbench,Udio (mixed),Udio,unknown_proprietary,False,False,80,862,0.7206931554524362
musicdet,fakemusiccaps,artifactbench,Udio CDN,Udio,unknown_proprietary,False,False,18,862,0.5140500128899201
musicdet,fakemusiccaps,artifactbench,Udio CDN Latest,Udio,unknown_proprietary,False,False,17,862,0.613757335880988
musicdet,fakemusiccaps,artifactbench,Yue,Yue,rvq_xcodec,False,False,100,862,0.4517169373549884
musicdet,fakemusiccaps,echoes,acestep,AceStep,mel_vae_hifigan,False,True,57,59,0.38269402319357715
musicdet,fakemusiccaps,echoes,audioldm,AudioLDM,mel_vae_hifigan,True,True,115,59,0.619602063375092
musicdet,fakemusiccaps,echoes,brev,Brev,unknown_proprietary,False,False,68,59,0.6251246261216351
musicdet,fakemusiccaps,echoes,diffrhythm,DiffRhythm,continuous_vae,False,True,120,59,0.7347457627118644
musicdet,fakemusiccaps,echoes,mubert,Mubert,non_neural,False,False,32,59,0.729343220338983
musicdet,fakemusiccaps,echoes,producer,Riffusion,unknown_proprietary,False,False,68,59,0.6640079760717846
musicdet,fakemusiccaps,echoes,songgen,SongGen,rvq_xcodec,False,False,111,59,0.8523438692930219
musicdet,fakemusiccaps,echoes,stableaudio,StableAudio,continuous_vae,True,True,35,59,0.6324455205811138
musicdet,fakemusiccaps,echoes,suno,Suno,unknown_proprietary,False,False,68,59,0.6370887337986042
musicdet,fakemusiccaps,echoes,udio,Udio,unknown_proprietary,False,False,68,59,0.6507976071784646
musicdet,fakemusiccaps,sonics,chirp-v2-xxl-alpha,Suno,unknown_proprietary,False,False,326,2500,0.8633656441717791
musicdet,fakemusiccaps,sonics,chirp-v3,Suno,unknown_proprietary,False,False,711,2500,0.781282700421941
musicdet,fakemusiccaps,sonics,chirp-v3.5,Suno,unknown_proprietary,False,False,341,2500,0.7944821114369504
musicdet,fakemusiccaps,sonics,udio-120s,Udio,unknown_proprietary,False,False,324,2500,0.8422586419753086
musicdet,fakemusiccaps,sonics,udio-30s,Udio-32,unknown_proprietary,False,False,798,2500,0.6477172932330827
musicdet,fakemusiccaps,music8k,acestep1.5,AceStep,continuous_vae,False,True,989,1102,0.6757237966084277
musicdet,fakemusiccaps,music8k,heartmula,HeartMuLa,hybrid_rvq_flow,False,False,989,1102,0.7773255355186545
musicdet,fakemusiccaps,music8k,minimax_2.6,MiniMax,hybrid_rvq_flow,False,False,304,1102,0.7424016739898748
musicdet,fakemusiccaps,music8k,mureka_v9,Mureka,continuous_vae,False,True,662,1102,0.7116318311666238
musicdet,fakemusiccaps,music8k,suno_v5.5,Suno,unknown_proprietary,False,False,330,1102,0.7260091844030139
musicdet,fakemusiccaps,music8k,sunov5_new,Suno,unknown_proprietary,False,False,340,1102,0.652053752535497
musicdet,sonics,artifactbench,DiffRhythm,DiffRhythm,continuous_vae,False,False,100,670,0.6847611940298507
musicdet,sonics,artifactbench,Google Chirp v2 XXL,Suno,unknown_proprietary,True,True,80,670,0.9427798507462687
musicdet,sonics,artifactbench,Google Chirp v3,Suno,unknown_proprietary,True,True,80,670,0.9234701492537314
musicdet,sonics,artifactbench,Google Chirp v3.5,Suno,unknown_proprietary,True,True,6,670,0.9534825870646766
musicdet,sonics,artifactbench,MusicGen Large,MusicGen,rvq_encodec,False,False,30,670,0.6639303482587064
musicdet,sonics,artifactbench,MusicGen Medium,MusicGen,rvq_encodec,False,False,30,670,0.784228855721393
musicdet,sonics,artifactbench,MusicGen Small,MusicGen,rvq_encodec,False,False,30,670,0.6614925373134328
musicdet,sonics,artifactbench,Riffusion,Riffusion,griffin_lim,False,False,100,670,0.7922388059701493
musicdet,sonics,artifactbench,Riffusion (AIME),Riffusion,griffin_lim,False,False,30,670,0.7618905472636816
musicdet,sonics,artifactbench,Stable Audio v1,StableAudio,continuous_vae,False,False,50,670,0.6137014925373134
musicdet,sonics,artifactbench,Stable Audio v2,StableAudio,continuous_vae,False,False,50,670,0.6587462686567164
musicdet,sonics,artifactbench,Suno (mixed),Suno,unknown_proprietary,True,True,80,670,0.5930223880597015
musicdet,sonics,artifactbench,Suno v3,Suno,unknown_proprietary,True,True,30,670,0.600547263681592
musicdet,sonics,artifactbench,Suno v3.5,Suno,unknown_proprietary,True,True,29,670,0.5931549150797735
musicdet,sonics,artifactbench,Suno v4,Suno,unknown_proprietary,True,True,100,670,0.655186567164179
musicdet,sonics,artifactbench,Udio,Udio,unknown_proprietary,True,True,100,670,0.4635373134328358
musicdet,sonics,artifactbench,Udio (AIME),Udio,unknown_proprietary,True,True,30,670,0.4802487562189055
musicdet,sonics,artifactbench,Udio (SONICS 120s),Udio,unknown_proprietary,True,True,8,670,0.948134328358209
musicdet,sonics,artifactbench,Udio (SONICS 30s),Udio-32,unknown_proprietary,False,True,80,670,0.8992723880597016
musicdet,sonics,artifactbench,Udio (mixed),Udio,unknown_proprietary,True,True,80,670,0.7012499999999999
musicdet,sonics,artifactbench,Udio CDN,Udio,unknown_proprietary,True,True,18,670,0.5356550580431177
musicdet,sonics,artifactbench,Udio CDN Latest,Udio,unknown_proprietary,True,True,17,670,0.6720807726075504
musicdet,sonics,artifactbench,Yue,Yue,rvq_xcodec,False,False,100,670,0.4776567164179104
musicdet,sonics,echoes,acestep,AceStep,mel_vae_hifigan,False,False,57,59,0.45792447219744276
musicdet,sonics,echoes,audioldm,AudioLDM,mel_vae_hifigan,False,False,115,59,0.7613854089904201
musicdet,sonics,echoes,brev,Brev,unknown_proprietary,False,True,68,59,0.6139082751744765
musicdet,sonics,echoes,diffrhythm,DiffRhythm,continuous_vae,False,False,120,59,0.7483050847457627
musicdet,sonics,echoes,mubert,Mubert,non_neural,False,False,32,59,0.7092161016949152
musicdet,sonics,echoes,producer,Riffusion,unknown_proprietary,False,True,68,59,0.6719840478564306
musicdet,sonics,echoes,songgen,SongGen,rvq_xcodec,False,False,111,59,0.9097572148419606
musicdet,sonics,echoes,stableaudio,StableAudio,continuous_vae,False,False,35,59,0.685230024213075
musicdet,sonics,echoes,suno,Suno,unknown_proprietary,True,True,68,59,0.6293619142572283
musicdet,sonics,echoes,udio,Udio,unknown_proprietary,True,True,68,59,0.6587736789631107
musicdet,sonics,fakemusiccaps,MusicGen_medium,MusicGen,rvq_encodec,False,False,1104,1102,0.5507895723191036
musicdet,sonics,fakemusiccaps,audioldm2,AudioLDM,mel_vae_hifigan,False,False,1104,1102,0.5163803788895025
musicdet,sonics,fakemusiccaps,musicldm,MusicLDM,mel_vae_hifigan,False,False,1104,1102,0.4772424642941687
musicdet,sonics,fakemusiccaps,mustango,Mustango,mel_vae_hifigan,False,False,1104,1102,0.45057117822667614
musicdet,sonics,fakemusiccaps,stable_audio_open,StableAudio,continuous_vae,False,False,1104,1102,0.5938872668928694
musicdet,sonics,music8k,acestep1.5,AceStep,continuous_vae,False,False,989,1102,0.5493894729501834
musicdet,sonics,music8k,heartmula,HeartMuLa,hybrid_rvq_flow,False,False,989,1102,0.6263031275060144
musicdet,sonics,music8k,minimax_2.6,MiniMax,hybrid_rvq_flow,False,False,304,1102,0.6662094636545994
musicdet,sonics,music8k,mureka_v9,Mureka,continuous_vae,False,False,662,1102,0.6371024119837044
musicdet,sonics,music8k,suno_v5.5,Suno,unknown_proprietary,True,True,330,1102,0.6596491228070176
musicdet,sonics,music8k,sunov5_new,Suno,unknown_proprietary,True,True,340,1102,0.5679806768442404
clam_released,mom,artifactbench,DiffRhythm,DiffRhythm,continuous_vae,True,True,100,862,0.9868445475638051
clam_released,mom,artifactbench,Google Chirp v2 XXL,Suno,unknown_proprietary,True,True,80,862,0.9961426914153132
clam_released,mom,artifactbench,Google Chirp v3,Suno,unknown_proprietary,True,True,80,862,0.9996809744779582
clam_released,mom,artifactbench,Google Chirp v3.5,Suno,unknown_proprietary,True,True,80,862,0.9996374709976799
clam_released,mom,artifactbench,MusicGen Large,MusicGen,rvq_encodec,False,False,30,862,0.9316705336426915
clam_released,mom,artifactbench,MusicGen Medium,MusicGen,rvq_encodec,False,False,30,862,0.9425754060324826
clam_released,mom,artifactbench,MusicGen Small,MusicGen,rvq_encodec,False,False,30,862,0.9460556844547563
clam_released,mom,artifactbench,Riffusion,Riffusion,griffin_lim,False,False,100,862,0.9838631090487239
clam_released,mom,artifactbench,Riffusion (AIME),Riffusion,griffin_lim,False,False,30,862,0.9789249806651199
clam_released,mom,artifactbench,Stable Audio v1,StableAudio,continuous_vae,False,True,50,862,0.7607888631090487
clam_released,mom,artifactbench,Stable Audio v2,StableAudio,continuous_vae,False,True,50,862,0.8277030162412993
clam_released,mom,artifactbench,Suno (mixed),Suno,unknown_proprietary,True,True,80,862,0.7698520881670534
clam_released,mom,artifactbench,Suno v3,Suno,unknown_proprietary,True,True,30,862,0.9990332559938129
clam_released,mom,artifactbench,Suno v3.5,Suno,unknown_proprietary,True,True,29,862,0.9900792063365069
clam_released,mom,artifactbench,Suno v4,Suno,unknown_proprietary,True,True,100,862,0.7453016241299303
clam_released,mom,artifactbench,Udio,Udio,unknown_proprietary,True,True,100,862,0.9940719257540603
clam_released,mom,artifactbench,Udio (AIME),Udio,unknown_proprietary,True,True,30,862,0.9878576952822893
clam_released,mom,artifactbench,Udio (SONICS 120s),Udio,unknown_proprietary,True,True,80,862,0.9980568445475638
clam_released,mom,artifactbench,Udio (SONICS 30s),Udio-32,unknown_proprietary,False,True,80,862,0.9864994199535964
clam_released,mom,artifactbench,Udio (mixed),Udio,unknown_proprietary,True,True,80,862,0.9921838747099767
clam_released,mom,artifactbench,Udio CDN,Udio,unknown_proprietary,True,True,18,862,0.9889791183294663
clam_released,mom,artifactbench,Udio CDN Latest,Udio,unknown_proprietary,True,True,17,862,0.9933124061689641
clam_released,mom,artifactbench,Yue,Yue,rvq_xcodec,False,False,100,862,0.9946403712296983
clam_released,mom,echoes,acestep,AceStep,mel_vae_hifigan,False,False,57,59,0.9836455545643771
clam_released,mom,echoes,audioldm,AudioLDM,mel_vae_hifigan,False,False,115,59,0.9121591746499631
clam_released,mom,echoes,brev,Brev,unknown_proprietary,False,True,68,59,0.7308075772681955
clam_released,mom,echoes,diffrhythm,DiffRhythm,continuous_vae,True,True,120,59,0.9877118644067796
clam_released,mom,echoes,mubert,Mubert,non_neural,False,False,32,59,0.6774364406779662
clam_released,mom,echoes,producer,Riffusion,unknown_proprietary,False,True,68,59,0.9414257228315055
clam_released,mom,echoes,songgen,SongGen,rvq_xcodec,False,False,111,59,0.9641166590319132
clam_released,mom,echoes,stableaudio,StableAudio,continuous_vae,False,True,35,59,0.8198547215496368
clam_released,mom,echoes,suno,Suno,unknown_proprietary,True,True,68,59,0.7143569292123629
clam_released,mom,echoes,udio,Udio,unknown_proprietary,True,True,68,59,0.9927716849451644
clam_released,mom,fakemusiccaps,MusicGen_medium,MusicGen,rvq_encodec,False,False,1104,1102,0.8260524343091611
clam_released,mom,fakemusiccaps,audioldm2,AudioLDM,mel_vae_hifigan,False,False,1104,1102,0.5976460782766512
clam_released,mom,fakemusiccaps,musicldm,MusicLDM,mel_vae_hifigan,False,False,1104,1102,0.6897628488387385
clam_released,mom,fakemusiccaps,mustango,Mustango,mel_vae_hifigan,False,False,1104,1102,0.7017420566032774
clam_released,mom,fakemusiccaps,stable_audio_open,StableAudio,continuous_vae,False,True,1104,1102,0.7602226847102764
clam_released,mom,sonics,chirp-v2-xxl-alpha,Suno,unknown_proprietary,True,True,326,2500,0.981401226993865
clam_released,mom,sonics,chirp-v3,Suno,unknown_proprietary,True,True,711,2500,0.9958182841068917
clam_released,mom,sonics,chirp-v3.5,Suno,unknown_proprietary,True,True,341,2500,0.9921184750733137
clam_released,mom,sonics,udio-120s,Udio,unknown_proprietary,True,True,324,2500,0.9827876543209877
clam_released,mom,sonics,udio-30s,Udio-32,unknown_proprietary,False,True,798,2500,0.9642942355889724
clam_released,mom,music8k,acestep1.5,AceStep,continuous_vae,False,True,989,1102,0.6685418000913863
clam_released,mom,music8k,heartmula,HeartMuLa,hybrid_rvq_flow,False,False,989,1102,0.9014697057835832
clam_released,mom,music8k,minimax_2.6,MiniMax,hybrid_rvq_flow,False,False,304,1102,0.8587466567962556
clam_released,mom,music8k,mureka_v9,Mureka,continuous_vae,False,True,662,1102,0.6582415383181361
clam_released,mom,music8k,suno_v5.5,Suno,unknown_proprietary,True,True,330,1102,0.7771324863883847
clam_released,mom,music8k,sunov5_new,Suno,unknown_proprietary,True,True,340,1102,0.4802738336713996
sofia_vag_released,sonics,artifactbench,DiffRhythm,DiffRhythm,continuous_vae,False,False,100,672,0.8583630952380953
sofia_vag_released,sonics,artifactbench,Google Chirp v2 XXL,Suno,unknown_proprietary,True,True,80,672,0.7882254464285714
sofia_vag_released,sonics,artifactbench,Google Chirp v3,Suno,unknown_proprietary,True,True,80,672,0.9462611607142857
sofia_vag_released,sonics,artifactbench,Google Chirp v3.5,Suno,unknown_proprietary,True,True,6,672,0.853670634920635
sofia_vag_released,sonics,artifactbench,MusicGen Large,MusicGen,rvq_encodec,False,False,30,672,0.9289186507936508
sofia_vag_released,sonics,artifactbench,MusicGen Medium,MusicGen,rvq_encodec,False,False,30,672,0.9214285714285714
sofia_vag_released,sonics,artifactbench,MusicGen Small,MusicGen,rvq_encodec,False,False,30,672,0.8973214285714286
sofia_vag_released,sonics,artifactbench,Riffusion,Riffusion,griffin_lim,False,False,100,672,0.9291369047619047
sofia_vag_released,sonics,artifactbench,Riffusion (AIME),Riffusion,griffin_lim,False,False,30,672,0.9790178571428572
sofia_vag_released,sonics,artifactbench,Stable Audio v1,StableAudio,continuous_vae,False,False,50,672,0.9012797619047619
sofia_vag_released,sonics,artifactbench,Stable Audio v2,StableAudio,continuous_vae,False,False,50,672,0.8988690476190475
sofia_vag_released,sonics,artifactbench,Suno (mixed),Suno,unknown_proprietary,True,True,80,672,0.726860119047619
sofia_vag_released,sonics,artifactbench,Suno v3,Suno,unknown_proprietary,True,True,30,672,0.9742063492063493
sofia_vag_released,sonics,artifactbench,Suno v3.5,Suno,unknown_proprietary,True,True,30,672,0.9666170634920634
sofia_vag_released,sonics,artifactbench,Suno v4,Suno,unknown_proprietary,True,True,100,672,0.7418750000000001
sofia_vag_released,sonics,artifactbench,Udio,Udio,unknown_proprietary,True,True,100,672,0.9660267857142857
sofia_vag_released,sonics,artifactbench,Udio (AIME),Udio,unknown_proprietary,True,True,30,672,0.958234126984127
sofia_vag_released,sonics,artifactbench,Udio (SONICS 120s),Udio,unknown_proprietary,True,True,8,672,0.8978794642857143
sofia_vag_released,sonics,artifactbench,Udio (SONICS 30s),Udio-32,unknown_proprietary,False,True,80,672,0.8014694940476191
sofia_vag_released,sonics,artifactbench,Udio (mixed),Udio,unknown_proprietary,True,True,80,672,0.985844494047619
sofia_vag_released,sonics,artifactbench,Udio CDN,Udio,unknown_proprietary,True,True,18,672,0.984457671957672
sofia_vag_released,sonics,artifactbench,Udio CDN Latest,Udio,unknown_proprietary,True,True,17,672,0.9980742296918768
sofia_vag_released,sonics,artifactbench,Yue,Yue,rvq_xcodec,False,False,100,672,0.9858928571428571
sofia_vag_released,sonics,echoes,acestep,AceStep,mel_vae_hifigan,False,False,57,59,0.967885816235504
sofia_vag_released,sonics,echoes,audioldm,AudioLDM,mel_vae_hifigan,False,False,115,59,0.7478260869565218
sofia_vag_released,sonics,echoes,brev,Brev,unknown_proprietary,False,True,68,59,0.8514456630109671
sofia_vag_released,sonics,echoes,diffrhythm,DiffRhythm,continuous_vae,False,False,120,59,0.9529661016949152
sofia_vag_released,sonics,echoes,mubert,Mubert,non_neural,False,False,32,59,0.4682203389830508
sofia_vag_released,sonics,echoes,producer,Riffusion,unknown_proprietary,False,True,68,59,0.9419242273180458
sofia_vag_released,sonics,echoes,songgen,SongGen,rvq_xcodec,False,False,111,59,0.7092685906245227
sofia_vag_released,sonics,echoes,stableaudio,StableAudio,continuous_vae,False,False,35,59,0.9046004842615013
sofia_vag_released,sonics,echoes,suno,Suno,unknown_proprietary,True,True,68,59,0.7913758723828515
sofia_vag_released,sonics,echoes,udio,Udio,unknown_proprietary,True,True,68,59,0.9626121635094715
sofia_vag_released,sonics,fakemusiccaps,MusicGen_medium,MusicGen,rvq_encodec,False,False,1104,1102,0.8192244338357136
sofia_vag_released,sonics,fakemusiccaps,audioldm2,AudioLDM,mel_vae_hifigan,False,False,1104,1102,0.7162183710776191
sofia_vag_released,sonics,fakemusiccaps,musicldm,MusicLDM,mel_vae_hifigan,False,False,1104,1102,0.7962663405139535
sofia_vag_released,sonics,fakemusiccaps,mustango,Mustango,mel_vae_hifigan,False,False,1104,1102,0.704575343906994
sofia_vag_released,sonics,fakemusiccaps,stable_audio_open,StableAudio,continuous_vae,False,False,1104,1102,0.7924294431731502
sofia_vag_released,sonics,music8k,acestep1.5,AceStep,continuous_vae,False,False,989,1102,0.7782513272127706
sofia_vag_released,sonics,music8k,heartmula,HeartMuLa,hybrid_rvq_flow,False,False,989,1102,0.9663228361339525
sofia_vag_released,sonics,music8k,minimax_2.6,MiniMax,hybrid_rvq_flow,False,False,304,1102,0.8233624271659185
sofia_vag_released,sonics,music8k,mureka_v9,Mureka,continuous_vae,False,False,662,1102,0.700115417724434
sofia_vag_released,sonics,music8k,suno_v5.5,Suno,unknown_proprietary,True,True,330,1102,0.8942171258868175
sofia_vag_released,sonics,music8k,sunov5_new,Suno,unknown_proprietary,True,True,340,1102,0.5564455001601366
specttra_released,sonics,artifactbench,DiffRhythm,DiffRhythm,continuous_vae,False,False,100,672,0.7481547619047619
specttra_released,sonics,artifactbench,Google Chirp v2 XXL,Suno,unknown_proprietary,True,True,80,672,0.8352306547619048
specttra_released,sonics,artifactbench,Google Chirp v3,Suno,unknown_proprietary,True,True,80,672,0.9944754464285714
specttra_released,sonics,artifactbench,Google Chirp v3.5,Suno,unknown_proprietary,True,True,6,672,1.0
specttra_released,sonics,artifactbench,MusicGen Large,MusicGen,rvq_encodec,False,False,30,672,0.692609126984127
specttra_released,sonics,artifactbench,MusicGen Medium,MusicGen,rvq_encodec,False,False,30,672,0.6553075396825397
specttra_released,sonics,artifactbench,MusicGen Small,MusicGen,rvq_encodec,False,False,30,672,0.5995535714285715
specttra_released,sonics,artifactbench,Riffusion,Riffusion,griffin_lim,False,False,100,672,0.8215625
specttra_released,sonics,artifactbench,Riffusion (AIME),Riffusion,griffin_lim,False,False,30,672,0.6146329365079366
specttra_released,sonics,artifactbench,Stable Audio v1,StableAudio,continuous_vae,False,False,50,672,0.5329464285714287
specttra_released,sonics,artifactbench,Stable Audio v2,StableAudio,continuous_vae,False,False,50,672,0.6390178571428571
specttra_released,sonics,artifactbench,Suno (mixed),Suno,unknown_proprietary,True,True,80,672,0.6047619047619047
specttra_released,sonics,artifactbench,Suno v3,Suno,unknown_proprietary,True,True,30,672,0.9643353174603174
specttra_released,sonics,artifactbench,Suno v3.5,Suno,unknown_proprietary,True,True,30,672,0.9790674603174604
specttra_released,sonics,artifactbench,Suno v4,Suno,unknown_proprietary,True,True,100,672,0.6320089285714287
specttra_released,sonics,artifactbench,Udio,Udio,unknown_proprietary,True,True,100,672,0.7386011904761904
specttra_released,sonics,artifactbench,Udio (AIME),Udio,unknown_proprietary,True,True,30,672,0.69375
specttra_released,sonics,artifactbench,Udio (SONICS 120s),Udio,unknown_proprietary,True,True,8,672,0.9806547619047619
specttra_released,sonics,artifactbench,Udio (SONICS 30s),Udio-32,unknown_proprietary,False,True,80,672,0.6587983630952381
specttra_released,sonics,artifactbench,Udio (mixed),Udio,unknown_proprietary,True,True,80,672,0.6970982142857143
specttra_released,sonics,artifactbench,Udio CDN,Udio,unknown_proprietary,True,True,18,672,0.5670469576719577
specttra_released,sonics,artifactbench,Udio CDN Latest,Udio,unknown_proprietary,True,True,17,672,0.7148984593837535
specttra_released,sonics,artifactbench,Yue,Yue,rvq_xcodec,False,False,100,672,0.991919642857143
specttra_released,sonics,echoes,acestep,AceStep,mel_vae_hifigan,False,False,57,59,0.8227772821885221
specttra_released,sonics,echoes,audioldm,AudioLDM,mel_vae_hifigan,False,False,115,59,0.4498157700810611
specttra_released,sonics,echoes,brev,Brev,unknown_proprietary,False,True,68,59,0.5496011964107677
specttra_released,sonics,echoes,diffrhythm,DiffRhythm,continuous_vae,False,False,120,59,0.7440677966101695
specttra_released,sonics,echoes,mubert,Mubert,non_neural,False,False,32,59,0.6498940677966102
specttra_released,sonics,echoes,producer,Riffusion,unknown_proprietary,False,True,68,59,0.480309072781655
specttra_released,sonics,echoes,songgen,SongGen,rvq_xcodec,False,False,111,59,0.5797831730035119
specttra_released,sonics,echoes,stableaudio,StableAudio,continuous_vae,False,False,35,59,0.7375302663438257
specttra_released,sonics,echoes,suno,Suno,unknown_proprietary,True,True,68,59,0.5406281156530409
specttra_released,sonics,echoes,udio,Udio,unknown_proprietary,True,True,68,59,0.7417746759720838
specttra_released,sonics,fakemusiccaps,MusicGen_medium,MusicGen,rvq_encodec,False,False,1104,1102,0.611953891475315
specttra_released,sonics,fakemusiccaps,audioldm2,AudioLDM,mel_vae_hifigan,False,False,1104,1102,0.5024691601567637
specttra_released,sonics,fakemusiccaps,musicldm,MusicLDM,mel_vae_hifigan,False,False,1104,1102,0.5914131749914516
specttra_released,sonics,fakemusiccaps,mustango,Mustango,mel_vae_hifigan,False,False,1104,1102,0.3795791249112286
specttra_released,sonics,fakemusiccaps,stable_audio_open,StableAudio,continuous_vae,False,False,1104,1102,0.696737157736921
specttra_released,sonics,music8k,acestep1.5,AceStep,continuous_vae,False,False,989,1102,0.48032348574794614
specttra_released,sonics,music8k,heartmula,HeartMuLa,hybrid_rvq_flow,False,False,989,1102,0.8014208929806822
specttra_released,sonics,music8k,minimax_2.6,MiniMax,hybrid_rvq_flow,False,False,304,1102,0.6004274524787468
specttra_released,sonics,music8k,mureka_v9,Mureka,continuous_vae,False,False,662,1102,0.5601981566062254
specttra_released,sonics,music8k,suno_v5.5,Suno,unknown_proprietary,True,True,330,1102,0.8437936534125282
specttra_released,sonics,music8k,sunov5_new,Suno,unknown_proprietary,True,True,340,1102,0.6202386036084125
handcrafted,artifactbench,echoes,acestep,AceStep,mel_vae_hifigan,False,False,57,59,0.8861135890573892
handcrafted,artifactbench,echoes,audioldm,AudioLDM,mel_vae_hifigan,False,False,115,59,0.9319086219602063
handcrafted,artifactbench,echoes,brev,Brev,unknown_proprietary,False,True,68,59,0.7896311066799601
handcrafted,artifactbench,echoes,diffrhythm,DiffRhythm,continuous_vae,True,True,120,59,0.7576271186440677
handcrafted,artifactbench,echoes,mubert,Mubert,non_neural,False,False,32,59,0.7219279661016949
handcrafted,artifactbench,echoes,producer,Riffusion,unknown_proprietary,True,True,68,59,0.8514456630109671
handcrafted,artifactbench,echoes,songgen,SongGen,rvq_xcodec,False,True,111,59,0.713391357459154
handcrafted,artifactbench,echoes,stableaudio,StableAudio,continuous_vae,True,True,35,59,0.7956416464891041
handcrafted,artifactbench,echoes,suno,Suno,unknown_proprietary,True,True,68,59,0.7968594217347957
handcrafted,artifactbench,echoes,udio,Udio,unknown_proprietary,True,True,68,59,0.6949152542372882
handcrafted,artifactbench,fakemusiccaps,MusicGen_medium,MusicGen,rvq_encodec,True,True,1104,1102,0.7400255464373077
handcrafted,artifactbench,fakemusiccaps,audioldm2,AudioLDM,mel_vae_hifigan,False,False,1104,1102,0.6898844985402036
handcrafted,artifactbench,fakemusiccaps,musicldm,MusicLDM,mel_vae_hifigan,False,False,1104,1102,0.7308442818064651
handcrafted,artifactbench,fakemusiccaps,mustango,Mustango,mel_vae_hifigan,False,False,1104,1102,0.7145752781503986
handcrafted,artifactbench,fakemusiccaps,stable_audio_open,StableAudio,continuous_vae,True,True,1104,1102,0.7903301638654356
handcrafted,artifactbench,sonics,chirp-v2-xxl-alpha,Suno,unknown_proprietary,True,True,1759,6882,0.8777907086055045
handcrafted,artifactbench,sonics,chirp-v3,Suno,unknown_proprietary,True,True,3637,6882,0.9790271082101464
handcrafted,artifactbench,sonics,chirp-v3.5,Suno,unknown_proprietary,True,True,1590,6882,0.979018275731605
handcrafted,artifactbench,sonics,udio-120s,Udio,unknown_proprietary,True,True,1619,6882,0.8426752281780275
handcrafted,artifactbench,sonics,udio-30s,Udio-32,unknown_proprietary,True,True,4173,6882,0.8954795337068476
handcrafted,artifactbench,music8k,acestep1.5,AceStep,continuous_vae,False,True,989,1102,0.7700072852190797
handcrafted,artifactbench,music8k,heartmula,HeartMuLa,hybrid_rvq_flow,False,False,989,1102,0.5169587788724976
handcrafted,artifactbench,music8k,minimax_2.6,MiniMax,hybrid_rvq_flow,False,False,304,1102,0.44826392205559273
handcrafted,artifactbench,music8k,mureka_v9,Mureka,continuous_vae,False,True,662,1102,0.6829549130666023
handcrafted,artifactbench,music8k,suno_v5.5,Suno,unknown_proprietary,True,True,330,1102,0.650698454600451
handcrafted,artifactbench,music8k,sunov5_new,Suno,unknown_proprietary,True,True,340,1102,0.6335886623251842
handcrafted,echoes,artifactbench,DiffRhythm,DiffRhythm,continuous_vae,True,True,100,864,0.9387152777777779
handcrafted,echoes,artifactbench,Google Chirp v2 XXL,Suno,unknown_proprietary,True,True,80,864,0.8100260416666667
handcrafted,echoes,artifactbench,Google Chirp v3,Suno,unknown_proprietary,True,True,80,864,0.9534288194444445
handcrafted,echoes,artifactbench,Google Chirp v3.5,Suno,unknown_proprietary,True,True,80,864,0.9230758101851851
handcrafted,echoes,artifactbench,MusicGen Large,MusicGen,rvq_encodec,False,False,30,864,0.9192901234567901
handcrafted,echoes,artifactbench,MusicGen Medium,MusicGen,rvq_encodec,False,False,30,864,0.860108024691358
handcrafted,echoes,artifactbench,MusicGen Small,MusicGen,rvq_encodec,False,False,30,864,0.9258873456790123
handcrafted,echoes,artifactbench,Riffusion,Riffusion,griffin_lim,True,False,100,864,0.8950231481481481
handcrafted,echoes,artifactbench,Riffusion (AIME),Riffusion,griffin_lim,True,False,30,864,0.4603395061728395
handcrafted,echoes,artifactbench,Stable Audio v1,StableAudio,continuous_vae,True,True,50,864,0.9538657407407407
handcrafted,echoes,artifactbench,Stable Audio v2,StableAudio,continuous_vae,True,True,50,864,0.9528703703703704
handcrafted,echoes,artifactbench,Suno (mixed),Suno,unknown_proprietary,True,True,80,864,0.8721064814814815
handcrafted,echoes,artifactbench,Suno v3,Suno,unknown_proprietary,True,True,30,864,0.876466049382716
handcrafted,echoes,artifactbench,Suno v3.5,Suno,unknown_proprietary,True,True,30,864,0.9351851851851851
handcrafted,echoes,artifactbench,Suno v4,Suno,unknown_proprietary,True,True,100,864,0.8365972222222222
handcrafted,echoes,artifactbench,Udio,Udio,unknown_proprietary,True,True,100,864,0.8015625
handcrafted,echoes,artifactbench,Udio (AIME),Udio,unknown_proprietary,True,True,30,864,0.799729938271605
handcrafted,echoes,artifactbench,Udio (SONICS 120s),Udio,unknown_proprietary,True,True,80,864,0.7559895833333333
handcrafted,echoes,artifactbench,Udio (SONICS 30s),Udio-32,unknown_proprietary,False,True,80,864,0.840060763888889
handcrafted,echoes,artifactbench,Udio (mixed),Udio,unknown_proprietary,True,True,80,864,0.788990162037037
handcrafted,echoes,artifactbench,Udio CDN,Udio,unknown_proprietary,True,True,18,864,0.7516718106995884
handcrafted,echoes,artifactbench,Udio CDN Latest,Udio,unknown_proprietary,True,True,17,864,0.7335920479302832
handcrafted,echoes,artifactbench,Yue,Yue,rvq_xcodec,False,True,100,864,0.8740162037037036
handcrafted,echoes,fakemusiccaps,MusicGen_medium,MusicGen,rvq_encodec,False,False,1104,1102,0.7445660393487467
handcrafted,echoes,fakemusiccaps,audioldm2,AudioLDM,mel_vae_hifigan,True,True,1104,1102,0.6735628896078276
handcrafted,echoes,fakemusiccaps,musicldm,MusicLDM,mel_vae_hifigan,False,True,1104,1102,0.7158197217180883
handcrafted,echoes,fakemusiccaps,mustango,Mustango,mel_vae_hifigan,False,True,1104,1102,0.6686410084431467
handcrafted,echoes,fakemusiccaps,stable_audio_open,StableAudio,continuous_vae,True,True,1104,1102,0.8018614048239039
handcrafted,echoes,sonics,chirp-v2-xxl-alpha,Suno,unknown_proprietary,True,True,1759,6882,0.8207064461442867
handcrafted,echoes,sonics,chirp-v3,Suno,unknown_proprietary,True,True,3637,6882,0.9645995654625598
handcrafted,echoes,sonics,chirp-v3.5,Suno,unknown_proprietary,True,True,1590,6882,0.9572882681829729
handcrafted,echoes,sonics,udio-120s,Udio,unknown_proprietary,True,True,1619,6882,0.7840918086390203
handcrafted,echoes,sonics,udio-30s,Udio-32,unknown_proprietary,False,True,4173,6882,0.8572032063138485
handcrafted,echoes,music8k,acestep1.5,AceStep,continuous_vae,True,True,989,1102,0.6965174083704782
handcrafted,echoes,music8k,heartmula,HeartMuLa,hybrid_rvq_flow,False,False,989,1102,0.5598057764263522
handcrafted,echoes,music8k,minimax_2.6,MiniMax,hybrid_rvq_flow,False,False,304,1102,0.5085878546183971
handcrafted,echoes,music8k,mureka_v9,Mureka,continuous_vae,False,True,662,1102,0.6507818796914152
handcrafted,echoes,music8k,suno_v5.5,Suno,unknown_proprietary,True,True,330,1102,0.7468487048341858
handcrafted,echoes,music8k,sunov5_new,Suno,unknown_proprietary,True,True,340,1102,0.6460713141881071
handcrafted,fakemusiccaps,artifactbench,DiffRhythm,DiffRhythm,continuous_vae,False,True,100,864,0.9082291666666666
handcrafted,fakemusiccaps,artifactbench,Google Chirp v2 XXL,Suno,unknown_proprietary,False,False,80,864,0.7730324074074074
handcrafted,fakemusiccaps,artifactbench,Google Chirp v3,Suno,unknown_proprietary,False,False,80,864,0.9775318287037037
handcrafted,fakemusiccaps,artifactbench,Google Chirp v3.5,Suno,unknown_proprietary,False,False,80,864,0.9630787037037037
handcrafted,fakemusiccaps,artifactbench,MusicGen Large,MusicGen,rvq_encodec,True,True,30,864,0.8883873456790123
handcrafted,fakemusiccaps,artifactbench,MusicGen Medium,MusicGen,rvq_encodec,True,True,30,864,0.8253858024691358
handcrafted,fakemusiccaps,artifactbench,MusicGen Small,MusicGen,rvq_encodec,True,True,30,864,0.8985725308641975
handcrafted,fakemusiccaps,artifactbench,Riffusion,Riffusion,griffin_lim,False,False,100,864,0.9342013888888888
handcrafted,fakemusiccaps,artifactbench,Riffusion (AIME),Riffusion,griffin_lim,False,False,30,864,0.4643904320987654
handcrafted,fakemusiccaps,artifactbench,Stable Audio v1,StableAudio,continuous_vae,True,True,50,864,0.9534490740740742
handcrafted,fakemusiccaps,artifactbench,Stable Audio v2,StableAudio,continuous_vae,True,True,50,864,0.913611111111111
handcrafted,fakemusiccaps,artifactbench,Suno (mixed),Suno,unknown_proprietary,False,False,80,864,0.9030960648148147
handcrafted,fakemusiccaps,artifactbench,Suno v3,Suno,unknown_proprietary,False,False,30,864,0.9129243827160495
handcrafted,fakemusiccaps,artifactbench,Suno v3.5,Suno,unknown_proprietary,False,False,30,864,0.9580632716049383
handcrafted,fakemusiccaps,artifactbench,Suno v4,Suno,unknown_proprietary,False,False,100,864,0.8618171296296295
handcrafted,fakemusiccaps,artifactbench,Udio,Udio,unknown_proprietary,False,False,100,864,0.8176388888888889
handcrafted,fakemusiccaps,artifactbench,Udio (AIME),Udio,unknown_proprietary,False,False,30,864,0.817746913580247
handcrafted,fakemusiccaps,artifactbench,Udio (SONICS 120s),Udio,unknown_proprietary,False,False,80,864,0.6416521990740741
handcrafted,fakemusiccaps,artifactbench,Udio (SONICS 30s),Udio-32,unknown_proprietary,False,False,80,864,0.861574074074074
handcrafted,fakemusiccaps,artifactbench,Udio (mixed),Udio,unknown_proprietary,False,False,80,864,0.7375868055555556
handcrafted,fakemusiccaps,artifactbench,Udio CDN,Udio,unknown_proprietary,False,False,18,864,0.7482638888888888
handcrafted,fakemusiccaps,artifactbench,Udio CDN Latest,Udio,unknown_proprietary,False,False,17,864,0.7060866013071895
handcrafted,fakemusiccaps,artifactbench,Yue,Yue,rvq_xcodec,False,False,100,864,0.934675925925926
handcrafted,fakemusiccaps,echoes,acestep,AceStep,mel_vae_hifigan,False,True,57,59,0.8884924174843889
handcrafted,fakemusiccaps,echoes,audioldm,AudioLDM,mel_vae_hifigan,True,True,115,59,0.8885777450257922
handcrafted,fakemusiccaps,echoes,brev,Brev,unknown_proprietary,False,False,68,59,0.8045862412761715
handcrafted,fakemusiccaps,echoes,diffrhythm,DiffRhythm,continuous_vae,False,True,120,59,0.8214689265536722
handcrafted,fakemusiccaps,echoes,mubert,Mubert,non_neural,False,False,32,59,0.7860169491525424
handcrafted,fakemusiccaps,echoes,producer,Riffusion,unknown_proprietary,False,False,68,59,0.8464606181455634
handcrafted,fakemusiccaps,echoes,songgen,SongGen,rvq_xcodec,False,False,111,59,0.6277294243395939
handcrafted,fakemusiccaps,echoes,stableaudio,StableAudio,continuous_vae,True,True,35,59,0.802905569007264
handcrafted,fakemusiccaps,echoes,suno,Suno,unknown_proprietary,False,False,68,59,0.8315054835493519
handcrafted,fakemusiccaps,echoes,udio,Udio,unknown_proprietary,False,False,68,59,0.6408275174476571
handcrafted,fakemusiccaps,sonics,chirp-v2-xxl-alpha,Suno,unknown_proprietary,False,False,1759,6882,0.7939806060714201
handcrafted,fakemusiccaps,sonics,chirp-v3,Suno,unknown_proprietary,False,False,3637,6882,0.9841770025322581
handcrafted,fakemusiccaps,sonics,chirp-v3.5,Suno,unknown_proprietary,False,False,1590,6882,0.9806729431805511
handcrafted,fakemusiccaps,sonics,udio-120s,Udio,unknown_proprietary,False,False,1619,6882,0.6464226485147404
handcrafted,fakemusiccaps,sonics,udio-30s,Udio-32,unknown_proprietary,False,False,4173,6882,0.8742218715085764
handcrafted,fakemusiccaps,music8k,acestep1.5,AceStep,continuous_vae,False,True,989,1102,0.8322537017904756
handcrafted,fakemusiccaps,music8k,heartmula,HeartMuLa,hybrid_rvq_flow,False,False,989,1102,0.6230715731485542
handcrafted,fakemusiccaps,music8k,minimax_2.6,MiniMax,hybrid_rvq_flow,False,False,304,1102,0.4330762250453721
handcrafted,fakemusiccaps,music8k,mureka_v9,Mureka,continuous_vae,False,True,662,1102,0.6645566149982729
handcrafted,fakemusiccaps,music8k,suno_v5.5,Suno,unknown_proprietary,False,False,330,1102,0.8222295550789198
handcrafted,fakemusiccaps,music8k,sunov5_new,Suno,unknown_proprietary,False,False,340,1102,0.7002348670865804
handcrafted,sonics,artifactbench,DiffRhythm,DiffRhythm,continuous_vae,False,False,100,672,0.5227529761904761
handcrafted,sonics,artifactbench,Google Chirp v2 XXL,Suno,unknown_proprietary,True,True,80,672,0.9878720238095238
handcrafted,sonics,artifactbench,Google Chirp v3,Suno,unknown_proprietary,True,True,80,672,0.9831287202380953
handcrafted,sonics,artifactbench,Google Chirp v3.5,Suno,unknown_proprietary,True,True,6,672,0.9890873015873015
handcrafted,sonics,artifactbench,MusicGen Large,MusicGen,rvq_encodec,False,False,30,672,0.7548611111111111
handcrafted,sonics,artifactbench,MusicGen Medium,MusicGen,rvq_encodec,False,False,30,672,0.7423115079365079
handcrafted,sonics,artifactbench,MusicGen Small,MusicGen,rvq_encodec,False,False,30,672,0.7408730158730159
handcrafted,sonics,artifactbench,Riffusion,Riffusion,griffin_lim,False,False,100,672,0.6267559523809524
handcrafted,sonics,artifactbench,Riffusion (AIME),Riffusion,griffin_lim,False,False,30,672,0.8371031746031745
handcrafted,sonics,artifactbench,Stable Audio v1,StableAudio,continuous_vae,False,False,50,672,0.6556845238095238
handcrafted,sonics,artifactbench,Stable Audio v2,StableAudio,continuous_vae,False,False,50,672,0.6334821428571429
handcrafted,sonics,artifactbench,Suno (mixed),Suno,unknown_proprietary,True,True,80,672,0.6831473214285715
handcrafted,sonics,artifactbench,Suno v3,Suno,unknown_proprietary,True,True,30,672,0.8035218253968254
handcrafted,sonics,artifactbench,Suno v3.5,Suno,unknown_proprietary,True,True,30,672,0.8608134920634921
handcrafted,sonics,artifactbench,Suno v4,Suno,unknown_proprietary,True,True,100,672,0.4768898809523809
handcrafted,sonics,artifactbench,Udio,Udio,unknown_proprietary,True,True,100,672,0.5232142857142857
handcrafted,sonics,artifactbench,Udio (AIME),Udio,unknown_proprietary,True,True,30,672,0.6795138888888889
handcrafted,sonics,artifactbench,Udio (SONICS 120s),Udio,unknown_proprietary,True,True,8,672,0.9813988095238094
handcrafted,sonics,artifactbench,Udio (SONICS 30s),Udio-32,unknown_proprietary,False,True,80,672,0.9485863095238095
handcrafted,sonics,artifactbench,Udio (mixed),Udio,unknown_proprietary,True,True,80,672,0.5890066964285714
handcrafted,sonics,artifactbench,Udio CDN,Udio,unknown_proprietary,True,True,18,672,0.7201554232804233
handcrafted,sonics,artifactbench,Udio CDN Latest,Udio,unknown_proprietary,True,True,17,672,0.5884978991596639
handcrafted,sonics,artifactbench,Yue,Yue,rvq_xcodec,False,False,100,672,0.5835565476190476
handcrafted,sonics,echoes,acestep,AceStep,mel_vae_hifigan,False,False,57,59,0.7609277430865299
handcrafted,sonics,echoes,audioldm,AudioLDM,mel_vae_hifigan,False,False,115,59,0.9282240235814296
handcrafted,sonics,echoes,brev,Brev,unknown_proprietary,False,True,68,59,0.5284147557328016
handcrafted,sonics,echoes,diffrhythm,DiffRhythm,continuous_vae,False,False,120,59,0.3087570621468927
handcrafted,sonics,echoes,mubert,Mubert,non_neural,False,False,32,59,0.3845338983050848
handcrafted,sonics,echoes,producer,Riffusion,unknown_proprietary,False,True,68,59,0.6106679960119642
handcrafted,sonics,echoes,songgen,SongGen,rvq_xcodec,False,False,111,59,0.9351045961215452
handcrafted,sonics,echoes,stableaudio,StableAudio,continuous_vae,False,False,35,59,0.580629539951574
handcrafted,sonics,echoes,suno,Suno,unknown_proprietary,True,True,68,59,0.4651046859421735
handcrafted,sonics,echoes,udio,Udio,unknown_proprietary,True,True,68,59,0.5451146560319042
handcrafted,sonics,fakemusiccaps,MusicGen_medium,MusicGen,rvq_encodec,False,False,1104,1102,0.5812767958126199
handcrafted,sonics,fakemusiccaps,audioldm2,AudioLDM,mel_vae_hifigan,False,False,1104,1102,0.44384222362502956
handcrafted,sonics,fakemusiccaps,musicldm,MusicLDM,mel_vae_hifigan,False,False,1104,1102,0.5230279597043583
handcrafted,sonics,fakemusiccaps,mustango,Mustango,mel_vae_hifigan,False,False,1104,1102,0.5897446013835188
handcrafted,sonics,fakemusiccaps,stable_audio_open,StableAudio,continuous_vae,False,False,1104,1102,0.729554630579447
handcrafted,sonics,music8k,acestep1.5,AceStep,continuous_vae,False,False,989,1102,0.5432176812450568
handcrafted,sonics,music8k,heartmula,HeartMuLa,hybrid_rvq_flow,False,False,989,1102,0.4289278249492145
handcrafted,sonics,music8k,minimax_2.6,MiniMax,hybrid_rvq_flow,False,False,304,1102,0.49545085490495755
handcrafted,sonics,music8k,mureka_v9,Mureka,continuous_vae,False,False,662,1102,0.3856706564828573
handcrafted,sonics,music8k,suno_v5.5,Suno,unknown_proprietary,True,True,330,1102,0.3429274597151185
handcrafted,sonics,music8k,sunov5_new,Suno,unknown_proprietary,True,True,340,1102,0.38016707590477206
